event_ticker,game_date,team1,team2,winner,loser,winner_implied_prob,loser_implied_prob,team1_articles,team2_articles,team1_avg_tone,team2_avg_tone,team1_avg_positive,team2_avg_positive,team1_avg_negative,team2_avg_negative,team1_avg_polarity,team2_avg_polarity,mention_ratio_t1,tone_diff_t1_minus_t2,polarity_diff_t1_minus_t2,media_disparity_t1,pricing_error_winner,pricing_error_loser
KXNBAGAME-25APR15ATLORL,2025-04-15,ATL,ORL,ORL,ATL,0.7088,0.3198,64,71,1.0969864178781283,0.7739037398111919,3.4495634838453757,3.3069870762281597,2.352577065967248,2.5330833364169676,5.802140549812622,5.840070412645127,-0.05185185185185185,0.32308267806693647,-0.0379298628325051,-0.009771792022579103,-0.2912,0.3198
KXNBAGAME-25APR15MEMGSW,2025-04-15,MEM,GSW,GSW,MEM,0.703,0.3084,100,161,-1.1372131782365607,-0.6296865492254005,2.8927033458576017,3.0229986582497714,4.029916524094163,3.6526852074751726,6.922619869951766,6.675683865724945,-0.23371647509578544,-0.5075266290111602,0.2469360042268205,-0.14223456899845072,-0.29700000000000004,0.3084
KXNBAGAME-25APR16DALSAC,2025-04-16,DAL,SAC,DAL,SAC,0.3261,0.6881,101,72,0.4205695191562078,0.024290265893701486,3.1103657971059526,2.7442254370288826,2.689796277949745,2.7199351711351807,5.800162075055699,5.464160608164064,0.1676300578034682,0.39627925326250635,0.3360014668916351,0.10362899156485941,-0.6738999999999999,0.6881
KXNBAGAME-25APR16MIACHI,2025-04-16,MIA,CHI,MIA,CHI,0.4654,0.5514,80,163,0.2156263118704531,-1.9394891478963379,2.9185901211036085,2.2589672703478185,2.7029638092331556,4.198456418244157,5.621553930336765,6.457423688591975,-0.34156378600823045,2.155115459766791,-0.8358697582552095,-0.06302612001577566,-0.5346,0.5514
KXNBAGAME-25APR18DALMEM,2025-04-18,DAL,MEM,MEM,DAL,0.684,0.3299,162,136,-0.04718020527650482,-0.15668468650325862,3.062472080610939,3.4106828535336846,3.109652285887444,3.567367540036944,6.172124366498382,6.97805039357063,0.087248322147651,0.1095044812267538,-0.8059260270722479,0.049099385135163195,-0.31599999999999995,0.3299
KXNBAGAME-25APR18MIAATL,2025-04-18,MIA,ATL,MIA,ATL,0.6117,0.4342,135,105,0.26881320197726616,0.8562430510214409,2.885641418544979,3.5714019979870377,2.616828216567713,2.7151589469655963,5.502469635112691,6.286560944952634,0.125,-0.5874298490441747,-0.7840913098399431,0.033128507547791265,-0.3883,0.4342
KXNBAGAME-25APR19DETNYK,2025-04-19,DET,NYK,NYK,DET,0.7495,0.2686,53,59,0.15218779481651765,0.9059607268766643,2.888602268891481,3.2917005550710225,2.736414474074963,2.3857398281943585,5.625016742966444,5.677440383265383,-0.05357142857142857,-0.7537729320601466,-0.05242364029893842,-0.06447436088872162,-0.25049999999999994,0.2686
KXNBAGAME-25APR19LACDEN,2025-04-19,LAC,DEN,DEN,LAC,0.5179,0.5023,63,48,0.5481247253844365,0.8835292390130127,3.6776871600164105,3.589672841753207,3.1295624346319744,2.7061436027401946,6.807249594648384,6.295816444493402,0.13513513513513514,-0.33540451362857626,0.511433150154982,0.050797341886138755,-0.4821,0.5023
KXNBAGAME-25APR19MILIND,2025-04-19,MIL,IND,IND,MIL,0.727,0.3008,78,67,0.3198462829274178,0.3778990217280409,2.8365664112775444,2.8381249306727954,2.5167201283501277,2.4602259089447562,5.353286539627673,5.298350839617552,0.07586206896551724,-0.058052738800623116,0.05493570001012138,0.03502839754272746,-0.273,0.3008
KXNBAGAME-25APR19MINLAL,2025-04-19,MIN,LAL,MIN,LAL,0.3546,0.6647,78,161,0.5962676226473843,0.7608571890994359,3.0677054745029326,3.1037562899074835,2.4714378518555478,2.3428991008080473,5.539143326358481,5.446655390715532,-0.3472803347280335,-0.16458956645205158,0.0924879356429491,-0.1818696456866193,-0.6454,0.6647
KXNBAGAME-25APR20GSWHOU,2025-04-20,GSW,HOU,GSW,HOU,0.4822,0.5332,135,74,-0.08246366705230734,0.7642390356183917,3.2137637993907564,3.5111769241048902,3.2962274664430637,2.7469378884864994,6.509991265833821,6.258114812591391,0.291866028708134,-0.846702702670699,0.25187645324243046,0.10359787922053204,-0.5178,0.5332
KXNBAGAME-25APR20MEMOKC,2025-04-20,MEM,OKC,OKC,MEM,0.8815,0.1309,140,101,-1.2275158861857214,0.31884340145247275,2.8874416263185587,3.016733002908812,4.114957512504279,2.697889601456339,7.00239913882284,5.714622604365152,0.16182572614107885,-1.5463592876381942,1.287776534457688,0.003594898688629708,-0.11850000000000005,0.1309
KXNBAGAME-25APR20MIACLE,2025-04-20,MIA,CLE,CLE,MIA,0.8645,0.1546,123,132,-0.3985507322891477,0.28097391704628055,2.597296620039916,3.1683821451970635,2.995847352329064,2.887408228150783,5.593143972368981,6.055790373347847,-0.03529411764705882,-0.6795246493354283,-0.46264640097886556,-0.05162329129030083,-0.13549999999999995,0.1546
KXNBAGAME-25APR20ORLBOS,2025-04-20,ORL,BOS,BOS,ORL,0.882,0.1371,68,95,0.4684143671054592,0.8710029053316618,3.574135619886545,3.529465585580353,3.105721252781086,2.658462680248691,6.679856872667633,6.187928265829044,-0.1656441717791411,-0.4025885382262026,0.49192860683858886,-0.10295151280088068,-0.118,0.1371
KXNBAGAME-25APR21DETNYK,2025-04-21,DET,NYK,DET,NYK,0.3132,0.7103,124,124,-0.09104841970320993,-0.022732408724568387,2.5792816039119586,2.6575649961699557,2.670330023615169,2.680297404894524,5.249611627527128,5.337862401064481,0.0,-0.06831601097864154,-0.08825077353735278,-0.003415800548932077,-0.6868000000000001,0.7103
KXNBAGAME-25APR21LACDEN,2025-04-21,LAC,DEN,LAC,DEN,0.5116,0.5047,130,111,-0.1386578755919476,-0.5163971613128706,2.93238462170269,2.678184845248851,3.0710424972946373,3.1945820065617214,6.003427118997328,5.872766851810572,0.07883817427385892,0.377739285720923,0.13066026718675605,0.05830605142297561,-0.48839999999999995,0.5047
KXNBAGAME-25APR22MEMOKC,2025-04-22,MEM,OKC,OKC,MEM,0.9025,0.1198,157,151,-0.5191805624885575,-0.02997748036698089,2.6448710854376993,2.839926864395859,3.1640516479262573,2.86990434476284,5.808922733363956,5.709831209158699,0.01948051948051948,-0.4892030821215766,0.09909152420525746,-0.014719894365819091,-0.09750000000000003,0.1198
KXNBAGAME-25APR22MILIND,2025-04-22,MIL,IND,IND,MIL,0.6554,0.3318,119,78,0.28631664266435947,-0.177405313018694,3.087002493989093,2.626053705343966,2.8006858513247335,2.80345901836266,5.887688345313826,5.429512723706626,0.20812182741116753,0.46372195568305347,0.45817562160720016,0.12724701148973644,-0.3446,0.3318
KXNBAGAME-25APR22MINLAL,2025-04-22,MIN,LAL,LAL,MIN,0.69,0.3227,126,174,0.001495210411258635,0.08386135032952755,2.754097636146134,2.7774593782598878,2.7526024257348753,2.69359802793036,5.506700061881009,5.471057406190248,-0.16,-0.08236613991826891,0.035642655690761416,-0.08411830699591345,-0.31000000000000005,0.3227
KXNBAGAME-25APR23GSWHOU,2025-04-23,GSW,HOU,HOU,GSW,0.6706,0.3299,128,91,0.5167201832853233,0.0007881648215790071,3.490747778688288,2.9953330970189707,2.9740275954029647,2.9945449321973925,6.464775374091252,5.989878029216364,0.1689497716894977,0.5159320184637444,0.4748973448748881,0.11027148676793608,-0.3294,0.3299
KXNBAGAME-25APR23MIACLE,2025-04-23,MIA,CLE,CLE,MIA,0.8518,0.1628,96,107,-0.2606476868372493,-0.17403163277762404,2.6360213528005265,2.8521241200985328,2.8966690396377754,3.026155752876157,5.532690392438301,5.878279872974689,-0.054187192118226604,-0.08661605405962527,-0.34558948053638794,-0.03142439876209457,-0.1482,0.1628
KXNBAGAME-25APR23ORLBOS,2025-04-23,ORL,BOS,BOS,ORL,0.823,0.1876,79,114,-0.028784442531123042,0.7607060048402294,3.320584295291998,3.6199333940866065,3.349368737823121,2.859227389246377,6.669953033115119,6.4791607833329845,-0.18134715025906736,-0.7894904473713524,0.1907922497821346,-0.1301480974981013,-0.17700000000000005,0.1876
KXNBAGAME-25APR24DENLAC,2025-04-24,DEN,LAC,LAC,DEN,0.6924,0.3298,93,111,-0.06878319224864378,0.21380203591756208,2.909567642014215,3.2877621630273888,2.9783508342628586,3.073960127109826,5.887918476277074,6.361722290137216,-0.08823529411764706,-0.28258522816620585,-0.47380381386014214,-0.058246908467133825,-0.3076,0.3298
KXNBAGAME-25APR24NYKDET,2025-04-24,NYK,DET,NYK,DET,0.5965,0.4182,139,139,-0.2781211351681737,-0.20622499408196035,2.8026086538184085,2.7339879956993203,3.0807297889865826,2.940212989781281,5.883338442804991,5.674200985480601,0.0,-0.07189614108621337,0.20913745732439004,-0.003594807054310668,-0.40349999999999997,0.4182
KXNBAGAME-25APR24OKCMEM,2025-04-24,OKC,MEM,OKC,MEM,0.7917,0.2333,121,103,-0.48846755588007335,-0.8148889129510979,2.5556965069952753,2.4790141472546763,3.044164062875348,3.293903060205774,5.599860569870623,5.77291720746045,0.08035714285714286,0.32642135707102454,-0.17305663758982703,0.05649963928212266,-0.20830000000000004,0.2333
KXNBAGAME-25APR25BOSORL,2025-04-25,BOS,ORL,ORL,BOS,0.3023,0.7236,177,142,0.9715029440845289,0.3034928336051966,3.5862003688879245,3.3967043429434454,2.6146974248033956,3.093211509338249,6.20089779369132,6.489915852281692,0.109717868338558,0.6680101104793323,-0.2890180585903721,0.08825943969324562,-0.6977,0.7236
KXNBAGAME-25APR25INDMIL,2025-04-25,IND,MIL,MIL,IND,0.654,0.3658,129,140,-0.043752499201956174,0.16708805408651875,2.617839092372552,2.686697622932729,2.661591591574508,2.5196095688462106,5.27943068394706,5.20630719177894,-0.040892193308550186,-0.21084055328847492,0.07312349216812031,-0.030988124318698837,-0.346,0.3658
KXNBAGAME-25APR25LALMIN,2025-04-25,LAL,MIN,MIN,LAL,0.6256,0.3888,148,141,-0.07576212989628602,-0.40393426267959975,2.715656879029228,2.459521983085928,2.791419008925514,2.8634562457655273,5.507075887954743,5.322978228851456,0.02422145328719723,0.32817213278331375,0.18409765910328701,0.028519333282764306,-0.37439999999999996,0.3888
KXNBAGAME-25APR26CLEMIA,2025-04-26,CLE,MIA,CLE,MIA,0.6604,0.3515,101,69,-0.3373395849506686,-1.045851704559957,3.3179823320818165,2.417484973610602,3.6553219170324853,3.463336678170559,6.973304249114301,5.880821651781161,0.18823529411764706,0.7085121196092883,1.0924825973331407,0.12954325303928793,-0.3396,0.3515
KXNBAGAME-25APR26DENLAC,2025-04-26,DEN,LAC,DEN,LAC,0.3399,0.68,99,140,-0.10754924661833544,-0.1566867614487491,2.945630905591387,3.317386961693649,3.0531801522097233,3.4740737231423986,5.998811057801111,6.791460684836048,-0.17154811715481172,0.04913751483041366,-0.7926496270349368,-0.08331718283588517,-0.6601,0.68
KXNBAGAME-25APR26HOUGSW,2025-04-26,HOU,GSW,GSW,HOU,0.5048,0.5322,104,156,-0.7861614759117626,-0.7496782482660154,3.0406505402325115,3.124315598931619,3.8268120161442756,3.8739938471976343,6.867462556376786,6.998309446129252,-0.2,-0.036483227645747185,-0.1308468897524655,-0.10182416138228736,-0.4952,0.5322
KXNBAGAME-25APR26OKCMEM,2025-04-26,OKC,MEM,OKC,MEM,0.8935,0.1118,124,127,-0.9288938671266448,-1.880537984621087,2.730954080282607,2.456802391259645,3.659847947409251,4.337340375880732,6.390802027691857,6.794142767140377,-0.01195219123505976,0.9516441174944422,-0.4033407394485202,0.04160611025719223,-0.10650000000000004,0.1118
KXNBAGAME-25APR27BOSORL,2025-04-27,BOS,ORL,BOS,ORL,0.7406,0.2875,97,95,0.5303996830572402,0.19350661300341548,3.557029469161232,3.33836912927506,3.026629786103992,3.144862516271645,6.583659255265225,6.483231645546706,0.010416666666666666,0.3368930700538247,0.10042760971851905,0.022052986836024566,-0.25939999999999996,0.2875
KXNBAGAME-25APR27INDMIL,2025-04-27,IND,MIL,IND,MIL,0.4023,0.6056,80,105,0.3641411732485235,0.42505135094153235,2.9683848179603514,2.8899182628487585,2.6042436447118273,2.4648669119072264,5.572628462672178,5.3547851747559845,-0.13513513513513514,-0.06091017769300883,0.21784328791619334,-0.07061307645221801,-0.5977,0.6056
KXNBAGAME-25APR27LALMIN,2025-04-27,LAL,MIN,MIN,LAL,0.5432,0.4746,175,102,0.16448069983431457,-0.19535390538749783,2.8182472117683304,2.8311047545384853,2.653766511934016,3.026458659925983,5.472013723702346,5.857563414464467,0.26353790613718414,0.35983460522181243,-0.3855496907621214,0.1497606833296827,-0.4568,0.4746
KXNBAGAME-25APR27NYKDET,2025-04-27,NYK,DET,NYK,DET,0.4595,0.5478,83,66,0.10756116207054588,-0.2996356222595329,2.932820661552181,2.603267027205617,2.8252594994816342,2.9029026494651498,5.758080161033815,5.506169676670766,0.11409395973154363,0.4071967843300788,0.25191048436304886,0.07740681908227576,-0.5405,0.5478
KXNBAGAME-25APR28CLEMIA,2025-04-28,CLE,MIA,CLE,MIA,0.7572,0.2469,67,53,-1.8343910745453795,-1.4532612156780713,2.4112137499306097,2.609165598254781,4.24560482447599,4.062426813932852,6.656818574406602,6.6715924121876355,0.11666666666666667,-0.3811298588673082,-0.014773837781033805,0.039276840389967926,-0.24280000000000002,0.2469
KXNBAGAME-25APR28HOUGSW,2025-04-28,HOU,GSW,GSW,HOU,0.6686,0.3349,88,103,-0.4350440150510478,-0.027261139181907867,2.9620272507580676,3.380416588381464,3.3970712658091164,3.4076777275633727,6.359098516567185,6.788094315944836,-0.07853403141361257,-0.4077828758691399,-0.42899579937765075,-0.059656159500263276,-0.33140000000000003,0.3349
KXNBAGAME-25APR29DETNYK,2025-04-29,DET,NYK,DET,NYK,0.3591,0.635,101,118,-1.1148681305190171,-0.5812566962568729,2.0122186751976567,2.2952139255400374,3.127086805716674,2.8764706217969103,5.139305480914331,5.171684547336948,-0.0776255707762557,-0.5336114342621442,-0.03237906642261734,-0.06549335710123506,-0.6409,0.635
KXNBAGAME-25APR29LACDEN,2025-04-29,LAC,DEN,DEN,LAC,0.5275,0.4784,108,109,-0.6730702033478997,-0.6173384164139739,3.0351761589449398,2.4897590213108955,3.70824636229284,3.10709743772487,6.74342252123778,5.596856459035766,-0.004608294930875576,-0.055731786933925775,1.1465660622020142,-0.005090736812134077,-0.47250000000000003,0.4784
KXNBAGAME-25APR29MILIND,2025-04-29,MIL,IND,IND,MIL,0.7055,0.3097,145,141,-1.4653504961828638,-1.0301891837632347,2.154348301267821,2.359955082438053,3.6196987974506856,3.3901442662012884,5.7740470987185075,5.750099348639342,0.013986013986013986,-0.4351613124196292,0.02394775007916561,-0.014765058627974469,-0.2945,0.3097
KXNBAGAME-25APR29ORLBOS,2025-04-29,ORL,BOS,BOS,ORL,0.8577,0.1491,84,103,0.7470561589955721,0.4287975193836988,3.6758499775431046,3.4224031278328675,2.9287938185475335,2.9936056084491685,6.604643796090637,6.416008736282036,-0.10160427807486631,0.3182586396118733,0.1886350598086013,-0.0348892070568395,-0.14229999999999998,0.1491
KXNBAGAME-25APR30GSWHOU,2025-04-30,GSW,HOU,HOU,GSW,0.6602,0.3285,169,137,0.6468022519660096,0.43031026677075224,3.602174560459741,3.35952590368821,2.9553723084937316,2.9292156369174585,6.557546868953473,6.28874154060567,0.10457516339869281,0.21649198519525736,0.2688053283478027,0.06311218095910928,-0.3398,0.3285
KXNBAGAME-25APR30MINLAL,2025-04-30,MIN,LAL,MIN,LAL,0.4043,0.5673,170,356,-0.732138302915776,0.060002140998400566,2.4354970537689304,3.2484479061817724,3.167635356684706,3.188445765183372,5.603132410453638,6.436893671365144,-0.35361216730038025,-0.7921404439141766,-0.8337612609115066,-0.21641310584589896,-0.5957,0.5673
KXNBAGAME-25DEC01ATLDET,2025-12-01,ATL,DET,DET,ATL,0.7712,0.2405,36,56,-0.9689008177632803,-0.5216050161271667,2.210594656160406,2.8783459179408846,3.1794954739236854,3.39995093406805,5.390090130084092,6.278296852008934,-0.21739130434782608,-0.4472958016361136,-0.888206721924842,-0.13106044225571872,-0.2288,0.2405
KXNBAGAME-25DEC01CHABKN,2025-12-01,CHA,BKN,BKN,CHA,0.3496,0.6645,56,79,-1.2479924110893268,-0.7352303263189048,2.442061858345479,2.776637655107201,3.690054269434806,3.5118679814261062,6.132116127780286,6.288505636533306,-0.17037037037037037,-0.512762084770422,-0.15638950875302005,-0.11082328942370628,-0.6504,0.6645
KXNBAGAME-25DEC01CHIORL,2025-12-01,CHI,ORL,ORL,CHI,0.7511,0.2576,44,44,-1.0020538726906127,0.1912836900012821,2.68181393744653,3.515036306377108,3.6838678101371425,3.323752616375825,6.365681747583672,6.8387889227529355,0.0,-1.193337562691895,-0.4731071751692637,-0.059666878134594745,-0.2489,0.2576
KXNBAGAME-25DEC01CLEIND,2025-12-01,CLE,IND,CLE,IND,0.6507,0.3592,51,49,-1.0666815311835522,-1.2317129636183188,2.296051737686727,2.38931189926634,3.3627332688702785,3.621024862884659,5.658785006557007,6.010336762151001,0.02,0.1650314324347666,-0.3515517555939933,0.01825157162173833,-0.34930000000000005,0.3592
KXNBAGAME-25DEC01DALDEN,2025-12-01,DAL,DEN,DAL,DEN,0.1855,0.8241,129,69,-0.4597610570392361,-0.7679617715396123,2.8397229824831314,2.5891990404750334,3.299484039522368,3.3571608120146452,6.139207022005499,5.946359852489679,0.30303030303030304,0.3082007145003762,0.1928471695158196,0.16692518724017033,-0.8145,0.8241
KXNBAGAME-25DEC01HOUUTA,2025-12-01,HOU,UTA,UTA,HOU,0.1942,0.8237,35,31,-0.88649503444553,-1.4473474316085422,2.671439242811906,2.174200894571821,3.557934277257437,3.6215483261803616,6.229373520069343,5.7957492207521835,0.06060606060606061,0.5608523971630122,0.4336242993171595,0.058345650161180915,-0.8058,0.8237
KXNBAGAME-25DEC01LACMIA,2025-12-01,LAC,MIA,MIA,LAC,0.707,0.2994,91,64,-1.5696435878328565,-0.11811635767154094,2.421957828238833,2.913874452296072,3.9916014160716893,3.0319908099676125,6.413559244310521,5.945865262263685,0.17419354838709677,-1.4515272301613156,0.46769398204683643,0.014520412685482612,-0.29300000000000004,0.2994
KXNBAGAME-25DEC01MILWAS,2025-12-01,MIL,WAS,WAS,MIL,0.2082,0.8096,100,31,-0.38084130844626346,-1.1233005255390682,2.8912572355924953,2.7026677538768564,3.272098544038759,3.8259682794159238,6.163355779631253,6.528636033292782,0.5267175572519084,0.7424592170928048,-0.3652802536615294,0.3004817394805944,-0.7918000000000001,0.8096
KXNBAGAME-25DEC01PHXLAL,2025-12-01,PHX,LAL,PHX,LAL,0.3353,0.6771,80,142,-0.4868211964438315,-0.028655169489884003,2.5349612234264365,3.0856638806846406,3.0217824198702665,3.114319050174524,5.556743643296702,6.199982930859165,-0.27927927927927926,-0.4581660269539475,-0.6432392875624631,-0.162547940987337,-0.6647000000000001,0.6771
KXNBAGAME-25DEC02MEMSAS,2025-12-02,MEM,SAS,SAS,MEM,0.6386,0.3764,50,59,-1.6221825875240334,-0.35165105420070153,2.5388389389034103,2.7639802952615122,4.161021526427444,3.115631349462214,6.699860465330852,5.879611644723726,-0.08256880733944955,-1.2705315333233318,0.8202488206071266,-0.10481098033589137,-0.36140000000000005,0.3764
KXNBAGAME-25DEC02MINNOP,2025-12-02,MIN,NOP,MIN,NOP,0.8628,0.1404,76,87,-0.6489859966493062,-0.2235347866224438,2.948318711052523,3.17346507638322,3.597304707701829,3.3969998630056635,6.545623418754352,6.570464939388883,-0.06748466257668712,-0.4254512100268624,-0.024841520634531378,-0.05501489178968668,-0.1372,0.1404
KXNBAGAME-25DEC02NYKBOS,2025-12-02,NYK,BOS,BOS,NYK,0.3925,0.5914,66,99,0.3710970723033442,-0.6067531343953902,3.045144719741989,2.9448887283755987,2.6740476474386443,3.551641862770989,5.719192367180634,6.496530591146588,-0.2,0.9778502066987345,-0.7773382239659536,-0.05110748966506328,-0.6074999999999999,0.5914
KXNBAGAME-25DEC02OKCGSW,2025-12-02,OKC,GSW,OKC,GSW,0.8236,0.1901,73,58,-0.690715835217219,0.38446442635608685,2.8077415012826,3.5490994752172673,3.4984573364998175,3.164635048861181,6.306198837782417,6.71373452407845,0.11450381679389313,-1.075180261573306,-0.40753568629603265,0.0034928953182812653,-0.1764,0.1901
KXNBAGAME-25DEC02PORTOR,2025-12-02,POR,TOR,TOR,POR,0.66,0.3656,50,52,-1.0093593429454786,-0.6688983646440101,2.7140117855683585,3.0211938394173776,3.723371128513836,3.6900922040613864,6.437382914082194,6.711286043478763,-0.0196078431372549,-0.3404609783014685,-0.2739031293965688,-0.026826970483700877,-0.33999999999999997,0.3656
KXNBAGAME-25DEC02WASPHI,2025-12-02,WAS,PHI,PHI,WAS,0.869,0.145,41,0,-0.4471011546244642,,2.9742994844846273,,3.4214006391090903,,6.395700123593717,,1.0,,,,-0.131,0.145
KXNBAGAME-25DEC03BKNCHI,2025-12-03,BKN,CHI,BKN,CHI,0.2594,0.751,50,70,0.029493400233801315,0.2952876695886212,3.2650072081754136,3.543910324838503,3.2355138079416106,3.248622655249882,6.500521016117023,6.792532980088387,-0.16666666666666666,-0.26579426935481987,-0.29201196397136364,-0.09662304680107432,-0.7405999999999999,0.751
KXNBAGAME-25DEC03CHANYK,2025-12-03,CHA,NYK,NYK,CHA,0.7896,0.2266,64,99,-0.5745813144309203,0.15046442759066242,2.6991088488847694,3.105246014365824,3.27369016331569,2.9547815867751615,5.972799012200461,6.060027601140987,-0.2147239263803681,-0.7250457420215828,-0.08722858894052532,-0.14361425029126318,-0.21040000000000003,0.2266
KXNBAGAME-25DEC03DENIND,2025-12-03,DEN,IND,DEN,IND,0.7591,0.2606,95,43,-0.8062996649081174,-0.9871115206773358,2.4836160731898804,2.817682171329095,3.2899157380979984,3.804793692006432,5.773531811287881,6.622475863335527,0.37681159420289856,0.18081185576921832,-0.8489440520476466,0.1974463898899102,-0.2409,0.2606
KXNBAGAME-25DEC03DETMIL,2025-12-03,DET,MIL,MIL,DET,0.344,0.7355,54,91,-0.4152890140633786,0.10752893579283798,2.7886637772456577,3.3416504231174997,3.2039527913090358,3.2341214873246615,5.992616568554695,6.57577191044216,-0.25517241379310346,-0.5228179498562165,-0.5831553418874655,-0.15372710438936255,-0.656,0.7355
KXNBAGAME-25DEC03LACATL,2025-12-03,LAC,ATL,LAC,ATL,0.4277,0.5554,89,99,-0.8660057039348688,-0.3759839741289644,2.7669611577870814,3.07325462167869,3.6329668617219513,3.4492385958076537,6.399928019509034,6.522493217486341,-0.05319148936170213,-0.49002172980590436,-0.12256519797730725,-0.05109683117114629,-0.5723,0.5554
KXNBAGAME-25DEC03MIADAL,2025-12-03,MIA,DAL,DAL,MIA,0.3797,0.6375,65,111,-0.9255274390058934,0.10778916587055261,2.6900396165313047,3.08771673948309,3.6155670555371984,2.979927573612537,6.305606672068503,6.067644313095626,-0.26136363636363635,-1.033316604876446,0.23796235897287676,-0.18234764842564047,-0.6203000000000001,0.6375
KXNBAGAME-25DEC03PORCLE,2025-12-03,POR,CLE,POR,CLE,0.1971,0.8227,57,85,-1.0092744180748974,-1.207496964705225,2.8356418040837506,2.9291242234360824,3.8449162221586466,4.136621188141306,6.680558026242398,7.065745411577388,-0.19718309859154928,0.19822254663032757,-0.38518738533498986,-0.08868042196425827,-0.8029,0.8227
KXNBAGAME-25DEC03SACHOU,2025-12-03,SAC,HOU,HOU,SAC,0.9105,0.1022,28,61,-0.8802515292057181,-0.4652067351226483,2.7233931367146345,2.9564911442925013,3.6036446659203545,3.42169787941515,6.32703780263499,6.37818902370765,-0.3707865168539326,-0.4150447940830698,-0.05115122107265968,-0.2061454981311198,-0.08950000000000002,0.1022
KXNBAGAME-25DEC03SASORL,2025-12-03,SAS,ORL,SAS,ORL,0.2757,0.74,53,44,-0.21215361240097289,1.0816750438988199,2.99701015176026,4.358211498673482,3.209163764161233,3.2765364547746634,6.206173915921494,7.634747953448148,0.09278350515463918,-1.2938286562997927,-1.428574037526654,-0.01829968023767005,-0.7242999999999999,0.74
KXNBAGAME-25DEC04BOSWAS,2025-12-04,BOS,WAS,BOS,WAS,0.8212,0.1928,123,104,0.4440720153742623,-0.3938975538212042,3.4125452475668787,3.2254682071052323,2.9684732321926166,3.6193657609264376,6.381018479759495,6.84483396803167,0.08370044052863436,0.8379695691954665,-0.463815488272175,0.0837486987240905,-0.17879999999999996,0.1928
KXNBAGAME-25DEC04GSWPHI,2025-12-04,GSW,PHI,PHI,GSW,0.62,0.3952,117,0,0.6002990843956604,,3.697603924680966,,3.0973048402853056,,6.794908764966271,,1.0,,,,-0.38,0.3952
KXNBAGAME-25DEC04LALTOR,2025-12-04,LAL,TOR,LAL,TOR,0.4559,0.5553,164,60,0.27914706893924307,-1.2517002458531097,3.359379624191942,2.7130207555896684,3.080232555252699,3.9647210014427774,6.439612179444639,6.6777417570324475,0.4642857142857143,1.5308473147923527,-0.2381295775878085,0.3086852228824748,-0.5441,0.5553
KXNBAGAME-25DEC04MINNOP,2025-12-04,MIN,NOP,MIN,NOP,0.8398,0.1698,64,70,-0.7063721903799833,-0.6775358079711431,2.7204006494558377,3.01484606621552,3.426772839835821,3.6923818741866636,6.14717348929166,6.707227940402184,-0.04477611940298507,-0.028836382408840233,-0.5600544511105241,-0.023829878821934547,-0.1602,0.1698
KXNBAGAME-25DEC04UTABKN,2025-12-04,UTA,BKN,UTA,BKN,0.644,0.3603,51,40,-0.2831772879675658,0.04824694871280971,3.2085962956705982,3.366060344739629,3.4917735836381643,3.317813396026818,6.700369879308761,6.683873740766447,0.12087912087912088,-0.3314242366803755,0.016496138542314576,0.04386834860554166,-0.356,0.3603
KXNBAGAME-25DEC05CHATOR,2025-12-05,CHA,TOR,CHA,TOR,0.3027,0.7133,78,64,-0.23992459433052082,-1.0197653536571583,2.831306572631152,2.6354047836787777,3.0712311669616734,3.655170137335936,5.902537739592827,6.290574921014715,0.09859154929577464,0.7798407593266374,-0.3880371814218879,0.0882878126142192,-0.6973,0.7133
KXNBAGAME-25DEC05DALOKC,2025-12-05,DAL,OKC,OKC,DAL,0.899,0.1108,93,127,0.2696489689625188,0.6257190521661143,3.095375651907826,3.6656807522346826,2.8257266829453074,3.039961700068569,5.921102334853133,6.705642452303252,-0.15454545454545454,-0.35607008320359557,-0.7845401174501188,-0.09507623143290705,-0.10099999999999998,0.1108
KXNBAGAME-25DEC05DENATL,2025-12-05,DEN,ATL,DEN,ATL,0.6009,0.4054,85,87,-0.46578859740029543,-0.25306903696990735,3.0567085740472413,2.898508092061025,3.5224971714475375,3.1515771290309336,6.579205745494779,6.050085221091959,-0.011627906976744186,-0.2127195604303881,0.5291205244028196,-0.016449931509891498,-0.3991,0.4054
KXNBAGAME-25DEC05INDCHI,2025-12-05,IND,CHI,IND,CHI,0.369,0.65,67,70,-0.4047852597549554,-0.033252508598448666,2.772166840000393,3.3022384209422015,3.176952099755349,3.3354909295406503,5.949118939755742,6.637729350482852,-0.021897810218978103,-0.37153275115650675,-0.6886104107271098,-0.02952554266731439,-0.631,0.65
KXNBAGAME-25DEC05LACMEM,2025-12-05,LAC,MEM,MEM,LAC,0.4676,0.5528,193,47,-0.333100790519659,-0.8841869857455604,2.7378981453422466,3.0371760980745384,3.0709989358619065,3.921363083820099,5.8088970812041545,6.958539181894637,0.6083333333333333,0.5510861952259014,-1.1496421006904827,0.3317209764279617,-0.5324,0.5528
KXNBAGAME-25DEC05LALBOS,2025-12-05,LAL,BOS,BOS,LAL,0.75,0.2653,157,109,0.23348662721837565,0.27915629311062773,3.13447556905033,3.3316557312008674,2.9009889418319545,3.0524994380902393,6.035464510882284,6.384155169291107,0.18045112781954886,-0.045669665892252076,-0.34869065840882296,0.08794208061516183,-0.25,0.2653
KXNBAGAME-25DEC05MIAORL,2025-12-05,MIA,ORL,ORL,MIA,0.7023,0.3297,95,61,-0.16686377455846832,0.11161596063724527,3.1721019110816497,3.8097224463656305,3.338965685640119,3.6981064857283865,6.5110675967217695,7.507828932094019,0.21794871794871795,-0.27847973519571356,-0.9967613353722493,0.0950503722145733,-0.29769999999999996,0.3297
KXNBAGAME-25DEC05PHIMIL,2025-12-05,PHI,MIL,PHI,MIL,0.5258,0.4704,0,218,,-0.594876751257183,,2.7944537541512924,,3.3893305054084752,,6.183784259559768,-1.0,,,,-0.47419999999999995,0.4704
KXNBAGAME-25DEC05PHXHOU,2025-12-05,PHX,HOU,HOU,PHX,0.7898,0.2198,56,80,0.09470699170100283,0.034144370590389814,2.946581878960538,2.999209630767874,2.8518748872595356,2.965065260177485,5.798456766220074,5.96427489094536,-0.17647058823529413,0.060562621110613016,-0.1658181247252859,-0.08520716306211641,-0.21020000000000005,0.2198
KXNBAGAME-25DEC05PORDET,2025-12-05,POR,DET,DET,POR,0.7213,0.2946,82,153,-1.8070649035877757,-0.3427644834700515,2.7823985116575507,2.898375838690544,4.589463415245326,3.2411403221605957,7.371861926902879,6.139516160851139,-0.3021276595744681,-1.4643004201177243,1.2323457660517398,-0.22427885079312027,-0.27869999999999995,0.2946
KXNBAGAME-25DEC05SASCLE,2025-12-05,SAS,CLE,CLE,SAS,0.6154,0.4013,88,74,-0.28093705354568566,-1.2628601903622907,3.188881383086023,3.15938820862954,3.46981843663171,4.422248398991831,6.658699819717734,7.581636607621373,0.08641975308641975,0.981923136816605,-0.9229367879036392,0.09230603338404013,-0.38460000000000005,0.4013
KXNBAGAME-25DEC05UTANYK,2025-12-05,UTA,NYK,NYK,UTA,0.8992,0.1117,44,166,-0.26909097062691684,0.1415409113823582,2.7746272710224753,3.019225921709244,3.043718241649393,2.8776850103268856,5.8183455126718675,5.89691093203613,-0.580952380952381,-0.41063188200927503,-0.07856541936426265,-0.31100778457665423,-0.1008,0.1117
KXNBAGAME-25DEC06ATLWAS,2025-12-06,ATL,WAS,ATL,WAS,0.8046,0.2116,54,62,-0.14075893739153406,0.15217385409136372,3.1404665527180495,3.59292971913815,3.281225490109583,3.4407558650467864,6.421692042827631,7.033685584184935,-0.06896551724137931,-0.29293279148289775,-0.6119935413573039,-0.04912939819483454,-0.19540000000000002,0.2116
KXNBAGAME-25DEC06GSWCLE,2025-12-06,GSW,CLE,GSW,CLE,0.2451,0.7708,87,68,0.03232721878706965,-1.3950071154557515,3.394151923085613,2.9388417615765023,3.3618247042985434,4.3338488770322545,6.7559766273841575,7.272690638608759,0.12258064516129032,1.427334334242821,-0.5167140112246011,0.13265703929278622,-0.7549,0.7708
KXNBAGAME-25DEC06HOUDAL,2025-12-06,HOU,DAL,DAL,HOU,0.2978,0.7174,58,86,0.003323241969231533,0.47510959539466185,2.783684114531276,3.153348685582258,2.780360872562044,2.6782390901875957,5.56404498709332,5.831587775769854,-0.19444444444444445,-0.4717863534254303,-0.26754278867653447,-0.12081153989349375,-0.7021999999999999,0.7174
KXNBAGAME-25DEC06LACMIN,2025-12-06,LAC,MIN,MIN,LAC,0.766,0.2463,136,57,-0.4237312077443654,-0.45754844774983605,2.8183983021199612,2.6746697159215715,3.242129509864327,3.132218163671408,6.060527811984289,5.806887879592981,0.40932642487046633,0.03381724000547065,0.2536399323913079,0.20635407443550668,-0.23399999999999999,0.2463
KXNBAGAME-25DEC06MILDET,2025-12-06,MIL,DET,DET,MIL,0.8481,0.1629,182,135,-0.952771720447219,-1.1966518028274544,2.602354512689888,2.6886438855100927,3.5551262331371065,3.885295688337547,6.157480745826994,6.573939573847641,0.14826498422712933,0.2438800823802354,-0.41645882802064715,0.08632649623257643,-0.15190000000000003,0.1629
KXNBAGAME-25DEC06NOPBKN,2025-12-06,NOP,BKN,BKN,NOP,0.6197,0.39,50,62,-0.654133496800799,-0.5383497229108336,2.5315535762642964,2.774774970358404,3.185687073065095,3.3131246932692395,5.717240649329393,6.087899663627644,-0.10714285714285714,-0.11578377388996541,-0.37065901429825043,-0.05936061726592684,-0.38029999999999997,0.39
KXNBAGAME-25DEC06SACMIA,2025-12-06,SAC,MIA,SAC,MIA,0.2478,0.7704,20,86,0.2897938721698743,-0.08019561167909842,3.0782339593943373,3.411307933765465,2.7884400872244623,3.491503545444564,5.866674046618801,6.9028114792100315,-0.6226415094339622,0.3699894838489727,-1.0361374325912305,-0.2928212805245325,-0.7522,0.7704
KXNBAGAME-25DEC07BOSTOR,2025-12-07,BOS,TOR,BOS,TOR,0.585,0.428,126,109,0.35131547498107174,-0.0016914173167720536,3.300097499256898,3.126485294334058,2.9487820242758263,3.1281767116508306,6.248879523532725,6.2546620059848905,0.07234042553191489,0.35300689229784377,-0.005782482452165283,0.053820557380849635,-0.41500000000000004,0.428
KXNBAGAME-25DEC07DENCHA,2025-12-07,DEN,CHA,DEN,CHA,0.8215,0.1961,55,47,-0.31914439194682886,-0.8560898613817272,2.764179541043365,2.581862768330873,3.083323932990194,3.4379526297126004,5.847503474033559,6.019815398043475,0.0784313725490196,0.5369454694348983,-0.17231192400991624,0.06606295974625472,-0.1785,0.1961
KXNBAGAME-25DEC07GSWCHI,2025-12-07,GSW,CHI,GSW,CHI,0.5204,0.4899,100,70,-0.39128447676928335,-1.5868159959185024,3.100841123193878,2.7320217433454874,3.492125599963162,4.318837739263991,6.59296672315704,7.050859482609479,0.17647058823529413,1.195531519149219,-0.4578927594524389,0.14801187007510802,-0.4796,0.4899
KXNBAGAME-25DEC07LALPHI,2025-12-07,LAL,PHI,LAL,PHI,0.5838,0.4317,223,0,0.018799750441197034,,3.15283765733088,,3.134037906889682,,6.286875564220564,,1.0,,,,-0.4162,0.4317
KXNBAGAME-25DEC07OKCUTA,2025-12-07,OKC,UTA,OKC,UTA,0.83,0.1817,86,68,-0.22899826616500202,-0.029897296771240124,3.08337823807316,3.037026506119619,3.3123765042381614,3.066923802890859,6.39575474231132,6.103950309010479,0.11688311688311688,-0.1991009693937619,0.2918044333008414,0.048486509971870345,-0.17000000000000004,0.1817
KXNBAGAME-25DEC07ORLNYK,2025-12-07,ORL,NYK,NYK,ORL,0.5179,0.4898,48,101,0.23454474286428859,-0.0324714743086357,3.49818725265024,3.0644701612997807,3.2636425097859516,3.096941635608417,6.761829762436195,6.161411796908199,-0.35570469798657717,0.2670162171729243,0.6004179655279955,-0.16450153813464236,-0.4821,0.4898
KXNBAGAME-25DEC07PORMEM,2025-12-07,POR,MEM,MEM,POR,0.582,0.4311,44,35,-1.6763204354448131,-1.4316160289359738,2.348268832148412,2.8686836276574965,4.024589267593226,4.300299656593469,6.372858099741636,7.168983284250968,0.11392405063291139,-0.2447044065088393,-0.7961251845093322,0.04472680499101373,-0.41800000000000004,0.4311
KXNBAGAME-25DEC08PHXMIN,2025-12-08,PHX,MIN,PHX,MIN,0.2648,0.7498,42,46,-0.14275312437326548,-0.6084962547760518,2.652397832012282,2.4083566671770176,2.7951509563855472,3.01685292195307,5.44754878839783,5.4252095891300876,-0.045454545454545456,0.46574313040278636,0.022339199267742416,0.000559883792866589,-0.7352000000000001,0.7498
KXNBAGAME-25DEC08SACIND,2025-12-08,SAC,IND,IND,SAC,0.6091,0.4081,34,37,-0.7974106068172031,-0.5858558518486773,2.178673765406389,2.664812035700362,2.9760843722235917,3.2506678875490396,5.154758137629981,5.915479923249402,-0.04225352112676056,-0.21155475496852583,-0.7607217856194204,-0.03170449831180657,-0.3909,0.4081
KXNBAGAME-25DEC08SASNOP,2025-12-08,SAS,NOP,SAS,NOP,0.7862,0.2225,38,27,-0.7441280591071573,-0.8696480199890924,3.3217948251471325,2.517745675132045,4.06592288425429,3.3873936951211374,7.387717709401423,5.905139370253181,0.16923076923076924,0.12551996088193507,1.482578339148242,0.09089138265948138,-0.2138,0.2225
KXNBAGAME-25DEC09MIAORL,2025-12-09,MIA,ORL,ORL,MIA,0.4503,0.5476,50,52,-1.1314491021389363,-0.06691951307083294,2.92670357938041,3.670389979527714,4.058152681519348,3.7373094925985484,6.984856260899758,7.407699472126265,-0.0196078431372549,-1.0645295890681035,-0.4228432112265068,-0.06303040102203263,-0.5497000000000001,0.5476
KXNBAGAME-25DEC09NYKTOR,2025-12-09,NYK,TOR,NYK,TOR,0.6969,0.3141,74,63,0.42148368914879786,-0.6033934637708879,3.5621732643503945,2.9221627391033675,3.1406895752015966,3.525556202874257,6.702862839551992,6.447718941977625,0.08029197080291971,1.0248771529196858,0.2551438975743672,0.09138984304744414,-0.30310000000000004,0.3141
KXNBAGAME-25DEC10PHXOKC,2025-12-10,PHX,OKC,OKC,PHX,0.8993,0.1125,73,80,-0.11409804918330474,0.12725692744004152,2.86192245464927,2.781299490317398,2.9760205038325735,2.654042562877357,5.837942958481844,5.435342053194756,-0.0457516339869281,-0.24135497662334626,0.4026009052870885,-0.034943565824631366,-0.10070000000000001,0.1125
KXNBAGAME-25DEC10SASLAL,2025-12-10,SAS,LAL,SAS,LAL,0.2845,0.7382,69,153,-0.14905642968073107,0.16308687277148026,2.903231120728395,3.4002381421270087,3.0522875504091265,3.2371512693555284,5.955518671137522,6.637389411482538,-0.3783783783783784,-0.31214330245221134,-0.6818707403450155,-0.20479635431179977,-0.7155,0.7382
KXNBAGAME-25DEC11BOSMIL,2025-12-11,BOS,MIL,MIL,BOS,0.1416,0.8912,47,62,0.7243376100768467,-0.3919688676964821,3.458211568336385,2.614810393365036,2.7338739582595384,3.0067792610615185,6.192085526595923,5.621589654426556,-0.13761467889908258,1.1163064777733287,0.5704958721693671,-0.012992015560874856,-0.8584,0.8912
KXNBAGAME-25DEC11DENSAC,2025-12-11,DEN,SAC,DEN,SAC,0.8197,0.1911,46,36,0.16801126975494332,0.6816087152262298,2.93254517992109,3.193430627697288,2.764533910166146,2.5118219124710572,5.697079090087237,5.7052525401683445,0.12195121951219512,-0.5135974454712865,-0.008173450081107703,0.035295737482533236,-0.18030000000000002,0.1911
KXNBAGAME-25DEC11LACHOU,2025-12-11,LAC,HOU,HOU,LAC,0.717,0.2923,46,43,0.3150363864987048,-0.2084850464565791,2.9693001740015585,2.9750367551399632,2.6542637875028534,3.1835218015965436,5.623563961504411,6.158558556736506,0.033707865168539325,0.5235214329552839,-0.5349945952320949,0.043030004232033854,-0.28300000000000003,0.2923
KXNBAGAME-25DEC11PORNOP,2025-12-11,POR,NOP,NOP,POR,0.4943,0.5266,36,51,-1.7797836240012939,-0.7374232762927535,2.6449790909992847,3.060410685660809,4.424762715000577,3.79783396195356,7.069741805999864,6.85824464761437,-0.1724137931034483,-1.0423603477085404,0.21149715838549366,-0.13832491393715116,-0.5057,0.5266
KXNBAGAME-25DEC12ATLDET,2025-12-12,ATL,DET,DET,ATL,0.7241,0.2828,43,31,-0.3023312420981157,0.7463904994151596,3.1887906604733502,3.285356711730338,3.4911219025714653,2.5389662123151795,6.679912563044816,5.82432292404552,0.16216216216216217,-1.0487217415132752,0.8555896389992963,0.028644994005417326,-0.27590000000000003,0.2828
KXNBAGAME-25DEC12BKNDAL,2025-12-12,BKN,DAL,DAL,BKN,0.7395,0.2693,35,50,0.04368823953611171,0.18692528811564607,2.8736832300204265,3.5980823311635852,2.8299949904843147,3.4111570430479397,5.703678220504741,7.009239374211524,-0.17647058823529413,-0.14323704857953437,-1.3055611537067833,-0.09539714654662379,-0.26049999999999995,0.2693
KXNBAGAME-25DEC12CHICHA,2025-12-12,CHI,CHA,CHI,CHA,0.5711,0.4391,45,27,-0.26286376186749905,-0.2009878719986679,2.6615010903019654,2.7463129048299804,2.9243648521694654,2.947300776828649,5.585865942471429,5.6936136816586265,0.25,-0.061875889868831135,-0.10774773918719749,0.12190620550655844,-0.42889999999999995,0.4391
KXNBAGAME-25DEC12CLEWAS,2025-12-12,CLE,WAS,CLE,WAS,0.8996,0.1073,38,33,-0.5065066377461481,0.3261961808877145,3.2053618311543537,3.3127482313000556,3.7118684689005024,2.9865520504123424,6.917230300054856,6.299300281712398,0.07042253521126761,-0.8327028186338626,0.6179300183424576,-0.006423873326059329,-0.10040000000000004,0.1073
KXNBAGAME-25DEC12INDPHI,2025-12-12,IND,PHI,PHI,IND,0.6894,0.3255,54,0,0.5073505221282466,,3.1618672684615907,,2.6545167463333437,,5.816384014794935,,1.0,,,,-0.3106,0.3255
KXNBAGAME-25DEC12MINGSW,2025-12-12,MIN,GSW,MIN,GSW,0.3831,0.6322,49,73,-0.1537711525745213,0.8979080289954149,3.0437305171554456,3.463488419178246,3.1975016697299665,2.565580390182831,6.241232186885413,6.0290688093610765,-0.19672131147540983,-1.0516791815699362,0.21216337752433656,-0.15094461481620172,-0.6169,0.6322
KXNBAGAME-25DEC12UTAMEM,2025-12-12,UTA,MEM,UTA,MEM,0.3271,0.674,23,41,0.23334784442867007,-0.5627247849435475,2.923550915542859,3.1649187093783033,2.6902030711141895,3.7276434943218515,5.61375398665705,6.892562203700155,-0.28125,0.7960726293722176,-1.278808217043105,-0.10082136853138912,-0.6729,0.674
KXNBAGAME-25DEC13NYKORL,2025-12-13,NYK,ORL,NYK,ORL,0.5973,0.4127,70,39,0.5382385272059957,1.2848613646816187,3.321439775673163,3.806672246467935,2.7832012484671673,2.521810881786317,6.10464102414033,6.32848312825425,0.28440366972477066,-0.746622837475623,-0.22384210411392047,0.10487069298860419,-0.40269999999999995,0.4127
KXNBAGAME-25DEC13SASOKC,2025-12-13,SAS,OKC,SAS,OKC,0.1814,0.8358,128,135,1.1756368229843486,0.07746472364596096,3.6951190648758176,3.143940187208407,2.5194822418914695,3.066475463562446,6.214601306767287,6.210415650770855,-0.026615969581749048,1.0981720993383877,0.004185655996431947,0.041600620176044864,-0.8186,0.8358
KXNBAGAME-25DEC14CHACLE,2025-12-14,CHA,CLE,CHA,CLE,0.206,0.8136,43,69,-0.14235745507790204,-0.3878157472487101,3.088289583538679,3.5088959241751176,3.230647038616582,3.8967116714238283,6.318936622155261,7.405607595598946,-0.23214285714285715,0.24545829217080806,-1.0866709734436846,-0.10379851396288817,-0.794,0.8136
KXNBAGAME-25DEC14GSWPOR,2025-12-14,GSW,POR,POR,GSW,0.3787,0.6525,131,46,-0.06754300738043265,-1.145653890171095,3.2505728338398283,2.5718938678453767,3.318115841220261,3.717547758016471,6.5686886750600895,6.289441625861848,0.480225988700565,1.0781108827906625,0.2792470491982417,0.29401853848981563,-0.6213,0.6525
KXNBAGAME-25DEC14LALPHX,2025-12-14,LAL,PHX,LAL,PHX,0.5062,0.4989,93,42,0.7382988587396171,0.15479575194756517,3.349606322726762,3.466001569445317,2.6113074639871448,3.311205817497752,5.960913786713907,6.77720738694307,0.37777777777777777,0.583503106792052,-0.8162936002291632,0.2180640442284915,-0.4938,0.4989
KXNBAGAME-25DEC14MILBKN,2025-12-14,MIL,BKN,BKN,MIL,0.4743,0.5411,92,51,-0.02375046935203101,0.0018785843717459214,2.6679254219875164,2.7352188426928628,2.691675891339548,2.7333402583211175,5.359601313327064,5.468559101013979,0.2867132867132867,-0.025629053723776933,-0.108957787686915,0.14207519067045452,-0.5257000000000001,0.5411
KXNBAGAME-25DEC14NOPCHI,2025-12-14,NOP,CHI,NOP,CHI,0.34,0.652,39,70,-1.6387682670776742,0.45063019351614003,2.241693849760422,3.6590497796132473,3.8804621168380966,3.208419586097107,6.122155966598518,6.867469365710352,-0.28440366972477066,-2.0893984605938143,-0.7453133991118337,-0.24667175789207604,-0.6599999999999999,0.652
KXNBAGAME-25DEC14PHIATL,2025-12-14,PHI,ATL,ATL,PHI,0.6179,0.3946,0,51,,-0.3779127087261196,,3.167350746290367,,3.545263455016487,,6.712614201306853,-1.0,,,,-0.3821,0.3946
KXNBAGAME-25DEC14SACMIN,2025-12-14,SAC,MIN,MIN,SAC,0.8094,0.2009,64,105,1.3754905567768447,-0.2880312564724424,3.862260450451667,3.0745341391818943,2.4867698936748233,3.3625653956543378,6.349030344126493,6.437099534836232,-0.24260355029585798,1.663521813249287,-0.08806919070973951,-0.038125684485464634,-0.1906,0.2009
KXNBAGAME-25DEC14WASIND,2025-12-14,WAS,IND,WAS,IND,0.233,0.7913,59,41,-0.697595011310009,-0.8256068066297064,3.0401885586881487,2.604798214819657,3.7377835699981588,3.430405021449364,6.777972128686308,6.035203236269022,0.18,0.12801179531969742,0.7427688924172857,0.09640058976598487,-0.767,0.7913
KXNBAGAME-25DEC15DALUTA,2025-12-15,DAL,UTA,UTA,DAL,0.5321,0.4862,44,31,0.2726754074260166,-0.943298592699089,3.1444384158865715,2.5627506587984694,2.8717630084605545,3.5060492514975587,6.016201424347126,6.068799910296031,0.17333333333333334,1.2159740001251056,-0.052598485948904816,0.14746536667292195,-0.4679,0.4862
KXNBAGAME-25DEC15DETBOS,2025-12-15,DET,BOS,DET,BOS,0.5084,0.4954,37,31,0.4762340624885709,0.769578106341999,3.3359989570120394,3.3107916355743754,2.85976489452347,2.5412135292323774,6.1957638515355065,5.852005164806755,0.08823529411764706,-0.29334404385342805,0.34375868672875143,0.02945044486615213,-0.49160000000000004,0.4954
KXNBAGAME-25DEC15HOUDEN,2025-12-15,HOU,DEN,DEN,HOU,0.457,0.5501,15,26,-0.3892942614069068,-0.603153466475977,3.377387465669067,2.8627604901813655,3.7666817270759734,3.4659139566573423,7.144069192745041,6.328674446838708,-0.2682926829268293,0.2138592050690702,0.8153947459063335,-0.12345338120996113,-0.5429999999999999,0.5501
KXNBAGAME-25DEC15MEMLAC,2025-12-15,MEM,LAC,MEM,LAC,0.3556,0.6542,34,25,-1.126264317792487,-0.17642343190756532,3.2771637927258706,2.737254286251084,4.403428110518357,2.9136777181586497,7.680591903244231,5.650932004409734,0.15254237288135594,-0.9498408858849217,2.029659898834497,0.028779142146431888,-0.6444,0.6542
KXNBAGAME-25DEC15TORMIA,2025-12-15,TOR,MIA,TOR,MIA,0.3678,0.6416,21,30,1.2091622829801398,0.6977995703623397,3.621285524221049,3.391311581475189,2.4121232412409093,2.6935120111128494,6.033408765461958,6.08482359258804,-0.17647058823529413,0.5113627126178001,-0.0514148271260817,-0.06266715848675705,-0.6322,0.6416
KXNBAGAME-25DEC17CLECHI,2025-12-17,CLE,CHI,CHI,CLE,0.3497,0.6624,47,52,-1.791612268708664,-0.6790010231980127,2.753103001671569,3.088532418610317,4.544715270380234,3.7675334418083306,7.297818272051805,6.8560658604186475,-0.050505050505050504,-1.1126112455106512,0.4417524116331579,-0.08088308752805781,-0.6503,0.6624
KXNBAGAME-25DEC17MEMMIN,2025-12-17,MEM,MIN,MEM,MIN,0.3152,0.6958,61,55,-1.2257407070696136,-0.5595722761127264,2.69132702679132,2.7089384933849097,3.917067733860934,3.2685107694976363,6.608394760652254,5.977449262882548,0.05172413793103448,-0.6661684309568872,0.630945497769706,-0.007446352582327117,-0.6848000000000001,0.6958
KXNBAGAME-25DEC18ATLCHA,2025-12-18,ATL,CHA,CHA,ATL,0.38,0.6366,40,23,-0.05914248357425496,0.6890344145071006,2.9311599633801815,3.0215300618574337,2.9903024469544377,2.3324956473503327,5.921462410334618,5.3540257092077645,0.2698412698412698,-0.7481768980813556,0.5674367011268533,0.09751179001656714,-0.62,0.6366
KXNBAGAME-25DEC18DETDAL,2025-12-18,DET,DAL,DAL,DET,0.4423,0.5665,71,88,0.3305909793065145,0.1165906626855347,3.2727958055175383,3.1605844777170287,2.942204826211024,3.0439938150314947,6.215000631728561,6.204578292748524,-0.1069182389937107,0.2140003166209798,0.010422338980037082,-0.04275910366580636,-0.5577,0.5665
KXNBAGAME-25DEC18GSWPHX,2025-12-18,GSW,PHX,PHX,GSW,0.3917,0.6052,53,39,-0.19433476863518678,-0.6152526799540545,3.2318823014249185,2.562395393007091,3.4262170700601056,3.177648072961146,6.658099371485024,5.740043465968237,0.15217391304347827,0.42091791131886774,0.9180559055167867,0.09713285208768252,-0.6083000000000001,0.6052
KXNBAGAME-25DEC18HOUNOP,2025-12-18,HOU,NOP,NOP,HOU,0.1946,0.8,66,36,-0.9012920255657226,-0.9440789003064269,2.974276299848724,2.6239690465290346,3.8755683254144477,3.5680479468354616,6.84984462526317,6.1920169933645,0.29411764705882354,0.042786874740704306,0.6578276318986704,0.149198167266447,-0.8054,0.8
KXNBAGAME-25DEC18LACOKC,2025-12-18,LAC,OKC,OKC,LAC,0.9199,0.0936,68,92,-0.34004939328267236,0.7330249277116965,2.6247260096633385,3.343283744990739,2.964775402946011,2.610258817279043,5.589501412609351,5.9535425622697815,-0.15,-1.073074320994369,-0.3640411496604301,-0.12865371604971845,-0.08009999999999995,0.0936
KXNBAGAME-25DEC18LALUTA,2025-12-18,LAL,UTA,LAL,UTA,0.7342,0.2798,128,93,0.9792259139468094,-0.08440987089485208,3.2822887080225858,3.065247976537095,2.3030627940757764,3.149657847431947,5.585351502098362,6.214905823969042,0.1583710407239819,1.0636357848416615,-0.6295543218706801,0.13236730960407403,-0.26580000000000004,0.2798
KXNBAGAME-25DEC18MIABKN,2025-12-18,MIA,BKN,MIA,BKN,0.7038,0.2946,52,16,-0.41940890696336974,-0.9140558195099608,2.9424811027670166,2.3160362932964658,3.361890009730387,3.2300921128064277,6.304371112497403,5.546128406102893,0.5294117647058824,0.4946469125465911,0.7582427063945101,0.28943822798027075,-0.2962,0.2946
KXNBAGAME-25DEC18NYKIND,2025-12-18,NYK,IND,NYK,IND,0.6135,0.4025,216,64,1.30819751168466,0.2517287137733129,3.6011499884061973,2.891433517623418,2.2929524767215375,2.6397048038501048,5.894102465127736,5.531138321473522,0.5428571428571428,1.0564687979113472,0.3629641436542137,0.3242520113241388,-0.38649999999999995,0.4025
KXNBAGAME-25DEC18ORLDEN,2025-12-18,ORL,DEN,DEN,ORL,0.7091,0.2972,57,64,0.9369269809009911,-0.19589733836826864,3.7004129439504965,3.1146984676803786,2.7634859630495052,3.3105958060486467,6.463898907000001,6.425294273729025,-0.05785123966942149,1.1328243192692597,0.03860463327097552,0.02771559612875224,-0.29090000000000005,0.2972
KXNBAGAME-25DEC18SACPOR,2025-12-18,SAC,POR,POR,SAC,0.6901,0.3249,28,38,-0.22065081156480126,-0.21961489393186873,3.032963428490344,3.274336140892834,3.2536142400551453,3.4939510348247027,6.2865776685454895,6.768287175717537,-0.15151515151515152,-0.001035917632932537,-0.48170950717204786,-0.07580937163922238,-0.30989999999999995,0.3249
KXNBAGAME-25DEC18TORMIL,2025-12-18,TOR,MIL,TOR,MIL,0.6733,0.3188,48,97,-0.3598125636915398,0.5006799011515892,2.8411233894320356,3.189396979074677,3.200935953123575,2.688717077923088,6.04205934255561,5.878114056997766,-0.33793103448275863,-0.860492464843129,0.16394528555784404,-0.21199014048353576,-0.3267,0.3188
KXNBAGAME-25DEC18WASSAS,2025-12-18,WAS,SAS,SAS,WAS,0.9075,0.103,30,179,0.08282696974673112,1.2677569644859208,3.54881022174826,3.6877210633233983,3.4659832520015295,2.419964098837478,7.0147934737497915,6.107685162160877,-0.7129186602870813,-1.1849299947391896,0.9071083115889147,-0.41570582988050014,-0.09250000000000003,0.103
KXNBAGAME-25DEC19CHICLE,2025-12-19,CHI,CLE,CHI,CLE,0.3984,0.618,77,52,-0.21808331438412465,-1.3151897541641495,3.1799599624711905,2.829200111175293,3.3980432768553155,4.144389865339442,6.578003239326504,6.9735899765147344,0.1937984496124031,1.097106439780025,-0.39558673718823023,0.1517545467952028,-0.6016,0.618
KXNBAGAME-25DEC19MIABOS,2025-12-19,MIA,BOS,BOS,MIA,0.7273,0.285,53,50,-0.2616282224211936,0.28387707479314145,2.752934821872236,3.429749359688607,3.01456304429343,3.145872284895465,5.767497866165667,6.575621644584071,0.02912621359223301,-0.545505297214335,-0.8081237784184045,-0.012712158064600246,-0.27270000000000005,0.285
KXNBAGAME-25DEC19OKCMIN,2025-12-19,OKC,MIN,MIN,OKC,0.3041,0.7077,80,68,0.5825114551668766,-0.9735458179795118,3.3942636044723793,2.734546627077324,2.811752149305503,3.7080924450568356,6.206015753777881,6.4426390721341615,0.08108108108108109,1.5560572731463884,-0.2366233183562807,0.11834340419785996,-0.6959,0.7077
KXNBAGAME-25DEC19PHINYK,2025-12-19,PHI,NYK,PHI,NYK,0.3356,0.6661,0,228,,1.2089688515240415,,3.604209651269283,,2.395240799745242,,5.999450451014525,-1.0,,,,-0.6644,0.6661
KXNBAGAME-25DEC19SASATL,2025-12-19,SAS,ATL,SAS,ATL,0.6198,0.3983,174,34,1.0121459044599899,-0.5642264071057417,3.425504686819965,2.7664994190832415,2.413358782359975,3.330725826188986,5.838863469179939,6.097225245272224,0.6730769230769231,1.5763723115657315,-0.2583617760922845,0.41535707711674813,-0.3802,0.3983
KXNBAGAME-25DEC20BOSTOR,2025-12-20,BOS,TOR,BOS,TOR,0.4801,0.5312,68,64,0.8758603442169988,-0.32440782843804405,3.4469703916609795,2.8280961562429563,2.5711100474439816,3.152503984681001,6.01808043910496,5.980600140923957,0.030303030303030304,1.2002681726550428,0.03748029818100296,0.07516492378426728,-0.5199,0.5312
KXNBAGAME-25DEC20CHADET,2025-12-20,CHA,DET,DET,CHA,0.7977,0.2156,37,73,-0.3057539514255243,-0.6919679301622508,2.9115742103684976,2.760543328211745,3.217328161794022,3.4525112583739954,6.1289023721625195,6.21305458658574,-0.32727272727272727,0.38621397873672647,-0.08415221442322007,-0.14432566469952732,-0.20230000000000004,0.2156
KXNBAGAME-25DEC20DALPHI,2025-12-20,DAL,PHI,PHI,DAL,0.5303,0.4876,68,0,-1.031206454782653,,2.563438304955917,,3.5946447597385696,,6.158083064694486,,1.0,,,,-0.4697,0.4876
KXNBAGAME-25DEC20HOUDEN,2025-12-20,HOU,DEN,HOU,DEN,0.5341,0.4718,81,72,-0.41164759027411607,0.35811313362636676,2.7211569034604377,3.2397640827333145,3.1328044937345534,2.8816509491069473,5.853961397194992,6.121415031840263,0.058823529411764705,-0.7697607239004829,-0.2674536346452703,-0.009076271489141793,-0.4659,0.4718
KXNBAGAME-25DEC20INDNOP,2025-12-20,IND,NOP,NOP,IND,0.6892,0.3459,70,40,0.08293799875676273,-0.3539389608652832,2.886351902742004,2.907074079729227,2.803413903985242,3.2610130405945092,5.689765806727246,6.168087120323737,0.2727272727272727,0.4368769596220459,-0.4783213135964903,0.15820748434473864,-0.31079999999999997,0.3459
KXNBAGAME-25DEC20LALLAC,2025-12-20,LAL,LAC,LAC,LAL,0.4755,0.5196,127,56,-0.25116648020946575,-1.1250146885911676,3.0100428474820227,2.558523238934002,3.2612093276914886,3.6835379275251707,6.2712521751735135,6.242061166459173,0.3879781420765027,0.8738482083817019,0.029191008714340327,0.23768148145733645,-0.5245,0.5196
KXNBAGAME-25DEC20ORLUTA,2025-12-20,ORL,UTA,ORL,UTA,0.7249,0.2859,56,86,0.6201185902641312,0.027193992135265244,3.831372902596073,3.2934901464438755,3.2112543123319415,3.2662961543086104,7.0426272149280145,6.559786300752485,-0.2112676056338028,0.592924598128866,0.48284091417552943,-0.0759875729104581,-0.2751,0.2859
KXNBAGAME-25DEC20PHXGSW,2025-12-20,PHX,GSW,GSW,PHX,0.6593,0.3536,69,75,-0.6748925486834398,-0.10672280350188411,2.821120893338114,3.4102511219456035,3.4960134420215545,3.5169739254474885,6.317134335359669,6.927225047393094,-0.041666666666666664,-0.5681697451815557,-0.6100907120334247,-0.04924182059241112,-0.3407,0.3536
KXNBAGAME-25DEC20PORSAC,2025-12-20,POR,SAC,POR,SAC,0.6922,0.3414,56,49,-0.9434633809879349,-0.7473302958747673,2.792347927563621,2.925404980634294,3.735811308551555,3.6727352765090613,6.528159236115176,6.598140257143356,0.06666666666666667,-0.19613308511316763,-0.06998102102818038,0.02352667907767495,-0.30779999999999996,0.3414
KXNBAGAME-25DEC20WASMEM,2025-12-20,WAS,MEM,WAS,MEM,0.1796,0.8246,57,61,0.8384375730768581,-1.7572706021224864,4.15141202242786,2.4170522935156518,3.3129744493510014,4.174322895638137,7.464386471778861,6.591375189153791,-0.03389830508474576,2.5957081751993445,0.87301128262507,0.11283625621759434,-0.8204,0.8246
KXNBAGAME-25DEC21CHIATL,2025-12-21,CHI,ATL,CHI,ATL,0.4589,0.5339,54,70,-0.21448406357367708,-0.09611031563280847,3.0075173498856085,3.146071135827753,3.222001413459285,3.242181451460562,6.2295187633448945,6.388252587288315,-0.12903225806451613,-0.1183737479408686,-0.15873382394342084,-0.0704348164293015,-0.5411,0.5339
KXNBAGAME-25DEC21HOUSAC,2025-12-21,HOU,SAC,SAC,HOU,0.2034,0.8011,75,54,-0.26665874762691666,-0.9253350529151136,2.6681755394937783,3.035108659999665,2.934834287120694,3.960443712914776,5.603009826614473,6.995552372914441,0.16279069767441862,0.658676305288197,-1.3925425462999677,0.11432916410161915,-0.7966,0.8011
KXNBAGAME-25DEC21MIANYK,2025-12-21,MIA,NYK,NYK,MIA,0.724,0.2864,93,136,-0.458205926931003,0.09236647910049244,2.810525605286953,3.1299515235724757,3.2687315322179566,3.0375850444719825,6.079257137504909,6.167536568044458,-0.18777292576419213,-0.5505724060314954,-0.0882794305395489,-0.12141508318367084,-0.276,0.2864
KXNBAGAME-25DEC21MILMIN,2025-12-21,MIL,MIN,MIN,MIL,0.8207,0.1995,90,108,-0.18134039594483925,-0.8694169586218263,2.799622169519278,2.9475367564903463,2.980962565464117,3.8169537151121724,5.780584734983394,6.764490471602519,-0.09090909090909091,0.6880765626769871,-0.9839057366191248,-0.011050717320696096,-0.17930000000000001,0.1995
KXNBAGAME-25DEC21SASWAS,2025-12-21,SAS,WAS,SAS,WAS,0.9058,0.1083,110,35,0.25664273870245,0.3999134223513804,3.1049201640588207,4.107924269746055,2.848277425356371,3.708010847394674,5.953197589415193,7.815935117140727,0.5172413793103449,-0.14327068364893036,-1.8627375277255336,0.2514571554727259,-0.09419999999999995,0.1083
KXNBAGAME-25DEC21TORBKN,2025-12-21,TOR,BKN,BKN,TOR,0.4093,0.5999,65,45,-0.1326528767101789,-0.06420592576578316,2.934764319723664,2.769246962120138,3.0674171964338433,2.833452887885921,6.002181516157506,5.602699850006059,0.18181818181818182,-0.06844695094439573,0.39948166615144753,0.08748674336187112,-0.5907,0.5999
KXNBAGAME-25DEC22CHACLE,2025-12-22,CHA,CLE,CLE,CHA,0.7775,0.2459,41,33,-0.709620821783292,-1.410133183899295,2.47151140353213,2.666205182277289,3.1811322253154213,4.076338366176584,5.652643628847551,6.742543548453872,0.10810810810810811,0.700512362116003,-1.0898999196063208,0.08907967215985421,-0.22250000000000003,0.2459
KXNBAGAME-25DEC22DALNOP,2025-12-22,DAL,NOP,NOP,DAL,0.4864,0.5293,62,31,-0.04884741852422139,-0.6784527264192488,2.945742120943886,2.440309183471789,2.9945895394681075,3.1187619098910364,5.940331660411994,5.5590710933628245,0.3333333333333333,0.6296053078950274,0.38126056704916955,0.19814693206141804,-0.5136000000000001,0.5293
KXNBAGAME-25DEC22DETPOR,2025-12-22,DET,POR,DET,POR,0.7139,0.2872,48,35,-0.27440569088818817,-1.4334625670059657,2.9443331785969074,2.9409673788728927,3.2187388694850947,4.374429945878855,6.163072048082003,7.31539732475175,0.1566265060240964,1.1590568761177775,-1.152325276669747,0.13626609681793705,-0.2861,0.2872
KXNBAGAME-25DEC22INDBOS,2025-12-22,IND,BOS,BOS,IND,0.8389,0.1777,49,98,-0.5407660483141591,0.11177181907987085,2.7021449910657083,3.005012979848163,3.2429110393798672,2.8932411607682913,5.945056030445576,5.898254140616453,-0.3333333333333333,-0.65253786739403,0.0468018898291227,-0.19929356003636817,-0.16110000000000002,0.1777
KXNBAGAME-25DEC22MEMOKC,2025-12-22,MEM,OKC,OKC,MEM,0.8965,0.1096,34,94,-0.06718460655502945,-0.6978848746150123,3.8536969689877307,2.8578545790191408,3.9208815755427593,3.5557394536341524,7.774578544530488,6.413594032653294,-0.46875,0.6307002680599828,1.3609845118771942,-0.20283998659700087,-0.10350000000000004,0.1096
KXNBAGAME-25DEC22ORLGSW,2025-12-22,ORL,GSW,GSW,ORL,0.6756,0.3407,41,54,0.137092980299783,-0.9847410544727375,4.002247996178674,2.895880096264335,3.8651550158788908,3.8806211507370723,7.867403012057565,6.776501247001407,-0.1368421052631579,1.1218340347725206,1.0909017650561577,-0.012329350892952923,-0.3244,0.3407
KXNBAGAME-25DEC22UTADEN,2025-12-22,UTA,DEN,DEN,UTA,0.851,0.1479,74,53,-0.3556584918907074,0.12358675604165441,3.587333512714461,3.311721767824765,3.942992004605168,3.1881350117831095,7.530325517319629,6.4998567796078754,0.16535433070866143,-0.47924524793236184,1.0304687377117538,0.058714902957712624,-0.14900000000000002,0.1479
KXNBAGAME-25DEC23BKNPHI,2025-12-23,BKN,PHI,BKN,PHI,0.2412,0.7729,37,0,-0.8936841273357443,,2.106851380338979,,3.000535507674722,,5.107386888013698,,1.0,,,,-0.7588,0.7729
KXNBAGAME-25DEC23CHIATL,2025-12-23,CHI,ATL,CHI,ATL,0.401,0.6062,50,50,-0.14957921240543867,-0.30679429725016555,3.1159307424228047,2.730423415463685,3.2655099548282416,3.0372177127138498,6.381440697251049,5.767641128177535,0.0,0.15721508484472688,0.6137995690735147,0.007860754242236343,-0.599,0.6062
KXNBAGAME-25DEC23DENDAL,2025-12-23,DEN,DAL,DAL,DEN,0.3257,0.69,58,71,-0.17709936761211315,0.068155011817179,3.2740164502402873,3.112053415450581,3.4511158178523997,3.043898403633402,6.725132268092684,6.155951819083981,-0.10077519379844961,-0.24525437942929215,0.5691804490087033,-0.06265031587068941,-0.6743,0.69
KXNBAGAME-25DEC23DETSAC,2025-12-23,DET,SAC,DET,SAC,0.8039,0.2013,59,64,0.05630047278140546,-0.26584394498052677,3.3615542155342313,2.9686035984829853,3.305253742752825,3.2344475434635127,6.666807958287055,6.203051141946496,-0.04065040650406504,0.32214441776193226,0.46375681634055965,-0.004217982363935908,-0.19610000000000005,0.2013
KXNBAGAME-25DEC23HOULAC,2025-12-23,HOU,LAC,LAC,HOU,0.2963,0.7163,83,77,-0.7164721850842064,-0.6208526408720468,2.6929089942406437,2.953817427432661,3.40938117932485,3.574670068304708,6.102290173565493,6.5284874957373695,0.0375,-0.09561954421215957,-0.4261973221718769,0.013969022789392022,-0.7037,0.7163
KXNBAGAME-25DEC23LALPHX,2025-12-23,LAL,PHX,PHX,LAL,0.5907,0.4227,109,47,-0.5630957858561337,-0.8439483619955995,2.8105847052609816,2.972701070886819,3.3736804911171143,3.8166494328824196,6.184265196378096,6.789350503769237,0.3974358974358974,0.2808525761394658,-0.6050853073911409,0.212760577524922,-0.4093,0.4227
KXNBAGAME-25DEC23MEMUTA,2025-12-23,MEM,UTA,MEM,UTA,0.6554,0.3466,43,58,-0.08808266070832715,-0.5584696590021224,3.8500205068918603,3.345876729237367,3.9381031676001865,3.9043463882394893,7.788123674492045,7.250223117476856,-0.1485148514851485,0.47038699829379527,0.5379005570151891,-0.05073807582788449,-0.3446,0.3466
KXNBAGAME-25DEC23MILIND,2025-12-23,MIL,IND,MIL,IND,0.5306,0.4825,50,56,-0.6777039196754773,-0.20700169959656117,2.355495341610974,3.133705651439721,3.033199261286451,3.340707351036282,5.3886946028974245,6.474413002476004,-0.05660377358490566,-0.4707022200789161,-1.085718399578579,-0.05183699779639864,-0.46940000000000004,0.4825
KXNBAGAME-25DEC23NOPCLE,2025-12-23,NOP,CLE,CLE,NOP,0.7709,0.2348,41,50,-0.3572826852239455,-1.4426807554740915,2.6502865217940297,2.7774035662811363,3.007569207017973,4.220084321755228,5.6578557288120015,6.997487888036364,-0.0989010989010989,1.085398070250146,-1.3396321592243625,0.004819354061957853,-0.22909999999999997,0.2348
KXNBAGAME-25DEC23NYKMIN,2025-12-23,NYK,MIN,MIN,NYK,0.7132,0.2997,63,59,0.2476390094990525,-0.7688237958397459,3.0982760606449933,2.5963160562840084,2.8506370511459393,3.365139852123753,5.948913111790933,5.9614559084077605,0.03278688524590164,1.0164628053387985,-0.012542796616827445,0.06721658288989074,-0.28680000000000005,0.2997
KXNBAGAME-25DEC23OKCSAS,2025-12-23,OKC,SAS,SAS,OKC,0.3224,0.694,60,62,-0.5032797119966825,0.9371408026017347,2.8990886711386303,3.511575237665493,3.402368383135312,2.5744344350637576,6.301457054273943,6.086009672729251,-0.01639344262295082,-1.4404205145984172,0.215447381544692,-0.08021774704139627,-0.6776,0.694
KXNBAGAME-25DEC23ORLPOR,2025-12-23,ORL,POR,ORL,POR,0.5298,0.4854,46,48,0.3172981086314716,-0.4277334573958011,4.208557116665529,3.248811237937306,3.891259008034056,3.6765446953331073,8.099816124699583,6.925355933270413,-0.02127659574468085,0.7450315660272727,1.1744601914291701,0.02661328042902321,-0.47019999999999995,0.4854
KXNBAGAME-25DEC23TORMIA,2025-12-23,TOR,MIA,TOR,MIA,0.3504,0.6563,54,57,-0.30740837941587257,-0.38392962763808025,2.5920284620658225,2.573321609486388,2.899436841481694,2.957251237124466,5.491465303547514,5.530572846610854,-0.02702702702702703,0.07652124822220768,-0.039107543063339634,-0.00968745110240313,-0.6496,0.6563
KXNBAGAME-25DEC23WASCHA,2025-12-23,WAS,CHA,CHA,WAS,0.6988,0.3148,63,54,1.0727938093393317,-0.6683637728704359,4.046783365891989,2.953178532494058,2.973989556552656,3.6215423053644935,7.020772922444644,6.57472083785855,0.07692307692307693,1.7411575822097676,0.44605208458609447,0.12551941757202684,-0.3012,0.3148
KXNBAGAME-25DEC25CLENYK,2025-12-25,CLE,NYK,NYK,CLE,0.5159,0.4649,77,117,-1.0629189054130292,-0.21590124345504327,2.8595645626042563,2.802499252449934,3.9224834680172864,3.018400495904978,6.782048030621544,5.820899748354913,-0.20618556701030927,-0.847017661957986,0.9611482822666311,-0.14544366660305394,-0.4841,0.4649
KXNBAGAME-25DEC25DALGSW,2025-12-25,DAL,GSW,GSW,DAL,0.7377,0.2769,115,75,-0.0005121296440544765,0.469280998190882,2.9461747796985884,3.6281748706383117,2.9466869093426427,3.15889387244743,5.892861689041233,6.787068743085741,0.21052631578947367,-0.46979312783493643,-0.8942070540445082,0.08177350150299001,-0.2623,0.2769
KXNBAGAME-25DEC25HOULAL,2025-12-25,HOU,LAL,HOU,LAL,0.5411,0.4689,100,145,0.15255332040596314,-0.30259175778423814,2.761986132934436,2.8401770398030317,2.609432812528474,3.14276879758727,5.37141894546291,5.982945837390301,-0.1836734693877551,0.4551450781902013,-0.6115268919273911,-0.06907948078436749,-0.4589,0.4689
KXNBAGAME-25DEC25MINDEN,2025-12-25,MIN,DEN,DEN,MIN,0.4951,0.502,74,105,-0.4643382582973024,-0.5047906093602279,2.6110632522077264,2.6102274608366116,3.0754015105050283,3.1150180701968395,5.686464762712756,5.725245531033453,-0.17318435754189945,0.040452351062925496,-0.03878076832069688,-0.08456956121780346,-0.5049,0.502
KXNBAGAME-25DEC25SASOKC,2025-12-25,SAS,OKC,SAS,OKC,0.2522,0.7602,109,111,0.16647325166530502,0.4861802417107791,3.0098533299410946,3.3791592762741525,2.8433800782757896,2.892979034563373,5.853233408216885,6.272138310837526,-0.00909090909090909,-0.3197069900454741,-0.41890490262064173,-0.02053080404772825,-0.7478,0.7602
KXNBAGAME-25DEC26BOSIND,2025-12-26,BOS,IND,BOS,IND,0.7482,0.2691,57,40,-1.8093589406598647,-0.5857550107214406,2.5500445942219985,2.737534919809729,4.359403534881862,3.323289930531169,6.909448129103861,6.060824850340898,0.17525773195876287,-1.223603929938424,0.8486232787629628,0.026448669482460233,-0.2518,0.2691
KXNBAGAME-25DEC26CHAORL,2025-12-26,CHA,ORL,CHA,ORL,0.3337,0.6782,63,54,-2.335795811292691,-0.1890448572809318,2.5259339888238754,3.358764674403381,4.861729800116565,3.547809531684312,7.38766378894044,6.906574206087692,0.07692307692307693,-2.1467509540117593,0.48108958285274817,-0.0688760092390495,-0.6663,0.6782
KXNBAGAME-25DEC26DETUTA,2025-12-26,DET,UTA,UTA,DET,0.2344,0.7878,52,39,0.22713181558598272,0.2330426680311257,2.943096502296076,3.442244601619664,2.7159646867100937,3.209201933588538,5.659061189006172,6.651446535208201,0.14285714285714285,-0.005910852445142972,-0.9923853462020293,0.07113302880631428,-0.7656000000000001,0.7878
KXNBAGAME-25DEC26LACPOR,2025-12-26,LAC,POR,LAC,POR,0.508,0.4838,79,45,-0.1555740841887095,-1.1511306426493806,3.2720728308451394,3.293404222835471,3.4276469150338493,4.444534865484853,6.699719745878989,7.737939088320323,0.27419354838709675,0.9955565584606711,-1.0382193424413346,0.18687460211658194,-0.492,0.4838
KXNBAGAME-25DEC26MIAATL,2025-12-26,MIA,ATL,MIA,ATL,0.4177,0.5909,64,30,-2.546335397286079,0.46861980856527624,2.3630217503965847,3.4944610810998977,4.909357147682664,3.0258412725346213,7.27237889807925,6.52030235363452,0.3617021276595745,-3.0149552058513556,0.7520765444447299,0.03010330353721946,-0.5823,0.5909
KXNBAGAME-25DEC26MILMEM,2025-12-26,MIL,MEM,MEM,MIL,0.6351,0.3718,45,28,-1.3004182095805503,-0.39566267382596176,2.4996851697681817,2.923762131266824,3.800103379348733,3.3194248050927855,6.299788549116916,6.243186936359608,0.2328767123287671,-0.9047555357545886,0.056601612757307684,0.07120057937665412,-0.3649,0.3718
KXNBAGAME-25DEC26PHICHI,2025-12-26,PHI,CHI,CHI,PHI,0.4403,0.5529,0,52,,-0.13466484678581353,,2.785519488836968,,2.920184335622783,,5.705703824459752,-1.0,,,,-0.5597,0.5529
KXNBAGAME-25DEC26PHXNOP,2025-12-26,PHX,NOP,PHX,NOP,0.6563,0.3636,63,52,-0.8604960197018804,-1.8307109966578827,2.6370684941291387,2.3486661901163406,3.4975645138310196,4.179377186774223,6.13463300796016,6.528043376890565,0.09565217391304348,0.9702149769560023,-0.3934103689304056,0.09633683580432185,-0.3437,0.3636
KXNBAGAME-25DEC26TORWAS,2025-12-26,TOR,WAS,WAS,TOR,0.2639,0.7482,38,31,-0.9785001786170235,-0.10630200716165462,2.6127574033631724,3.218059774123695,3.5912575819801957,3.32436178128535,6.20401498534337,6.542421555409046,0.10144927536231885,-0.8721981714553689,-0.33840657006567554,0.007114729108390977,-0.7361,0.7482
KXNBAGAME-25DEC27BKNMIN,2025-12-27,BKN,MIN,BKN,MIN,0.1699,0.8393,42,116,-0.8788522208213098,-0.06156976634471717,2.276540440368519,3.076788853790922,3.155392661189829,3.13835862013564,5.43193310155835,6.215147473926562,-0.46835443037974683,-0.8172824544765926,-0.7832143723682119,-0.27504133791370305,-0.8301000000000001,0.8393
KXNBAGAME-25DEC27CLEHOU,2025-12-27,CLE,HOU,HOU,CLE,0.5649,0.4466,125,118,-0.2673446366440546,-0.22120504231313504,3.110902749150241,3.0041688247430285,3.378247385794296,3.2253738670561645,6.489150134944536,6.229542691799193,0.02880658436213992,-0.046139594330919576,0.25960744314534256,0.01209631246452398,-0.43510000000000004,0.4466
KXNBAGAME-25DEC27DALSAC,2025-12-27,DAL,SAC,SAC,DAL,0.4367,0.5792,109,22,0.24411789154130598,-0.38724800087898614,3.2434697808734096,2.8794600451658092,2.9993518893321043,3.266708046044797,6.2428216702055135,6.146168091210605,0.6641221374045801,0.6313658924202921,0.09665357899490878,0.3636293633233047,-0.5633,0.5792
KXNBAGAME-25DEC27DENORL,2025-12-27,DEN,ORL,ORL,DEN,0.3773,0.6311,113,37,-0.5134375907871845,-0.06079668040332131,2.8267020949740544,3.105219336256646,3.3401396857612387,3.1660160166599662,6.166841780735292,6.271235352916612,0.5066666666666667,-0.4526409103838632,-0.10439357218132006,0.2307012878141402,-0.6227,0.6311
KXNBAGAME-25DEC27INDMIA,2025-12-27,IND,MIA,MIA,IND,0.7148,0.2954,37,35,0.10916683133201437,-0.5953835239235125,2.940026918440468,2.880616188813544,2.8308600871084524,3.4759997127370563,5.770887005548921,6.356615901550599,0.027777777777777776,0.7045503552555268,-0.5857288960016778,0.04911640665166523,-0.2852,0.2954
KXNBAGAME-25DEC27MILCHI,2025-12-27,MIL,CHI,MIL,CHI,0.4548,0.567,44,39,-0.524207279925495,0.2720199372561115,2.880809878439713,3.010448225357637,3.405017158365209,2.7384282881015256,6.285827036804923,5.748876513459159,0.060240963855421686,-0.7962272171816065,0.5369505233457641,-0.009690878931369482,-0.5452,0.567
KXNBAGAME-25DEC27NYKATL,2025-12-27,NYK,ATL,NYK,ATL,0.6606,0.3624,178,22,0.42046975636639294,0.37356519812530226,3.332996558037804,3.298854561808277,2.9125268016714116,2.9252893636829755,6.245523359709216,6.2241439254912505,0.78,0.04690455824109069,0.021379434217965176,0.39234522791205456,-0.33940000000000003,0.3624
KXNBAGAME-25DEC27PHXNOP,2025-12-27,PHX,NOP,PHX,NOP,0.6225,0.3929,49,18,-1.0350124375064538,-0.3587526903949273,2.4657448634024552,2.3978973177584466,3.5007573009089086,2.756650008153374,5.966502164311365,5.154547325911821,0.4626865671641791,-0.6762597471115265,0.8119548383995436,0.19753029622651325,-0.37749999999999995,0.3929
KXNBAGAME-25DEC27UTASAS,2025-12-27,UTA,SAS,UTA,SAS,0.1563,0.8588,34,118,0.6216990627947503,0.5156705308218311,3.3707798943723706,3.171529902167908,2.7490808315776194,2.655859371346076,6.119860725949989,5.827389273513983,-0.5526315789473685,0.10602853197291917,0.2924714524360059,-0.2710143628750383,-0.8437,0.8588
KXNBAGAME-25DEC28BOSPOR,2025-12-28,BOS,POR,POR,BOS,0.2684,0.7314,85,52,0.7501344983891178,-1.1249288058976543,3.315583438769553,2.803731224860446,2.5654489403804357,3.9286600307580994,5.881032379149989,6.732391255618547,0.24087591240875914,1.8750633042867721,-0.8513588764685576,0.21419112141871816,-0.7316,0.7314
KXNBAGAME-25DEC28DETLAC,2025-12-28,DET,LAC,LAC,DET,0.4919,0.5104,98,79,-0.675982746817507,-0.7101357789486653,2.8287622185134023,2.6682006026075813,3.504744965330909,3.3783363815562466,6.333507183844311,6.0465369841638275,0.10734463276836158,0.03415303213115828,0.2869701996804839,0.0553799679907387,-0.5081,0.5104
KXNBAGAME-25DEC28GSWTOR,2025-12-28,GSW,TOR,TOR,GSW,0.3851,0.626,104,46,-0.42412512493830334,0.7122659116668311,2.943403975119029,3.766965388059389,3.367529100057332,3.0546994763925586,6.3109330751763615,6.821664864451947,0.38666666666666666,-1.1363910366051344,-0.5107317892755852,0.1365137815030766,-0.6149,0.626
KXNBAGAME-25DEC28MEMWAS,2025-12-28,MEM,WAS,WAS,MEM,0.301,0.7147,52,30,-0.21983800296572487,0.2846767871775099,3.5351138213844076,3.7133156205845923,3.7549518243501327,3.428638833407084,7.290065645734541,7.141954453991676,0.2682926829268293,-0.5045147901432347,0.14811119174286436,0.1089206019562529,-0.6990000000000001,0.7147
KXNBAGAME-25DEC28PHIOKC,2025-12-28,PHI,OKC,OKC,PHI,0.8616,0.1457,0,79,,-0.1354102252422405,,2.976035586830462,,3.1114458120727027,,6.087481398903163,-1.0,,,,-0.13839999999999997,0.1457
KXNBAGAME-25DEC28SACLAL,2025-12-28,SAC,LAL,LAL,SAC,0.8116,0.2007,28,114,-0.7969748004062268,-1.0571474928194486,2.826034844176926,2.7584354321604003,3.6230096445831546,3.815582924979849,6.449044488760078,6.574018357140249,-0.6056338028169014,0.26017269241322183,-0.12497386838017022,-0.2898082667877896,-0.1884,0.2007
KXNBAGAME-25DEC29ATLOKC,2025-12-29,ATL,OKC,OKC,ATL,0.9035,0.1033,62,51,-0.735405570310272,-0.7128462374283009,2.9083441421954577,2.7036995897300313,3.643749712505729,3.416545827158333,6.5520938547011855,6.120245416888364,0.09734513274336283,-0.022559332881971095,0.4318484378128211,0.04754459972758286,-0.09650000000000003,0.1033
KXNBAGAME-25DEC29CLESAS,2025-12-29,CLE,SAS,CLE,SAS,0.4701,0.5301,51,50,-1.1176540426548525,-0.33150176708080953,2.6149400929194093,2.920921473506299,3.732594135574261,3.252423240587108,6.3475342284936715,6.173344714093407,0.009900990099009901,-0.7861522755740429,0.17418951440026476,-0.034357118729197195,-0.5299,0.5301
KXNBAGAME-25DEC29DALPOR,2025-12-29,DAL,POR,POR,DAL,0.5713,0.4429,60,57,-0.01901614965155765,-0.486039366535461,3.039464570148467,2.9948767103988176,3.0584807198000243,3.4809160769342795,6.09794528994849,6.475792787333095,0.02564102564102564,0.46702321688390336,-0.37784749738460466,0.036171673664707985,-0.42869999999999997,0.4429
KXNBAGAME-25DEC29DENMIA,2025-12-29,DEN,MIA,MIA,DEN,0.4695,0.5491,55,50,0.6322541668178878,-1.2248463828107745,3.5808507642472236,2.2095976469879712,2.9485965974293364,3.4344440297987457,6.529447361676559,5.644041676786717,0.047619047619047616,1.8571005496286623,0.8854056848898422,0.11666455129095693,-0.5305,0.5491
KXNBAGAME-25DEC29GSWBKN,2025-12-29,GSW,BKN,GSW,BKN,0.6587,0.3419,52,36,-0.4954154486113596,-0.7402295719066526,3.0127624438209613,2.9290026986841227,3.508177892432321,3.6692322705907756,6.5209403362532825,6.598234969274897,0.18181818181818182,0.244814123295293,-0.07729463302161488,0.10314979707385556,-0.34130000000000005,0.3419
KXNBAGAME-25DEC29INDHOU,2025-12-29,IND,HOU,HOU,IND,0.8542,0.1598,72,71,-0.004731651829291694,-0.7782956183241527,3.047454299521748,2.596453710976802,3.0521859513510403,3.3747493293009545,6.099640250872788,5.971203040277757,0.006993006993006993,0.773563966494861,0.1284372105950311,0.042174701821246545,-0.14580000000000004,0.1598
KXNBAGAME-25DEC29MILCHA,2025-12-29,MIL,CHA,MIL,CHA,0.5892,0.424,103,42,-1.3050804169770216,-0.7985008001074334,2.6784773059376743,2.5207360449970064,3.983557722914697,3.3192368451044407,6.662035028852371,5.839972890101449,0.4206896551724138,-0.5065796168695882,0.8220621387509217,0.1850158467427275,-0.41080000000000005,0.424
KXNBAGAME-25DEC29MINCHI,2025-12-29,MIN,CHI,MIN,CHI,0.6715,0.3436,50,93,-1.0278144108050726,-0.8622458024390423,2.5997013210692552,2.927812475661696,3.627515731874328,3.7900582781007377,6.227217052943583,6.717870753762433,-0.3006993006993007,-0.16556860836603038,-0.49065370081885007,-0.15862808076795185,-0.3285,0.3436
KXNBAGAME-25DEC29NYKNOP,2025-12-29,NYK,NOP,NYK,NOP,0.7454,0.2696,81,45,0.17931398812691202,-1.2075943331482484,3.6249555969840683,2.0538452861838987,3.445641608857157,3.2614396193321467,7.070597205841224,5.315284905516045,0.2857142857142857,1.3869083212751603,1.755312300325179,0.21220255892090087,-0.25460000000000005,0.2696
KXNBAGAME-25DEC29ORLTOR,2025-12-29,ORL,TOR,TOR,ORL,0.3901,0.5635,72,46,0.43977657043683893,0.3104326573076074,3.995986970193207,3.4949569252319437,3.5562103997563677,3.1845242679243366,7.552197369949573,6.679481193156279,0.22033898305084745,0.12934391312923155,0.8727161767932934,0.1166366871818853,-0.6099,0.5635
KXNBAGAME-25DEC29PHXWAS,2025-12-29,PHX,WAS,PHX,WAS,0.788,0.22,57,35,-0.849650731702496,0.6089493393502496,2.2090204686030326,3.68601637866856,3.0586712003055285,3.077067039318311,5.2676916689085616,6.763083417986871,0.2391304347826087,-1.4586000710527456,-1.4953917490783093,0.046635213838667075,-0.21199999999999997,0.22
KXNBAGAME-25DEC30BOSUTA,2025-12-30,BOS,UTA,BOS,UTA,0.7164,0.2926,81,52,-0.024735962186826055,-0.8525140330236938,3.214244900619711,3.1551661814371132,3.2389808628065384,4.007680214460809,6.45322576342625,7.162846395897919,0.21804511278195488,0.8277780708368677,-0.709620632471669,0.15041145993282082,-0.28359999999999996,0.2926
KXNBAGAME-25DEC30DETLAL,2025-12-30,DET,LAL,DET,LAL,0.5715,0.4433,73,135,-0.5614293851013943,-0.9649372750901686,2.7318161413772377,2.7004245808088676,3.293245526478632,3.665361855899036,6.025061667855868,6.365786436707902,-0.2980769230769231,0.4035078899887743,-0.3407247688520334,-0.1288630670390228,-0.4285,0.4433
KXNBAGAME-25DEC30PHIMEM,2025-12-30,PHI,MEM,PHI,MEM,0.4894,0.5215,0,29,,-0.49326200825080935,,3.1059331156602137,,3.599195123911024,,6.705128239571234,-1.0,,,,-0.5105999999999999,0.5215
KXNBAGAME-25DEC30SACLAC,2025-12-30,SAC,LAC,LAC,SAC,0.7747,0.23,96,87,-0.7529416546709317,-0.02890147553271051,2.8509777405215804,2.9858635111399514,3.603919395192512,3.0147649866726622,6.454897135714091,6.000628497812615,0.04918032786885246,-0.7240401791382212,0.4542686379014764,-0.011611845022484829,-0.22529999999999994,0.23
KXNBAGAME-25DEC31DENTOR,2025-12-31,DEN,TOR,DEN,TOR,0.3111,0.7061,114,96,-0.4403924752104736,0.060078757984393175,2.927793001830108,3.5675899501769113,3.3681854770405812,3.5075111921925193,6.29597847887069,7.075101142369431,0.08571428571428572,-0.5004712331948667,-0.7791226634987414,0.01783358119739952,-0.6889000000000001,0.7061
KXNBAGAME-25DEC31GSWCHA,2025-12-31,GSW,CHA,GSW,CHA,0.7287,0.286,147,71,0.1921586673056166,-0.24188867097629208,3.5670579818224315,3.3386725251755975,3.3748993145168154,3.580561196151889,6.941957296339247,6.919233721327485,0.3486238532110092,0.43404733828190867,0.02272357501176181,0.19601429351960004,-0.2713,0.286
KXNBAGAME-25DEC31MINATL,2025-12-31,MIN,ATL,ATL,MIN,0.3471,0.6658,73,94,-0.9271193116415314,-0.905027618100081,2.5177604212172113,2.7266617617125233,3.444879732858742,3.631689379812605,5.962640154075954,6.358351141525128,-0.12574850299401197,-0.022091693541450352,-0.3957109874491742,-0.0639788361740785,-0.6529,0.6658
KXNBAGAME-25DEC31NOPCHI,2025-12-31,NOP,CHI,CHI,NOP,0.542,0.4718,59,77,-1.4207764236771623,-1.4365676780111931,2.7352141348936057,2.556631301874802,4.155990558570768,3.993198979885994,6.891204693464374,6.549830281760797,-0.1323529411764706,0.015791254334030835,0.3413744117035771,-0.06538690787153376,-0.45799999999999996,0.4718
KXNBAGAME-25DEC31NYKSAS,2025-12-31,NYK,SAS,SAS,NYK,0.5821,0.4208,142,74,-0.3411680669713811,-0.5760992715152896,3.0472004154522647,3.0352626780284595,3.3883684824236457,3.61136194954375,6.435568897875911,6.64662462757221,0.3148148148148148,0.23493120454390853,-0.21105572969629893,0.16915396763460283,-0.41790000000000005,0.4208
KXNBAGAME-25DEC31ORLIND,2025-12-31,ORL,IND,ORL,IND,0.6792,0.3047,70,64,0.25225770787354745,-0.35871827331872674,3.8151064469075555,3.252713704655712,3.562848739034009,3.611431977974439,7.377955185941565,6.864145682630151,0.04477611940298507,0.6109759811922741,0.5138095033114141,0.052936858761106244,-0.3208,0.3047
KXNBAGAME-25DEC31PHXCLE,2025-12-31,PHX,CLE,CLE,PHX,0.6922,0.3192,97,92,-0.8683880151660348,-0.5418604840660739,2.904861956544705,3.094663469583543,3.77324997171074,3.636523953649618,6.678111928255447,6.731187423233161,0.026455026455026454,-0.3265275310999609,-0.05307549497771369,-0.0030988633274848174,-0.30779999999999996,0.3192
KXNBAGAME-25DEC31POROKC,2025-12-31,POR,OKC,OKC,POR,0.8846,0.12,106,116,-1.101602929338526,-0.6773620474916018,2.854519992734498,2.804437743999409,3.9561229220730234,3.481799791491011,6.810642914807522,6.28623753549042,-0.04504504504504504,-0.4242408818469243,0.524405379317102,-0.04373456661486874,-0.11539999999999995,0.12
KXNBAGAME-25DEC31WASMIL,2025-12-31,WAS,MIL,WAS,MIL,0.1962,0.814,90,96,-0.12517537113528365,-0.03220979305887524,3.756943848241286,3.3114336876420483,3.8821192193765697,3.343643480700923,7.639063067617855,6.655077168342974,-0.03225806451612903,-0.09296557807640841,0.9839858992748809,-0.020777311161884936,-0.8038,0.814
KXNBAGAME-25JUN05INDOKC,2025-06-05,IND,OKC,IND,OKC,0.1985,0.8167,325,202,0.6526438709921065,1.052515987790294,2.8752022437250826,2.9781845345731095,2.2225583727329763,1.925668546782815,5.097760616458059,4.9038530813559245,0.2333965844402277,-0.39987211679818757,0.19390753510213443,0.09670468638020448,-0.8015,0.8167
KXNBAGAME-25JUN08INDOKC,2025-06-08,IND,OKC,OKC,IND,0.8184,0.1859,320,294,0.4869749221073399,0.37299745754199465,2.7820041391353767,2.5157888726013207,2.295029217028037,2.142791415059326,5.077033356163414,4.658580287660646,0.04234527687296417,0.11397746456534524,0.4184530685027674,0.026871511664749347,-0.18159999999999998,0.1859
KXNBAGAME-25JUN11OKCIND,2025-06-11,OKC,IND,IND,OKC,0.3178,0.6958,217,262,0.637289459958633,0.3490968356886737,2.917444451337759,2.6642692936791548,2.280154991379126,2.3151724579904807,5.197599442716886,4.979441751669635,-0.09394572025052192,0.28819262426995923,0.21815769104725025,-0.032563228911763,-0.6821999999999999,0.6958
KXNBAGAME-25JUN13OKCIND,2025-06-13,OKC,IND,OKC,IND,0.6041,0.3997,309,276,0.7324468942028397,0.4927069325884755,2.8294275873329315,2.8222511781764443,2.0969806931300914,2.329544245587969,4.926408280463024,5.151795423764414,0.05641025641025641,0.23973996161436423,-0.22538714330138987,0.04019212628584642,-0.39590000000000003,0.3997
KXNBAGAME-25JUN16INDOKC,2025-06-16,IND,OKC,OKC,IND,0.7722,0.2372,128,129,-0.039677582739346524,-0.07264431812281749,2.2386272737206374,2.2959169738676395,2.278304856459984,2.3685612919904577,4.516932130180622,4.664478265858097,-0.0038910505836575876,0.03296673538347097,-0.14754613567747565,-0.00029718852265524535,-0.2278,0.2372
KXNBAGAME-25JUN19OKCIND,2025-06-19,OKC,IND,IND,OKC,0.3427,0.6715,0,0,,,,,,,,,,,,,-0.6573,0.6715
KXNBAGAME-25MAY01DENLAC,2025-05-01,DEN,LAC,LAC,DEN,0.6761,0.3275,102,560,0.266199509543848,0.7700237796246575,2.8964368957402593,4.102516142000484,2.63023738619641,3.3324923623758256,5.526674281936671,7.4350085043763094,-0.6918429003021148,-0.5038242700808095,-1.9083342224396382,-0.3711126636550979,-0.32389999999999997,0.3275
KXNBAGAME-25MAY01NYKDET,2025-05-01,NYK,DET,NYK,DET,0.5949,0.372,141,108,0.16413493605633256,-0.07385947005334095,2.8927179376971104,2.8791693827771248,2.7285830016407786,2.9530288528304665,5.621300939337891,5.832198235607592,0.13253012048192772,0.2379944061096735,-0.21089729626970133,0.07816478054644754,-0.4051,0.372
KXNBAGAME-25MAY02HOUGSW,2025-05-02,HOU,GSW,HOU,GSW,0.337,0.6706,148,123,0.19336171122753154,0.24586392550570269,3.055036294007965,3.150711078851872,2.8616745827804335,2.9048471533461697,5.916710876788398,6.055558232198041,0.09225092250922509,-0.052502214278171144,-0.1388473554096432,0.04350035054070399,-0.663,0.6706
KXNBAGAME-25MAY04INDCLE,2025-05-04,IND,CLE,IND,CLE,0.2384,0.7657,62,41,-0.9213915790771272,-0.24007826149217493,2.2098868510763,2.8011001531704087,3.131278430153427,3.0411784146625824,5.341165281229728,5.842278567832992,0.20388349514563106,-0.6813133175849523,-0.5011132866032639,0.06787608169356792,-0.7616,0.7657
KXNBAGAME-25MAY05DENOKC,2025-05-05,DEN,OKC,DEN,OKC,0.2553,0.7532,129,87,0.26648342203452835,0.025786489008914323,2.7087890943335853,2.682630443252828,2.4423056722990575,2.656843954243913,5.151094766632644,5.3394743974967405,0.19444444444444445,0.240696933025614,-0.18837963086409637,0.10925706887350292,-0.7446999999999999,0.7532
KXNBAGAME-25MAY05NYKBOS,2025-05-05,NYK,BOS,NYK,BOS,0.2384,0.7734,44,45,0.458906556168632,0.6567454623499027,3.1501428830833866,3.181962527725946,2.6912363269147543,2.525217065376044,5.841379209998141,5.707179593101989,-0.011235955056179775,-0.1978389061812707,0.13419961689615256,-0.015509922837153422,-0.7616,0.7734
KXNBAGAME-25MAY06GSWMIN,2025-05-06,GSW,MIN,GSW,MIN,0.3508,0.6586,209,154,0.4575360204885123,0.2063568634536675,3.1021626519078476,2.980725929382461,2.6446266314193356,2.774369065928793,5.746789283327182,5.755094995311254,0.15151515151515152,0.2511791570348448,-0.008305711984071706,0.088316533609318,-0.6492,0.6586
KXNBAGAME-25MAY06INDCLE,2025-05-06,IND,CLE,IND,CLE,0.3443,0.6537,103,126,-0.8714393149308199,-0.5586145157108505,2.714495631930281,2.821440857945825,3.5859349468611015,3.3800553736566767,6.300430578791383,6.201496231602502,-0.10043668122270742,-0.3128247992199694,0.09893434718888106,-0.06585958057235218,-0.6557,0.6537
KXNBAGAME-25MAY07DENOKC,2025-05-07,DEN,OKC,OKC,DEN,0.8036,0.2022,177,181,0.39505954274114213,0.3760651138529913,3.0213227496623762,2.9150994717761245,2.626263206921234,2.539034357923133,5.64758595658361,5.454133829699257,-0.0111731843575419,0.01899442888815084,0.19345212688435254,-0.004636870734363408,-0.19640000000000002,0.2022
KXNBAGAME-25MAY07NYKBOS,2025-05-07,NYK,BOS,NYK,BOS,0.1985,0.8059,249,201,0.5223159496385859,0.359938764614933,3.226027941691215,3.068227232594362,2.7037119920526296,2.7082884679794286,5.929739933743845,5.776515700573791,0.10666666666666667,0.16237718502365284,0.15322423317005374,0.06145219258451598,-0.8015,0.8059
KXNBAGAME-25MAY08GSWMIN,2025-05-08,GSW,MIN,MIN,GSW,0.8174,0.1899,239,196,0.16283077458895703,-0.07403858978599756,3.3309986631143715,3.0033457845411284,3.1681678885254154,3.077384374327126,6.499166551639785,6.0807301588682545,0.09885057471264368,0.2368693643749546,0.41843639277153066,0.06126875557506957,-0.18259999999999998,0.1899
KXNBAGAME-25MAY09CLEIND,2025-05-09,CLE,IND,CLE,IND,0.7143,0.2707,204,166,-1.1416045588041397,-1.646077751112975,2.4614343222416966,2.338944616093637,3.6030388810458365,3.985022367206613,6.064473203287532,6.3239669833002505,0.10270270270270271,0.5044731923088352,-0.2594937800127184,0.07657501096679312,-0.28569999999999995,0.2707
KXNBAGAME-25MAY09OKCDEN,2025-05-09,OKC,DEN,DEN,OKC,0.2986,0.7152,187,181,0.06537962125294158,0.2888775326922727,2.661095918071263,2.8378436826881193,2.5957162968183214,2.548966149995847,5.256812214889584,5.386809832683967,0.016304347826086956,-0.2234979114393311,-0.12999761779438224,-0.0030227216589230766,-0.7014,0.7152
KXNBAGAME-25MAY10BOSNYK,2025-05-10,BOS,NYK,BOS,NYK,0.6949,0.3144,270,272,-0.18608886820953452,0.11619051125252536,2.5667921972053414,2.7336153744085707,2.7528810654148765,2.617424863156046,5.319673262620219,5.351040237564616,-0.0036900369003690036,-0.30227937946205985,-0.03136697494439744,-0.016958987423287494,-0.30510000000000004,0.3144
KXNBAGAME-25MAY10MINGSW,2025-05-10,MIN,GSW,MIN,GSW,0.7101,0.2905,185,233,-0.8546205607863782,-0.6510707608679379,2.854821603614651,2.9347161908505397,3.709442164401029,3.585786951718478,6.56426376801568,6.520503142569018,-0.11483253588516747,-0.20354979991844024,0.04376062544666226,-0.06759375793850575,-0.28990000000000005,0.2905
KXNBAGAME-25MAY11CLEIND,2025-05-11,CLE,IND,IND,CLE,0.4191,0.5869,105,102,-1.1399905231089222,-0.8347851901322786,2.944771754722337,2.8249869720668457,4.08476227783126,3.6597721621991246,7.029534032553595,6.484759134265971,0.014492753623188406,-0.30520533297664365,0.5447748982876242,-0.00801388983723798,-0.5809,0.5869
KXNBAGAME-25MAY11OKCDEN,2025-05-11,OKC,DEN,OKC,DEN,0.7074,0.2903,102,114,-0.08729194314830485,-0.22216366599362752,2.8295325602591803,2.853614426584427,2.9168245034074847,3.075778092578055,5.7463570636666645,5.929392519162482,-0.05555555555555555,0.13487172284532267,-0.18303545549581735,-0.021034191635511644,-0.29259999999999997,0.2903
KXNBAGAME-25MAY12BOSNYK,2025-05-12,BOS,NYK,NYK,BOS,0.2982,0.7068,126,127,-0.35393695485943255,-0.013454295149962978,2.5712006663689397,2.6914124874357457,2.9251376212283726,2.704866782585709,5.496338287597313,5.396279270021456,-0.003952569169960474,-0.34048265970946956,0.10005901757585711,-0.019000417570453714,-0.7018,0.7068
KXNBAGAME-25MAY12MINGSW,2025-05-12,MIN,GSW,MIN,GSW,0.6425,0.3796,116,112,-0.6760417312560729,-0.4416238348257772,2.9519565309432525,3.090294544525512,3.627998262199326,3.531918379351289,6.579954793142578,6.622212923876801,0.017543859649122806,-0.2344178964302957,-0.04225813073422291,-0.002948964996953383,-0.35750000000000004,0.3796
KXNBAGAME-25MAY13DENOKC,2025-05-13,DEN,OKC,OKC,DEN,0.7952,0.2195,132,139,-0.44180435905687476,-0.40076750510587106,2.6164509872585695,2.4613906097994906,3.058255346315444,2.862158114905361,5.674706333574012,5.3235487247048505,-0.025830258302583026,-0.041036853951003704,0.3511576088691619,-0.014966971848841697,-0.20479999999999998,0.2195
KXNBAGAME-25MAY13INDCLE,2025-05-13,IND,CLE,IND,CLE,0.2742,0.7313,122,123,-1.5647116196782693,-1.7229808682215655,2.3328293665504343,2.4274521551910238,3.8975409862287034,4.15043302341259,6.230370352779137,6.577885178603613,-0.004081632653061225,0.15826924854329616,-0.3475148258244758,0.005872646100634196,-0.7258,0.7313
KXNBAGAME-25MAY14GSWMIN,2025-05-14,GSW,MIN,MIN,GSW,0.782,0.2333,143,122,-0.1878365197477223,-0.1977866008422092,2.9687080366948,2.888131019753186,3.1565445564425225,3.0859176205953966,6.125252593137324,5.974048640348583,0.07924528301886792,0.00995008109448689,0.151203952788741,0.040120145564158306,-0.21799999999999997,0.2333
KXNBAGAME-25MAY14NYKBOS,2025-05-14,NYK,BOS,BOS,NYK,0.621,0.3886,278,261,-0.6169566440324081,-0.17554089087121955,2.553988730111417,2.8067275731793573,3.170945374143825,2.982268464050577,5.724934104255244,5.788996037229934,0.03153988868274583,-0.4414157531611886,-0.0640619329746901,-0.006300843316686514,-0.379,0.3886
KXNBAGAME-25MAY15OKCDEN,2025-05-15,OKC,DEN,DEN,OKC,0.4195,0.556,146,133,-0.264130210465937,-0.08292595489811455,2.540627178502999,2.5128595258627846,2.804757388968935,2.5957854807608993,5.345384567471934,5.108645006623684,0.04659498207885305,-0.18120425556782244,0.23673956084824965,0.014237278261035402,-0.5805,0.556
KXNBAGAME-25MAY16BOSNYK,2025-05-16,BOS,NYK,NYK,BOS,0.5838,0.4267,323,274,-0.384555076632611,-0.27967184826726976,2.870392017674239,2.9659668947677753,3.25494709430685,3.2456387430350446,6.12533911198109,6.21160563780282,0.08207705192629816,-0.10488322836534125,-0.08626652582173033,0.03579436454488202,-0.4162,0.4267
KXNBAGAME-25MAY20MINOKC,2025-05-20,MIN,OKC,OKC,MIN,0.7169,0.2935,175,232,0.013089537737524984,-0.4187555577301528,2.616821029012498,2.4411123540494266,2.6037314912749734,2.8598679117795793,5.2205525202874705,5.300980265829006,-0.14004914004914004,0.4318450954676778,-0.08042774554153542,-0.04843231525118613,-0.2831,0.2935
KXNBAGAME-25MAY21INDNYK,2025-05-21,IND,NYK,IND,NYK,0.4054,0.6117,168,202,0.39300682717936575,0.38144828537798003,2.9049894250465558,3.0300798766294523,2.5119825978671897,2.6486315912514717,5.416972022913745,5.678711467880924,-0.0918918918918919,0.011558541801385713,-0.26173944496717905,-0.045368018855876664,-0.5946,0.6117
KXNBAGAME-25MAY22MINOKC,2025-05-22,MIN,OKC,OKC,MIN,0.7446,0.2756,257,276,0.47402347390958854,0.3793851246831759,2.9742017384903074,2.946920405108446,2.5001782645807187,2.567535280425269,5.474380003071026,5.514455685533715,-0.03564727954971857,0.09463834922641262,-0.04007568246268889,-0.013091722313538655,-0.25539999999999996,0.2756
KXNBAGAME-25MAY23INDNYK,2025-05-23,IND,NYK,IND,NYK,0.3483,0.6352,287,300,0.24762186102357353,0.1596592126808612,3.020172533466114,3.0968454614635297,2.7725506724425406,2.9371862487826688,5.792723205908654,6.034031710246198,-0.022146507666098807,0.08796264834271234,-0.24130850433754425,-0.006675121415913787,-0.6517,0.6352
KXNBAGAME-25MAY24OKCMIN,2025-05-24,OKC,MIN,MIN,OKC,0.4301,0.5822,301,217,1.0587762604665703,0.6851150930933907,3.329448670839942,3.1488804757954685,2.270672410373371,2.4637653827020776,5.600121081213313,5.612645858497546,0.16216216216216217,0.37366116737317956,-0.012524777284232513,0.09976413944974007,-0.5699000000000001,0.5822
KXNBAGAME-25MAY25NYKIND,2025-05-25,NYK,IND,NYK,IND,0.498,0.5111,222,179,0.10559205264970009,0.010958794018980457,2.866963567208776,2.6904502939011565,2.761371514559076,2.679491499882176,5.628335081767853,5.369941793783333,0.10723192019950124,0.09463325863071964,0.25839328798451966,0.058347623031286606,-0.502,0.5111
KXNBAGAME-25MAY26OKCMIN,2025-05-26,OKC,MIN,OKC,MIN,0.5894,0.4136,117,139,0.491601197623761,0.4101594647920579,2.7183337309990705,2.82829953443696,2.22673253337531,2.4181400696449034,4.945066264374381,5.246439604081864,-0.0859375,0.08144173283170308,-0.30137333970748337,-0.038896663358414844,-0.41059999999999997,0.4136
KXNBAGAME-25MAY27NYKIND,2025-05-27,NYK,IND,IND,NYK,0.6238,0.384,226,179,-0.323485809353714,-0.06717069097774826,2.677391179363865,2.6361728654165546,3.0008769887175792,2.7033435563943025,5.678268168081445,5.339516421810857,0.11604938271604938,-0.25631511837596577,0.3387517462705878,0.0452089354392264,-0.3762,0.384
KXNBAGAME-25MAY28MINOKC,2025-05-28,MIN,OKC,OKC,MIN,0.7557,0.2496,188,175,-0.1917432535653685,-0.16453780226180437,2.787695926075515,2.5751755548560222,2.979439179640883,2.7397133571178265,5.767135105716398,5.314888911973847,0.03581267217630854,-0.027205451303564138,0.4522461937425506,0.016546063522976065,-0.24429999999999996,0.2496
KXNBAGAME-25MAY29INDNYK,2025-05-29,IND,NYK,NYK,IND,0.6389,0.3782,230,236,0.16716219881800165,-0.27204837060741976,2.913311830287422,2.8106797433598523,2.74614963146942,3.0827281139672724,5.659461461756843,5.893407857327125,-0.012875536480686695,0.4392105694254214,-0.23394639557028185,0.015522760230927723,-0.3611,0.3782
KXNBAGAME-25MAY31NYKIND,2025-05-31,NYK,IND,IND,NYK,0.6274,0.384,339,342,0.33630162261312146,0.34688843515515116,2.9251703888764666,2.88759474842857,2.588868766263346,2.5407063132734184,5.5140391551398125,5.428301061701989,-0.004405286343612335,-0.0105868125420297,0.08573809343782379,-0.0027319837989076526,-0.37260000000000004,0.384
KXNBAGAME-25NOV01DALDET,2025-11-01,DAL,DET,DET,DAL,0.7305,0.28,117,69,0.09889579846570275,-0.02594154509631863,3.0768137749541795,3.1513566103842585,2.9779179764884773,3.1772981554805773,6.054731751442656,6.328654765864836,0.25806451612903225,0.12483734356202138,-0.2739230144221798,0.1352741252426172,-0.26949999999999996,0.28
KXNBAGAME-25NOV01GSWIND,2025-11-01,GSW,IND,IND,GSW,0.195,0.8108,146,96,0.3900502266703828,-0.9940596220169955,3.635294455946654,2.423885023739503,3.2452442292762704,3.4179446457564984,6.880538685222925,5.8418296694960015,0.2066115702479339,1.3841098486873782,1.0387090157269236,0.17251127755833584,-0.8049999999999999,0.8108
KXNBAGAME-25NOV01HOUBOS,2025-11-01,HOU,BOS,HOU,BOS,0.6466,0.3636,67,142,-0.17528274204884153,-0.02428991683371514,3.1496744864774655,3.022881870665045,3.3249572285263067,3.04717178749876,6.474631715003774,6.070053658163806,-0.3588516746411483,-0.15099282521512639,0.40457805683996817,-0.18697547858133048,-0.35340000000000005,0.3636
KXNBAGAME-25NOV01MINCHA,2025-11-01,MIN,CHA,MIN,CHA,0.6201,0.386,113,98,-0.07430759059762211,-0.7185782389006776,2.870685078087466,3.0171866081454493,2.9449926686850882,3.735764847046127,5.815677746772554,6.752951455191575,0.07109004739336493,0.6442706483030555,-0.9372737084190206,0.06775855611183523,-0.3799,0.386
KXNBAGAME-25NOV01ORLWAS,2025-11-01,ORL,WAS,ORL,WAS,0.77,0.24,94,73,0.4027052206674442,0.47665701236198377,3.6980397611407847,3.7935685908432424,3.295334540473341,3.3169115784812595,6.993374301614126,7.110480169324504,0.12574850299401197,-0.07395179169453958,-0.11710586771037779,0.05917666191227901,-0.22999999999999998,0.24
KXNBAGAME-25NOV01SACMIL,2025-11-01,SAC,MIL,SAC,MIL,0.2352,0.7602,81,133,0.3627998450318952,0.2845302194419663,3.174351177496186,3.276487739828348,2.81155133246429,2.991957520386382,5.985902509960477,6.26844526021473,-0.24299065420560748,0.07826962558992889,-0.2825427502542528,-0.11758184582330729,-0.7648,0.7602
KXNBAGAME-25NOV02ATLCLE,2025-11-02,ATL,CLE,CLE,ATL,0.7896,0.2408,56,88,-1.496303458615266,-1.4594413169137677,2.345163634906246,2.892299923904461,3.841467093521513,4.351741240818228,6.186630728427758,7.244041164722688,-0.2222222222222222,-0.03686214170149826,-1.05741043629493,-0.11295421819618602,-0.21040000000000003,0.2408
KXNBAGAME-25NOV02CHINYK,2025-11-02,CHI,NYK,NYK,CHI,0.7047,0.2995,70,87,0.21477302128767373,-0.11013897128248358,3.29246903330141,3.3451217137827935,3.0776960120137367,3.4552606850652774,6.370165045315148,6.80038239884807,-0.10828025477707007,0.3249119925701573,-0.4302173535329219,-0.03789452776002717,-0.2953,0.2995
KXNBAGAME-25NOV02MEMTOR,2025-11-02,MEM,TOR,TOR,MEM,0.6207,0.3871,106,70,-0.9345708883593293,-1.70517452997081,3.123841640051708,2.7299005208593927,4.058412528411036,4.4350750508302035,7.182254168462745,7.164975571689595,0.20454545454545456,0.7706036416114808,0.017278596773149246,0.1408029093533013,-0.37929999999999997,0.3871
KXNBAGAME-25NOV02MIALAL,2025-11-02,MIA,LAL,LAL,MIA,0.6858,0.3294,112,182,-1.0164421870934115,-0.1147616770574465,3.315626146008508,3.2166508543582695,4.332068333101919,3.3314125314157157,7.6476944791104255,6.548063385773985,-0.23809523809523808,-0.901680510035965,1.0996310933364404,-0.1641316445494173,-0.31420000000000003,0.3294
KXNBAGAME-25NOV02NOPOKC,2025-11-02,NOP,OKC,OKC,NOP,0.8695,0.1496,66,112,-1.1839000188204543,-0.19738478084967653,2.531672671925646,3.145277416710776,3.715572690746101,3.3426621975604522,6.247245362671746,6.4879396142712285,-0.25842696629213485,-0.9865152379707778,-0.2406942515994821,-0.17853924504460633,-0.13049999999999995,0.1496
KXNBAGAME-25NOV02PHIBKN,2025-11-02,PHI,BKN,PHI,BKN,0.6517,0.3601,0,42,,-0.5425671778443437,,3.0391938536495187,,3.581761031493863,,6.620954885143382,-1.0,,,,-0.34830000000000005,0.3601
KXNBAGAME-25NOV02SASPHX,2025-11-02,SAS,PHX,PHX,SAS,0.3303,0.6799,79,59,0.23612814505758567,-0.8692066555145352,3.557234990587573,2.62576680585327,3.321106845529987,3.4949734613678047,6.878341836117558,6.120740267221073,0.14492753623188406,1.1053348005721209,0.7576015688964848,0.12773050814454806,-0.6697,0.6799
KXNBAGAME-25NOV02UTACHA,2025-11-02,UTA,CHA,CHA,UTA,0.4972,0.5152,59,71,-1.0767342621000213,-1.4667947065688218,2.640974313846879,2.581288073550828,3.717708575946901,4.048082780119651,6.358682889793778,6.629370853670476,-0.09230769230769231,0.3900604444688005,-0.27068796387669813,-0.02665082393040613,-0.5028,0.5152
KXNBAGAME-25NOV03DALHOU,2025-11-03,DAL,HOU,HOU,DAL,0.8253,0.1803,78,62,0.716188957983118,-0.06322452845946208,3.2441796863910755,2.9028204616759368,2.527990728407958,2.9660449901353987,5.772170414799033,5.868865451811336,0.11428571428571428,0.7794134864425801,-0.09669503701230298,0.09611353146498615,-0.17469999999999997,0.1803
KXNBAGAME-25NOV03DETMEM,2025-11-03,DET,MEM,DET,MEM,0.6466,0.3696,71,99,-0.021053299685704907,-2.7361478203618397,2.9200463359207203,2.5257602685255263,2.9410996356064256,5.261908088887366,5.8611459715271454,7.78766835741289,-0.16470588235294117,2.7150945206761348,-1.926522385885745,0.05340178485733614,-0.35340000000000005,0.3696
KXNBAGAME-25NOV03LALPOR,2025-11-03,LAL,POR,LAL,POR,0.2399,0.7698,141,69,-0.6823923266586267,-2.028623672220197,3.0260114923474193,2.5998905311932274,3.708403819006046,4.628514203413426,6.734415311353465,7.228404734606656,0.34285714285714286,1.3462313455615702,-0.49398942325319073,0.23874013870664995,-0.7601,0.7698
KXNBAGAME-25NOV03MIALAC,2025-11-03,MIA,LAC,MIA,LAC,0.2739,0.7336,67,49,-0.9258053835994725,0.0995996130086032,2.8771309802055596,3.431249949028951,3.802936363805032,3.331650336020351,6.680067344010592,6.762900285049305,0.15517241379310345,-1.0254049966080756,-0.08283294103871341,0.02631595706614795,-0.7261,0.7336
KXNBAGAME-25NOV03MILIND,2025-11-03,MIL,IND,MIL,IND,0.7108,0.295,89,78,-1.0351308061015696,-1.1186130960773837,3.012498470783063,2.8031535631633835,4.047629276884631,3.9217666592407676,7.0601277476676945,6.724920222404152,0.0658682634730539,0.08348228997581408,0.33520752526354247,0.03710824623531765,-0.2892,0.295
KXNBAGAME-25NOV03MINBKN,2025-11-03,MIN,BKN,MIN,BKN,0.771,0.2627,57,34,-0.43307888232095576,-0.6067227288452977,2.6701679273234484,2.9920772853756548,3.1032468096444057,3.5988000142209526,5.773414736967855,6.590877299596608,0.25274725274725274,0.1736438465243419,-0.8174625626287533,0.13505581869984346,-0.22899999999999998,0.2627
KXNBAGAME-25NOV03SACDEN,2025-11-03,SAC,DEN,DEN,SAC,0.8534,0.1573,64,43,-0.2800857483491535,-1.4284226546714505,3.2330257046255957,2.569934205908237,3.5131114529747496,3.9983568605796878,6.746137157600344,6.568291066487927,0.19626168224299065,1.148336906322297,0.17784609111241778,0.1555476864376102,-0.14659999999999995,0.1573
KXNBAGAME-25NOV03UTABOS,2025-11-03,UTA,BOS,UTA,BOS,0.158,0.8634,53,98,-1.247325591210322,0.14336655210093535,2.6286015755879983,3.255580385344175,3.875927166798321,3.1122138332432394,6.504528742386319,6.367794218587415,-0.2980132450331126,-1.3906921433112573,0.13673452379890438,-0.21854122968211917,-0.842,0.8634
KXNBAGAME-25NOV03WASNYK,2025-11-03,WAS,NYK,NYK,WAS,0.8521,0.16,42,58,0.009662390611196586,-0.27516737607718805,3.28259556026555,3.331242685836403,3.2729331696543538,3.606410061913591,6.555528729919903,6.937652747749994,-0.16,0.28482976668838467,-0.3821240178300913,-0.06575851166558076,-0.14790000000000003,0.16
KXNBAGAME-25NOV04CHANOP,2025-11-04,CHA,NOP,NOP,CHA,0.5814,0.4365,71,53,-0.8630413192840383,-0.9922502661861912,2.4929201605371882,2.574714181203154,3.355961479821226,3.5669644473893443,5.848881640358415,6.141678628592501,0.14516129032258066,0.1292089469021529,-0.2927969882340866,0.07904109250639797,-0.41859999999999997,0.4365
KXNBAGAME-25NOV04MILTOR,2025-11-04,MIL,TOR,TOR,MIL,0.5419,0.4678,84,52,-0.4406700643539173,-1.2045069374353208,3.282739478259466,2.8009822182617805,3.7234095426133824,4.005489155697103,7.006149020872847,6.80647137395888,0.23529411764705882,0.7638368730814035,0.19967764691396717,0.15583890247759957,-0.45809999999999995,0.4678
KXNBAGAME-25NOV04OKCLAC,2025-11-04,OKC,LAC,OKC,LAC,0.7448,0.2672,71,28,-0.4788558393866127,0.04096820255411476,2.62607778912432,2.995635620666894,3.104933628510933,2.9546674181127806,5.731011417635255,5.950303038779678,0.43434343434343436,-0.5198240419407274,-0.21929162114442313,0.1911805150746808,-0.2552,0.2672
KXNBAGAME-25NOV04ORLATL,2025-11-04,ORL,ATL,ATL,ORL,0.4616,0.5615,43,44,0.5139941415461693,-1.0262636127325215,3.581257299216152,3.0145445654937695,3.067263157669981,4.040808178226291,6.6485204568861365,7.0553527437200625,-0.011494252873563218,1.5402577542786908,-0.406832286833926,0.07126576127715292,-0.5384,0.5615
KXNBAGAME-25NOV04PHICHI,2025-11-04,PHI,CHI,CHI,PHI,0.515,0.4896,0,53,,-0.5435333544307491,,3.0451098381121207,,3.588643192542871,,6.633753030654992,-1.0,,,,-0.485,0.4896
KXNBAGAME-25NOV04PHXGSW,2025-11-04,PHX,GSW,GSW,PHX,0.7932,0.2164,84,46,-0.6611939469496185,-0.145929729522064,2.763942709800139,3.242648231216699,3.425136656749757,3.388577960738764,6.189079366549896,6.631226191955466,0.2923076923076923,-0.5152642174275546,-0.4421468254055698,0.12039063528246843,-0.20679999999999998,0.2164
KXNBAGAME-25NOV05BKNIND,2025-11-05,BKN,IND,BKN,IND,0.365,0.6409,88,122,-0.3835184295504328,-0.5517714743513024,2.668230359769847,2.843108331930138,3.05174878932028,3.3948798062814403,5.719979149090127,6.23798813821158,-0.1619047619047619,0.16825304480086956,-0.5180089891214523,-0.07253972871233748,-0.635,0.6409
KXNBAGAME-25NOV05GSWSAC,2025-11-05,GSW,SAC,SAC,GSW,0.5413,0.4831,55,67,0.6504172921304345,0.014311498676119583,3.522157049143635,3.2608076051784782,2.8717397570132004,3.246496106502358,6.393896806156839,6.507303711680836,-0.09836065573770492,0.636105793454315,-0.11340690552399746,-0.017375038196136713,-0.4587,0.4831
KXNBAGAME-25NOV05HOUMEM,2025-11-05,HOU,MEM,HOU,MEM,0.743,0.2713,67,89,0.16382408556878364,-1.568067461755506,3.330448865054266,2.791316730398314,3.166624779485482,4.3593841921538194,6.49707364453975,7.150700922552135,-0.14102564102564102,1.7318915473242895,-0.6536272780123848,0.01608175685339397,-0.257,0.2713
KXNBAGAME-25NOV05MIADEN,2025-11-05,MIA,DEN,DEN,MIA,0.7611,0.2541,132,67,0.0948288571342755,0.006156418434309363,2.9828635659318046,3.210319999242571,2.8880347087975293,3.204163580808261,5.870898274729335,6.414483580050834,0.32663316582914576,0.08867243869996613,-0.543585305321499,0.16775020484957118,-0.2389,0.2541
KXNBAGAME-25NOV05MINNYK,2025-11-05,MIN,NYK,NYK,MIN,0.6012,0.4068,98,88,-0.22543100094379506,0.2770534864776188,2.9695505281971695,3.4134164844174255,3.194981529140964,3.136362997939807,6.1645320573381355,6.549779482357232,0.053763440860215055,-0.5024844874214138,-0.3852474250190969,0.0017574960590368352,-0.39880000000000004,0.4068
KXNBAGAME-25NOV05NOPDAL,2025-11-05,NOP,DAL,NOP,DAL,0.2683,0.74,75,68,-0.560851696190064,0.1282453537375208,2.6254023544237852,3.151961256924972,3.18625405061385,3.0237159031874503,5.8116564050376365,6.175677160112423,0.04895104895104895,-0.6890970499275848,-0.3640207550747867,-0.009979328020854761,-0.7317,0.74
KXNBAGAME-25NOV05OKCPOR,2025-11-05,OKC,POR,POR,OKC,0.3011,0.7289,123,108,-0.11786248736953557,-1.3864635083588004,2.957619191369423,3.018412482727558,3.0754816787389583,4.4048759910863575,6.033100870108383,7.4232884738139155,0.06493506493506493,1.2686010209892649,-1.3901876037055327,0.0958975835169957,-0.6989000000000001,0.7289
KXNBAGAME-25NOV05PHICLE,2025-11-05,PHI,CLE,CLE,PHI,0.8127,0.1895,0,63,,-0.5741632426678717,,3.553652465158431,,4.127815707826302,,7.681468172984735,-1.0,,,,-0.18730000000000002,0.1895
KXNBAGAME-25NOV05SASLAL,2025-11-05,SAS,LAL,LAL,SAS,0.4236,0.5751,88,205,-0.5431113210851801,-0.34068735394592115,3.256846280804173,3.1563989638165015,3.7999576018893535,3.497086317762423,7.056803882693529,6.6534852815789245,-0.3993174061433447,-0.20242396713925898,0.4033186011146048,-0.2097799014286353,-0.5764,0.5751
KXNBAGAME-25NOV05UTADET,2025-11-05,UTA,DET,DET,UTA,0.7967,0.2186,110,68,-0.29423836726978214,-1.1648441818640194,3.0742310507477675,2.776700659136618,3.3684694180175496,3.9415448410006384,6.442700468765318,6.718245500137256,0.23595505617977527,0.8706058145942372,-0.2755450313719372,0.1615078188195995,-0.20330000000000004,0.2186
KXNBAGAME-25NOV05WASBOS,2025-11-05,WAS,BOS,BOS,WAS,0.8499,0.1599,60,100,-0.1719320751046356,-0.8669332960846272,3.3449440202658343,2.8318696565106105,3.5168760953704696,3.698802952595236,6.861820115636303,6.530672609105847,-0.25,0.6950012209799916,0.3311475065304563,-0.09024993895100042,-0.1501,0.1599
KXNBAGAME-25NOV06LACPHX,2025-11-06,LAC,PHX,PHX,LAC,0.5802,0.4321,104,92,-0.5435511621272858,-0.3391854778257165,2.943059601150341,3.2097703982140677,3.4866107632776266,3.548955876039784,6.4296703644279685,6.758726274253851,0.061224489795918366,-0.20436568430156932,-0.3290559098258825,0.020393960682880716,-0.41979999999999995,0.4321
KXNBAGAME-25NOV07BOSORL,2025-11-07,BOS,ORL,ORL,BOS,0.6558,0.3332,112,48,-0.5151223527956114,-0.23377475569315445,2.86316598491458,3.4873410087502092,3.3782883377101918,3.721115764443362,6.2414543226247705,7.208456773193573,0.4,-0.28134759710245694,-0.9670024505688026,0.18593262014487716,-0.34419999999999995,0.3332
KXNBAGAME-25NOV07CHAMIA,2025-11-07,CHA,MIA,MIA,CHA,0.7544,0.253,60,149,-1.371930094041339,-0.7371375713958845,2.1947326425210756,2.274876885308127,3.5666627365624155,3.012014456704012,5.761395379083492,5.28689134201214,-0.4258373205741627,-0.6347925226454545,0.4745040370713518,-0.24465828641935405,-0.24560000000000004,0.253
KXNBAGAME-25NOV07CHIMIL,2025-11-07,CHI,MIL,MIL,CHI,0.6026,0.4042,109,78,-0.9539911733887044,-0.44929809460298054,3.0043543580687526,2.828927769036267,3.958345531457458,3.278225863639247,6.9626998895262115,6.107153632675514,0.1657754010695187,-0.5046930787857239,0.8555462568506975,0.05765304659547316,-0.3974,0.4042
KXNBAGAME-25NOV07CLEWAS,2025-11-07,CLE,WAS,CLE,WAS,0.8866,0.1209,94,51,-1.8142417707874825,-0.015594511031749178,2.862372819982826,3.444122444430351,4.676614590770308,3.459716955462099,7.538987410753133,6.903839399892451,0.296551724137931,-1.7986472597557333,0.6351480108606822,0.05834349908117885,-0.11339999999999995,0.1209
KXNBAGAME-25NOV07DALMEM,2025-11-07,DAL,MEM,MEM,DAL,0.6343,0.3778,82,93,-0.2857005499399443,-1.804351611842942,3.1959249414221396,2.5382440522628107,3.4816254913620837,4.342595664105753,6.677550432784223,6.880839716368562,-0.06285714285714286,1.5186510619029976,-0.20328928358433895,0.04450398166657844,-0.3657,0.3778
KXNBAGAME-25NOV07DETBKN,2025-11-07,DET,BKN,DET,BKN,0.7562,0.2763,54,62,-1.0432738549517666,-0.3284457638734921,2.5907208045342247,2.8559714601394397,3.6339946594859933,3.1844172240129316,6.224715464020217,6.04038868415237,-0.06896551724137931,-0.7148280910782745,0.1843267798678463,-0.07022416317460338,-0.24380000000000002,0.2763
KXNBAGAME-25NOV07GSWDEN,2025-11-07,GSW,DEN,DEN,GSW,0.8065,0.2098,111,61,0.36834081127830315,0.43996709308431164,3.8249966172577112,3.6133560975607253,3.456655805979408,3.173389004476413,7.281652423237119,6.7867451020371385,0.29069767441860467,-0.0716262818060085,0.4949073211999808,0.1417675231190019,-0.1935,0.2098
KXNBAGAME-25NOV07HOUSAS,2025-11-07,HOU,SAS,SAS,HOU,0.3983,0.5979,68,111,0.052259814404769525,0.2414881286214353,3.4619473649752015,3.522685723041147,3.409687550570431,3.2811975944197114,6.871634915545631,6.803883317460858,-0.24022346368715083,-0.18922831421666575,0.06775159808477227,-0.1295731475544087,-0.6017,0.5979
KXNBAGAME-25NOV07OKCSAC,2025-11-07,OKC,SAC,OKC,SAC,0.84,0.1792,138,71,0.18618847493480772,-0.18030928718011688,3.6040777043254657,3.0583118048852134,3.417889229390657,3.2386210920653307,7.021966933716122,6.296932896950546,0.32057416267942584,0.3664977621149246,0.7250340367655763,0.17861196944545915,-0.16000000000000003,0.1792
KXNBAGAME-25NOV07TORATL,2025-11-07,TOR,ATL,TOR,ATL,0.4537,0.5608,54,58,-1.0590098751746804,-1.224660483970675,2.566595558534889,3.1850173447366217,3.6256054337095693,4.409677828707295,6.192200992244459,7.5946951734439185,-0.03571428571428571,0.16565060879599458,-1.4024941811994598,-0.009574612417343127,-0.5463,0.5608
KXNBAGAME-25NOV07UTAMIN,2025-11-07,UTA,MIN,MIN,UTA,0.8488,0.1598,82,104,-0.350997189969299,0.03025250955662808,3.0428012353065292,3.3402978928903986,3.3937984252758273,3.310045383333769,6.436599660582359,6.650343276224166,-0.11827956989247312,-0.3812496995259271,-0.21374361564180688,-0.07820226992253292,-0.1512,0.1598
KXNBAGAME-25NOV08CHICLE,2025-11-08,CHI,CLE,CLE,CHI,0.7727,0.2391,66,83,-0.544922789122935,-1.7436260326301727,3.1504824321188916,2.7435236559722718,3.695405221241827,4.487149688602445,6.84588765336072,7.230673344574715,-0.11409395973154363,1.1987032435072376,-0.3847856912139953,0.002888182309590065,-0.22729999999999995,0.2391
KXNBAGAME-25NOV08DALWAS,2025-11-08,DAL,WAS,DAL,WAS,0.5776,0.4338,83,65,-1.0269215290922988,0.12097402056094433,2.9255594523156008,3.4208568123925525,3.9524809814079,3.299882791831607,6.878040433723502,6.720739604224161,0.12162162162162163,-1.1478955496532433,0.15730082949934054,0.003416033328148653,-0.4224,0.4338
KXNBAGAME-25NOV08INDDEN,2025-11-08,IND,DEN,DEN,IND,0.8005,0.2136,61,67,-0.36982097191337004,0.13298129686533236,2.973883891445148,3.3037343320321297,3.3437048633585187,3.170753035166797,6.317588754803666,6.474487367198927,-0.046875,-0.5028022687787024,-0.1568986123952607,-0.048577613438935116,-0.1995,0.2136
KXNBAGAME-25NOV08LALATL,2025-11-08,LAL,ATL,ATL,LAL,0.3357,0.6726,172,35,-1.215769694778806,-0.37334780168327697,3.2515777570823916,3.4220883421384176,4.467347451861197,3.795436143821694,7.71892520894359,7.217524485960113,0.6618357487922706,-0.842421893095529,0.5014007229834769,0.28879677974135887,-0.6643,0.6726
KXNBAGAME-25NOV08NOPSAS,2025-11-08,NOP,SAS,SAS,NOP,0.8429,0.1583,54,97,-1.7655214310981493,0.3065408268631405,2.3940148836859563,3.6296616009486113,4.159536314784107,3.3231207740854707,6.553551198470062,6.952782375034081,-0.2847682119205298,-2.07206225796129,-0.39923117656401885,-0.24598721885832942,-0.15710000000000002,0.1583
KXNBAGAME-25NOV08PHXLAC,2025-11-08,PHX,LAC,PHX,LAC,0.3914,0.6264,94,66,-0.0522632620112516,-0.49391491284847255,3.1003800818644525,2.88636360606056,3.152643343875704,3.380278518909033,6.253023425740157,6.266642124969593,0.175,0.44165165083722097,-0.01361869922943626,0.10958258254186104,-0.6086,0.6264
KXNBAGAME-25NOV08PORMIA,2025-11-08,POR,MIA,MIA,POR,0.3254,0.6471,107,148,-2.6071952587376432,-2.5671086082982684,2.7463784757598186,1.8716144559484502,5.353573734497463,4.438723064246719,8.09995221025728,6.310337520195169,-0.1607843137254902,-0.04008665043937487,1.7896146900621108,-0.08239648938471385,-0.6746,0.6471
KXNBAGAME-25NOV08TORPHI,2025-11-08,TOR,PHI,PHI,TOR,0.6395,0.3647,28,0,-0.9863630146103757,,2.4882023015843746,,3.4745653161947505,,5.962767617779126,,1.0,,,,-0.36050000000000004,0.3647
KXNBAGAME-25NOV09BKNNYK,2025-11-09,BKN,NYK,NYK,BKN,0.932,0.0789,72,58,0.05691024916447296,-0.35832505339899384,3.1330259747368983,2.73737230765287,3.0761157255724254,3.0956973610518634,6.209141700309324,5.833069668704733,0.1076923076923077,0.4152353025634668,0.3760720316045907,0.0746079189743272,-0.06799999999999995,0.0789
KXNBAGAME-25NOV09BOSORL,2025-11-09,BOS,ORL,BOS,ORL,0.3542,0.644,96,64,0.5981096728943334,0.9011816881058338,3.5017141933708524,3.723947166598993,2.9036045204765193,2.8227654784931593,6.4053187138473735,6.546712645092152,0.2,-0.3030720152115004,-0.14139393124477806,0.08484639923942498,-0.6457999999999999,0.644
KXNBAGAME-25NOV09DETPHI,2025-11-09,DET,PHI,DET,PHI,0.6709,0.3532,71,0,-0.14817338525077778,,3.016023312580388,,3.1641966978311657,,6.180220010411553,,1.0,,,,-0.32909999999999995,0.3532
KXNBAGAME-25NOV09HOUMIL,2025-11-09,HOU,MIL,HOU,MIL,0.6182,0.3813,100,126,0.18469626773786005,-0.4615366823138346,3.4520947725810025,3.2537945609453858,3.2673985048431424,3.715331243259221,6.719493277424144,6.969125804204605,-0.11504424778761062,0.6462329500516947,-0.2496325267804611,-0.025210476391220572,-0.38180000000000003,0.3813
KXNBAGAME-25NOV09INDGSW,2025-11-09,IND,GSW,GSW,IND,0.8562,0.1627,56,89,0.10247960023341263,1.2791809412796398,3.1166917684130047,3.9112071014355356,3.0142121681795917,2.6320261601558954,6.1309039365925955,6.54323326159143,-0.22758620689655173,-1.1767013410462273,-0.4123293249988347,-0.17262817050058724,-0.14380000000000004,0.1627
KXNBAGAME-25NOV09MINSAC,2025-11-09,MIN,SAC,MIN,SAC,0.6476,0.3364,66,62,-0.38458409485680917,0.49266391911399876,2.8347398424001504,3.3813169478916767,3.2193239372569593,2.888653028777678,6.054063779657111,6.269969976669353,0.03125,-0.8772480139708079,-0.21590619701224245,-0.028237400698540395,-0.35240000000000005,0.3364
KXNBAGAME-25NOV09OKCMEM,2025-11-09,OKC,MEM,OKC,MEM,0.823,0.1903,111,89,-0.7524839470035622,-1.4935472811078632,3.1199244132527557,2.9505535360785107,3.8724083602563177,4.444100817186374,6.992332773509072,7.394654353264883,0.11,0.7410633341043009,-0.40232157975581107,0.09205316670521504,-0.17700000000000005,0.1903
KXNBAGAME-25NOV10ATLLAC,2025-11-10,ATL,LAC,ATL,LAC,0.3691,0.6404,76,65,-0.5393786481409969,0.0007616739784482296,2.8256244898193876,2.9454817561414335,3.365003137960384,2.944720082162985,6.190627627779772,5.890201838304419,0.07801418439716312,-0.5401403221194452,0.30042578947535326,0.0120000760926093,-0.6309,0.6404
KXNBAGAME-25NOV10CLEMIA,2025-11-10,CLE,MIA,MIA,CLE,0.2322,0.759,83,106,-0.45612326211734144,-1.6555510684149923,3.658933226778406,2.515071895359755,4.115056488895746,4.170622963774747,7.773989715674152,6.685694859134502,-0.12169312169312169,1.199427806297651,1.0882948565396502,-0.0008751705316783001,-0.7678,0.759
KXNBAGAME-25NOV10LALCHA,2025-11-10,LAL,CHA,LAL,CHA,0.7698,0.2446,93,54,-1.068415990143267,-1.2651597605382956,2.847569238617388,2.4935214568022,3.915985228760655,3.758681217340496,6.763554467378045,6.252202674142694,0.2653061224489796,0.19674377039502855,0.5113517932353506,0.14249024974424124,-0.23019999999999996,0.2446
KXNBAGAME-25NOV10MILDAL,2025-11-10,MIL,DAL,MIL,DAL,0.6366,0.3694,68,79,0.4901960070372634,-0.5361903571193373,3.3562998473807166,3.536194157453297,2.8661038403434542,4.072384514572633,6.222403687724169,7.608578672025932,-0.07482993197278912,1.0263863641566007,-1.3861749843017632,0.013904352221435476,-0.36339999999999995,0.3694
KXNBAGAME-25NOV10MINUTA,2025-11-10,MIN,UTA,MIN,UTA,0.7303,0.2779,61,50,0.17968488465855967,0.057388113755523606,3.0228936343886326,2.982700888959857,2.8432087497300738,2.9253127752043344,5.866102384118706,5.908013664164191,0.0990990990990991,0.12229677090303606,-0.04191128004548439,0.05566438809470135,-0.26970000000000005,0.2779
KXNBAGAME-25NOV10NOPPHX,2025-11-10,NOP,PHX,PHX,NOP,0.7516,0.2644,44,63,-1.1097610805254385,-0.10780535895702573,2.7200314486789816,2.9176706413422506,3.82979252920442,3.0254760002992755,6.549823977883401,5.943146641641528,-0.17757009345794392,-1.0019557215684127,0.6066773362418729,-0.1388828328073926,-0.24839999999999995,0.2644
KXNBAGAME-25NOV10PORORL,2025-11-10,POR,ORL,ORL,POR,0.5308,0.4837,77,66,-2.5091773346872195,1.5495799457541635,2.12213415381411,4.314140003068084,4.63131148850133,2.7645600573139193,6.753445642315441,7.078700060382004,0.07692307692307693,-4.058757280441383,-0.32525441806656286,-0.16447632556053068,-0.46919999999999995,0.4837
KXNBAGAME-25NOV10SASCHI,2025-11-10,SAS,CHI,SAS,CHI,0.65,0.3639,70,86,-0.5191505249285294,-0.12743254181294633,2.9612367884901927,3.3806842711886143,3.480387313418721,3.5081168130015614,6.441624101908914,6.888801084190176,-0.10256410256410256,-0.3917179831155831,-0.44717698228126146,-0.07086795043783044,-0.35,0.3639
KXNBAGAME-25NOV10WASDET,2025-11-10,WAS,DET,DET,WAS,0.8025,0.2058,70,57,0.4653924974161181,0.6748017149147043,3.8538885469643915,3.1671675151026504,3.388496049548273,2.492365800187946,7.242384596512666,5.659533315290597,0.10236220472440945,-0.2094092174985862,1.5828512812220694,0.04071064148727541,-0.1975,0.2058
KXNBAGAME-25NOV11BOSPHI,2025-11-11,BOS,PHI,PHI,BOS,0.4743,0.5384,83,0,0.16039852764676238,,3.2483296855860018,,3.08793115793924,,6.336260843525242,,1.0,,,,-0.5257000000000001,0.5384
KXNBAGAME-25NOV11DENSAC,2025-11-11,DEN,SAC,DEN,SAC,0.7722,0.2431,41,64,-0.8106315511957809,-0.34264033285648754,2.7465802742227723,2.9163830846201186,3.557211825418551,3.2590234174766053,6.303792099641323,6.175406502096724,-0.21904761904761905,-0.46799121833929336,0.12838559754459933,-0.13292337044077418,-0.2278,0.2431
KXNBAGAME-25NOV11GSWOKC,2025-11-11,GSW,OKC,OKC,GSW,0.7569,0.2595,65,68,-0.7423725918418408,-0.3456980443293144,3.20348512626649,3.278013094791767,3.9458577181083307,3.6237111391210814,7.1493428443748215,6.901724233912848,-0.022556390977443608,-0.3966745475125264,0.24761861046197353,-0.031111922864348125,-0.24309999999999998,0.2595
KXNBAGAME-25NOV11INDUTA,2025-11-11,IND,UTA,UTA,IND,0.3922,0.6088,71,39,-0.3863877157115267,-0.16805605104754237,3.268132230319803,2.8506956590823336,3.6545199460313285,3.018751710129877,6.922652176351133,5.86944736921221,0.2909090909090909,-0.21833166466398432,1.0532048071389228,0.13453796222134623,-0.6078,0.6088
KXNBAGAME-25NOV11MEMNYK,2025-11-11,MEM,NYK,NYK,MEM,0.8047,0.2088,62,62,-0.9711810184542544,0.8822219087038105,3.168342343240525,3.606421222197638,4.1395233616947795,2.7241993134938287,7.307865704935304,6.3306205356914695,0.0,-1.853402927158065,0.9772451692438349,-0.09267014635790324,-0.19530000000000003,0.2088
KXNBAGAME-25NOV11TORBKN,2025-11-11,TOR,BKN,TOR,BKN,0.7959,0.2186,52,42,1.168648090304983,-0.19449220126282513,3.6223668064089023,2.9313750351312517,2.4537187161039196,3.1258672363940763,6.076085522512821,6.057242271525329,0.10638297872340426,1.3631402915678081,0.01884325098749251,0.12134850394009253,-0.20409999999999995,0.2186
KXNBAGAME-25NOV12ATLSAC,2025-11-12,ATL,SAC,ATL,SAC,0.6288,0.3811,100,63,0.8446523499187534,0.008723907425928934,3.503997658091371,2.961238410508067,2.659345308172618,2.9525145030821367,6.163342966263991,5.913752913590205,0.22699386503067484,0.8359284424928244,0.24959005267378576,0.15529335463997865,-0.3712,0.3811
KXNBAGAME-25NOV12CHIDET,2025-11-12,CHI,DET,DET,CHI,0.4304,0.5769,87,95,-0.34099790108174755,0.15834643361540618,2.9641772002460653,3.2400870673171385,3.305175101327812,3.081740633701733,6.269352301573878,6.32182770101887,-0.04395604395604396,-0.4993443346971537,-0.05247539944499202,-0.046945238712879665,-0.5696,0.5769
KXNBAGAME-25NOV12CLEMIA,2025-11-12,CLE,MIA,CLE,MIA,0.3276,0.6595,143,136,0.3445807606031473,-2.9480828958906704,3.7387172404434805,2.282321212996976,3.394136479840333,5.230404108887647,7.132853720283813,7.512725321884621,0.025089605734767026,3.2926636564938176,-0.3798716016008079,0.1771779856920744,-0.6724,0.6595
KXNBAGAME-25NOV12DENLAC,2025-11-12,DEN,LAC,DEN,LAC,0.64,0.3663,49,64,0.08741108760327199,-0.6402019750165684,2.977407317418395,2.6672636398621403,2.8899962298151207,3.3074656148787085,5.867403547233517,5.974729254740848,-0.13274336283185842,0.7276130626198404,-0.10732570750733128,-0.029991028284937188,-0.36,0.3663
KXNBAGAME-25NOV12GSWSAS,2025-11-12,GSW,SAS,GSW,SAS,0.2894,0.6856,87,71,-0.29218759591777804,-0.5113793264519928,3.2421232066366743,2.893438602356748,3.534310802554452,3.4048179288087406,6.776434009191125,6.298256531165487,0.10126582278481013,0.21919173053421476,0.47817747802563826,0.0615924979191158,-0.7106,0.6856
KXNBAGAME-25NOV12LALOKC,2025-11-12,LAL,OKC,OKC,LAL,0.7472,0.2699,180,80,-0.6034078834016625,0.04441106504415024,2.9831234227615955,3.062563232290933,3.5865313061632578,3.0181521672467824,6.569654728924853,6.080715399537716,0.38461538461538464,-0.6478189484458128,0.48893932938713647,0.1599167448854017,-0.2528,0.2699
KXNBAGAME-25NOV12MEMBOS,2025-11-12,MEM,BOS,BOS,MEM,0.7502,0.2654,66,106,-1.0341789215221575,0.2168193284964593,3.085104457371285,3.1783969275614803,4.119283378893443,2.961577599065021,7.204387836264731,6.1399745266265,-0.23255813953488372,-1.2509982500186168,1.0644133096382307,-0.17882898226837268,-0.24980000000000002,0.2654
KXNBAGAME-25NOV12MILCHA,2025-11-12,MIL,CHA,CHA,MIL,0.461,0.5473,126,59,-0.29525313236414436,-1.3241608256875947,3.2486770864036627,2.619970212668514,3.543930218767807,3.9441310383561086,6.792607305171469,6.5641012510246215,0.3621621621621622,1.0289076933234504,0.22850605414684733,0.2325264657472536,-0.5389999999999999,0.5473
KXNBAGAME-25NOV12ORLNYK,2025-11-12,ORL,NYK,ORL,NYK,0.4359,0.5725,78,106,0.22854202440151142,0.01950294654079393,3.9187742482173293,3.426781440695202,3.6902322238158183,3.4072784941544088,7.609006472033148,6.834059934849612,-0.15217391304347827,0.2090390778607175,0.7749465371835358,-0.06563500262870325,-0.5641,0.5725
KXNBAGAME-25NOV12PHXDAL,2025-11-12,PHX,DAL,PHX,DAL,0.486,0.5186,73,201,-1.6025835337111174,-0.8582096549245948,2.3950108735710165,2.936708147149577,3.997594407282135,3.7949178020741714,6.392605280853153,6.731625949223748,-0.46715328467153283,-0.7443738787865226,-0.33902066837059497,-0.27079533627509256,-0.514,0.5186
KXNBAGAME-25NOV12PORNOP,2025-11-12,POR,NOP,POR,NOP,0.7287,0.2763,149,60,-2.0685305283628246,-1.5990178115049996,2.822425947251256,2.4306312385344917,4.890956475614081,4.029649050039491,7.713382422865336,6.460280288573985,0.4258373205741627,-0.46951271685782503,1.2531021342913506,0.1894430244441901,-0.2713,0.2763
KXNBAGAME-25NOV12WASHOU,2025-11-12,WAS,HOU,HOU,WAS,0.9263,0.0771,82,73,0.18355888474412524,0.25069452263550207,3.4305891450214396,3.523181670680792,3.247030260277315,3.27248714804529,6.677619405298756,6.795668818726082,0.05806451612903226,-0.06713563789137683,-0.11804941342732533,0.025675476169947288,-0.07369999999999999,0.0771
KXNBAGAME-25NOV13ATLUTA,2025-11-13,ATL,UTA,ATL,UTA,0.5371,0.47,89,88,-0.4604023642454239,0.014656203201115298,2.813867740227608,3.0701516248666216,3.2742701044730316,3.055495421665506,6.088137844700642,6.125647046532126,0.005649717514124294,-0.4750585674465392,-0.03750920183148487,-0.020928069615264812,-0.4629,0.47
KXNBAGAME-25NOV13INDPHX,2025-11-13,IND,PHX,PHX,IND,0.6422,0.3662,83,86,-0.48977252303890423,-1.1334806889912992,3.136261699895242,2.441355925192922,3.626034222934146,3.574836614184222,6.762295922829388,6.016192539377146,-0.01775147928994083,0.6437081659523949,0.7461033834522421,0.023309668652649333,-0.3578,0.3662
KXNBAGAME-25NOV13TORCLE,2025-11-13,TOR,CLE,TOR,CLE,0.2878,0.7289,50,88,-0.0412479542048553,-0.8677168522320846,2.8678540185020696,3.1744302819065195,2.9091019727069254,4.042147134138604,5.776955991208996,7.216577416045122,-0.2753623188405797,0.8264688980272293,-1.439621424836126,-0.09635771451892838,-0.7121999999999999,0.7289
KXNBAGAME-25NOV14BKNORL,2025-11-14,BKN,ORL,ORL,BKN,0.8861,0.127,64,90,0.4557384795750632,0.4044499965785817,3.2943248387774653,4.0668965370221315,2.8385863592024023,3.6624465404435496,6.132911197979869,7.729343077465682,-0.16883116883116883,0.05128848299648148,-1.596431879485813,-0.08185116026576034,-0.1139,0.127
KXNBAGAME-25NOV14CHAMIL,2025-11-14,CHA,MIL,MIL,CHA,0.8021,0.2137,65,90,-0.1345111085523754,-0.9009918704360955,3.151459884869057,2.7740134385797326,3.285970993421432,3.6750053090158286,6.437430878290492,6.449018747595562,-0.16129032258064516,0.7664807618837202,-0.011587869305070164,-0.04232112319613657,-0.19789999999999996,0.2137
KXNBAGAME-25NOV14GSWSAS,2025-11-14,GSW,SAS,GSW,SAS,0.4519,0.5778,150,84,0.44825597231340053,0.4455522534922186,3.6601298045844497,3.580329709696513,3.211873832271049,3.1347774562042945,6.8720036368555,6.7151071659008075,0.28205128205128205,0.002703718821181922,0.15689647095469272,0.14116082696670013,-0.5481,0.5778
KXNBAGAME-25NOV14LACDAL,2025-11-14,LAC,DAL,LAC,DAL,0.6593,0.3361,124,164,-0.4554440149220425,-0.5769803578286934,2.877218385984387,3.051918822628542,3.3326624009064307,3.628899180457236,6.209880786890819,6.68081800308578,-0.1388888888888889,0.12153634290665088,-0.47093721619496076,-0.0633676272991119,-0.3407,0.3361
KXNBAGAME-25NOV14LALNOP,2025-11-14,LAL,NOP,LAL,NOP,0.8178,0.1992,182,56,-0.18584934899523858,-1.0199007385804526,3.1597686417908166,2.8764522944736477,3.3456179907860557,3.8963530330541003,6.505386632576874,6.772805327527749,0.5294117647058824,0.834051389585214,-0.2674186949508748,0.3064084518322019,-0.18220000000000003,0.1992
KXNBAGAME-25NOV14MIANYK,2025-11-14,MIA,NYK,NYK,MIA,0.6568,0.3473,92,127,-2.1955163675787954,0.254596514500536,2.6847709819295495,3.670376493405347,4.880287349508345,3.41577997890481,7.5650583314378945,7.086156472310157,-0.1598173515981735,-2.450112882079331,0.4789018591277374,-0.2024143199030533,-0.34319999999999995,0.3473
KXNBAGAME-25NOV14PHIDET,2025-11-14,PHI,DET,DET,PHI,0.5193,0.5008,0,69,,0.009624233288842432,,3.381116617944542,,3.3714923846556992,,6.752609002600243,-1.0,,,,-0.4807,0.5008
KXNBAGAME-25NOV14PORHOU,2025-11-14,POR,HOU,HOU,POR,0.7407,0.2715,69,49,-2.103805037410298,0.41911935988174864,2.827077662985345,3.69338937337076,4.930882700395642,3.2742700134890095,7.7579603633809855,6.967659386859772,0.1694915254237288,-2.5229243972920465,0.7903009765212134,-0.041400457152737935,-0.2593,0.2715
KXNBAGAME-25NOV14SACMIN,2025-11-14,SAC,MIN,MIN,SAC,0.8411,0.17,66,30,1.074567005979306,0.31755434410071476,3.6877002886552597,3.5742783191665755,2.613133282675955,3.256723975065862,6.300833571331216,6.831002294232438,0.375,0.7570126618785913,-0.5301687229012222,0.22535063309392955,-0.15890000000000004,0.17
KXNBAGAME-25NOV15DENMIN,2025-11-15,DEN,MIN,DEN,MIN,0.6013,0.4052,93,42,0.33363040093770124,0.04783940627859398,3.3531254158918866,3.3392890380395706,3.019495014954186,3.291449631760978,6.372620430846073,6.630738669800552,0.37777777777777777,0.2857909946591073,-0.25811823895447894,0.20317843862184426,-0.39870000000000005,0.4052
KXNBAGAME-25NOV15LALMIL,2025-11-15,LAL,MIL,LAL,MIL,0.5947,0.404,148,86,-0.0955013298525819,-0.942802987736834,3.201227799452317,2.8119689386990787,3.2967291293048984,3.7547719264359136,6.497956928757216,6.566740865134992,0.26495726495726496,0.8473016578842522,-0.06878393637777602,0.1748437153728451,-0.4053,0.404
KXNBAGAME-25NOV15MEMCLE,2025-11-15,MEM,CLE,CLE,MEM,0.8128,0.1972,55,82,-1.46402438081758,-0.6829565086097773,2.9899942044610284,3.2334997408982926,4.454018585278607,3.9164562495080713,7.444012789739636,7.149955990406363,-0.19708029197080293,-0.7810678722078026,0.2940567993332728,-0.1375935395957916,-0.18720000000000003,0.1972
KXNBAGAME-25NOV15OKCCHA,2025-11-15,OKC,CHA,OKC,CHA,0.9189,0.0897,104,63,0.5560604692644535,-0.6907376131670961,3.6200938672218372,2.8908693561530967,3.0640333979573833,3.581606969320193,6.684127265179221,6.472476325473291,0.24550898203592814,1.2467980824315497,0.21165093970592963,0.18509439513954157,-0.08109999999999995,0.0897
KXNBAGAME-25NOV15TORIND,2025-11-15,TOR,IND,TOR,IND,0.6453,0.3738,67,86,-0.5781111993831399,-0.8645269407033169,3.1364140882317715,2.8955796724961798,3.7145252876149124,3.7601066131994973,6.850939375846682,6.655686285695678,-0.12418300653594772,0.286415741320177,0.19525309015100412,-0.047770716201965005,-0.3547,0.3738
KXNBAGAME-25NOV16ATLPHX,2025-11-16,ATL,PHX,ATL,PHX,0.5449,0.4721,63,80,0.14836070056723843,-0.4849991882135609,3.1540828319067957,2.9300393219038154,3.005722131339557,3.415038510117377,6.159804963246353,6.345077832021193,-0.11888111888111888,0.6333598887807994,-0.18527286877483995,-0.02777256500151947,-0.45509999999999995,0.4721
KXNBAGAME-25NOV16BKNWAS,2025-11-16,BKN,WAS,BKN,WAS,0.4473,0.5684,62,39,0.6041916905711456,0.29976394420873154,3.9196190603339582,3.7014326297195046,3.315427369762813,3.4016686855107725,7.235046430096769,7.10310131523028,0.22772277227722773,0.3044277463624141,0.13194511486648963,0.12908277345673458,-0.5527,0.5684
KXNBAGAME-25NOV16CHIUTA,2025-11-16,CHI,UTA,UTA,CHI,0.351,0.655,90,51,0.42544333218833735,0.020648042889970408,3.747395634632881,3.1720544838012006,3.3219523024445436,3.151406440911231,7.069347937077426,6.323460924712434,0.2765957446808511,0.40479528929836694,0.7458870123649923,0.15853763680534388,-0.649,0.655
KXNBAGAME-25NOV16GSWNOP,2025-11-16,GSW,NOP,GSW,NOP,0.825,0.1847,137,99,1.0038346035360641,-0.6545970715052666,3.7551056999572303,2.5858039737634164,2.7512710964211657,3.240401045268684,6.506376796378396,5.8262050190321,0.16101694915254236,1.6584316750413306,0.6801717773462954,0.1634300583283377,-0.17500000000000004,0.1847
KXNBAGAME-25NOV16LACBOS,2025-11-16,LAC,BOS,BOS,LAC,0.7578,0.2605,88,73,-0.8585688110356786,0.21886363581760665,2.69975334656327,3.167496745262639,3.558322157598949,2.948633109445034,6.258075504162219,6.1161298547076735,0.09316770186335403,-1.0774324468532852,0.1419456494545459,-0.007287771410987243,-0.24219999999999997,0.2605
KXNBAGAME-25NOV16ORLHOU,2025-11-16,ORL,HOU,HOU,ORL,0.6615,0.3575,79,72,0.08824612624315797,-0.4822223176077588,3.3145223894042197,2.9968691023711624,3.2262762631610613,3.4790914199789205,6.540798652565281,6.475960522350083,0.046357615894039736,0.5704684438509168,0.06483813021519769,0.05170223013956571,-0.3385,0.3575
KXNBAGAME-25NOV16PORDAL,2025-11-16,POR,DAL,DAL,POR,0.4106,0.5933,71,109,-1.1418534593631735,-0.3869959723672532,2.8775550092952713,3.082046155391773,4.019408468658445,3.4690421277590264,6.896963477953715,6.5510882831508,-0.2111111111111111,-0.7548574869959204,0.3458751948029155,-0.14329842990535158,-0.5893999999999999,0.5933
KXNBAGAME-25NOV16SACSAS,2025-11-16,SAC,SAS,SAS,SAC,0.7003,0.3109,58,115,0.5093358271613365,1.285879141742342,3.1660396999034837,3.929871928880152,2.6567038727421477,2.6439927871378086,5.82274357264563,6.57386471601796,-0.32947976878612717,-0.7765433145810056,-0.7511211433723304,-0.20356705012211385,-0.29969999999999997,0.3109
KXNBAGAME-25NOV17CHATOR,2025-11-17,CHA,TOR,TOR,CHA,0.7519,0.2552,112,42,-0.5387791087535448,-0.7945779602915117,2.955886166467595,3.0679658624810564,3.4946652752211396,3.862543822772571,6.450551441688733,6.930509685253626,0.45454545454545453,0.2557988515379669,-0.47995824356489347,0.2400626698496256,-0.2481,0.2552
KXNBAGAME-25NOV17CHIDEN,2025-11-17,CHI,DEN,CHI,DEN,0.1461,0.8637,92,62,0.39777789878633363,-0.2681108603360817,3.6110294572904813,2.9302643274181297,3.2132515585041492,3.1983751877542117,6.8242810157946305,6.128639515172341,0.19480519480519481,0.6658887591224154,0.6956415006222896,0.13069703535871818,-0.8539,0.8637
KXNBAGAME-25NOV17DALMIN,2025-11-17,DAL,MIN,MIN,DAL,0.8881,0.1292,75,77,-0.9153093447174104,0.1311924311943134,2.9361496905761864,3.2586729339053866,3.8514590352935976,3.127480502711074,6.787608725869784,6.3861534366164605,-0.013157894736842105,-1.0465017759117239,0.40145528925332385,-0.058904036164007245,-0.1119,0.1292
KXNBAGAME-25NOV17INDDET,2025-11-17,IND,DET,DET,IND,0.7655,0.2442,60,49,-0.6609028185047962,-0.107287211448028,2.913552728959778,3.3437212793800732,3.5744555474645745,3.4510084908281016,6.488008276424351,6.794729770208171,0.10091743119266056,-0.5536156070567682,-0.3067214937838205,0.02277793524349187,-0.23450000000000004,0.2442
KXNBAGAME-25NOV17LACPHI,2025-11-17,LAC,PHI,PHI,LAC,0.6338,0.3871,99,0,-1.6150055087840949,,2.3115691754546015,,3.9265746842386973,,6.238143859693299,,1.0,,,,-0.36619999999999997,0.3871
KXNBAGAME-25NOV17MILCLE,2025-11-17,MIL,CLE,CLE,MIL,0.698,0.3166,121,60,-0.33449475212792423,-2.4778797699263264,3.034136437829675,2.8084337533365122,3.3686311899575987,5.28631352326284,6.402767627787272,8.09474727659935,0.3370165745856354,2.143385017798402,-1.6919796488120777,0.27567753818273777,-0.30200000000000005,0.3166
KXNBAGAME-25NOV17NYKMIA,2025-11-17,NYK,MIA,MIA,NYK,0.4988,0.5086,146,53,0.27890205346210795,-1.9567864696873305,3.8782818346240653,2.33344900002714,3.5993797811619572,4.29023546971447,7.477661615786022,6.6236844697416135,0.46733668341708545,2.2356885231494386,0.8539771460444081,0.34545276786601464,-0.5012,0.5086
KXNBAGAME-25NOV17OKCNOP,2025-11-17,OKC,NOP,OKC,NOP,0.9439,0.0655,92,112,0.06743047143643388,-0.6191389371369909,2.9777960688722924,2.914953267963127,2.9103655974358578,3.5340922051001176,5.88816166630815,6.4490454730632445,-0.09803921568627451,0.6865694085734247,-0.5608838067550943,-0.014691137414466017,-0.05610000000000004,0.0655
KXNBAGAME-25NOV18BOSBKN,2025-11-18,BOS,BKN,BOS,BKN,0.8486,0.1696,74,43,-0.23161816421670933,0.1372521959009153,2.7985183857744533,3.4347201542463575,3.0301365499911626,3.297467958345443,5.828654935765617,6.732188112591797,0.26495726495726496,-0.36887036011762464,-0.9035331768261798,0.11403511447275125,-0.15139999999999998,0.1696
KXNBAGAME-25NOV18DETATL,2025-11-18,DET,ATL,DET,ATL,0.5477,0.4618,42,42,-0.5622733053811582,0.11707487179667103,2.96619062027868,3.1777992003051136,3.528463925659837,3.0607243285084422,6.494654545938513,6.238523528813557,0.0,-0.6793481771778291,0.25613101712495556,-0.033967408858891456,-0.45230000000000004,0.4618
KXNBAGAME-25NOV18GSWORL,2025-11-18,GSW,ORL,ORL,GSW,0.4313,0.5764,93,57,0.07281894257256957,-0.14780539181233088,3.5894804853818494,3.568281227162147,3.5166615428092793,3.7160866189744786,7.106142028191128,7.284367846136626,0.24,0.22062433438490045,-0.1782258179454983,0.13103121671924503,-0.5687,0.5764
KXNBAGAME-25NOV18MEMSAS,2025-11-18,MEM,SAS,SAS,MEM,0.6744,0.337,48,58,-0.7818480034228842,0.1718496493613717,3.5479943230712134,3.228023561844375,4.329842326494097,3.056173912483003,7.877836649565314,6.284197474327378,-0.09433962264150944,-0.9536976527842559,1.5936391752379357,-0.09485469395996751,-0.3256,0.337
KXNBAGAME-25NOV18PHXPOR,2025-11-18,PHX,POR,PHX,POR,0.4812,0.5332,48,71,-0.88361008609304,-2.5150677178448317,2.4531274687222604,2.4408903275591216,3.3367375548153,4.955958045403953,5.78986502353756,7.396848372963074,-0.19327731092436976,1.6314576317517917,-1.606983349425514,-0.01506577387459529,-0.5187999999999999,0.5332
KXNBAGAME-25NOV18UTALAL,2025-11-18,UTA,LAL,LAL,UTA,0.8218,0.2084,76,169,-0.048897467242792064,-0.5859791105592544,2.752487211957125,3.0563323157919524,2.8013846791999177,3.642311426351207,5.553871891157044,6.698643742143161,-0.3795918367346939,0.5370816433164624,-1.1447718509861167,-0.16294183620152383,-0.17820000000000003,0.2084
KXNBAGAME-25NOV19CHAIND,2025-11-19,CHA,IND,IND,CHA,0.4642,0.5421,61,83,-1.2791368789259225,-0.6101762122820265,2.484539013389214,2.774203487138969,3.7636758923151374,3.3843796994209954,6.248214905704351,6.158583186559964,-0.1527777777777778,-0.6689606666438961,0.0896317191443865,-0.1098369222210837,-0.5358,0.5421
KXNBAGAME-25NOV19CHIPOR,2025-11-19,CHI,POR,CHI,POR,0.6034,0.4146,99,84,-0.09892216937831029,-2.090201829717077,3.234024743017911,2.6390793253149445,3.3329469123962214,4.729281155032021,6.566971655414131,7.368360480346965,0.08196721311475409,1.9912796603387666,-0.8013888249328343,0.14054758957431537,-0.39659999999999995,0.4146
KXNBAGAME-25NOV19DENNOP,2025-11-19,DEN,NOP,DEN,NOP,0.79,0.2116,72,111,-0.2638828656539418,-0.18721109162977173,2.8639369043541834,3.5802324476429863,3.1278197700081254,3.7674435392727585,5.991756674362308,7.347675986915743,-0.21311475409836064,-0.07667177402417008,-1.3559193125534348,-0.11039096575038883,-0.20999999999999996,0.2116
KXNBAGAME-25NOV19GSWMIA,2025-11-19,GSW,MIA,MIA,GSW,0.7885,0.2219,127,67,0.03395263863228956,-1.7290792059182225,3.361565125332965,2.4940593899623495,3.3276124867006756,4.223138595880572,6.689177612033641,6.7171979858429225,0.30927835051546393,1.763031844550512,-0.028020373809281907,0.24279076748525757,-0.21150000000000002,0.2219
KXNBAGAME-25NOV19HOUCLE,2025-11-19,HOU,CLE,HOU,CLE,0.5526,0.4568,58,123,-0.47417543597807715,-1.4950607934244649,3.296301201419215,2.8085053827682405,3.770476637397291,4.303566176192705,7.066777838816503,7.112071558960947,-0.35911602209944754,1.0208853574463876,-0.04529372014444455,-0.12851374317740438,-0.4474,0.4568
KXNBAGAME-25NOV19NYKDAL,2025-11-19,NYK,DAL,NYK,DAL,0.7618,0.2557,104,130,0.13893311746376852,-0.7245925375036484,3.262647172730472,2.6903172392449837,3.123714055266703,3.4149097767486314,6.386361227997175,6.105227015993615,-0.1111111111111111,0.8635256549674168,0.28113421200356026,-0.012379272807184712,-0.23819999999999997,0.2557
KXNBAGAME-25NOV19SACOKC,2025-11-19,SAC,OKC,OKC,SAC,0.9446,0.066,48,83,-0.6004823882446875,-0.7392939882511481,2.83254161383421,2.709288474365789,3.4330240020788985,3.4485824626169377,6.2655656159131095,6.157870936982727,-0.26717557251908397,0.13881160000646064,0.10769467893038254,-0.12664720625921896,-0.055400000000000005,0.066
KXNBAGAME-25NOV19TORPHI,2025-11-19,TOR,PHI,TOR,PHI,0.571,0.4416,42,0,-0.5133112908486839,,3.0741353299418654,,3.5874466207905495,,6.661581950732414,,1.0,,,,-0.42900000000000005,0.4416
KXNBAGAME-25NOV19WASMIN,2025-11-19,WAS,MIN,MIN,WAS,0.9247,0.082,51,66,-0.21598511107811416,-0.5841486782610198,2.95943045131612,2.44514899685601,3.175415562394234,3.0292976751170286,6.1348460137103515,5.474446671973038,-0.1282051282051282,0.36816356718290566,0.660399341737314,-0.04569438574341882,-0.07530000000000003,0.082
KXNBAGAME-25NOV20ATLSAS,2025-11-20,ATL,SAS,SAS,ATL,0.5003,0.5102,72,82,-0.3195650342057283,-1.130291006351647,3.073783884090938,2.8907251826482483,3.3933489182966667,4.021016188999895,6.467132802387603,6.911741371648143,-0.06493506493506493,0.8107259721459186,-0.4446085692605397,0.008068766139763463,-0.49970000000000003,0.5102
KXNBAGAME-25NOV20LACORL,2025-11-20,LAC,ORL,ORL,LAC,0.6892,0.3287,85,81,-1.378759746960522,1.0642940777183352,2.5859432851373407,4.046941146221256,3.964703032097862,2.9826470685029216,6.550646317235203,7.029588214724178,0.024096385542168676,-2.443053824678857,-0.4789418974889754,-0.11010449846285852,-0.31079999999999997,0.3287
KXNBAGAME-25NOV20PHIMIL,2025-11-20,PHI,MIL,PHI,MIL,0.5863,0.397,0,134,,-1.9512377797606946,,2.306779191788988,,4.258016971549683,,6.56479616333867,-1.0,,,,-0.41369999999999996,0.397
KXNBAGAME-25NOV20SACMEM,2025-11-20,SAC,MEM,MEM,SAC,0.5799,0.43,53,68,-0.8262575091100517,-1.2874389257569971,3.081492782526251,2.786481735978577,3.907750291636302,4.073920661735574,6.98924307416255,6.860402397714153,-0.12396694214876033,0.46118141664694545,0.12884067644839714,-0.03892440024203289,-0.42010000000000003,0.43
KXNBAGAME-25NOV21BKNBOS,2025-11-21,BKN,BOS,BKN,BOS,0.1301,0.888,56,98,0.25060238550477765,1.0848451119468303,3.040977024620334,3.2806919643455066,2.7903746391155555,2.1958468523986756,5.83135166373589,5.476538816744183,-0.2727272727272727,-0.8342427264420527,0.3548128469917069,-0.178075772685739,-0.8699,0.888
KXNBAGAME-25NOV21DENHOU,2025-11-21,DEN,HOU,DEN,HOU,0.4785,0.5147,63,85,-0.8581107888062309,0.03713945134037343,2.8028954465388916,3.4461186945607825,3.6610062353451225,3.4089792432204096,6.463901681884015,6.855097937781192,-0.14864864864864866,-0.8952502401466044,-0.3911962558971771,-0.11908683633165454,-0.5215000000000001,0.5147
KXNBAGAME-25NOV21INDCLE,2025-11-21,IND,CLE,CLE,IND,0.8788,0.1345,79,111,-0.5425817930897283,-1.0676718920306731,2.6914695602512153,2.812115709911663,3.2340513533409436,3.8797876019423367,5.925520913592159,6.691903311853999,-0.16842105263157894,0.5250900989409448,-0.7663823982618396,-0.05795602136874223,-0.12119999999999997,0.1345
KXNBAGAME-25NOV21MIACHI,2025-11-21,MIA,CHI,MIA,CHI,0.4478,0.5673,77,85,0.07207083229547741,-0.7986413322611401,3.1713043129496428,2.830253375575146,3.099233480654165,3.6288947078362863,6.270537793603809,6.459148083411431,-0.04938271604938271,0.8707121645566175,-0.18861028980762207,0.01884425020313952,-0.5522,0.5673
KXNBAGAME-25NOV21MINPHX,2025-11-21,MIN,PHX,PHX,MIN,0.3604,0.6431,74,97,0.19824869931132036,-0.3847199460101667,3.2971313264259834,2.8788658176545923,3.098882627114663,3.263585763664759,6.396013953540647,6.142451581319349,-0.13450292397660818,0.5829686453214871,0.25356237222129785,-0.03810302972222974,-0.6396,0.6431
KXNBAGAME-25NOV21NOPDAL,2025-11-21,NOP,DAL,DAL,NOP,0.5512,0.4758,30,109,-0.5825399998218199,-0.8498929894306403,3.190215196154631,2.6888898820386045,3.772755195976451,3.538782871469244,6.962970392131085,6.227672753507848,-0.5683453237410072,0.26735298960882037,0.735297638623237,-0.2708050123900626,-0.4488,0.4758
KXNBAGAME-25NOV21OKCUTA,2025-11-21,OKC,UTA,OKC,UTA,0.9099,0.1003,74,152,0.15081164180966333,0.7041987234020219,3.097520332775639,3.0997029305045176,2.946708690965976,2.395504207102495,6.0442290237416145,5.495207137607013,-0.34513274336283184,-0.5533870815923586,0.5490218861346019,-0.20023572576103385,-0.09009999999999996,0.1003
KXNBAGAME-25NOV21PORGSW,2025-11-21,POR,GSW,POR,GSW,0.2723,0.7485,104,134,-1.0834906054235203,0.8437228511356063,2.862165842917904,3.7617369819623123,3.945656448341424,2.9180141308267062,6.807822291259328,6.679751112789019,-0.12605042016806722,-1.9272134565591266,0.12807117847030902,-0.15938588291198993,-0.7277,0.7485
KXNBAGAME-25NOV21WASTOR,2025-11-21,WAS,TOR,TOR,WAS,0.894,0.1067,60,65,0.7554923494608973,-0.8041364814959162,3.5749915613399983,2.4847107026478583,2.8194992118791005,3.288847184143774,6.3944907732191005,5.773557886791632,-0.04,1.5596288309568136,0.6209328864274681,0.05798144154784067,-0.10599999999999998,0.1067
KXNBAGAME-25NOV22ATLNOP,2025-11-22,ATL,NOP,ATL,NOP,0.8099,0.2054,66,34,-0.035077757179224865,-1.040008210329209,3.182225068436912,2.6781228237566763,3.2173028256161365,3.7181310340858857,6.399527894053048,6.396253857842565,0.32,1.004930453149984,0.0032740362104828336,0.2102465226574992,-0.19010000000000005,0.2054
KXNBAGAME-25NOV22DETMIL,2025-11-22,DET,MIL,DET,MIL,0.7798,0.227,55,100,0.03256971265374037,-0.4434853674653661,3.1101673918623503,3.060919559549345,3.0775976792086093,3.504404927014712,6.187765071070959,6.565324486564058,-0.2903225806451613,0.47605508011910647,-0.37755941549309924,-0.12135853631662533,-0.22019999999999995,0.227
KXNBAGAME-25NOV22LACCHA,2025-11-22,LAC,CHA,LAC,CHA,0.46,0.5332,63,65,-0.32111778886671066,-0.1788543607559972,3.42833132021497,2.973297737669024,3.749449109081681,3.152152098425021,7.17778042929665,6.125449836094046,-0.015625,-0.14226342811071346,1.052330593202604,-0.014925671405535672,-0.54,0.5332
KXNBAGAME-25NOV22MEMDAL,2025-11-22,MEM,DAL,MEM,DAL,0.5003,0.5062,56,105,-1.6536696304122827,-0.5889843765150167,3.024001117820732,2.7299287743454075,4.677670748233014,3.318913150860424,7.701671866053742,6.048841925205833,-0.30434782608695654,-1.064685253897266,1.6528299408479086,-0.20540817573834158,-0.49970000000000003,0.5062
KXNBAGAME-25NOV22NYKORL,2025-11-22,NYK,ORL,ORL,NYK,0.4998,0.4933,109,59,0.012263383536620903,0.9490880736146362,3.030528150228374,3.9776226201563305,3.018264766691753,3.028534546541696,6.048792916920128,7.006157166698028,0.2976190476190476,-0.9368246900780153,-0.9573642497778998,0.10196828930562304,-0.5002,0.4933
KXNBAGAME-25NOV22SACDEN,2025-11-22,SAC,DEN,SAC,DEN,0.1846,0.8281,77,68,-0.7924440150457104,-0.19668813624080086,2.9785777444181782,3.0722130007390875,3.7710217594638893,3.268901136979889,6.7495995038820675,6.341114137718977,0.06206896551724138,-0.5957558788049095,0.4084853661630907,0.0012466888183752106,-0.8154,0.8281
KXNBAGAME-25NOV22WASCHI,2025-11-22,WAS,CHI,CHI,WAS,0.8593,0.15,43,89,0.19596106197433688,-0.6802527646371743,3.3236069306481486,2.9138694812616883,3.1276458686738113,3.5941222458988626,6.451252799321962,6.50799172716055,-0.3484848484848485,0.8762138266115111,-0.05673892783858836,-0.1304317329118487,-0.14070000000000005,0.15
KXNBAGAME-25NOV23BKNTOR,2025-11-23,BKN,TOR,TOR,BKN,0.8577,0.1516,35,50,-0.044612464341389775,-0.48156398421058505,2.757050657311874,2.9792603181624164,2.801663121653263,3.460824302373001,5.558713778965139,6.440084620535419,-0.17647058823529413,0.4369515198691953,-0.8813708415702806,-0.0663877181241873,-0.14229999999999998,0.1516
KXNBAGAME-25NOV23CHAATL,2025-11-23,CHA,ATL,ATL,CHA,0.7316,0.275,83,46,-0.598493957834733,-1.1199989379667286,2.517420909384758,2.566220399953047,3.1159148672194905,3.6862193379197756,5.633335776604249,6.252439737872821,0.2868217054263566,0.5215049801319955,-0.6191039612685723,0.16948610171977807,-0.26839999999999997,0.275
KXNBAGAME-25NOV23LACCLE,2025-11-23,LAC,CLE,CLE,LAC,0.7461,0.2698,93,74,-0.23644267049546724,-0.9880474845515042,3.173737252677817,2.6423236091045297,3.4101799231732848,3.6303710936560343,6.5839171758511,6.272694702760566,0.11377245508982035,0.751604814056037,0.31122247309053463,0.09446646824771202,-0.2539,0.2698
KXNBAGAME-25NOV23LALUTA,2025-11-23,LAL,UTA,LAL,UTA,0.7949,0.2241,78,64,0.4040474123434117,-0.2569624379389909,3.0146641411563646,2.732682384361973,2.610616728812952,2.9896448223009635,5.625280869969318,5.722327206662937,0.09859154929577464,0.6610098502824026,-0.0970463366936194,0.08234626716200745,-0.20509999999999995,0.2241
KXNBAGAME-25NOV23MIAPHI,2025-11-23,MIA,PHI,MIA,PHI,0.5158,0.4953,71,0,-1.5301181775671313,,2.451959357397046,,3.9820775349641773,,6.434036892361223,,1.0,,,,-0.48419999999999996,0.4953
KXNBAGAME-25NOV23ORLBOS,2025-11-23,ORL,BOS,BOS,ORL,0.6331,0.3823,57,72,-0.19529762232341627,0.5501755075545098,3.497661487988494,3.300541208165895,3.692959110311911,2.750365700611386,7.1906205983004075,6.050906908777282,-0.11627906976744186,-0.7454731298779261,1.1397136895231252,-0.09541319137761724,-0.3669,0.3823
KXNBAGAME-25NOV23POROKC,2025-11-23,POR,OKC,OKC,POR,0.9109,0.0793,83,81,-1.641986586527287,0.578744640230279,3.072806539758795,3.2149286139282953,4.714793126286082,2.6361839736980164,7.787599666044876,5.851112587626313,0.012195121951219513,-2.220731226757566,1.9364870784185637,-0.10493900036226853,-0.08909999999999996,0.0793
KXNBAGAME-25NOV23SASPHX,2025-11-23,SAS,PHX,PHX,SAS,0.5469,0.4583,68,95,-0.3033719316863066,0.6073409314196984,2.844652148578385,3.0990798961351063,3.1480240802646913,2.4917389647154087,5.992676228843077,5.590818860850515,-0.1656441717791411,-0.910712863106005,0.40185736799256233,-0.1283577290448708,-0.45309999999999995,0.4583
KXNBAGAME-25NOV24CHINOP,2025-11-24,CHI,NOP,NOP,CHI,0.3408,0.6603,52,41,0.18623771323991575,-1.7456162805819917,3.352224742958673,2.259623113720707,3.165987029718758,4.005239394302699,6.518211772677432,6.2648625080234055,0.11827956989247312,1.9318539938219075,0.25334926465402674,0.15573248463733194,-0.6592,0.6603
KXNBAGAME-25NOV24CLETOR,2025-11-24,CLE,TOR,TOR,CLE,0.5423,0.4812,50,42,-1.7438375567412026,0.522917586210544,2.3434013944338994,3.4613155309178305,4.0872389511751015,2.938397944707284,6.4306403456089996,6.399713475625112,0.08695652173913043,-2.2667551429517463,0.030926869983887606,-0.0698594962780221,-0.4577,0.4812
KXNBAGAME-25NOV24DALMIA,2025-11-24,DAL,MIA,MIA,DAL,0.739,0.2903,68,69,-0.8603519801010553,-1.9724644656572314,2.6399752068692557,2.2342540647507185,3.50032718697031,4.206718530407949,6.1403023938395656,6.440972595158668,-0.0072992700729927005,1.1121124855561761,-0.30067020131910205,0.05195598924131246,-0.261,0.2903
KXNBAGAME-25NOV24DENMEM,2025-11-24,DEN,MEM,DEN,MEM,0.7326,0.278,97,41,0.5812212441171576,-2.3287203417574034,3.7274209509060405,2.1440242624614134,3.146199706788882,4.472744604218816,6.873620657694923,6.6167688666802285,0.4057971014492754,2.909941585874561,0.2568517910146948,0.34839563001836577,-0.26739999999999997,0.278
KXNBAGAME-25NOV24DETIND,2025-11-24,DET,IND,DET,IND,0.8056,0.2103,59,29,0.4531512455209866,-0.6758762435558548,3.158620809497603,2.6715960047967098,2.7054695639766173,3.3474722483525645,5.864090373474223,6.019068253149275,0.3409090909090909,1.1290274890768415,-0.1549778796750516,0.22690591990838752,-0.19440000000000002,0.2103
KXNBAGAME-25NOV24HOUPHX,2025-11-24,HOU,PHX,HOU,PHX,0.6876,0.3261,70,93,1.0987924296705052,0.7664002111862936,3.4991221947992965,3.7800049761233634,2.400329765128791,3.01360476493707,5.899451959928088,6.793609741060434,-0.1411042944785276,0.3323922184842115,-0.8941577811323462,-0.05393253631505322,-0.3124,0.3261
KXNBAGAME-25NOV24MINSAC,2025-11-24,MIN,SAC,SAC,MIN,0.1822,0.8326,46,44,-0.2530603600740964,0.02199385336407872,3.1682398809098,3.3317427092002365,3.421300240983898,3.3097488558361565,6.5895401218937,6.641491565036393,0.022222222222222223,-0.2750542134381751,-0.051951443142693066,-0.002641599560797644,-0.8178,0.8326
KXNBAGAME-25NOV24NYKBKN,2025-11-24,NYK,BKN,NYK,BKN,0.86,0.1507,45,35,1.0061811686875406,-0.39192455333176685,3.6647274623193926,2.326581374380289,2.6585462936318525,2.7185059277120565,6.323273755951245,5.045087302092346,0.125,1.3981057220193074,1.2781864538588987,0.13240528610096536,-0.14,0.1507
KXNBAGAME-25NOV24PORMIL,2025-11-24,POR,MIL,POR,MIL,0.5813,0.4087,78,76,-1.2896939583054752,-0.05510620787879664,3.059539686805368,2.9670831887190436,4.349233645110843,3.02218939659784,7.408773331916214,5.9892725853168844,0.012987012987012988,-1.2345877504266785,1.4195007465993292,-0.05523588102782743,-0.41869999999999996,0.4087
KXNBAGAME-25NOV24UTAGSW,2025-11-24,UTA,GSW,GSW,UTA,0.8299,0.1868,44,93,-0.35340951772744056,0.5911984489839383,2.5540439267365027,3.596111704907319,2.907453444463943,3.0049132559233804,5.461497371200447,6.601024960830698,-0.35766423357664234,-0.9446079667113788,-1.1395275896302515,-0.2260625151238901,-0.17010000000000003,0.1868
KXNBAGAME-25NOV25ATLWAS,2025-11-25,ATL,WAS,WAS,ATL,0.1796,0.837,75,54,-0.1361347525484169,0.9018238329284995,3.1670622221497653,3.797795487378191,3.3031969746981824,2.895971654449691,6.470259196847948,6.69376714182788,0.16279069767441862,-1.0379585854769164,-0.2235079449799322,0.029497419563363485,-0.8204,0.837
KXNBAGAME-25NOV25LACLAL,2025-11-25,LAC,LAL,LAL,LAC,0.7057,0.306,126,103,-0.04828475532858248,0.031025696868598962,3.4708535957726614,3.091325103135007,3.519138351101245,3.0602994062664077,6.989991946873909,6.151624509401415,0.10043668122270742,-0.07931045219718144,0.8383674374724936,0.04625281800149464,-0.2943,0.306
KXNBAGAME-25NOV25ORLPHI,2025-11-25,ORL,PHI,ORL,PHI,0.6591,0.351,69,0,0.3870478403709002,,3.5871156901390586,,3.200067849768158,,6.7871835399072165,,1.0,,,,-0.3409,0.351
KXNBAGAME-25NOV26DETBOS,2025-11-26,DET,BOS,BOS,DET,0.4273,0.5812,167,123,-2.8811630969637436,-2.252993346239057,2.8068547631490572,3.0899116389935584,5.688017860112801,5.3429049852326145,8.494872623261859,8.432816624226176,0.15172413793103448,-0.6281697507246866,0.062055999035683485,0.04445358142928291,-0.5727,0.5812
KXNBAGAME-25NOV26HOUGSW,2025-11-26,HOU,GSW,HOU,GSW,0.3426,0.6544,81,82,-0.35846706589657784,-0.22320224234574415,2.745974749626674,3.203089736862427,3.104441815523251,3.4262919792081714,5.850416565149924,6.629381716070599,-0.006134969325153374,-0.1352648235508337,-0.7789651509206745,-0.009830725840118371,-0.6574,0.6544
KXNBAGAME-25NOV26INDTOR,2025-11-26,IND,TOR,TOR,IND,0.8106,0.2005,69,133,-0.5294115775769187,-2.5722599459579656,2.737627910253682,3.0457559305239617,3.2670394878305995,5.618015876481926,6.0046673980842815,8.663771807005888,-0.31683168316831684,2.0428483683810468,-2.659104408921607,-0.056273423165106085,-0.1894,0.2005
KXNBAGAME-25NOV26MEMNOP,2025-11-26,MEM,NOP,MEM,NOP,0.648,0.3841,45,30,-1.0028829399620953,-0.8294492152910282,3.1059524192493098,2.624121024727372,4.108835359211405,3.453570240018401,7.214787778460716,6.077691264745776,0.2,-0.1734337246710671,1.1370965137149396,0.09132831376644665,-0.352,0.3841
KXNBAGAME-25NOV26MILMIA,2025-11-26,MIL,MIA,MIA,MIL,0.7996,0.2054,90,172,-1.347515811651966,-2.85515558799339,2.5933616566356363,2.7028114922604454,3.940877468287603,5.557967080253836,6.534239124923239,8.260778572514283,-0.31297709923664124,1.5076397763414238,-1.726539447591044,-0.08110656080124944,-0.20040000000000002,0.2054
KXNBAGAME-25NOV26MINOKC,2025-11-26,MIN,OKC,OKC,MIN,0.7848,0.2346,101,86,-3.1749873222822433,0.39137935827405135,2.813067063270312,3.60353829528111,5.988054385552555,3.212158937007059,8.801121448822867,6.815697232288169,0.08021390374331551,-3.566366680556295,1.9854242165346978,-0.138211382156157,-0.21519999999999995,0.2346
KXNBAGAME-25NOV26NYKCHA,2025-11-26,NYK,CHA,NYK,CHA,0.7164,0.299,119,54,-2.94699535915753,-0.24165753117975508,2.77231601594945,2.846061781516441,5.71931137510698,3.0877193126961977,8.49162739105643,5.933781094212639,0.37572254335260113,-2.7053378279777753,2.55784629684379,0.05259438027741181,-0.28359999999999996,0.299
KXNBAGAME-25NOV26PHXSAC,2025-11-26,PHX,SAC,PHX,SAC,0.6769,0.3172,82,46,-0.48080605231608237,0.6077787160650097,2.897043986192396,3.291923951538886,3.377850038508478,2.684145235473876,6.274894024700875,5.9760691870127625,0.28125,-1.088584768381092,0.2988248376881124,0.0861957615809454,-0.32310000000000005,0.3172
KXNBAGAME-25NOV26SASPOR,2025-11-26,SAS,POR,SAS,POR,0.5071,0.5023,52,198,-1.0438595786644882,-3.9991993923852434,2.6072474929620286,2.6793100106025345,3.6511070716265177,6.678509402987777,6.258354564588544,9.357819413590313,-0.584,2.955339813720755,-3.0994648490017696,-0.1442330093139622,-0.4929,0.5023
KXNBAGAME-25NOV28CHICHA,2025-11-28,CHI,CHA,CHA,CHI,0.4289,0.5836,35,49,2.233405535025968,-0.5210421076781808,4.453510287575085,2.6417016003756633,2.2201047525491164,3.1627437080538443,6.673615040124199,5.804445308429507,-0.16666666666666666,2.7544476427041484,0.8691697316946918,0.054389048801874104,-0.5710999999999999,0.5836
KXNBAGAME-25NOV28CLEATL,2025-11-28,CLE,ATL,ATL,CLE,0.2948,0.7157,40,37,-0.8956123380230406,0.5777919485041798,2.7972803071114027,3.6733811543370836,3.6928926451344433,3.095589205832904,6.490172952245848,6.768970360169988,0.03896103896103896,-1.4734042865272206,-0.27879740792414065,-0.05418969484584155,-0.7052,0.7157
KXNBAGAME-25NOV28DALLAL,2025-11-28,DAL,LAL,LAL,DAL,0.8081,0.2039,63,126,-0.7069764281144048,0.1913704283073729,2.7749533312652255,3.3697696891804263,3.4819297593796312,3.178399260873054,6.256883090644857,6.548168950053482,-0.3333333333333333,-0.8983468564217776,-0.2912858594086245,-0.21158400948775552,-0.19189999999999996,0.2039
KXNBAGAME-25NOV28MEMLAC,2025-11-28,MEM,LAC,MEM,LAC,0.2752,0.7244,46,87,-0.5425764198649664,-0.5162813342209194,2.9758574993490985,3.299376153174605,3.518433919214066,3.8156574873955247,6.494291418563166,7.115033640570133,-0.3082706766917293,-0.026295085644047034,-0.6207422220069674,-0.155450092628067,-0.7248,0.7244
KXNBAGAME-25NOV28MILNYK,2025-11-28,MIL,NYK,NYK,MIL,0.6992,0.3279,69,61,-0.37320206580651616,-0.5205505310837053,2.8630401087408712,2.878229782417821,3.236242174547387,3.3987803135015255,6.099282283288257,6.277010095919348,0.06153846153846154,0.14734846527718914,-0.1777278126310904,0.03813665403309023,-0.30079999999999996,0.3279
KXNBAGAME-25NOV28ORLDET,2025-11-28,ORL,DET,ORL,DET,0.3872,0.6125,70,67,0.48606686767204504,0.8381152351572436,3.8811729326002276,4.028019131320364,3.395106064928183,3.189903896163119,7.276278997528409,7.217923027483483,0.021897810218978103,-0.3520483674851986,0.058355970044925876,-0.006653513264770879,-0.6128,0.6125
KXNBAGAME-25NOV28PHIBKN,2025-11-28,PHI,BKN,PHI,BKN,0.7272,0.2711,0,27,,-0.8487146166607848,,2.6193895803178235,,3.468104196978607,,6.087493777296435,-1.0,,,,-0.27280000000000004,0.2711
KXNBAGAME-25NOV28PHXOKC,2025-11-28,PHX,OKC,OKC,PHX,0.8896,0.1198,66,96,-0.3041259890720531,-0.22441533796015078,2.9812457496615417,3.156084344298796,3.285371738733595,3.3804996822589466,6.266617488395135,6.536584026557742,-0.18518518518518517,-0.07971065111190234,-0.2699665381626071,-0.0965781251481877,-0.11040000000000005,0.1198
KXNBAGAME-25NOV28SACUTA,2025-11-28,SAC,UTA,UTA,SAC,0.5621,0.4621,48,54,-0.2213761858781332,0.6098554637704463,2.7678039943897126,3.6971936791299758,2.989180180267846,3.0873382153595283,5.756984174657559,6.784531894489506,-0.058823529411764705,-0.8312316496485795,-1.0275477198319471,-0.07097334718831133,-0.43789999999999996,0.4621
KXNBAGAME-25NOV28SASDEN,2025-11-28,SAS,DEN,SAS,DEN,0.2645,0.7378,63,57,-1.1810052283841355,-0.9821184698212395,2.9483042259634,2.585810619285544,4.129309454347535,3.567929089106784,7.077613680310937,6.1537397083923295,0.05,-0.19888675856289595,0.9238739719186073,0.015055662071855203,-0.7355,0.7378
KXNBAGAME-25NOV28WASIND,2025-11-28,WAS,IND,IND,WAS,0.7008,0.3141,30,54,0.9198304295590138,0.9004825539328113,4.2288857836136025,3.369101062422028,3.3090553540545873,2.4686185084892163,7.53794113766819,5.837719570911247,-0.2857142857142857,0.01934787562620255,1.7002215667569427,-0.1418897490758327,-0.2992,0.3141
KXNBAGAME-25NOV29BKNMIL,2025-11-29,BKN,MIL,MIL,BKN,0.8377,0.1752,26,71,-0.5904761342443485,0.14846255289654525,2.6033692631468153,3.084110282109104,3.193845397391164,2.9356477292125587,5.797214660537978,6.019758011321661,-0.4639175257731959,-0.7389386871408938,-0.22254335078368292,-0.26890569724364266,-0.1623,0.1752
KXNBAGAME-25NOV29BOSMIN,2025-11-29,BOS,MIN,MIN,BOS,0.6859,0.3215,61,70,0.6846705768123822,-0.012888311275295756,3.9005503536354458,3.628681992063507,3.215879776823064,3.6415703033388023,7.1164301304585145,7.2702522954023125,-0.06870229007633588,0.697558888087678,-0.15382216494379808,0.0005267993662159548,-0.31410000000000005,0.3215
KXNBAGAME-25NOV29CHIIND,2025-11-29,CHI,IND,IND,CHI,0.4292,0.5859,40,44,0.592802283672418,0.35191394067093595,3.406877588425549,3.6032769271008016,2.8140753047531306,3.251362986429865,6.220952893178679,6.854639913530669,-0.047619047619047616,0.2408883430014821,-0.6336870203519895,-0.011765106659449704,-0.5708,0.5859
KXNBAGAME-25NOV29DALLAC,2025-11-29,DAL,LAC,DAL,LAC,0.1859,0.8003,60,49,-0.676168747230092,-0.468008614455918,2.5537878740617286,2.9757153579610556,3.2299566212918203,3.4437239724169735,5.78374449535355,6.419439330378035,0.10091743119266056,-0.208160132774174,-0.6356948350244851,0.04005070895762158,-0.8141,0.8003
KXNBAGAME-25NOV29DENPHX,2025-11-29,DEN,PHX,DEN,PHX,0.6272,0.3849,59,74,-0.39844424971712566,0.1486649620711815,2.900970173599343,3.1831527928928,3.2994144233164695,3.034487830821618,6.200384596915814,6.217640623714418,-0.11278195488721804,-0.5471092117883072,-0.01725602679860394,-0.08374643803302438,-0.3728,0.3849
KXNBAGAME-25NOV29DETMIA,2025-11-29,DET,MIA,DET,MIA,0.4248,0.5929,42,46,0.674876853467726,-0.24400267598217126,3.9615894095304958,2.9253786705960136,3.2867125560627697,3.169381346578184,7.248301965593268,6.094760017174201,-0.045454545454545456,0.9188795294498973,1.1535419484190674,0.023216703745222132,-0.5751999999999999,0.5929
KXNBAGAME-25NOV29NOPGSW,2025-11-29,NOP,GSW,GSW,NOP,0.8247,0.1913,43,80,-0.7846256464442899,-0.2545312897834897,3.059012453219421,3.9262138131042295,3.843638099663712,4.180745102887719,6.902650552883134,8.10695891599195,-0.3008130081300813,-0.5300943566608002,-1.2043083631088152,-0.17691122189808067,-0.1753,0.1913
KXNBAGAME-25NOV29TORCHA,2025-11-29,TOR,CHA,CHA,TOR,0.2295,0.8231,53,40,-0.15907038842324042,-1.0017471484652305,3.021227811583971,2.5261876519435518,3.1802982000072113,3.527934800408783,6.201526011591184,6.0541224523523365,0.13978494623655913,0.8426767600419901,0.14740355923884785,0.11202631112037907,-0.7705,0.8231
KXNBAGAME-25NOV30ATLPHI,2025-11-30,ATL,PHI,ATL,PHI,0.404,0.6113,44,0,-1.2115340922039273,,2.597073375818983,,3.8086074680229105,,6.405680843841896,,1.0,,,,-0.596,0.6113
KXNBAGAME-25NOV30BOSCLE,2025-11-30,BOS,CLE,BOS,CLE,0.2995,0.7188,49,68,0.011537838435893344,-0.9428113749926135,3.494503165265012,2.6740056655143163,3.4829653268291185,3.6168170405069304,6.977468492094135,6.290822706021251,-0.1623931623931624,0.9543492134285068,0.6866457860728845,-0.033479120525155864,-0.7005,0.7188
KXNBAGAME-25NOV30HOUUTA,2025-11-30,HOU,UTA,HOU,UTA,0.8375,0.18,32,33,-0.3117698706221945,-1.210908474796381,3.356201807302694,2.2774109887467944,3.667971677924889,3.4883194635431742,7.024173485227584,5.76573045228997,-0.015384615384615385,0.8991386041741865,1.2584430329376133,0.03726462251640163,-0.16249999999999998,0.18
KXNBAGAME-25NOV30MEMSAC,2025-11-30,MEM,SAC,MEM,SAC,0.6341,0.381,53,39,-0.6639633567489103,-1.0341233532301435,2.5443174684657577,2.4259101647974566,3.2082808252146675,3.4600335180275987,5.7525982936804265,5.885943682825058,0.15217391304347827,0.3701599964812332,-0.13334538914463145,0.0945949563458008,-0.3659,0.381
KXNBAGAME-25NOV30NOPLAL,2025-11-30,NOP,LAL,LAL,NOP,0.9196,0.0985,33,134,-0.6214333387361481,0.31081937854604996,3.0522305257629156,3.0834783665593117,3.6736638644990647,2.772658988013262,6.725894390261983,5.856137354572574,-0.6047904191616766,-0.9322527172821982,0.8697570356894087,-0.34900784544494823,-0.08040000000000003,0.0985
KXNBAGAME-25NOV30OKCPOR,2025-11-30,OKC,POR,OKC,POR,0.8509,0.16,64,26,-0.24335119031266755,-1.4651281838141148,3.000495203390691,2.9783049468089273,3.2438463937033575,4.443433130623041,6.244341597094049,7.42173807743197,0.4222222222222222,1.2217769935014473,-1.1773964803379204,0.27219996078618347,-0.1491,0.16
KXNBAGAME-25NOV30SASMIN,2025-11-30,SAS,MIN,MIN,SAS,0.6375,0.3842,53,43,0.5352140351487231,-0.5301760021659963,3.3980891281210495,3.1270282127236193,2.862875092972326,3.6572042148896156,6.260964221093378,6.784232427613238,0.10416666666666667,1.0653900373147194,-0.5232682065198606,0.1053528351990693,-0.36250000000000004,0.3842
KXNBAGAME-25NOV30TORNYK,2025-11-30,TOR,NYK,NYK,TOR,0.7536,0.2647,67,68,-0.5493091070450249,0.27264637664872987,3.11726062092436,3.2834743599928435,3.666569727969386,3.0108279833441136,6.783830348893748,6.294302343336958,-0.007407407407407408,-0.8219554836937548,0.48952800555678966,-0.04480147788839144,-0.24639999999999995,0.2647
KXNBAGAME-25OCT10BOSTOR,2025-10-10,BOS,TOR,BOS,TOR,0.5,0.5274,84,19,1.1132308622093388,0.7489391212853286,3.479594060985816,2.8263467093324257,2.366363198776477,2.0774075880470955,5.845957259762292,4.903754297379521,0.6310679611650486,0.3642917409240102,0.9422029623827708,0.3337485676287248,-0.5,0.5274
KXNBAGAME-25OCT10ORLPHI,2025-10-10,ORL,PHI,PHI,ORL,0.3649,0.6641,26,0,1.2147354861875879,,3.900348584620328,,2.68561309843274,,6.585961683053066,,1.0,,,,-0.6351,0.6641
KXNBAGAME-25OCT10PHXBKN,2025-10-10,PHX,BKN,PHX,BKN,0.99,0.01,44,50,0.40177502142755867,0.9499397077925891,3.2806863117008054,3.5329296522042206,2.878911290273247,2.582989944411632,6.1595976019740535,6.115919596615853,-0.06382978723404255,-0.5481646863650305,0.04367800535820088,-0.05932312793527279,-0.010000000000000009,0.01
KXNBAGAME-25OCT10SACPOR,2025-10-10,SAC,POR,POR,SAC,0.4747,0.5305,23,50,0.7303143727701121,-0.22649344176278344,3.0264677808971268,2.8933881406490034,2.2961534081270134,3.119881582411786,5.32262118902414,6.013269723060789,-0.3698630136986301,0.9568078145328955,-0.690648534036649,-0.13709111612267028,-0.5253,0.5305
KXNBAGAME-25OCT10UTASAS,2025-10-10,UTA,SAS,SAS,UTA,0.704,0.3262,46,31,0.8647996939333851,1.2264487403685416,3.621440038509389,3.9552280015365264,2.7566403445760024,2.728779261167984,6.37808038308539,6.68400726270451,0.19480519480519481,-0.3616490464351565,-0.30592687961912013,0.07932014508083958,-0.29600000000000004,0.3262
KXNBAGAME-25OCT11ATLMEM,2025-10-11,ATL,MEM,ATL,MEM,0.6598,0.3552,17,35,0.9668138736981715,0.41385697763807566,3.1941325526934317,3.2356993908916314,2.2273186789952604,2.821842413253557,5.4214512316886925,6.05754180414519,-0.34615384615384615,0.5529568960600959,-0.6360905724564976,-0.14542907827391827,-0.34019999999999995,0.3552
KXNBAGAME-25OCT11CHADAL,2025-10-11,CHA,DAL,CHA,DAL,0.2986,0.72,24,45,0.8553592345255348,0.9754621119192035,3.045365596429484,3.2904042037605117,2.190006361903949,2.314942091841308,5.235371958333433,5.605346295601819,-0.30434782608695654,-0.12010287739366876,-0.3699743372683866,-0.1581790569131617,-0.7014,0.72
KXNBAGAME-25OCT11OKCIND,2025-10-11,OKC,IND,IND,OKC,0.4944,0.5591,54,39,0.6483004799223937,0.08193787745837879,3.112671444790848,2.679310625330462,2.4643709648684546,2.5973727478720834,5.577042409659304,5.276683373202545,0.16129032258064516,0.5663626024640149,0.30035903645675965,0.10896329141352332,-0.5056,0.5591
KXNBAGAME-25OCT12BKNPHX,2025-10-12,BKN,PHX,BKN,PHX,0.3692,0.7306,64,49,-0.6120140337784065,0.8746880838005726,2.589704881480505,2.7191208825465756,3.20171891525891,1.8444327987460023,5.791423796739416,4.563553681292578,0.13274336283185842,-1.4867021175789792,1.227870115446838,-0.007963424463019744,-0.6308,0.7306
KXNBAGAME-25OCT12CLEBOS,2025-10-12,CLE,BOS,BOS,CLE,0.7063,0.336,37,76,0.27851983096874955,-1.0168509038178206,3.098195154341136,2.236475892601115,2.819675323372386,3.2533267964189347,5.917870477713521,5.48980268902005,-0.34513274336283184,1.2953707347865702,0.42806778869347095,-0.10779783494208742,-0.29369999999999996,0.336
KXNBAGAME-25OCT12DENLAC,2025-10-12,DEN,LAC,DEN,LAC,0.4157,0.6124,29,39,-0.25385520607547896,0.4127898182268084,2.7731895036339944,3.569880069138491,3.027044709709469,3.157090250911681,5.800234213343467,6.7269703200501745,-0.14705882352941177,-0.6666450243022873,-0.9267361067067075,-0.10686166297982025,-0.5843,0.6124
KXNBAGAME-25OCT12GSWLAL,2025-10-12,GSW,LAL,LAL,GSW,0.5443,0.478,88,107,0.28232006027788464,0.303220476115615,3.2637850648244298,2.877848889481014,2.981465004546546,2.5746284133653994,6.245250069370975,5.452477302846413,-0.09743589743589744,-0.020900415837730335,0.7927727665245623,-0.049762969509835234,-0.4557,0.478
KXNBAGAME-25OCT12MIAORL,2025-10-12,MIA,ORL,ORL,MIA,0.6952,0.3614,36,36,0.38744741664545645,1.1245488615007648,2.983040290813,3.813703602255943,2.595592874167545,2.6891547407551792,5.578633164980545,6.502858343011123,0.0,-0.7371014448553084,-0.9242251780305786,-0.03685507224276542,-0.30479999999999996,0.3614
KXNBAGAME-25OCT12MILCHI,2025-10-12,MIL,CHI,MIL,CHI,0.5132,0.5097,63,49,0.44413674155723365,-0.13205190448416765,2.9864129099805643,2.911594408107496,2.5422761684233306,3.0436463125916626,5.528689078403896,5.955240720699159,0.125,0.5761886460414013,-0.4265516422952631,0.09130943230207006,-0.4868,0.5097
KXNBAGAME-25OCT12TORWAS,2025-10-12,TOR,WAS,TOR,WAS,0.6497,0.3626,19,34,-0.07684335819608042,-0.22349422823447843,2.795573360893729,2.990850887824754,2.8724167190898093,3.214345116059232,5.6679900799835385,6.205196003883987,-0.2830188679245283,0.146650870038398,-0.5372059239004487,-0.13417689046034426,-0.35029999999999994,0.3626
KXNBAGAME-25OCT13DALUTA,2025-10-13,DAL,UTA,DAL,UTA,0.6144,0.4106,34,8,0.2194440983181633,0.36115734243505293,2.4373498132244915,2.632959409826581,2.217905714906329,2.2718020673915302,4.65525552813082,4.904761477218111,0.6190476190476191,-0.14171324411688963,-0.24950594908729062,0.30243814731796503,-0.38560000000000005,0.4106
KXNBAGAME-25OCT13GUAMIN,2025-10-13,GUA,MIN,MIN,GUA,0.956,0.0669,0,17,,0.37905801215721013,,2.8629562087326113,,2.483898196575401,,5.346854405308013,-1.0,,,,-0.04400000000000004,0.0669
KXNBAGAME-25OCT13MIAATL,2025-10-13,MIA,ATL,ATL,MIA,0.4493,0.5105,20,7,0.40175489773800005,0.22188322105025174,2.8662053978416475,2.6611422554020767,2.4644505001036494,2.439259034351826,5.330655897945298,5.100401289753908,0.48148148148148145,0.1798716766877483,0.2302546081913901,0.24973432457512815,-0.5507,0.5105
KXNBAGAME-25OCT13SASIND,2025-10-13,SAS,IND,SAS,IND,0.4534,0.5793,27,19,0.8497257169103951,-0.16252121282924836,3.1569436879073796,2.3918683473127906,2.307217970996987,2.554389560142039,5.464161658904368,4.94625790745483,0.17391304347826086,1.0122469297396435,0.5179037514495386,0.1375688682261126,-0.5466,0.5793
KXNBAGAME-25OCT13WASNYK,2025-10-13,WAS,NYK,WAS,NYK,0.3598,0.6556,21,28,0.33055932271928135,-0.0847716121685847,3.325112622363161,3.2244929256818895,2.994553299643881,3.309264537850475,6.319665922007044,6.533757463532366,-0.14285714285714285,0.41533093488786604,-0.21409154152532217,-0.050662024684178124,-0.6402,0.6556
KXNBAGAME-25OCT14CHIDEN,2025-10-14,CHI,DEN,DEN,CHI,0.7844,0.2471,43,28,0.5665967797690293,1.1339693837888456,3.1063115805215222,3.4043530613466957,2.539714800752493,2.2703836775578523,5.646026381274016,5.6747367389045476,0.2112676056338028,-0.5673726040198163,-0.028710357630531647,0.0772651726159106,-0.2156,0.2471
KXNBAGAME-25OCT14DETCLE,2025-10-14,DET,CLE,CLE,DET,0.677,0.3096,11,18,-0.09723916636310359,0.74701132909258,2.3561717991483233,3.2334546901415964,2.4534109655114285,2.4864433610490173,4.809582764659753,5.719898051190615,-0.2413793103448276,-0.8442504954556835,-0.9103152865308619,-0.16290217994519798,-0.32299999999999995,0.3096
KXNBAGAME-25OCT14GSWPOR,2025-10-14,GSW,POR,GSW,POR,0.3875,0.627,46,21,0.1531432278770129,-0.42995020258327854,2.9972197968521765,2.46414168395495,2.844076568975165,2.89409188653823,5.841296365827342,5.358233570493182,0.373134328358209,0.5830934304602915,0.48306279533415974,0.21572183570211906,-0.6125,0.627
KXNBAGAME-25OCT14HOUNOP,2025-10-14,HOU,NOP,HOU,NOP,0.7436,0.3117,26,4,0.8666661088272807,1.0114452286473878,3.160498872396087,3.3551407108116518,2.2938327635688065,2.3436954821642653,5.454331635964896,5.698836192975916,0.7333333333333333,-0.14477911982010716,-0.24450455701102047,0.35942771067566126,-0.25639999999999996,0.3117
KXNBAGAME-25OCT14LALPHX,2025-10-14,LAL,PHX,PHX,LAL,0.1648,0.8663,94,43,0.7650321985216202,0.7379480712691419,3.296561305639326,2.981327131056027,2.5315291071177057,2.2433790597868857,5.828090412757031,5.224706190842913,0.3722627737226277,0.02708412725247833,0.6033842219141174,0.1874855932239378,-0.8351999999999999,0.8663
KXNBAGAME-25OCT14OKCMIL,2025-10-14,OKC,MIL,OKC,MIL,0.6553,0.3583,29,60,0.4796577987386531,-0.2187510932699812,2.764564681019405,2.1052912576788216,2.284906882280752,2.3240423509488037,5.049471563300156,4.429333608627626,-0.34831460674157305,0.6984088920086343,0.6201379546725301,-0.1392368587703548,-0.3447,0.3583
KXNBAGAME-25OCT15DALLAL,2025-10-15,DAL,LAL,DAL,,0.99,,72,127,0.5030349528594746,0.8208056332708435,2.7782136737138874,3.081948678605326,2.275178720854414,2.261143045334482,5.0533923945683,5.343091723939808,-0.27638190954773867,-0.3177706804113689,-0.28969932937150755,-0.15407948879443778,-0.010000000000000009,
KXNBAGAME-25OCT15LACSAC,2025-10-15,LAC,SAC,LAC,,0.99,,44,40,1.021437280034447,-0.0595643371713152,3.7822140419484955,2.502389713292099,2.7607767619140486,2.5619540504634157,6.542990803862545,5.064343763755517,0.047619047619047616,1.0810016172057622,1.4786470401070284,0.07785960466981191,-0.010000000000000009,
KXNBAGAME-25OCT15MEMCHA,2025-10-15,MEM,CHA,CHA,MEM,0.6046,0.4459,20,17,-0.6446534972445099,-0.1725072084928541,2.8777550101873963,2.3602261445316577,3.522408507431906,2.5327333530245126,6.400163517619305,4.892959497556171,0.08108108108108109,-0.4721462887516558,1.507204020063134,0.016933226102957753,-0.3954,0.4459
KXNBAGAME-25OCT15TORBOS,2025-10-15,TOR,BOS,BOS,TOR,0.6757,0.3241,28,39,0.8227213100927375,-0.06461987405534343,3.2576184317676367,2.9867309736992764,2.4348971216748994,3.0513508477546205,5.692515553442537,6.038081821453899,-0.16417910447761194,0.8873411841480809,-0.34556626801136137,-0.037722493031401926,-0.32430000000000003,0.3241
KXNBAGAME-25OCT16HOUATL,2025-10-16,HOU,ATL,HOU,ATL,0.3211,0.6878,56,34,0.764683266743919,1.2764314625694624,3.4454234006936515,3.8026662627960057,2.680740133949733,2.5262348002265433,6.1261635346433865,6.328901063022551,0.24444444444444444,-0.5117481958255434,-0.20273752837916437,0.09663481243094504,-0.6789000000000001,0.6878
KXNBAGAME-25OCT16MINCHI,2025-10-16,MIN,CHI,CHI,MIN,0.3208,0.6906,35,48,0.14231723040465333,0.0579538853044367,3.4772452470237276,3.028472373630473,3.3349280166190747,2.9705184883260367,6.812173263642803,5.998990861956511,-0.1566265060240964,0.08436334510021662,0.8131824016862925,-0.07409508575703737,-0.6792,0.6906
KXNBAGAME-25OCT16NOPORL,2025-10-16,NOP,ORL,ORL,NOP,0.7273,0.3055,15,34,0.41980709295980956,0.8705815952682607,3.4256866368991856,3.8563947165083925,3.0058795439393755,2.985813121240132,6.431566180838562,6.842207837748524,-0.3877551020408163,-0.4507745023084512,-0.410641656909962,-0.21641627613583073,-0.27270000000000005,0.3055
KXNBAGAME-25OCT16PORUTA,2025-10-16,POR,UTA,UTA,POR,0.4647,0.5138,49,43,-0.07083494603115925,-0.030439451783219676,3.4481615277438404,3.0255857884791686,3.518996473775,3.0560252402623886,6.967158001518841,6.081611028741557,0.06521739130434782,-0.040395494247939576,0.8855469727772833,0.030588920939776932,-0.5353,0.5138
KXNBAGAME-25OCT16WASDET,2025-10-16,WAS,DET,DET,WAS,0.6691,0.3414,34,34,1.6758845054083982,0.3179455127787204,4.155213753585027,3.0760509238784195,2.4793292481766285,2.7581054110996996,6.634543001761658,5.834156334978118,0.0,1.3579389926296779,0.80038666678354,0.06789694963148389,-0.33089999999999997,0.3414
KXNBAGAME-25OCT17BKNTOR,2025-10-17,BKN,TOR,TOR,BKN,0.7298,0.2996,51,32,0.9613341995502206,0.998162705731449,3.12436538211535,3.17053631120861,2.1630311825651294,2.1723736054771603,5.2873965646804795,5.3429099166857705,0.2289156626506024,-0.03682850618122846,-0.05551335200529106,0.11261640601623978,-0.2702,0.2996
KXNBAGAME-25OCT17CHANYK,2025-10-17,CHA,NYK,NYK,CHA,0.6713,0.3418,36,108,0.17405388083161344,1.1342790338002424,2.7371748569131937,3.3556756520195847,2.563120976081581,2.2213966182193428,5.300295832994772,5.577072270238929,-0.5,-0.960225152968629,-0.27677643724415724,-0.29801125764843145,-0.3287,0.3418
KXNBAGAME-25OCT17DENOKC,2025-10-17,DEN,OKC,OKC,DEN,0.7556,0.257,68,78,1.294579457327617,1.2158875964833813,3.229086224777403,3.2281300852391657,1.9345067674497856,2.012242488755785,5.163592992227189,5.240372573994951,-0.0684931506849315,0.07869186084423574,-0.07677958176776212,-0.030311982300253965,-0.24439999999999995,0.257
KXNBAGAME-25OCT17INDSAS,2025-10-17,IND,SAS,SAS,IND,0.6973,0.3428,57,41,1.2777569369154074,1.4848805511837648,3.632467475901625,3.4460463787035063,2.3547105389862173,1.9611658275197428,5.987178014887842,5.407212206223251,0.16326530612244897,-0.20712361426835746,0.5799658086645909,0.07127647234780661,-0.30269999999999997,0.3428
KXNBAGAME-25OCT17LACGSW,2025-10-17,LAC,GSW,LAC,GSW,0.4537,0.6368,71,107,1.1974273905198702,0.6070550860616285,3.032804054150356,3.304295920954069,1.835376663630485,2.6972408348924413,4.868180717780839,6.0015367558465105,-0.20224719101123595,0.5903723044582417,-1.1333560380656715,-0.07160498028270589,-0.5463,0.6368
KXNBAGAME-25OCT17MEMMIA,2025-10-17,MEM,MIA,MEM,MIA,0.4172,0.5906,25,35,-0.7194754110426056,0.833025947058603,2.6305318666268342,3.3610462676652384,3.35000727766944,2.5280203206066365,5.980539144296273,5.889066588271875,-0.16666666666666666,-1.5525013581012086,0.09147255602439763,-0.16095840123839378,-0.5828,0.5906
KXNBAGAME-25OCT17MINPHI,2025-10-17,MIN,PHI,PHI,MIN,0.6888,0.3291,43,0,0.5054330530567517,,3.449833443989644,,2.9444003909328935,,6.394233834922539,,1.0,,,,-0.31120000000000003,0.3291
KXNBAGAME-25OCT17SACLAL,2025-10-17,SAC,LAL,SAC,LAL,0.3112,0.6782,92,198,0.9993160822212453,1.0935754700341334,3.1906159556608924,3.4002948096121357,2.191299873439647,2.3067193395780023,5.381915829100539,5.707014149190138,-0.36551724137931035,-0.09425938781288801,-0.32509832008959894,-0.18747159008029957,-0.6888000000000001,0.6782
KXNBAGAME-25OCT21GSWLAL,2025-10-21,GSW,LAL,GSW,LAL,0.5743,0.4348,80,83,1.365563333575062,0.9223093725189804,3.645818169443531,3.3195423405207,2.280254835868469,2.397232968001719,5.926073005312,5.716775308522418,-0.018404907975460124,0.4432539610560817,0.20929769678958188,0.012960244065074024,-0.42569999999999997,0.4348
KXNBAGAME-25OCT21HOUOKC,2025-10-21,HOU,OKC,OKC,HOU,0.5673,0.4222,94,89,1.320852017518019,1.4336051183970278,3.193162405897886,3.3115358972806543,1.872310388379868,1.8779307788836275,5.065472794277754,5.189466676164283,0.0273224043715847,-0.1127531008790088,-0.12399388188652871,0.008023547141841909,-0.4327,0.4222
KXNBAGAME-25OCT22BKNCHA,2025-10-22,BKN,CHA,CHA,BKN,0.6613,0.3473,44,30,0.556638682155043,0.48570051652534146,2.8883686378349442,3.1379366264886794,2.3317299556799016,2.652236109963339,5.220098593514846,5.7901727364520195,0.1891891891891892,0.07093816562970151,-0.5700741429371732,0.09814150287607967,-0.3387,0.3473
KXNBAGAME-25OCT22CLENYK,2025-10-22,CLE,NYK,NYK,CLE,0.4718,0.5317,75,88,0.802118420179011,0.2747916749914869,3.5541529896116115,2.8831873643847508,2.7520345694326007,2.608395689393264,6.306187559044212,5.491583053778015,-0.07975460122699386,0.5273267451875241,0.814604505266197,-0.013510963354120727,-0.5282,0.5317
KXNBAGAME-25OCT22DETCHI,2025-10-22,DET,CHI,CHI,DET,0.446,0.5797,33,73,0.5373115535529682,0.522394980016811,3.053523307859736,2.86644583570067,2.5162117543067684,2.34405085568386,5.5697350621665045,5.210496691384531,-0.37735849056603776,0.014916573536157274,0.3592383707819735,-0.18793341660621102,-0.554,0.5797
KXNBAGAME-25OCT22LACUTA,2025-10-22,LAC,UTA,UTA,LAC,0.9881,0.0156,49,35,0.14057451052426245,0.38702452034785695,3.2083107731792233,3.3064992631544055,3.0677362626549614,2.919474742806549,6.276047035834184,6.225974005960956,0.16666666666666666,-0.2464500098235945,0.050073029873227703,0.0710108328421536,-0.011900000000000022,0.0156
KXNBAGAME-25OCT22MIAORL,2025-10-22,MIA,ORL,ORL,MIA,0.7298,0.2868,45,59,0.8882850077489808,0.7283173732315482,3.5258131213826105,3.176530226774161,2.6375281136336293,2.4482128535426124,6.163341235016242,5.624743080316776,-0.1346153846153846,0.15996763451743257,0.538598154699466,-0.05930931058182068,-0.2702,0.2868
KXNBAGAME-25OCT22MINPOR,2025-10-22,MIN,POR,MIN,POR,0.5538,0.4669,67,64,0.8319223713746589,0.12749355722261158,3.2699149704612314,2.930048367162212,2.4379925990865727,2.8025548099396005,5.707907569547805,5.732603177101812,0.022900763358778626,0.7044288141520473,-0.02469560755400746,0.046671822386991677,-0.44620000000000004,0.4669
KXNBAGAME-25OCT22NOPMEM,2025-10-22,NOP,MEM,MEM,NOP,0.4497,0.4915,15,32,-0.569090168653344,-0.6685295584736555,3.016294869700693,2.79528941086675,3.5853850383540378,3.463818969340408,6.60167990805473,6.2591083802071585,-0.3617021276595745,0.09943938982031142,0.3425715278475714,-0.17587909433877166,-0.5503,0.4915
KXNBAGAME-25OCT22PHIBOS,2025-10-22,PHI,BOS,PHI,BOS,0.3645,0.6468,0,106,,0.6600489821657416,,3.0030814075654177,,2.3430324253996755,,5.346113832965093,-1.0,,,,-0.6355,0.6468
KXNBAGAME-25OCT22SACPHX,2025-10-22,SAC,PHX,PHX,SAC,0.2987,0.7407,33,62,0.13213928457125412,0.6965136462011552,3.1754916883009763,3.0909140490088105,3.043352403729723,2.394400402807656,6.218844092030699,5.485314451816468,-0.30526315789473685,-0.5643743616299011,0.7335296402142317,-0.1808502970288635,-0.7013,0.7407
KXNBAGAME-25OCT22SASDAL,2025-10-22,SAS,DAL,SAS,DAL,0.8312,0.1808,87,67,0.8107534250312344,0.9249753705110373,3.4250199492321682,3.426539520195006,2.614266524200934,2.501564149683969,6.039286473433103,5.928103669878976,0.12987012987012986,-0.11422194547980291,0.11118280355412669,0.05922396766107478,-0.16879999999999995,0.1808
KXNBAGAME-25OCT22TORATL,2025-10-22,TOR,ATL,TOR,ATL,0.3894,0.65,22,57,0.4974293945186584,0.5706705495810313,2.971697540713844,3.139474811042863,2.4742681461951848,2.56880426146183,5.445965686909028,5.708279072504693,-0.4430379746835443,-0.07324115506237283,-0.2623133855956654,-0.22518104509489079,-0.6106,0.65
KXNBAGAME-25OCT22WASMIL,2025-10-22,WAS,MIL,MIL,WAS,0.8738,0.1514,28,70,1.2886011566824305,0.5847929921896123,3.6257931863681994,2.9877698971865443,2.3371920296857693,2.4029769049969323,5.962985216053968,5.390746802183478,-0.42857142857142855,0.7038081644928181,0.5722384138704903,-0.17909530606107338,-0.12619999999999998,0.1514
KXNBAGAME-25OCT23DENGSW,2025-10-23,DEN,GSW,GSW,DEN,0.5203,0.4824,80,288,1.171058635035436,1.3409333525828888,3.4128276712397336,3.782328065424209,2.241769036204297,2.44139471284132,5.654596707444032,6.223722778265529,-0.5652173913043478,-0.16987471754745287,-0.5691260708214969,-0.2911024315295465,-0.4797,0.4824
KXNBAGAME-25OCT23OKCIND,2025-10-23,OKC,IND,OKC,IND,0.6713,0.3264,307,124,1.4110711115527317,0.4295401486776043,3.6467028149038265,3.0306661914936632,2.2356317033510953,2.6011260428160594,5.882334518254922,5.631792234309723,0.4245939675174014,0.9815309628751274,0.2505422839451992,0.2613735319024571,-0.3287,0.3264
KXNBAGAME-25OCT24ATLORL,2025-10-24,ATL,ORL,ATL,ORL,0.3322,0.6784,70,120,0.3220226754736864,-0.9221375378384477,3.1010178488591142,3.1275273058993625,2.778995173385428,4.04966484373781,5.880013022244542,7.177192149637173,-0.2631578947368421,1.2441602133121341,-1.2971791273926305,-0.06937093670281434,-0.6678,0.6784
KXNBAGAME-25OCT24BOSNYK,2025-10-24,BOS,NYK,NYK,BOS,0.5994,0.399,264,265,-1.1480224510759733,-1.205031742652361,2.795494280693699,2.5631444525952385,3.9435167317696718,3.7681761952476,6.73901101246337,6.331320647842837,-0.001890359168241966,0.057009291576387566,0.40769036462053343,0.0019052849946983954,-0.40059999999999996,0.399
KXNBAGAME-25OCT24CLEBKN,2025-10-24,CLE,BKN,CLE,BKN,0.871,0.1071,283,90,-2.219745531762075,-0.2349002362308273,2.5463712769770366,2.698536945682955,4.7661168087391115,2.9334371819137814,7.312488085716147,5.631974127596736,0.517426273458445,-1.9848452955312477,1.6805139581194108,0.15947087195266013,-0.129,0.1071
KXNBAGAME-25OCT24DETHOU,2025-10-24,DET,HOU,DET,HOU,0.315,0.6602,255,226,-1.8257503149413115,0.6836444749711539,2.352330890004506,3.43025843903159,4.178081204945817,2.7466139640604363,6.530412094950323,6.176872403092026,0.060291060291060294,-2.5093947899124656,0.35353969185829737,-0.09532420935009314,-0.685,0.6602
KXNBAGAME-25OCT24GSWPOR,2025-10-24,GSW,POR,POR,GSW,0.3973,0.6278,272,501,0.3105263643816611,-2.793681543865788,3.432988404833319,2.349907889907038,3.1224620404516576,5.143589433772826,6.555450445284977,7.493497323679863,-0.296248382923674,3.104207908247449,-0.9380468783948857,0.007086203950535441,-0.6027,0.6278
KXNBAGAME-25OCT24MIAMEM,2025-10-24,MIA,MEM,MIA,MEM,0.4134,0.5963,477,81,-1.8447941561785453,-0.8947626963245447,2.651749522782126,2.952612071033249,4.496543678960672,3.8473747673577936,7.148293201742797,6.7999868383910425,0.7096774193548387,-0.9500314598540005,0.3483063633517549,0.30733713668471935,-0.5866,0.5963
KXNBAGAME-25OCT24MILTOR,2025-10-24,MIL,TOR,MIL,TOR,0.4732,0.5335,178,268,-0.09837731839092145,-1.0486556334550619,3.1374875835495053,2.6880977997959916,3.235864901940427,3.736753433251053,6.373352485489933,6.424851233047043,-0.20179372197309417,0.9502783150641404,-0.051498747557110036,-0.053382945233340064,-0.5267999999999999,0.5335
KXNBAGAME-25OCT24MINLAL,2025-10-24,MIN,LAL,LAL,MIN,0.4267,0.5893,173,369,-1.6367179230775284,-0.834021312107632,2.6442195085202123,2.9818926573822644,4.280937431597741,3.8159139694898965,6.9251569401179545,6.797806626872161,-0.36162361623616235,-0.8026966109698964,0.1273503132457936,-0.220946638666576,-0.5732999999999999,0.5893
KXNBAGAME-25OCT24PHXLAC,2025-10-24,PHX,LAC,LAC,PHX,0.7046,0.2782,109,111,-0.29077272509635776,-0.9033182113206323,2.825951461867546,2.4592978843842697,3.1167241869639035,3.3626160957049023,5.9426756488314485,5.821913980089171,-0.00909090909090909,0.6125454862242745,0.12076166874227745,0.026081819765759177,-0.2954,0.2782
KXNBAGAME-25OCT24SASNOP,2025-10-24,SAS,NOP,SAS,NOP,0.6745,0.3294,141,128,0.012918998974984622,-2.4669582077067087,3.007248496640006,2.4133191800191574,2.9943294976650217,4.880277387725866,6.001577994305028,7.293596567745023,0.048327137546468404,2.479877206681693,-1.2920185734399956,0.14815742910731886,-0.3255,0.3294
KXNBAGAME-25OCT24UTASAC,2025-10-24,UTA,SAC,SAC,UTA,0.629,0.364,90,76,-0.24309480068695608,-0.6340678327753696,2.870701561675767,2.5642837748246476,3.1137963623627245,3.1983516076000167,5.984497924038491,5.762635382424665,0.08433734939759036,0.3909730320884135,0.22186254161382646,0.06171732630321585,-0.371,0.364
KXNBAGAME-25OCT24WASDAL,2025-10-24,WAS,DAL,WAS,DAL,0.1701,0.8327,114,179,0.947092277621183,0.5194860501509051,3.763149861382595,3.1205673471564994,2.8160575837614124,2.601081297005595,6.579207445144008,5.721648644162094,-0.22184300341296928,0.4276062274702779,0.8575588009819137,-0.08954119033297075,-0.8299,0.8327
KXNBAGAME-25OCT25CHAPHI,2025-10-25,CHA,PHI,PHI,CHA,0.6867,0.3142,279,0,-4.689868389288968,,1.8026952704505654,,6.492563659739533,,8.295258930190098,,1.0,,,,-0.3133,0.3142
KXNBAGAME-25OCT25CHIORL,2025-10-25,CHI,ORL,CHI,ORL,0.3149,0.7024,102,119,-1.5038502211995088,-2.22541556425569,2.6741868767705803,2.7813382741921533,4.178037097970089,5.006753838447844,6.852223974740667,7.788092112639996,-0.07692307692307693,0.7215653430561813,-0.9358681378993285,-0.0023832713087294025,-0.6851,0.7024
KXNBAGAME-25OCT25INDMEM,2025-10-25,IND,MEM,MEM,IND,0.5389,0.4691,143,80,-0.32188582960562373,-1.4901875285503134,2.920964985374262,2.6858924779233417,3.242850814979886,4.176080006473655,6.163815800354147,6.861972484396997,0.2825112107623318,1.1683016989446897,-0.6981566840428499,0.1996706903284004,-0.46109999999999995,0.4691
KXNBAGAME-25OCT25OKCATL,2025-10-25,OKC,ATL,OKC,ATL,0.758,0.2528,185,68,-0.23059933631672716,-0.07062163872298449,2.984498336689135,3.001004654814678,3.215097673005862,3.071626293537662,6.199596009694998,6.072630948352341,0.4624505928853755,-0.15997769759374267,0.1269650613426574,0.2232264115630006,-0.242,0.2528
KXNBAGAME-25OCT25PHXDEN,2025-10-25,PHX,DEN,DEN,PHX,0.8784,0.1354,95,139,-0.5236516819928478,-0.14640627022298397,2.628984718825699,3.151862277965039,3.152636400818547,3.2982685481880236,5.781621119644246,6.450130826153062,-0.18803418803418803,-0.37724541176986387,-0.6685097065088161,-0.1128793646055872,-0.12160000000000004,0.1354
KXNBAGAME-25OCT26BKNSAS,2025-10-26,BKN,SAS,SAS,BKN,0.7777,0.2415,61,88,-0.6614535909469184,-0.5812811288722627,2.853169197528039,2.797160406898248,3.514622788474957,3.3784415357705107,6.367791986002997,6.175601942668759,-0.18120805369127516,-0.08017246207465567,0.19219004333423761,-0.09461264994937037,-0.22230000000000005,0.2415
KXNBAGAME-25OCT26BOSDET,2025-10-26,BOS,DET,DET,BOS,0.4223,0.5632,124,118,-1.4332201056940899,-2.676852110993529,2.699783053606173,2.410453153195726,4.133003159300261,5.087305264189254,6.832786212906434,7.497758417384983,0.024793388429752067,1.243632005299439,-0.6649722044785484,0.07457829447984798,-0.5777,0.5632
KXNBAGAME-25OCT26CHAWAS,2025-10-26,CHA,WAS,CHA,WAS,0.452,0.55,158,70,-4.2082491036978915,-0.4628750061444017,2.133788773200803,3.3281556484214665,6.3420378768986945,3.791030654565866,8.475826650099496,7.119186302987334,0.38596491228070173,-3.7453740975534897,1.3566403471121617,0.00571375126267637,-0.548,0.55
KXNBAGAME-25OCT26INDMIN,2025-10-26,IND,MIN,MIN,IND,0.8444,0.1734,130,111,-0.8294953355023185,0.1146342486183477,2.6843643330439635,2.9511842065630365,3.5138596685462815,2.836549957944689,6.198224001590246,5.787734164507725,0.07883817427385892,-0.9441295841206662,0.41048983708252074,-0.007787392069103852,-0.15559999999999996,0.1734
KXNBAGAME-25OCT26LALSAC,2025-10-26,LAL,SAC,LAL,SAC,0.4534,0.5623,273,67,-1.5781695286952953,-0.5861853432857042,2.6300488012355867,2.9397448136890554,4.208218329930882,3.525930156974759,6.83826713116647,6.465674970663814,0.6058823529411764,-0.9919841854095911,0.37259216050265564,0.25334196720010865,-0.5466,0.5623
KXNBAGAME-25OCT26MILCLE,2025-10-26,MIL,CLE,CLE,MIL,0.6602,0.342,147,183,-1.7844361280372543,-3.600847358066519,2.82718434277917,2.269317745114171,4.611620470816423,5.87016510318069,7.438804813595593,8.139482848294861,-0.10909090909090909,1.8164112300292647,-0.7006780346992683,0.0362751069560087,-0.3398,0.342
KXNBAGAME-25OCT26NYKMIA,2025-10-26,NYK,MIA,MIA,NYK,0.3873,0.6212,150,390,-1.4839403561730504,-3.9606375110700798,2.5376674854038015,2.1901829814473635,4.02160784157685,6.150820492517443,6.559275326980654,8.341003473964804,-0.4444444444444444,2.476697154897029,-1.7817281469841504,-0.09838736447737076,-0.6127,0.6212
KXNBAGAME-25OCT26PORLAC,2025-10-26,POR,LAC,LAC,POR,0.7643,0.2622,414,120,-4.102503064002125,-1.2618589177873296,2.1856382173778393,2.7095982957709426,6.288141281379964,3.9714572135582724,8.473779498757803,6.681055509329216,0.550561797752809,-2.840644146214795,1.7927239894285876,0.13324869156566474,-0.23570000000000002,0.2622
KXNBAGAME-25OCT26TORDAL,2025-10-26,TOR,DAL,DAL,TOR,0.5057,0.5073,170,92,-2.4071929502349216,0.22623197609940815,2.54534921469168,3.3213700052805875,4.952542164926601,3.0951380291811788,7.497891379618281,6.416508034461766,0.29770992366412213,-2.63342492633433,1.0813833451565147,0.01718371551534456,-0.49429999999999996,0.5073
KXNBAGAME-25OCT27ATLCHI,2025-10-27,ATL,CHI,CHI,ATL,0.4474,0.5674,79,50,0.33250964884567014,1.16319858327516,3.2225958090729234,4.082195301087985,2.8900861602272534,2.9189967178128255,6.112681969300178,7.001192018900814,0.2248062015503876,-0.8306889344294898,-0.8885100496006357,0.07086865405371931,-0.5526,0.5674
KXNBAGAME-25OCT27BKNHOU,2025-10-27,BKN,HOU,HOU,BKN,0.8935,0.1094,59,38,-0.7690403708824838,0.18703245680864206,2.694767345004322,3.1420533205836563,3.463807715886806,2.9550208637750144,6.158575060891129,6.097074184358671,0.21649484536082475,-0.9560728276911259,0.061500876532458726,0.06044378129585608,-0.10650000000000004,0.1094
KXNBAGAME-25OCT27BOSNOP,2025-10-27,BOS,NOP,BOS,NOP,0.6476,0.3637,98,55,-1.401584534227407,-1.9862546741462221,2.718727941727249,3.105715019006678,4.120312475954656,5.091969693152903,6.839040417681904,8.197684712159582,0.28104575163398693,0.5846701399188152,-1.3586442944776778,0.16975638281293423,-0.35240000000000005,0.3637
KXNBAGAME-25OCT27CLEDET,2025-10-27,CLE,DET,CLE,DET,0.5343,0.4731,89,92,-1.5709881079645125,-1.631009884556509,3.089454639983138,2.7442265995648403,4.66044274794765,4.3752364841213485,7.749897387930789,7.119463083686189,-0.016574585635359115,0.06002177659199659,0.6304343042445995,-0.005286203988079728,-0.4657,0.4731
KXNBAGAME-25OCT27DENMIN,2025-10-27,DEN,MIN,DEN,MIN,0.7089,0.2677,52,106,0.233703955478493,0.09050810932106962,3.2046556049458976,3.1002607339568713,2.970951649467404,3.0097526246358024,6.175607254413302,6.110013358592675,-0.34177215189873417,0.14319584615742337,0.06559389582062725,-0.1637262836414959,-0.2911,0.2677
KXNBAGAME-25OCT27MEMGSW,2025-10-27,MEM,GSW,GSW,MEM,0.779,0.2098,84,101,-1.0521682194232846,-0.019767070941563446,3.059767426452668,3.4335949397585344,4.111935645875953,3.453362010700099,7.171703072328624,6.886956950458636,-0.0918918918918919,-1.0324011484817213,0.28474612186998804,-0.09756600337003202,-0.22099999999999997,0.2098
KXNBAGAME-25OCT27OKCDAL,2025-10-27,OKC,DAL,OKC,DAL,0.7686,0.2467,66,63,0.06431460777665143,-0.1416328732856224,2.991090972718367,3.1986435175272314,2.9267763649417144,3.3402763908128543,5.917867337660084,6.538919908340086,0.023255813953488372,0.20594748106227384,-0.6210525706800016,0.021925281029857878,-0.23140000000000005,0.2467
KXNBAGAME-25OCT27ORLPHI,2025-10-27,ORL,PHI,PHI,ORL,0.3696,0.6345,89,0,0.2610904101064154,,3.528943043702242,,3.2678526335958256,,6.7967956772980695,,1.0,,,,-0.6304000000000001,0.6345
KXNBAGAME-25OCT27PHXUTA,2025-10-27,PHX,UTA,UTA,PHX,0.7091,0.2548,86,46,-0.39917915265704423,-0.5002501837490209,2.6149842019723817,2.9359159283965246,3.014163354629426,3.436166112145547,5.62914755660181,6.372082040542072,0.30303030303030304,0.10107103109197663,-0.7429344839402621,0.15656870306975035,-0.29090000000000005,0.2548
KXNBAGAME-25OCT27PORLAL,2025-10-27,POR,LAL,POR,LAL,0.5753,0.44,180,160,-3.1892404098443548,-0.9738596097547911,2.4859128949482914,2.8677204992932492,5.675153304792647,3.84158010904804,8.161066199740937,6.709300608341289,0.058823529411764705,-2.2153808000895636,1.4517655913996474,-0.08135727529859582,-0.42469999999999997,0.44
KXNBAGAME-25OCT27TORSAS,2025-10-27,TOR,SAS,SAS,TOR,0.6518,0.3322,106,68,-1.6213697996462946,-0.12250392067499127,2.721046031944235,3.013778076896874,4.342415831590529,3.1362819975718654,7.063461863534764,6.15006007446874,0.21839080459770116,-1.4988658789713032,0.9134017890660235,0.034252108350285415,-0.34819999999999995,0.3322
KXNBAGAME-25OCT28CHAMIA,2025-10-28,CHA,MIA,MIA,CHA,0.6234,0.3872,79,124,-0.8306589097135096,-2.537121510933164,3.195855233401644,2.544293285525262,4.026514143115154,5.081414796458426,7.222369376516799,7.625708081983689,-0.22167487684729065,1.7064626012196547,-0.40333870546689,-0.025514308362662594,-0.37660000000000005,0.3872
KXNBAGAME-25OCT28LACGSW,2025-10-28,LAC,GSW,GSW,LAC,0.4906,0.5282,86,48,-0.8611078396610294,-0.7925102791321533,2.785324654311287,3.2383112353512047,3.6464324939723176,4.0308215144833595,6.431757148283604,7.269132749834565,0.2835820895522388,-0.06859756052887611,-0.8373756015509608,0.13836116674967558,-0.5094000000000001,0.5282
KXNBAGAME-25OCT28NYKMIL,2025-10-28,NYK,MIL,MIL,NYK,0.4406,0.5619,87,87,-0.6726718045013109,-0.004965076043229322,2.6261710876503424,3.7884563348067175,3.2988428921516526,3.7934214108499473,5.925013979801995,7.581877745656667,0.0,-0.6677067284580815,-1.6568637658546717,-0.033385336422904074,-0.5594,0.5619
KXNBAGAME-25OCT28PHIWAS,2025-10-28,PHI,WAS,PHI,WAS,0.639,0.3532,0,32,,0.5948300114353859,,3.8111237251636503,,3.2162937137282634,,7.027417438891914,-1.0,,,,-0.361,0.3532
KXNBAGAME-25OCT28SACOKC,2025-10-28,SAC,OKC,OKC,SAC,0.7896,0.2277,88,66,-0.07314915392302915,0.1267051530607764,3.182376218747744,3.246719071886506,3.255525372670773,3.1200139188257294,6.437901591418516,6.3667329907122365,0.14285714285714285,-0.19985430698380555,0.0711686007062795,0.06143585607938115,-0.21040000000000003,0.2277
KXNBAGAME-25OCT29ATLBKN,2025-10-29,ATL,BKN,ATL,BKN,0.6092,0.3543,50,88,-0.012580429336992632,-0.49502249205978566,2.85571056340355,2.65437895160285,2.868290992740545,3.1494014436626356,5.724001556144096,5.803780395265486,-0.2753623188405797,0.482442062722793,-0.07977883912139028,-0.11355905628415021,-0.39080000000000004,0.3543
KXNBAGAME-25OCT29CLEBOS,2025-10-29,CLE,BOS,BOS,CLE,0.4154,0.601,111,126,-0.9568115414562632,-0.79946015839918,2.904973992736155,2.756406975017606,3.8617855341924194,3.5558671334167853,6.766759526928576,6.312274108434391,-0.06329113924050633,-0.15735138305708318,0.4544854184941851,-0.039513138773107324,-0.5846,0.601
KXNBAGAME-25OCT29HOUTOR,2025-10-29,HOU,TOR,HOU,TOR,0.6895,0.3236,63,111,-0.5086545138321107,-0.8045558944691078,2.6017364022334206,2.910534042171384,3.110390916065531,3.7150899366404917,5.712127318298951,6.625623978811875,-0.27586206896551724,0.2959013806369971,-0.9134966605129238,-0.12313596545090877,-0.3105,0.3236
KXNBAGAME-25OCT29INDDAL,2025-10-29,IND,DAL,DAL,IND,0.6523,0.3597,86,112,-1.3230868082450877,0.21941576481817696,2.374921788354335,3.1052269108285806,3.698008596599423,2.8858111460104032,6.0729303849537555,5.991038056838985,-0.13131313131313133,-1.5425025730632647,0.08189232811477076,-0.1427816943097289,-0.3477,0.3597
KXNBAGAME-25OCT29LALMIN,2025-10-29,LAL,MIN,LAL,MIN,0.2723,0.7347,251,109,-0.41067352630118836,-0.5109170793943448,2.996883403901802,2.6201013578105643,3.4075569302029907,3.131018437204909,6.404440334104794,5.751119795015472,0.39444444444444443,0.10024355309315647,0.6533205390893215,0.20223439987688005,-0.7277,0.7347
KXNBAGAME-25OCT29MEMPHX,2025-10-29,MEM,PHX,MEM,PHX,0.5587,0.4473,101,87,-1.4486493099684428,-0.43782330870360564,2.742180678135853,2.713158686061127,4.190829988104296,3.1509819947647317,6.933010666240148,5.864140680825859,0.07446808510638298,-1.0108260012648371,1.0688699854142891,-0.013307257510050366,-0.4413,0.4473
KXNBAGAME-25OCT29NOPDEN,2025-10-29,NOP,DEN,DEN,NOP,0.8571,0.1595,49,83,-2.119374057634638,-0.2304957572613596,1.9293239190763618,2.7354129960232543,4.048697976711001,2.965908753284613,5.9780218957873625,5.701321749307867,-0.25757575757575757,-1.8888783003732785,0.27670014647949515,-0.2232317938065427,-0.14290000000000003,0.1595
KXNBAGAME-25OCT29ORLDET,2025-10-29,ORL,DET,DET,ORL,0.4215,0.5838,86,98,0.00496970771901753,-1.699460406567924,3.333341899731348,2.359861569668298,3.328372192012331,4.059321976236222,6.661714091743679,6.419183545904521,-0.06521739130434782,1.7044301142869416,0.24253054583915823,0.05261281006217317,-0.5785,0.5838
KXNBAGAME-25OCT29PORUTA,2025-10-29,POR,UTA,POR,UTA,0.5358,0.4835,167,81,-2.30145694817226,-0.2672024094019162,2.637199698493051,2.8359899141237164,4.9386566466653115,3.1031923235256325,7.575856345158362,5.939182237649348,0.3467741935483871,-2.034254538770344,1.6366741075090143,0.07167436983567635,-0.46419999999999995,0.4835
KXNBAGAME-25OCT29SACCHI,2025-10-29,SAC,CHI,CHI,SAC,0.6299,0.3824,120,57,-0.23538619647047831,-0.4756408676864708,2.9932830638064516,2.7428536131640007,3.2286692602769307,3.2184944808504716,6.221952324083382,5.961348094014472,0.3559322033898305,0.24025467121599248,0.2606042300689104,0.18997883525571488,-0.3701,0.3824
KXNBAGAME-25OCT30GSWMIL,2025-10-30,GSW,MIL,MIL,GSW,0.2686,0.7344,121,114,0.13733521324627573,0.33133650832570216,3.4304784698394237,3.3826994870501736,3.293143256593148,3.0513629787244714,6.723621726432571,6.434062465774643,0.029787234042553193,-0.19400129507942643,0.2895592606579278,0.005193552267305276,-0.7314,0.7344
KXNBAGAME-25OCT30MIASAS,2025-10-30,MIA,SAS,SAS,MIA,0.6879,0.3281,140,76,-2.3956585822063294,0.01386926194587526,2.4758976902946843,3.1069895661096787,4.871556272501014,3.0931203041638033,7.347453962795697,6.200109870273483,0.2962962962962963,-2.409527844152205,1.1473440925222143,0.027671755940537904,-0.31210000000000004,0.3281
KXNBAGAME-25OCT30ORLCHA,2025-10-30,ORL,CHA,ORL,CHA,0.5845,0.4247,97,100,0.5515924728717332,-1.834263051884772,3.4525630400266314,2.4992315430335275,2.9009705671548973,4.333494594918301,6.353533607181529,6.832726137951825,-0.015228426395939087,2.385855524756505,-0.47919253077029644,0.11167856303985572,-0.4155,0.4247
KXNBAGAME-25OCT30WASOKC,2025-10-30,WAS,OKC,OKC,WAS,0.8998,0.1135,90,131,0.40875398612913283,-0.7544579073409142,3.517543175998555,2.650894603591479,3.108789189869424,3.405352510932393,6.626332365867978,6.056247114523871,-0.18552036199095023,1.163211893470047,0.570085251344107,-0.03459958632197276,-0.10019999999999996,0.1135
KXNBAGAME-25OCT31ATLIND,2025-10-31,ATL,IND,ATL,IND,0.4865,0.4969,71,89,-0.7576298731769822,-1.2233730788339703,2.602884851849991,2.4181997506470583,3.3605147250269725,3.6415728294810283,5.963399576876963,6.0597725801280875,-0.1125,0.4657432056569881,-0.09637300325112452,-0.0329628397171506,-0.5135000000000001,0.4969
KXNBAGAME-25OCT31BOSPHI,2025-10-31,BOS,PHI,BOS,PHI,0.5485,0.4539,122,0,-0.6261835044756204,,2.875755943267074,,3.501939447742695,,6.3776953910097705,,1.0,,,,-0.4515,0.4539
KXNBAGAME-25OCT31DENPOR,2025-10-31,DEN,POR,POR,DEN,0.2683,0.7363,63,143,-0.7082140417631733,-2.068488982053284,2.5276322748038815,2.813288801636775,3.235846316567055,4.881777783690059,5.763478591370937,7.695066585326833,-0.3883495145631068,1.3602749402901106,-1.9315879939558958,-0.12616101026704785,-0.7317,0.7363
KXNBAGAME-25OCT31LALMEM,2025-10-31,LAL,MEM,LAL,MEM,0.5207,0.4795,235,88,0.5763083986577691,-1.151982142434684,3.3395437561087937,2.958411040452933,2.763235357451025,4.110393182887617,6.102779113559819,7.06880422334055,0.4551083591331269,1.7282905410924532,-0.9660251097807304,0.31396870662118614,-0.47929999999999995,0.4795
KXNBAGAME-25OCT31NOPLAC,2025-10-31,NOP,LAC,LAC,NOP,0.8298,0.1932,47,94,-1.169491618429565,-0.23457962428563195,2.6506613516111557,3.1203143999436813,3.820152970040721,3.3548940242293126,6.470814321651877,6.475208424172994,-0.3333333333333333,-0.934911994143933,-0.004394102521116494,-0.2134122663738633,-0.17020000000000002,0.1932
KXNBAGAME-25OCT31NYKCHI,2025-10-31,NYK,CHI,CHI,NYK,0.3255,0.6824,129,100,0.22241675238755867,0.006085900838453395,3.239452692622393,3.1859609279275753,3.0170359402348352,3.1798750270891216,6.256488632857229,6.365835955016697,0.12663755458515283,0.21633085154910528,-0.10934732215946852,0.07413531987003168,-0.6745,0.6824
KXNBAGAME-25OCT31TORCLE,2025-10-31,TOR,CLE,TOR,CLE,0.3653,0.6369,73,104,-0.9788848672657426,-0.8258881370482372,2.6519446375316362,3.0560051583000902,3.6308295047973793,3.8818932953483274,6.282774142329016,6.937898453648417,-0.1751412429378531,-0.15299673021750548,-0.6551243113194012,-0.09522045797980183,-0.6347,0.6369
KXNBAGAME-25OCT31UTAPHX,2025-10-31,UTA,PHX,PHX,UTA,0.5959,0.4122,67,79,-0.6016844405673424,-1.186455054802639,3.0481124924096075,2.708837009478314,3.649796932976949,3.895292064280953,6.697909425386555,6.604129073759269,-0.0821917808219178,0.5847706142352965,0.09378035162728615,-0.011857359699194076,-0.4041,0.4122
KXNBAGAME-26APR01ATLORL,2026-04-01,ATL,ORL,ATL,ORL,0.5597,0.4477,48,68,0.5717324570849578,-0.15781382236385166,3.304199734682029,3.2279245100441925,2.732467277597072,3.385738332408044,6.036667012279102,6.6136628424522375,-0.1724137931034483,0.7295462794488095,-0.5769958301731357,-0.04972958257928367,-0.4403,0.4477
KXNBAGAME-26APR01BOSMIA,2026-04-01,BOS,MIA,BOS,MIA,0.6448,0.3664,107,58,0.2671351423539664,-0.24039164868020588,3.03439126032577,2.517527108558375,2.767256117971804,2.75791875723858,5.801647378297574,5.275445865796955,0.296969696969697,0.5075267910341723,0.5262015125006183,0.17386118803655712,-0.35519999999999996,0.3664
KXNBAGAME-26APR01DENUTA,2026-04-01,DEN,UTA,DEN,UTA,0.9299,0.08,58,51,-0.4404030062046115,-0.8426022710943295,2.5457573955084696,2.498252546046101,2.986160401713081,3.340854817140431,5.531917797221551,5.839107363186532,0.06422018348623854,0.402199264889718,-0.3071895659649808,0.052220054987605166,-0.07010000000000005,0.08
KXNBAGAME-26APR01INDCHI,2026-04-01,IND,CHI,IND,CHI,0.4075,0.5996,42,158,-0.33326037914912243,-0.48575993902833636,2.7146909951517904,2.663752487451542,3.0479513743009137,3.1495124264798777,5.7626423694527045,5.81326491393142,-0.58,0.15249955987921393,-0.05062254447871517,-0.28237502200603926,-0.5925,0.5996
KXNBAGAME-26APR01MILHOU,2026-04-01,MIL,HOU,HOU,MIL,0.9492,0.0599,70,52,-0.3057771556745619,0.43916977297852927,2.4948084710318756,3.0777981178871396,2.8005856267064373,2.638628344908612,5.2953940977383125,5.716426462795752,0.14754098360655737,-0.7449469286530912,-0.4210323650574397,0.03652314537062413,-0.050799999999999956,0.0599
KXNBAGAME-26APR01NYKMEM,2026-04-01,NYK,MEM,NYK,MEM,0.8745,0.1291,85,27,-0.22395396779664423,-1.2976087764733375,2.6922103160700397,2.301253231325079,2.9161642838666837,3.598862007798414,5.608374599936723,5.900115239123492,0.5178571428571429,1.0736548086766933,-0.2917406391867692,0.3126113118624061,-0.12549999999999994,0.1291
KXNBAGAME-26APR01PHIWAS,2026-04-01,PHI,WAS,PHI,WAS,0.9,0.1,0,76,,0.05259672160570239,,3.5994204748617964,,3.5468237532560942,,7.14624422811789,-1.0,,,,-0.09999999999999998,0.1
KXNBAGAME-26APR01SACTOR,2026-04-01,SAC,TOR,SAC,TOR,0.1453,0.8624,30,65,-0.5235248896315953,-0.364583527190928,2.8284772856870455,2.8341488562325696,3.3520021753186393,3.198732383423497,6.180479461005688,6.032881239656067,-0.3684210526315789,-0.15894136244066726,0.14759822134962075,-0.19215759443782282,-0.8547,0.8624
KXNBAGAME-26APR01SASGSW,2026-04-01,SAS,GSW,SAS,GSW,0.9062,0.0948,86,74,-0.38326610195364375,0.2520785448188194,2.669224860494373,3.325372047861168,3.052490962448018,3.0732935030423496,5.72171582294239,6.398665550903518,0.075,-0.6353446467724632,-0.6769497279611274,0.005732767661376842,-0.0938,0.0948
KXNBAGAME-26APR02CLEGSW,2026-04-02,CLE,GSW,CLE,GSW,0.7958,0.2171,124,73,-0.2111876191703237,0.5039417037216718,3.0359609445890445,3.252308738909422,3.2471485637593682,2.7483670351877514,6.283109508348413,6.000675774097175,0.25888324873096447,-0.7151293228919955,0.28243373425123774,0.09368515822088246,-0.20420000000000005,0.2171
KXNBAGAME-26APR02MINDET,2026-04-02,MIN,DET,DET,MIN,0.6892,0.3275,70,124,-0.252288804512215,-0.5089341286251352,3.071469371586475,2.7036365990347386,3.32375817609869,3.212570727659874,6.395227547685165,5.9162073266946145,-0.27835051546391754,0.2566453241129202,0.4790202209905505,-0.12634299152631276,-0.31079999999999997,0.3275
KXNBAGAME-26APR02NOPPOR,2026-04-02,NOP,POR,POR,NOP,0.7058,0.3203,26,70,0.5961317046323009,-0.267875950974539,3.0011952402361888,2.8710786119762632,2.405063535603888,3.1389545629508033,5.406258775840078,6.010033174927067,-0.4583333333333333,0.8640076556068399,-0.6037743990869888,-0.18596628388632466,-0.2942,0.3203
KXNBAGAME-26APR02PHXCHA,2026-04-02,PHX,CHA,CHA,PHX,0.6801,0.3312,94,57,0.0018279251776381483,-0.429448179191859,3.2000721411147275,2.7818332620649877,3.1982442159370903,3.2112814412568467,6.398316357051819,5.993114703321834,0.24503311258278146,0.43127610436949715,0.40520165372998473,0.14408036150986558,-0.31989999999999996,0.3312
KXNBAGAME-26APR02SASLAC,2026-04-02,SAS,LAC,SAS,LAC,0.4565,0.5605,94,75,0.2840860102169978,-0.15985757629533048,2.913343926840728,3.130254076513677,2.6292579166237307,3.2901116528090073,5.5426018434644595,6.420365729322684,0.11242603550295859,0.4439435865123283,-0.8777638858582248,0.0784101970770957,-0.5435,0.5605
KXNBAGAME-26APR03BOSMIL,2026-04-03,BOS,MIL,BOS,MIL,0.94,0.0689,93,98,0.44094253077080714,0.46007434782607076,3.180683906348571,3.249721471348276,2.739741375577764,2.7896471235222053,5.920425281926336,6.039368594870483,-0.02617801047120419,-0.019131817055263622,-0.11894331294414684,-0.014045596088365276,-0.06000000000000005,0.0689
KXNBAGAME-26APR03INDCHA,2026-04-03,IND,CHA,CHA,IND,0.9198,0.0898,52,63,-0.370608830675868,0.01350184462415746,2.6265991736973593,2.8784467178168134,2.9972080043732277,2.8649448731926555,5.623807178070585,5.74339159100947,-0.09565217391304348,-0.3841106753000254,-0.11958441293888455,-0.06703162072152301,-0.08020000000000005,0.0898
KXNBAGAME-26APR03NOPSAC,2026-04-03,NOP,SAC,SAC,NOP,0.2778,0.731,26,56,-0.4384960303499216,-1.2670106164862456,2.5943982160182095,2.1803770252275974,3.032894246368131,3.4473876417138434,5.62729246238634,5.62776466694144,-0.36585365853658536,0.828514586136324,-0.00047220455510021964,-0.14150109996147647,-0.7222,0.731
KXNBAGAME-26APR03ORLDAL,2026-04-03,ORL,DAL,ORL,DAL,0.7114,0.2978,97,69,0.09968536450304127,-0.519627565324036,3.2449781490469682,2.682673901072122,3.1452927845439276,3.2023014663961584,6.3902709335908945,5.884975367468279,0.1686746987951807,0.6193129298270772,0.5052955661226157,0.11530299588894422,-0.28859999999999997,0.2978
KXNBAGAME-26APR03TORMEM,2026-04-03,TOR,MEM,TOR,MEM,0.9218,0.1063,103,55,-0.19375831693407258,-2.472931578720696,2.8924841954648737,2.1271038663999198,3.0862425123989468,4.600035445120616,5.978726707863821,6.727139311520535,0.3037974683544304,2.279173261786623,-0.748412603656714,0.26585739726654634,-0.07820000000000005,0.1063
KXNBAGAME-26APR03UTAHOU,2026-04-03,UTA,HOU,HOU,UTA,0.94,0.07,51,96,-0.04293402739172414,0.04776750518940645,2.8787334234073523,3.124560850942838,2.921667450799077,3.0767933457534307,5.8004008742064315,6.201354196696269,-0.30612244897959184,-0.09070153258113059,-0.40095332248983784,-0.15759630111885245,-0.06000000000000005,0.07
KXNBAGAME-26APR04DETPHI,2026-04-04,DET,PHI,DET,PHI,0.6197,0.3914,101,0,-0.43412509676478517,,2.863270389711269,,3.297395486476055,,6.1606658761873225,,1.0,,,,-0.38029999999999997,0.3914
KXNBAGAME-26APR04SASDEN,2026-04-04,SAS,DEN,DEN,SAS,0.3922,0.5935,126,54,0.33013960032320955,-0.47312674237067726,3.2424870679519713,2.861235541447121,2.912347467628761,3.3343622838177978,6.154834535580731,6.19559782526492,0.4,0.8032663426938869,-0.04076328968418874,0.24016331713469435,-0.6078,0.5935
KXNBAGAME-26APR04WASMIA,2026-04-04,WAS,MIA,MIA,WAS,0.9494,0.0602,61,52,0.060739819182436705,-0.356440042860185,3.603132018767446,2.7700089724664094,3.542392199585009,3.1264490153265934,7.145524218352454,5.896457987793002,0.07964601769911504,0.4171798620426217,1.2490662305594524,0.0606820019516886,-0.05059999999999998,0.0602
KXNBAGAME-26APR05HOUGSW,2026-04-05,HOU,GSW,HOU,GSW,0.6021,0.4099,50,70,-0.07995975022460791,-0.00013869782473627246,2.9826954493159286,3.417543932597975,3.0626551995405364,3.417682630422713,6.0453506488564654,6.835226563020688,-0.16666666666666666,-0.07982105239987164,-0.7898759141642229,-0.08732438595332691,-0.39790000000000003,0.4099
KXNBAGAME-26APR05INDCLE,2026-04-05,IND,CLE,CLE,IND,0.9293,0.0815,47,61,-0.9407734856513869,-0.7654405785981049,2.4500020579143618,3.1831715517730546,3.3907755435657485,3.9486121303711617,5.840777601480109,7.131783682144214,-0.12962962962962962,-0.17533290705328197,-1.291006080664105,-0.07358146016747891,-0.07069999999999999,0.0815
KXNBAGAME-26APR05LACSAC,2026-04-05,LAC,SAC,LAC,SAC,0.8698,0.1392,65,39,-0.5676299815985478,-0.9933981322186874,2.9596867464500405,2.4569742315743452,3.527316728048588,3.4503723637930337,6.4870034744986285,5.907346595367379,0.25,0.4257681506201396,0.5796568791312495,0.14628840753100697,-0.13019999999999998,0.1392
KXNBAGAME-26APR05LALDAL,2026-04-05,LAL,DAL,DAL,LAL,0.7508,0.2894,203,85,-1.4704849540714697,-0.7122012569965532,2.756940241998601,3.0293305650750817,4.227425196070071,3.741531822071636,6.9843654380686715,6.7708623871467175,0.4097222222222222,-0.7582836970749165,0.21350305092195399,0.1669469262573653,-0.24919999999999998,0.2894
KXNBAGAME-26APR05MEMMIL,2026-04-05,MEM,MIL,MIL,MEM,0.6799,0.3177,51,98,-1.1225453226900726,-0.006480190768809568,2.543843849729215,3.0574171472890717,3.666389172419286,3.063897338057881,6.210233022148501,6.1213144853469545,-0.31543624161073824,-1.116065131921263,0.08891853680154682,-0.2135213774014323,-0.32010000000000005,0.3177
KXNBAGAME-26APR05ORLNOP,2026-04-05,ORL,NOP,ORL,NOP,0.6997,0.3002,75,38,-0.6621787173945934,-1.098784890299375,2.9751761082000145,2.8298780520503657,3.637354825594608,3.928662942349741,6.612530933794624,6.758540994400107,0.3274336283185841,0.43660617290478165,-0.14601006060548283,0.18554712280453112,-0.3003,0.3002
KXNBAGAME-26APR05PHXCHI,2026-04-05,PHX,CHI,PHX,CHI,0.8379,0.1875,45,75,0.6794182765632053,-0.6891168611461966,2.922096801701315,2.52220727795921,2.242678525138111,3.2113241391054066,5.164775326839425,5.7335314170646186,-0.25,1.368535137709402,-0.5687560902251931,-0.05657324311452991,-0.16210000000000002,0.1875
KXNBAGAME-26APR05TORBOS,2026-04-05,TOR,BOS,BOS,TOR,0.7999,0.2097,54,86,-0.8051337775054165,0.2028568322304557,2.5685747352935993,3.0808539361216507,3.3737085127990145,2.877997103891194,5.942283248092613,5.958851040012846,-0.22857142857142856,-1.0079906097358722,-0.016567791920232722,-0.1646852447725079,-0.20009999999999994,0.2097
KXNBAGAME-26APR05UTAOKC,2026-04-05,UTA,OKC,OKC,UTA,0.9804,0.0218,38,159,-0.4623364938482819,-1.847156663878331,2.8325574510115024,2.6513534984288762,3.294893944859785,4.498510162307207,6.127451395871288,7.1498636607360835,-0.6142131979695431,1.384820170030049,-1.022412264864795,-0.2378655904832691,-0.01959999999999995,0.0218
KXNBAGAME-26APR05WASBKN,2026-04-05,WAS,BKN,BKN,WAS,0.6134,0.4043,54,42,-0.3921296836133443,-0.8732606360093962,3.0737739216150013,2.8475005686895343,3.465903605228345,3.7207612046989307,6.539677526843345,6.568261773388464,0.125,0.48113095239605186,-0.02858424654511893,0.0865565476198026,-0.38660000000000005,0.4043
KXNBAGAME-26APR06CLEMEM,2026-04-06,CLE,MEM,CLE,MEM,0.8899,0.12,34,65,-1.2030426953281113,-0.8305458753002372,2.587343296403585,2.6340720400959814,3.790385991731697,3.4646179153962176,6.377729288135282,6.098689955492199,-0.31313131313131315,-0.3724968200278741,0.2790393326430829,-0.17519049756705027,-0.11009999999999998,0.12
KXNBAGAME-26APR06DETORL,2026-04-06,DET,ORL,ORL,DET,0.5275,0.4367,41,68,-0.7873240647505779,-0.4749171264490247,2.5638469365691328,3.384852489291357,3.3511710013197105,3.8597696157403814,5.915017937888843,7.244622105031739,-0.24770642201834864,-0.31240693830155325,-1.3296041671428966,-0.13947355792425198,-0.47250000000000003,0.4367
KXNBAGAME-26APR06NYKATL,2026-04-06,NYK,ATL,NYK,ATL,0.4931,0.5154,41,44,-0.3312308832640633,-0.15284560296045174,2.577162196343407,2.9791034938425556,2.9083930796074697,3.1319490968030075,5.485555275950876,6.1110525906455635,-0.03529411764705882,-0.17838528030361156,-0.6254973146946874,-0.02656632283870999,-0.5069,0.5154
KXNBAGAME-26APR06PHISAS,2026-04-06,PHI,SAS,SAS,PHI,0.7644,0.2442,0,41,,0.09157112911641001,,3.1479921002076305,,3.056420971091222,,6.204413071298853,-1.0,,,,-0.23560000000000003,0.2442
KXNBAGAME-26APR06PORDEN,2026-04-06,POR,DEN,DEN,POR,0.6735,0.3311,20,69,-0.784153646349811,-0.5888324110787939,2.667720442076354,2.829913024346305,3.451874088426168,3.4187454354250986,6.119594530502523,6.248658459771406,-0.550561797752809,-0.19532123527101708,-0.12906392926888266,-0.2850469606399554,-0.3265,0.3311
KXNBAGAME-26APR07CHABOS,2026-04-07,CHA,BOS,BOS,CHA,0.6458,0.3612,62,62,-0.3011427238351654,-0.11610140905447028,2.541350093457189,2.5334111683376337,2.8424928172923547,2.6495125773921044,5.383842910749545,5.182923745729738,0.0,-0.1850413147806951,0.20091916501980656,-0.009252065739034756,-0.35419999999999996,0.3612
KXNBAGAME-26APR07CHIWAS,2026-04-07,CHI,WAS,CHI,WAS,0.6774,0.3386,96,43,-0.5051475318300654,-0.3623691157162856,2.4545465445541677,3.0706904277440463,2.959694076384233,3.4330595434603337,5.414240620938401,6.50374997120438,0.381294964028777,-0.14277841611377984,-1.0895093502659794,0.18350856120869952,-0.3226,0.3386
KXNBAGAME-26APR07HOUPHX,2026-04-07,HOU,PHX,HOU,PHX,0.4839,0.5083,81,44,-0.21539622530268693,-1.0182573005523936,2.854396750170938,2.1872705855908467,3.0697929754736246,3.2055278861432406,5.924189725644562,5.392798471734087,0.296,0.8028610752497067,0.531391253910475,0.18814305376248533,-0.5161,0.5083
KXNBAGAME-26APR07MIATOR,2026-04-07,MIA,TOR,TOR,MIA,0.5679,0.4419,61,63,0.17739750652422837,-0.09959580755685926,2.8292775121828293,2.7248875606153504,2.651880005658602,2.82448336817221,5.481157517841432,5.54937092878756,-0.016129032258064516,0.2769933140810876,-0.06821341094612876,0.0057851495750221235,-0.43210000000000004,0.4419
KXNBAGAME-26APR07MILBKN,2026-04-07,MIL,BKN,BKN,MIL,0.4596,0.5395,84,34,-1.3538139876302664,0.3357045015482269,2.4754601473943305,3.365902941471114,3.8292741350245967,3.030198439922888,6.304734282418929,6.396101381394001,0.423728813559322,-1.6895184891784933,-0.09136709897507167,0.12738848232073635,-0.5404,0.5395
KXNBAGAME-26APR07MININD,2026-04-07,MIN,IND,MIN,IND,0.8747,0.138,51,52,-0.8382002057574629,-1.5954746522693757,2.3820170947142287,2.059918081677991,3.2202173004716927,3.6553927339473686,5.602234395185923,5.71531081562536,-0.009708737864077669,0.7572744465119128,-0.11307642043943655,0.0330093533935568,-0.12529999999999997,0.138
KXNBAGAME-26APR07SACGSW,2026-04-07,SAC,GSW,GSW,SAC,0.9055,0.105,43,86,-0.3632219448536793,-0.030019189969534493,2.537279317959093,3.049081638409307,2.9005012628127735,3.0791008283788406,5.437780580771868,6.128182466788147,-0.3333333333333333,-0.3332027548841448,-0.6904018860162786,-0.1833268044108739,-0.09450000000000003,0.105
KXNBAGAME-26APR07UTANOP,2026-04-07,UTA,NOP,NOP,UTA,0.7099,0.2906,46,29,-0.7232227503879545,-0.912898320326705,2.625920700184181,2.95836116460777,3.349143450572136,3.8712594849344755,5.975064150756319,6.829620649542246,0.22666666666666666,0.18967556993875057,-0.8545564987859269,0.12281711183027086,-0.2901,0.2906
KXNBAGAME-26APR08ATLCLE,2026-04-08,ATL,CLE,CLE,ATL,0.6129,0.3969,68,77,-0.2626292879790685,-0.9647350420198129,2.676896057948713,2.9381798014579434,2.9395253459277817,3.902914843477757,5.6164214038764975,6.841094644935701,-0.06206896551724138,0.7021057540407444,-1.2246732410592038,0.00407080494341653,-0.3871,0.3969
KXNBAGAME-26APR08DALPHX,2026-04-08,DAL,PHX,PHX,DAL,0.8595,0.1499,91,51,-1.0571388904406436,-0.8883767104232502,2.590131303371459,2.333805244530053,3.647270193812103,3.222181954953302,6.237401497183562,5.555987199483356,0.28169014084507044,-0.1687621800173934,0.681414297700206,0.13240696142166555,-0.14049999999999996,0.1499
KXNBAGAME-26APR08MEMDEN,2026-04-08,MEM,DEN,DEN,MEM,0.9785,0.0319,78,127,-1.4872045051098253,-0.5645332365609307,2.9412333673058852,2.538933826877684,4.428437872415709,3.1034670634386146,7.369671239721597,5.642400890316299,-0.23902439024390243,-0.9226712685488946,1.7272703494052974,-0.16564575854939595,-0.021499999999999964,0.0319
KXNBAGAME-26APR08MILDET,2026-04-08,MIL,DET,DET,MIL,0.9596,0.0496,108,66,-0.6629342683070749,-0.24255120361226468,2.8435280673066776,3.0212882006320942,3.5064623356137523,3.263839404244359,6.3499904029204295,6.285127604876453,0.2413793103448276,-0.42038306469481024,0.06486279804397643,0.0996705019376733,-0.04039999999999999,0.0496
KXNBAGAME-26APR08MINORL,2026-04-08,MIN,ORL,ORL,MIN,0.8172,0.1873,58,86,-0.3513835312322916,-0.27618785604972745,2.6543428434636596,3.32033834091043,3.005726374695951,3.5965261969601574,5.660069218159611,6.916864537870589,-0.19444444444444445,-0.07519567518256415,-1.256795319710978,-0.10098200598135043,-0.18279999999999996,0.1873
KXNBAGAME-26APR08OKCLAC,2026-04-08,OKC,LAC,OKC,LAC,0.7626,0.247,109,67,-0.8458819335782986,-0.49947663928373354,2.4444644179444683,2.753872620882117,3.2903463515227678,3.2533492601658516,5.734810769467239,6.007221881047968,0.23863636363636365,-0.346405294294565,-0.2724111115807295,0.10199791710345357,-0.23740000000000006,0.247
KXNBAGAME-26APR08PORSAS,2026-04-08,POR,SAS,SAS,POR,0.593,0.4213,64,66,-1.3678827626095384,-0.22626865840930566,2.4049722819967068,2.8700787572191744,3.7728550446062448,3.0963474156284794,6.177827326602953,5.966426172847655,-0.015384615384615385,-1.1416141042002328,0.21140115375529867,-0.06477301290231934,-0.40700000000000003,0.4213
KXNBAGAME-26APR09BOSNYK,2026-04-09,BOS,NYK,NYK,BOS,0.615,0.393,92,78,0.10868714648771088,-0.003568907945339532,2.587771303989283,3.045957253147629,2.479084157501572,3.0495261610929685,5.066855461490856,6.095483414240601,0.08235294117647059,0.11225605443305042,-1.028627952749745,0.046789273309887816,-0.385,0.393
KXNBAGAME-26APR09CHIWAS,2026-04-09,CHI,WAS,CHI,WAS,0.7174,0.2937,79,50,-0.016153425101996688,0.3608924394981737,2.6845780374738064,3.096818292301462,2.7007314625758028,2.7359258528032884,5.38530950004961,5.832744145104749,0.2248062015503876,-0.37704586460017037,-0.4474346450551385,0.09355080754518529,-0.28259999999999996,0.2937
KXNBAGAME-26APR09INDBKN,2026-04-09,IND,BKN,IND,BKN,0.6009,0.416,72,41,-0.3185584359997602,-0.022758774903867178,2.6732012934870286,2.6756262335326344,2.9917597294867884,2.698385008436502,5.6649610229738165,5.374011241969136,0.2743362831858407,-0.295799661095893,0.29094978100468083,0.1223781585381257,-0.3991,0.416
KXNBAGAME-26APR09LALGSW,2026-04-09,LAL,GSW,LAL,GSW,0.4799,0.53,174,86,-0.7113546300640604,-0.4829032332932639,2.753224963672514,3.0406596123990552,3.4645795937365746,3.52356284569232,6.21780455740909,6.564222458091374,0.3384615384615385,-0.2284513967707965,-0.34641790068228406,0.15780819939222943,-0.5201,0.53
KXNBAGAME-26APR09MIATOR,2026-04-09,MIA,TOR,TOR,MIA,0.6027,0.4377,52,76,-0.6125931997849687,-0.1348945659198829,2.3188301859412217,2.460301332429405,2.9314233857261907,2.595195898349288,5.250253571667411,5.055497230778693,-0.1875,-0.4776986338650858,0.19475634088871807,-0.11763493169325429,-0.3973,0.4377
KXNBAGAME-26APR09PHIHOU,2026-04-09,PHI,HOU,HOU,PHI,0.6924,0.3151,0,82,,-0.44673079350808353,,2.4913727460952297,,2.938103539603313,,5.429476285698544,-1.0,,,,-0.3076,0.3151
KXNBAGAME-26APR10BKNMIL,2026-04-10,BKN,MIL,MIL,BKN,0.8113,0.1948,37,90,-0.4529074814769016,-0.2260614548225398,2.6301694818708956,2.6800212553667766,3.0830769633477955,2.9060827101893163,5.713246445218692,5.586103965556093,-0.41732283464566927,-0.22684602665436177,0.12714247966259862,-0.22000371865555274,-0.18869999999999998,0.1948
KXNBAGAME-26APR10DALSAS,2026-04-10,DAL,SAS,SAS,DAL,0.9392,0.0682,102,84,-0.7674556148166651,-0.23129335695562775,2.5949826725031775,3.1120592920176033,3.362438287319843,3.343352648973231,5.957420959823023,6.455411940990834,0.0967741935483871,-0.5361622578610374,-0.4979909811678116,0.021578983881141676,-0.060799999999999965,0.0682
KXNBAGAME-26APR10DETCHA,2026-04-10,DET,CHA,DET,CHA,0.3496,0.6651,62,63,-0.1309184698345117,0.018557671140937336,2.723308084572377,2.5961127922322236,2.8542265544068885,2.577555121091286,5.577534638979268,5.173667913323511,-0.008,-0.14947614097544903,0.40386672565575665,-0.011473807048772452,-0.6504,0.6651
KXNBAGAME-26APR10GSWSAC,2026-04-10,GSW,SAC,SAC,GSW,0.1835,0.8292,69,58,-0.4147543330178603,-1.5365913187146258,3.0341317771024165,2.7072562673177343,3.4488861101202763,4.243847586032359,6.483017887222693,6.9511038533500935,0.08661417322834646,1.1218369856967656,-0.4680859661274006,0.0993989358990115,-0.8165,0.8292
KXNBAGAME-26APR10LACPOR,2026-04-10,LAC,POR,POR,LAC,0.5367,0.4735,140,89,-0.3689383934275941,-0.3870794250301854,2.648170721911283,3.0919850334657997,3.0171091153388776,3.479064458495985,5.665279837250161,6.5710494919617854,0.22270742358078602,0.018141031602591284,-0.9057696547116247,0.11226076337052257,-0.46330000000000005,0.4735
KXNBAGAME-26APR10MINHOU,2026-04-10,MIN,HOU,MIN,HOU,0.2065,0.8105,77,86,-0.32876889843816814,-0.47818253776675795,2.937118538809071,2.3775234195940653,3.265887437247239,2.855705957360823,6.2030059760563105,5.233229376954888,-0.05521472392638037,0.1494136393285898,0.9697765991014222,-0.020136679996760692,-0.7935,0.8105
KXNBAGAME-26APR10NOPBOS,2026-04-10,NOP,BOS,BOS,NOP,0.94,0.0612,19,84,-1.1010309830198288,0.3544455071192127,2.3341973961550107,2.7172996391316593,3.43522837917484,2.3628541320124468,5.769425775329855,5.080153771144107,-0.6310679611650486,-1.4554764901390416,0.6892720041857476,-0.3883078050894764,-0.06000000000000005,0.0612
KXNBAGAME-26APR10OKCDEN,2026-04-10,OKC,DEN,DEN,OKC,0.5594,0.4401,112,84,-0.3137537793346209,-0.20367306536656332,2.849006288135267,2.9201728466100727,3.1627600674698875,3.1238459119766366,6.011766355605156,6.044018758586711,0.14285714285714285,-0.11008071396805758,-0.032252402981555406,0.06592453573016854,-0.4406,0.4401
KXNBAGAME-26APR10ORLCHI,2026-04-10,ORL,CHI,ORL,CHI,0.9095,0.0977,80,69,0.4538935517325229,1.099025917936886,3.210583013962972,3.568940684320361,2.756689462230449,2.4699147663834737,5.96727247619342,6.038855450703835,0.0738255033557047,-0.6451323662043631,-0.07158297451041484,0.004656133367634194,-0.09050000000000002,0.0977
KXNBAGAME-26APR10PHIIND,2026-04-10,PHI,IND,PHI,IND,0.9,0.1099,0,73,,-0.6992824811468132,,2.620775033423053,,3.320057514569866,,5.940832547992922,-1.0,,,,-0.09999999999999998,0.1099
KXNBAGAME-26APR10PHXLAL,2026-04-10,PHX,LAL,LAL,PHX,0.4808,0.531,91,154,-0.5328758899137589,-0.6090418687406223,2.590331628073914,2.719287016971572,3.123207517987673,3.328328885712195,5.713539146061588,6.047615902683768,-0.2571428571428571,0.07616597882686338,-0.3340767566221805,-0.12476312963008539,-0.5192,0.531
KXNBAGAME-26APR10TORNYK,2026-04-10,TOR,NYK,NYK,TOR,0.7078,0.3021,76,63,-0.4234458204889495,-0.1559494653143966,2.2996696728131036,2.866631246541859,2.7231154933020525,3.0225807118562544,5.022785166115156,5.889211958398114,0.09352517985611511,-0.26749635517455295,-0.866426792282958,0.03338777216932991,-0.2922,0.3021
KXNBAGAME-26APR12ATLMIA,2026-04-12,ATL,MIA,MIA,ATL,0.7892,0.2196,88,86,-0.02613319645653744,-0.04944899049930755,2.7011592536277487,2.733154285476709,2.7272924500842866,2.782603275976016,5.428451703712035,5.515757561452725,0.011494252873563218,0.02331579404277011,-0.08730585774068977,0.006912916138920115,-0.2108,0.2196
KXNBAGAME-26APR12BKNTOR,2026-04-12,BKN,TOR,TOR,BKN,0.9792,0.0284,67,92,-0.2692904888032934,-0.08870662255737703,2.681016579341099,2.769841939511263,2.950307068144393,2.8585485620686404,5.631323647485493,5.628390501579904,-0.15723270440251572,-0.18058386624591638,0.0029331459055885745,-0.08764554551355368,-0.02080000000000004,0.0284
KXNBAGAME-26APR12CHANYK,2026-04-12,CHA,NYK,CHA,NYK,0.8844,0.1298,61,111,-0.635472701015424,0.25406072069656027,2.4179686665849185,2.8476091005507707,3.0534413676003433,2.5935483798542096,5.471410034185261,5.441157480404981,-0.29069767441860467,-0.8895334217119842,0.030252553780280245,-0.18982550829490155,-0.11560000000000004,0.1298
KXNBAGAME-26APR12CHIDAL,2026-04-12,CHI,DAL,DAL,CHI,0.6735,0.3317,51,67,0.2415546692987835,-0.2519788314783014,3.3123737629356818,2.985862196261185,3.070819093636899,3.2378410277394867,6.383192856572582,6.223703224000673,-0.13559322033898305,0.4935335007770849,0.1594896325719093,-0.04311993513063728,-0.3265,0.3317
KXNBAGAME-26APR12DENSAS,2026-04-12,DEN,SAS,DEN,SAS,0.2127,0.7899,96,72,0.023823158623977866,0.2043204634955131,2.71175886348321,3.3296787759862863,2.687935704859232,3.1253583124907727,5.399694568342443,6.455037088477059,0.14285714285714285,-0.18049730487153526,-1.0553425201346167,0.06240370618499466,-0.7873,0.7899
KXNBAGAME-26APR12DETIND,2026-04-12,DET,IND,DET,IND,0.9082,0.1,65,55,-0.2867263168130547,-1.0267255596182725,2.4911056098106856,2.3606091145797783,2.7778319266237403,3.3873346741980512,5.268937536434425,5.74794378877783,0.08333333333333333,0.7399992428052178,-0.4790062523434049,0.07866662880692755,-0.09179999999999999,0.1
KXNBAGAME-26APR12MEMHOU,2026-04-12,MEM,HOU,HOU,MEM,0.8946,0.1115,57,107,-0.8540758294296575,-0.06536464121296245,2.7740719261221622,3.004009583509454,3.6281477555518196,3.069374224722417,6.402219681673983,6.073383808231872,-0.3048780487804878,-0.7887111882166951,0.3288358734421104,-0.19187458380107864,-0.10540000000000005,0.1115
KXNBAGAME-26APR12MILPHI,2026-04-12,MIL,PHI,PHI,MIL,0.9194,0.088,66,0,-0.1329454041619344,,2.6229130673491277,,2.755858471511062,,5.378771538860189,,1.0,,,,-0.0806,0.088
KXNBAGAME-26APR12NOPMIN,2026-04-12,NOP,MIN,MIN,NOP,0.6565,0.3418,48,71,-0.8734925458575029,-0.3461502009073783,2.0151600217659906,3.0110632952239422,2.8886525676234927,3.3572134961313216,4.903812589389483,6.3682767913552665,-0.19327731092436976,-0.5273423449501247,-1.4644642019657832,-0.12300577270969111,-0.3435,0.3418
KXNBAGAME-26APR12ORLBOS,2026-04-12,ORL,BOS,BOS,ORL,0.15,0.8599,84,116,0.25306897921023375,0.29923348862133914,3.100586298099695,2.847620609564146,2.8475173188894614,2.548387120942806,5.948103616989156,5.396007730506954,-0.16,-0.04616450941110539,0.5520958864822028,-0.08230822547055527,-0.85,0.8599
KXNBAGAME-26APR12PHXOKC,2026-04-12,PHX,OKC,PHX,OKC,0.2674,0.7414,72,62,-0.23704653999958064,-0.1470014962678014,2.8405598195968533,3.0972815964918174,3.0776063595964347,3.24428309275962,5.918166179193289,6.341564689251437,0.07462686567164178,-0.09004504373177924,-0.4233985100581483,0.03281118064923193,-0.7325999999999999,0.7414
KXNBAGAME-26APR12SACPOR,2026-04-12,SAC,POR,POR,SAC,0.9536,0.0587,52,75,-0.9034899607589542,-0.7664112026260461,2.761947351847044,2.6901217972178832,3.665437312605998,3.4565329998439296,6.427384664453044,6.146654797061813,-0.18110236220472442,-0.13707875813290804,0.28072986739123085,-0.09740511900900761,-0.0464,0.0587
KXNBAGAME-26APR12UTALAL,2026-04-12,UTA,LAL,LAL,UTA,0.8982,0.1121,75,157,0.4043204791847078,0.21376774581481572,3.523110379889346,3.199968812011707,3.1187899007046385,2.986201066196892,6.641900280593985,6.186169878208599,-0.35344827586206895,0.1905527333698921,0.4557304023853863,-0.16719650126253988,-0.1018,0.1121
KXNBAGAME-26APR12WASCLE,2026-04-12,WAS,CLE,CLE,WAS,0.8192,0.1898,61,59,0.0704526136050771,-0.4429318858780084,3.178992218368424,2.7428769212120834,3.1085396047633473,3.1858088070900914,6.287531823131772,5.928685728302173,0.016666666666666666,0.5133844994830855,0.35884609482959906,0.03400255830748761,-0.18079999999999996,0.1898
KXNBAGAME-26APR14MIACHA,2026-04-14,MIA,CHA,CHA,MIA,0.6936,0.3204,96,118,0.21678388578121205,0.16923511858745843,2.5443384210092015,2.6365752001649505,2.32755453522799,2.4673400815774915,4.87189295623719,5.103915281742443,-0.102803738317757,0.047548767193753616,-0.2320223255052536,-0.049024430799190825,-0.3064,0.3204
KXNBAGAME-26APR14PORPHX,2026-04-14,POR,PHX,POR,PHX,0.4218,0.5902,110,107,0.09705447242863903,0.0015269781239254654,3.350455656289533,2.9629148741741744,3.253401183860894,2.9613878960502493,6.603856840150429,5.924302770224424,0.013824884792626729,0.09552749430471356,0.679554069926005,0.011688817111549041,-0.5782,0.5902
KXNBAGAME-26APR15GSWLAC,2026-04-15,GSW,LAC,GSW,LAC,0.3415,0.6708,137,184,0.18724321340347955,0.5306486312383479,3.2078512961655754,3.27724315353299,3.0206080827620956,2.746594522294642,6.228459378927672,6.023837675827632,-0.14641744548286603,-0.3434054178348684,0.2046217031000399,-0.09037899363317643,-0.6585,0.6708
KXNBAGAME-26APR17CHAORL,2026-04-17,CHA,ORL,ORL,CHA,0.4928,0.5351,149,170,-0.9341164203258925,0.2408755085941832,2.982876791887828,3.545721678442061,3.91699321221372,3.3048461698478784,6.8998700041015475,6.8505678482899395,-0.06583072100313479,-1.1749919289200756,0.04930215581160802,-0.09166495694757118,-0.5072,0.5351
KXNBAGAME-26APR17GSWPHX,2026-04-17,GSW,PHX,PHX,GSW,0.5987,0.4171,153,146,0.4122222627331036,0.07906597023771961,3.502914803966675,3.08071317168294,3.0906925412335715,3.0016472014452207,6.5936073452002475,6.082360373128161,0.023411371237458192,0.333156292495384,0.5112469720720867,0.028363500243498294,-0.4013,0.4171
KXNBAGAME-26APR18ATLNYK,2026-04-18,ATL,NYK,NYK,ATL,0.6936,0.3159,43,60,0.3102333848912424,0.19540740584337882,3.048846041992905,2.898654411492097,2.7386126571016627,2.7032470056487186,5.787458699094568,5.601901417140816,-0.1650485436893204,0.1148259790478636,0.1855572819537521,-0.07678297289226702,-0.3064,0.3159
KXNBAGAME-26APR18MINDEN,2026-04-18,MIN,DEN,DEN,MIN,0.7261,0.2863,67,67,0.4749670568433949,0.7792300218138561,3.414242884103923,3.4669995817406285,2.9392758272605284,2.687769559926772,6.353518711364451,6.1547691416674,0.0,-0.30426296497046124,0.1987495696970507,-0.015213148248523062,-0.27390000000000003,0.2863
KXNBAGAME-26APR19ORLDET,2026-04-19,ORL,DET,ORL,DET,0.2197,0.79,128,87,0.919612131020296,0.8501617469307059,3.800147664997099,3.4938724359612796,2.880535533976803,2.6437106890305735,6.680683198973902,6.1375831249918535,0.19069767441860466,0.06945038408959014,0.5431000739820488,0.09882135641378184,-0.7803,0.79
KXNBAGAME-26APR19PHXOKC,2026-04-19,PHX,OKC,OKC,PHX,0.9113,0.0991,143,134,-0.19031663972043167,-0.06246543766168133,3.1357906729095184,3.2294389215466444,3.32610731262995,3.291904359208326,6.4618979855394665,6.521343280754969,0.032490974729241874,-0.12785120205875034,-0.0594452952155029,0.00985292726168342,-0.0887,0.0991
KXNBAGAME-26APR19PORSAS,2026-04-19,POR,SAS,SAS,POR,0.8564,0.1479,84,62,-1.239590314070227,0.8446985436274717,2.6547365180896363,3.3546552003407966,3.894326832159863,2.5099566567133245,6.549063350249501,5.86461185705412,0.1506849315068493,-2.0842888576976986,0.6844514931953807,-0.02887197713146028,-0.14359999999999995,0.1479
KXNBAGAME-26APR20ATLNYK,2026-04-20,ATL,NYK,ATL,NYK,0.3056,0.7022,100,92,0.1037564865053693,0.11997296465554796,2.8171415964401825,2.7661340114116157,2.7133851099348134,2.6461610467560686,5.530526706374996,5.412295058167684,0.041666666666666664,-0.016216478150178668,0.11823164820731158,0.020022509425824397,-0.6944,0.7022
KXNBAGAME-26APR20TORCLE,2026-04-20,TOR,CLE,CLE,TOR,0.7999,0.2055,83,129,-0.5366088082817235,-0.2700220621897972,2.4899698025815735,2.972194593610875,3.0265786108632975,3.2422166558006715,5.5165484134448715,6.2144112494115475,-0.2169811320754717,-0.26658674609192634,-0.6978628359666761,-0.12181990334233217,-0.20009999999999994,0.2055
KXNBAGAME-26APR21HOULAL,2026-04-21,HOU,LAL,LAL,HOU,0.3285,0.6823,118,183,0.15133852777110254,0.03263300264275733,3.1587949789845053,3.335254203897013,3.007456451213403,3.302621201254256,6.1662514301979074,6.637875405151268,-0.2159468438538206,0.11870552512834522,-0.47162397495336084,-0.10203814567049303,-0.6715,0.6823
KXNBAGAME-26APR21PHIBOS,2026-04-21,PHI,BOS,PHI,BOS,0.13,0.8799,0,107,,0.3409088476274354,,2.890368357772404,,2.5494595101449686,,5.439827867917373,-1.0,,,,-0.87,0.8799
KXNBAGAME-26APR21PORSAS,2026-04-21,POR,SAS,POR,SAS,0.195,0.822,103,119,0.5361897689085473,0.7463788833298985,3.5180564621399455,3.5584377525775874,2.9818666932313986,2.8120588692476893,6.499923155371343,6.370496621825275,-0.07207207207207207,-0.21018911442135124,0.12942653354606826,-0.046545491757103596,-0.8049999999999999,0.822
KXNBAGAME-26FEB01BKNDET,2026-02-01,BKN,DET,DET,BKN,0.8623,0.1477,80,99,-0.5590812822058402,0.528954041494066,2.9585080901770455,3.579081458616881,3.517589372382884,3.0501274171228148,6.476097462559931,6.629208875739696,-0.10614525139664804,-1.088035323699906,-0.15311141317976507,-0.10747439188331932,-0.13770000000000004,0.1477
KXNBAGAME-26FEB01CHIMIA,2026-02-01,CHI,MIA,MIA,CHI,0.6659,0.353,55,71,0.0624336970530342,-0.18713168953363862,3.137058322327251,2.8503601551703834,3.0746246252742164,3.0374918447040216,6.211682947601468,5.887851999874405,-0.12698412698412698,0.24956538658667282,0.3238309477270631,-0.051013794162729845,-0.33409999999999995,0.353
KXNBAGAME-26FEB01CLEPOR,2026-02-01,CLE,POR,CLE,POR,0.5906,0.4409,87,74,-0.8662097031482758,-0.7278176592401812,2.957582202565882,2.9356013707192785,3.823791905714158,3.663419029959459,6.781374108280039,6.5990204006787385,0.08074534161490683,-0.13839204390809468,0.1823537076013002,0.033453068612048685,-0.4094,0.4409
KXNBAGAME-26FEB01LACPHX,2026-02-01,LAC,PHX,LAC,PHX,0.4292,0.5844,88,83,-0.6112030272607017,-0.24142856939851498,3.211722828528126,3.193482301990449,3.8229258557888275,3.434910871388964,7.034648684316952,6.628393173379413,0.029239766081871343,-0.36977445786218677,0.4062555109375392,-0.0038688398521736674,-0.5708,0.5844
KXNBAGAME-26FEB01LALNYK,2026-02-01,LAL,NYK,NYK,LAL,0.674,0.3445,146,131,-0.1318860384556291,-0.2978491368586384,3.244242346527623,3.1131727388607153,3.376128384983252,3.411021875719354,6.620370731510875,6.524194614580069,0.05415162454873646,0.1659630984030093,0.09617611693080619,0.0353739671945187,-0.32599999999999996,0.3445
KXNBAGAME-26FEB01MILBOS,2026-02-01,MIL,BOS,BOS,MIL,0.8483,0.1722,131,79,-0.16500329429354874,-0.4735229926972019,2.9592500765433813,2.886446605373296,3.1242533708369304,3.3599695980704984,6.083503447380312,6.246416203443795,0.24761904761904763,0.3085196984036531,-0.16291275606348332,0.13923550872970647,-0.15169999999999995,0.1722
KXNBAGAME-26FEB01OKCDEN,2026-02-01,OKC,DEN,OKC,DEN,0.6874,0.3299,110,72,-0.7640977996072259,-0.8942160960872206,3.093519978235938,2.6922500398846467,3.8576177778431653,3.5864661359718664,6.951137756079103,6.278716175856511,0.2087912087912088,0.13011829647999473,0.6724215802225917,0.11090151921960413,-0.3126,0.3299
KXNBAGAME-26FEB01ORLSAS,2026-02-01,ORL,SAS,SAS,ORL,0.6576,0.3575,47,57,0.2362574040705258,0.2748744512178164,3.2484731887491862,2.9757644270858115,3.01221578467866,2.7008899758679945,6.260688973427846,5.676654402953806,-0.09615384615384616,-0.038617047147290584,0.5840345704740395,-0.05000777543428761,-0.34240000000000004,0.3575
KXNBAGAME-26FEB01SACWAS,2026-02-01,SAC,WAS,WAS,SAC,0.4847,0.5347,88,69,-0.8632308337520957,0.7588377089204872,2.6663916755409045,4.1618237281292085,3.5296225092930005,3.402986019208722,6.1960141848339045,7.564809747337933,0.12101910828025478,-1.622068542672583,-1.3687955625040287,-0.020593872993501752,-0.5153,0.5347
KXNBAGAME-26FEB01UTATOR,2026-02-01,UTA,TOR,TOR,UTA,0.8101,0.1987,52,69,-1.0607078153183285,0.30626372580570743,2.8469367701894437,3.4461061973593434,3.907644585507771,3.139842471553635,6.754581355697216,6.5859486689129785,-0.14049586776859505,-1.366971541124036,0.16863268678423715,-0.13859651094049932,-0.18989999999999996,0.1987
KXNBAGAME-26FEB02HOUIND,2026-02-02,HOU,IND,HOU,IND,0.7142,0.2976,72,37,-0.13269281038506153,-0.39662188914574215,2.741303660902733,2.906273172582198,2.8739964712877955,3.302895061727942,5.615300132190528,6.209168234310139,0.3211009174311927,0.2639290787606806,-0.593868102119611,0.17374691265363038,-0.28580000000000005,0.2976
KXNBAGAME-26FEB02MINMEM,2026-02-02,MIN,MEM,MEM,MIN,0.2948,0.7065,68,54,-0.20697907606168442,-0.7676414303024351,3.37587556639116,3.3966947160778966,3.582854642452844,4.164336146380331,6.958730208844003,7.561030862458224,0.11475409836065574,0.5606623542407507,-0.602300653614221,0.08541016689236541,-0.7052,0.7065
KXNBAGAME-26FEB02NOPCHA,2026-02-02,NOP,CHA,CHA,NOP,0.707,0.312,50,58,-1.2837710769010862,-0.27489807938245925,2.4391986529046727,2.776973812501689,3.72296972980576,3.051871891884149,6.162168382710432,5.828845704385838,-0.07407407407407407,-1.008872997518627,0.3333226783245937,-0.08748068691296838,-0.29300000000000004,0.312
KXNBAGAME-26FEB02PHILAC,2026-02-02,PHI,LAC,PHI,LAC,0.5139,0.4942,0,78,,-0.5856690186669751,,3.0790867464385006,,3.6647557651054763,,6.743842511543975,-1.0,,,,-0.4861,0.4942
KXNBAGAME-26FEB03ATLMIA,2026-02-03,ATL,MIA,ATL,MIA,0.7346,0.3727,84,77,-0.24209183375889015,-0.5870929106129407,2.6274100588552036,2.7377851091420053,2.8695018926140934,3.324878019754945,5.496911951469298,6.06266312889695,0.043478260869565216,0.3450010768540505,-0.5657511774276518,0.038989184277485135,-0.26539999999999997,0.3727
KXNBAGAME-26FEB03BOSDAL,2026-02-03,BOS,DAL,BOS,DAL,0.7098,0.3026,92,85,-0.17147433164780043,-0.692122994580176,2.8538634682485524,2.5421118253588437,3.025337799896352,3.2342348199390196,5.8792012681449055,5.776346645297863,0.03954802259887006,0.5206486629323755,0.10285462284704217,0.04580644444605381,-0.2902,0.3026
KXNBAGAME-26FEB03CHIMIL,2026-02-03,CHI,MIL,MIL,CHI,0.479,0.5299,128,137,-0.9584678624013587,-0.11845699300040992,2.526731433588308,2.8800863212480667,3.485199295989667,2.9985433142484763,6.011930729577976,5.878629635496544,-0.033962264150943396,-0.8400108694009488,0.13330109408143187,-0.05898167554551914,-0.521,0.5299
KXNBAGAME-26FEB03DENDET,2026-02-03,DEN,DET,DET,DEN,0.7361,0.3123,102,67,0.41459921425308877,-0.026210225033465706,3.2673426394901366,2.7806478233498737,2.8527434252370467,2.806858048383339,6.120086064727183,5.587505871733212,0.20710059171597633,0.44080943928655447,0.5325801929939713,0.1255907678223159,-0.2639,0.3123
KXNBAGAME-26FEB03LALBKN,2026-02-03,LAL,BKN,LAL,BKN,0.7465,0.2588,176,61,0.5384980129031092,-0.8757472976801752,3.525429526543504,2.676483411365959,2.9869315136403953,3.552230709046134,6.512361040183899,6.228714120412091,0.48523206751054854,1.4142453105832844,0.2836469197718081,0.3133282992844385,-0.25349999999999995,0.2588
KXNBAGAME-26FEB03NYKWAS,2026-02-03,NYK,WAS,NYK,WAS,0.8749,0.1424,140,57,0.2215651974825611,0.2076289634175042,3.352996728059237,3.502065155582412,3.1314315305766756,3.294436192164909,6.484428258635914,6.796501347747322,0.4213197969543147,0.013936234065056896,-0.31207308911140785,0.2113567101804102,-0.1251,0.1424
KXNBAGAME-26FEB03ORLOKC,2026-02-03,ORL,OKC,OKC,ORL,0.8134,0.1909,54,95,-0.022595498273479675,-0.16298572560645147,3.347758224886205,3.0672719377077957,3.370353723159685,3.230257663314246,6.718111948045888,6.297529601022042,-0.2751677852348993,0.1403902273329718,0.42058234702384656,-0.13056438125080108,-0.1866,0.1909
KXNBAGAME-26FEB03PHIGSW,2026-02-03,PHI,GSW,PHI,GSW,0.3736,0.6339,0,61,,-0.06242601685441267,,3.093391128923237,,3.1558171457776485,,6.2492082747008855,-1.0,,,,-0.6264000000000001,0.6339
KXNBAGAME-26FEB03PHXPOR,2026-02-03,PHX,POR,PHX,POR,0.5652,0.4495,76,109,-1.09560811108731,-0.7253496060666785,2.552018916803676,2.9063558263542237,3.6476270278909864,3.631705432420903,6.199645944694664,6.538061258775128,-0.1783783783783784,-0.3702585050206314,-0.3384153140804642,-0.10770211444022076,-0.43479999999999996,0.4495
KXNBAGAME-26FEB03UTAIND,2026-02-03,UTA,IND,UTA,IND,0.5748,0.4346,46,55,-0.8307677711352349,0.41714326605697627,2.726837753233581,3.3196072268601036,3.557605524368817,2.9024639608031277,6.284443277602397,6.22207118766323,-0.0891089108910891,-1.2479110371922113,0.06237208993916621,-0.10695000730515511,-0.4252,0.4346
KXNBAGAME-26FEB04BOSHOU,2026-02-04,BOS,HOU,BOS,HOU,0.2917,0.723,124,96,0.15353990819681632,-0.19165633446535124,2.9078222107140106,2.9558353961305164,2.754282302517194,3.147491730595868,5.6621045132312045,6.103327126726384,0.12727272727272726,0.34519624266216753,-0.44122261349517977,0.080896175769472,-0.7082999999999999,0.723
KXNBAGAME-26FEB04CLELAC,2026-02-04,CLE,LAC,CLE,LAC,0.5871,0.4256,145,183,-1.100278467765205,0.21004190856034238,2.7856505914975425,3.4045834924940612,3.885929059262747,3.1945415839337183,6.6715796507602905,6.59912507642778,-0.11585365853658537,-1.3103203763255475,0.0724545743325109,-0.12344284808457007,-0.41290000000000004,0.4256
KXNBAGAME-26FEB04DENNYK,2026-02-04,DEN,NYK,NYK,DEN,0.6554,0.3628,98,156,0.7198878863323249,0.2356001069216481,3.4597321219616584,3.265434740100891,2.7398442356293327,3.029834633179243,6.19957635759099,6.295269373280135,-0.2283464566929134,0.4842877794106768,-0.0956930156891449,-0.08995883937592286,-0.3446,0.3628
KXNBAGAME-26FEB04MEMSAC,2026-02-04,MEM,SAC,MEM,SAC,0.3862,0.6094,121,60,-1.5300219424149621,0.0046851762091221355,2.739091256936407,3.312431512395934,4.26911319935137,3.3077463361868116,7.0082044562877766,6.620177848582745,0.3370165745856354,-1.5347071186240844,0.38802660770503117,0.09177293136161348,-0.6138,0.6094
KXNBAGAME-26FEB04MINTOR,2026-02-04,MIN,TOR,MIN,TOR,0.577,0.4393,143,78,-0.2004338020914038,0.4936275853661347,3.0964123815855906,3.190896670787877,3.296846183676993,2.697269085421743,6.393258565262583,5.88816575620962,0.29411764705882354,-0.6940613874575385,0.5050928090529627,0.11235575415653484,-0.42300000000000004,0.4393
KXNBAGAME-26FEB04NOPMIL,2026-02-04,NOP,MIL,MIL,NOP,0.3586,0.6465,58,170,-0.34291922836532407,-0.10939940537737454,3.0787736303591666,2.744149633892258,3.421692858724491,2.853549039269633,6.500466489083657,5.597698673161891,-0.49122807017543857,-0.23351982298794954,0.9027678159217665,-0.2572900262371168,-0.6414,0.6465
KXNBAGAME-26FEB04OKCSAS,2026-02-04,OKC,SAS,SAS,OKC,0.7857,0.2275,116,63,0.2780218933540973,0.2852219663056597,3.285429173608266,3.299637181219413,3.007407280254168,3.0144152149137544,6.292836453862434,6.314052396133164,0.29608938547486036,-0.007200072951562386,-0.02121594227072965,0.14768468908985205,-0.21430000000000005,0.2275
KXNBAGAME-26FEB05BKNORL,2026-02-05,BKN,ORL,ORL,BKN,0.7959,0.207,92,74,-0.567663811779511,-0.1181203185147297,2.6648083092326846,3.3925935290308287,3.232472121012196,3.5107138475455573,5.897280430244881,6.903307376576386,0.10843373493975904,-0.44954349326478127,-1.006026946331505,0.031739692806640456,-0.20409999999999995,0.207
KXNBAGAME-26FEB05CHAHOU,2026-02-05,CHA,HOU,CHA,HOU,0.3993,0.6158,87,119,-0.38989248299597185,0.15992660111814516,2.948975908841918,3.2070594760205204,3.338868391837889,3.047132874902375,6.287844300679806,6.254192350922896,-0.1553398058252427,-0.5498190841141171,0.033651949756910327,-0.1051608571183272,-0.6007,0.6158
KXNBAGAME-26FEB05CHITOR,2026-02-05,CHI,TOR,TOR,CHI,0.74,0.2696,224,85,-0.45649782080943324,-0.08527662212595165,2.4750629031799853,2.940165138091955,2.931560723989418,3.0254417602179062,5.406623627169404,5.965606898309861,0.44983818770226536,-0.3712211986834816,-0.5589832711404572,0.2063580339169586,-0.26,0.2696
KXNBAGAME-26FEB05GSWPHX,2026-02-05,GSW,PHX,GSW,PHX,0.3493,0.6575,125,112,-0.1063737440708992,0.5451441684227398,3.175298272476988,3.464644514052468,3.281672016547888,2.9195003456297286,6.456970289024875,6.384144859682197,0.05485232067510549,-0.651517912493639,0.07282542934267866,-0.005149735287129208,-0.6507000000000001,0.6575
KXNBAGAME-26FEB05PHILAL,2026-02-05,PHI,LAL,LAL,PHI,0.5256,0.5016,0,189,,-0.06629164550021509,,3.163496718882821,,3.2297883643830363,,6.393285083265859,-1.0,,,,-0.47440000000000004,0.5016
KXNBAGAME-26FEB05SASDAL,2026-02-05,SAS,DAL,SAS,DAL,0.7399,0.2692,79,143,0.3147356515312283,0.0313368374227907,3.200364815117709,3.1649469692402783,2.885629163586481,3.133610131817488,6.08599397870419,6.298557101057767,-0.2882882882882883,0.2833988141084376,-0.21256312235357733,-0.12997420343872226,-0.2601,0.2692
KXNBAGAME-26FEB05UTAATL,2026-02-05,UTA,ATL,ATL,UTA,0.744,0.2697,186,85,-0.5391769490705568,-0.6007159373373139,2.8992060229013825,2.834354350874123,3.438382971971939,3.4350702882114375,6.337588994873322,6.269424639085562,0.3726937269372694,0.06153898826675708,0.06816435578775959,0.18942381288197255,-0.256,0.2697
KXNBAGAME-26FEB05WASDET,2026-02-05,WAS,DET,WAS,DET,0.1096,0.8978,116,138,0.30984676103612374,-0.1669360731517824,3.545043916877065,2.591413193826443,3.2351971558409414,2.7583492669782257,6.780241072718007,5.349762460804669,-0.08661417322834646,0.4767828341879061,1.4304786119133377,-0.01946794490477792,-0.8904,0.8978
KXNBAGAME-26FEB06INDMIL,2026-02-06,IND,MIL,MIL,IND,0.4709,0.5393,87,268,-0.10890627762143415,-0.3583208529889931,2.726023588766844,2.637538837852632,2.8349298663882774,2.9958596908416255,5.56095345515512,5.633398528694257,-0.5098591549295775,0.24941457536755893,-0.07244507353913665,-0.24245884869641077,-0.5291,0.5393
KXNBAGAME-26FEB06LACSAC,2026-02-06,LAC,SAC,LAC,SAC,0.5932,0.425,283,59,0.042913477367936666,-0.8698658090670077,3.0149576913390597,2.8111384023924693,2.972044213971124,3.681004211459477,5.9870019053101835,6.4921426138519465,0.6549707602339181,0.9127792864349444,-0.505140708541763,0.3731243444387063,-0.40680000000000005,0.425
KXNBAGAME-26FEB06MEMPOR,2026-02-06,MEM,POR,POR,MEM,0.7227,0.2822,147,92,-1.1121761035165216,-0.13675696072552493,2.6888152501702525,3.3840742124655683,3.800991353686774,3.5208311731910937,6.489806603857028,6.904905385656665,0.2301255230125523,-0.9754191427909967,-0.415098781799637,0.06629180436672631,-0.2773,0.2822
KXNBAGAME-26FEB06MIABOS,2026-02-06,MIA,BOS,BOS,MIA,0.6504,0.3593,101,201,-0.4318818429321866,0.19985578543417468,2.7937134599273867,3.0077872529798473,3.2255953028595736,2.8079314675456724,6.019308762786961,5.8157187205255205,-0.33112582781456956,-0.6317376283663613,0.20359004226144073,-0.19714979532560284,-0.3496,0.3593
KXNBAGAME-26FEB06NOPMIN,2026-02-06,NOP,MIN,NOP,MIN,0.2533,0.7598,90,203,-0.5530240724233798,-0.28914160119361487,2.565591679099868,2.69868166774956,3.1186157515232473,2.987823268943175,5.6842074306231165,5.686504936692735,-0.3856655290102389,-0.26388247122976494,-0.002297506069618649,-0.2060268880666077,-0.7466999999999999,0.7598
KXNBAGAME-26FEB06NYKDET,2026-02-06,NYK,DET,DET,NYK,0.6575,0.3544,167,124,0.17867699900361594,-0.016718303221796543,3.0449030477013643,2.685921301692315,2.866226048697748,2.7026396049141117,5.911129096399112,5.388560906606427,0.14776632302405499,0.1953953022254125,0.5225681897926844,0.08365292662329812,-0.3425,0.3544
KXNBAGAME-26FEB07CHAATL,2026-02-07,CHA,ATL,CHA,ATL,0.5361,0.475,143,180,-0.16203108363708596,-0.15844585860889285,2.9674648590520754,3.0798863668243106,3.129495942689161,3.2383322254332034,6.096960801741236,6.318218592257514,-0.11455108359133127,-0.003585225028193112,-0.2212577905162778,-0.057454803047075294,-0.4639,0.475
KXNBAGAME-26FEB07CLESAC,2026-02-07,CLE,SAC,CLE,SAC,0.8396,0.1728,192,65,-0.5994551853544292,-0.2690532274217237,2.6076736427835465,2.9589681763073967,3.207128828137975,3.22802140372912,5.814802470921521,6.186989580036515,0.49416342412451364,-0.3304019579327055,-0.37218710911499464,0.23056161416562154,-0.1604,0.1728
KXNBAGAME-26FEB07DALSAS,2026-02-07,DAL,SAS,SAS,DAL,0.7991,0.2082,172,113,0.16658924861987442,0.2375848203945104,3.1918399288150034,3.367553968471296,3.02525068019513,3.1299691480767864,6.217090609010132,6.497523116548081,0.20701754385964913,-0.07099557177463597,-0.2804325075379488,0.09995899334109276,-0.20089999999999997,0.2082
KXNBAGAME-26FEB07DENCHI,2026-02-07,DEN,CHI,DEN,CHI,0.7566,0.2535,83,295,-0.5829621811100703,-0.08641321228172963,2.933628541041896,2.70577665371714,3.5165907221519657,2.79218986599887,6.45021926319386,5.497966519716009,-0.5608465608465608,-0.49654896882834065,0.9522527434778514,-0.30525072886469745,-0.24339999999999995,0.2535
KXNBAGAME-26FEB07GSWLAL,2026-02-07,GSW,LAL,LAL,GSW,0.556,0.44,245,264,-0.08187337312243824,-0.3088984703171893,2.9527612287167266,2.958417019323612,3.0346346018391652,3.267315489640801,5.987395830555892,6.2257325089644135,-0.03732809430255403,0.22702509719475106,-0.23833667840852168,-0.007312792291539461,-0.44399999999999995,0.44
KXNBAGAME-26FEB07HOUOKC,2026-02-07,HOU,OKC,HOU,OKC,0.4605,0.5478,97,181,-0.31206844294574865,-0.23012121573575312,2.8371005875313164,3.0181623742211685,3.149169030477066,3.2482835899569222,5.9862696180083805,6.266445964178091,-0.302158273381295,-0.08194722720999553,-0.28017634616971065,-0.15517649805114725,-0.5395,0.5478
KXNBAGAME-26FEB07MEMPOR,2026-02-07,MEM,POR,POR,MEM,0.7396,0.2711,138,52,-1.1693865376938035,-1.618282805517349,2.7077259043545103,2.922448223444208,3.8771124420483134,4.540731028961558,6.584838346402824,7.463179252405768,0.45263157894736844,0.4488962678235455,-0.8783409060029435,0.24876060286486149,-0.26039999999999996,0.2711
KXNBAGAME-26FEB07PHIPHX,2026-02-07,PHI,PHX,PHI,PHX,0.4763,0.5218,0,119,,0.18438445676204715,,3.04686845791288,,2.862484001150833,,5.909352459063712,-1.0,,,,-0.5237,0.5218
KXNBAGAME-26FEB07UTAORL,2026-02-07,UTA,ORL,ORL,UTA,0.7211,0.2908,198,83,-0.40269265586827796,0.7670451814968782,2.682091332744515,3.8333474826566682,3.084783988612793,3.0663023011597903,5.766875321357308,6.899649783816461,0.4092526690391459,-1.1697378373651561,-1.1327744624591531,0.14613944265131515,-0.27890000000000004,0.2908
KXNBAGAME-26FEB07WASBKN,2026-02-07,WAS,BKN,BKN,WAS,0.7178,0.3016,191,137,0.5637058364093378,-0.2258857633788531,3.419874541357598,2.9858124334044587,2.85616870494826,3.2116981967833116,6.276043246305857,6.19751063018777,0.16463414634146342,0.7895915997881909,0.07853261611808726,0.12179665316014127,-0.2822,0.3016
KXNBAGAME-26FEB08INDTOR,2026-02-08,IND,TOR,TOR,IND,0.7528,0.2602,119,72,-0.13722786369948145,-0.4329674003796575,2.8672609327102605,3.0458669458005927,3.004488796409743,3.47883434618025,5.871749729120003,6.524701291980842,0.24607329842931938,0.29573953668017605,-0.6529515628608387,0.1378236260486685,-0.24719999999999998,0.2602
KXNBAGAME-26FEB08LACMIN,2026-02-08,LAC,MIN,LAC,MIN,0.2565,0.7597,134,114,-0.5276423252023064,-0.7546475908999284,2.6199465497956647,2.530419357853577,3.1475888749979717,3.2850669487535065,5.7675354247936355,5.815486306607083,0.08064516129032258,0.22700526569762203,-0.04795088181344731,0.051672843930042386,-0.7435,0.7597
KXNBAGAME-26FEB08MIAWAS,2026-02-08,MIA,WAS,MIA,WAS,0.8495,0.1595,86,132,-0.07496684852155294,0.33157808604809424,3.130582782039243,3.3534838331598413,3.205549630560796,3.021905747111748,6.3361324126000405,6.375389580271588,-0.21100917431192662,-0.4065449345696472,-0.039257167671547855,-0.12583183388444566,-0.15049999999999997,0.1595
KXNBAGAME-26FEB08NYKBOS,2026-02-08,NYK,BOS,NYK,BOS,0.413,0.5996,117,137,0.09279619161420959,-0.13192010676995958,3.1697688404777,2.820332804815478,3.0769726488634905,2.9522529115854375,6.24674148934119,5.772585716400916,-0.07874015748031496,0.22471629838416918,0.4741557729402741,-0.02813426382094902,-0.587,0.5996
KXNBAGAME-26FEB09ATLMIN,2026-02-09,ATL,MIN,MIN,ATL,0.752,0.2523,93,59,0.0960131694526072,-0.4217179531182035,3.0466075689941787,2.7019715898870054,2.9505943995415724,3.1236895430052094,5.99720196853575,5.825661132892215,0.2236842105263158,0.5177311225708107,0.17154083564353506,0.13772866139169843,-0.248,0.2523
KXNBAGAME-26FEB09CHIBKN,2026-02-09,CHI,BKN,BKN,CHI,0.4189,0.5938,102,44,0.05705844987688349,0.2670731346355354,3.1675151406360733,3.345232902698821,3.1104566907591904,3.078159768063286,6.277971831395262,6.423392670762111,0.3972602739726027,-0.2100146847586519,-0.14542083936684946,0.18812940274836876,-0.5811,0.5938
KXNBAGAME-26FEB09CLEDEN,2026-02-09,CLE,DEN,CLE,DEN,0.4496,0.5675,68,45,0.07966162493130324,-0.8105694861478934,3.393131728138506,2.8145642222300036,3.313470103207203,3.6251337083778985,6.706601831345709,6.439697930607901,0.20353982300884957,0.8902311110791966,0.266903900737808,0.14628146705838463,-0.5504,0.5675
KXNBAGAME-26FEB09DETCHA,2026-02-09,DET,CHA,DET,CHA,0.5912,0.4269,50,43,-0.032365980442757986,0.1438126959528237,3.053000105592863,3.104913381729463,3.0853660860356205,2.961100685776639,6.138366191628485,6.066014067506103,0.07526881720430108,-0.17617867639558168,0.07235212412238212,0.028825474782371456,-0.40880000000000005,0.4269
KXNBAGAME-26FEB09MEMGSW,2026-02-09,MEM,GSW,GSW,MEM,0.7096,0.3382,91,121,-1.2588492774118987,0.2652593186007751,2.8808074733989444,3.451793681535877,4.139656750810843,3.1865343629351006,7.020464224209786,6.638328044470979,-0.14150943396226415,-1.524108596012674,0.382136179738807,-0.14696014678176578,-0.2904,0.3382
KXNBAGAME-26FEB09MILORL,2026-02-09,MIL,ORL,ORL,MIL,0.7808,0.2285,90,43,0.11798054301898521,0.870362420211322,2.769083178280924,4.02589463745166,2.651102635261939,3.1555322172403395,5.420185813542862,7.181426854692001,0.3533834586466165,-0.7523818771923368,-1.7612410411491384,0.13907263546369142,-0.21919999999999995,0.2285
KXNBAGAME-26FEB09OKCLAL,2026-02-09,OKC,LAL,OKC,LAL,0.6921,0.325,83,130,-0.1571113958975351,0.38147570089391525,3.1498374080552747,3.443311406957858,3.3069488039528085,3.0618357060639436,6.456786212008083,6.505147113021801,-0.22065727699530516,-0.5385870967914503,-0.048360901013717594,-0.1372579933372251,-0.30789999999999995,0.325
KXNBAGAME-26FEB09PHIPOR,2026-02-09,PHI,POR,POR,PHI,0.5973,0.4046,0,78,,-1.0288229790673118,,3.077673421909312,,4.106496400976623,,7.184169822885933,-1.0,,,,-0.40269999999999995,0.4046
KXNBAGAME-26FEB09SACNOP,2026-02-09,SAC,NOP,NOP,SAC,0.7695,0.2388,67,40,-0.12811255930963264,-0.6097920509336892,3.3345744699632034,2.6463859210581058,3.4626870292728364,3.256177971991794,6.79726149923604,5.9025638930499,0.2523364485981308,0.48167949162405654,0.8946976061861402,0.15025219888026822,-0.23050000000000004,0.2388
KXNBAGAME-26FEB09UTAMIA,2026-02-09,UTA,MIA,UTA,MIA,0.3096,0.711,61,88,-0.14924872192708652,0.4503637668329049,3.332943011511921,3.6017570008182425,3.482191733439008,3.1513932339853383,6.815134744950928,6.753150234803583,-0.18120805369127516,-0.5996124887599914,0.06198451014734552,-0.12058465128363716,-0.6904,0.711
KXNBAGAME-26FEB10DALPHX,2026-02-10,DAL,PHX,PHX,DAL,0.7398,0.2697,66,53,0.026674792946598774,0.33815367256833717,3.0654096518863607,3.2284891935835454,3.038734858939762,2.8903355210152077,6.104144510826124,6.118824714598752,0.1092436974789916,-0.31147887962173837,-0.014680203772627465,0.03904790475840888,-0.2602,0.2697
KXNBAGAME-26FEB10INDNYK,2026-02-10,IND,NYK,IND,NYK,0.2014,0.8305,47,78,-0.6396556653152131,0.1711544589713514,2.4804855559629315,3.1131914554046185,3.1201412212781445,2.9420369964332664,5.600626777241077,6.055228451837887,-0.248,-0.8108101242865645,-0.4546016745968098,-0.16454050621432822,-0.7986,0.8305
KXNBAGAME-26FEB10LACHOU,2026-02-10,LAC,HOU,HOU,LAC,0.7413,0.2699,87,65,-0.19386981302158326,-0.1496065269777095,2.9034947566153892,3.3909371933678445,3.097364569636972,3.540543720345554,6.000859326252361,6.931480913713399,0.14473684210526316,-0.04426328604387378,-0.9306215874610375,0.07015525675043789,-0.25870000000000004,0.2699
KXNBAGAME-26FEB10SASLAL,2026-02-10,SAS,LAL,SAS,LAL,0.8508,0.1595,52,139,0.15318447303648103,0.35406848720571715,3.2913550962536493,3.358067160801853,3.1381706232171678,3.0039986735961364,6.429525719470817,6.362065834397988,-0.45549738219895286,-0.20088401416923612,0.06745988507282874,-0.23779289180793822,-0.1492,0.1595
KXNBAGAME-26FEB11ATLCHA,2026-02-11,ATL,CHA,CHA,ATL,0.5538,0.4597,79,114,-0.7244941313889649,-1.8919461314000194,2.5595851783048804,2.373449287757453,3.2840793096938468,4.265395419157472,5.843664487998726,6.638844706914925,-0.18134715025906736,1.1674520000110546,-0.7951802189161983,-0.03230097512898095,-0.44620000000000004,0.4597
KXNBAGAME-26FEB11CHIBOS,2026-02-11,CHI,BOS,BOS,CHI,0.8626,0.1499,66,99,-0.26591607073023066,-0.14207279414531637,2.7928258179761785,2.7716160837802892,3.0587418887064106,2.9136888779256065,5.851567706682588,5.685304961705896,-0.2,-0.12384327658491429,0.16626274497669247,-0.10619216382924572,-0.13739999999999997,0.1499
KXNBAGAME-26FEB11DETTOR,2026-02-11,DET,TOR,DET,TOR,0.519,0.4925,138,61,-1.0205034399345028,-0.4427677395525078,2.4950969365793885,2.9365316817711573,3.5156003765138903,3.379299421323665,6.01069731309328,6.315831103094821,0.3869346733668342,-0.577735700381995,-0.30513379000154117,0.16458055166431734,-0.481,0.4925
KXNBAGAME-26FEB11INDBKN,2026-02-11,IND,BKN,IND,BKN,0.331,0.6797,65,67,-0.7335367162930448,-0.3616644384676352,2.3086912830513304,2.661135119097699,3.042227999344376,3.022799557565335,5.350919282395708,5.683934676663034,-0.015151515151515152,-0.37187227782540966,-0.33301539426732596,-0.02616937146702806,-0.669,0.6797
KXNBAGAME-26FEB11LACHOU,2026-02-11,LAC,HOU,LAC,HOU,0.2482,0.7503,95,53,-0.11777143468821355,0.2848576300567582,3.1550885068355545,3.434223118130255,3.272859941523768,3.1493654880734976,6.427948448359322,6.583588606203753,0.28378378378378377,-0.40262906474497173,-0.15564015784443086,0.1217604386546433,-0.7518,0.7503
KXNBAGAME-26FEB11MEMDEN,2026-02-11,MEM,DEN,DEN,MEM,0.8571,0.1585,59,53,-1.1057547910228538,-0.6856383305299701,2.6262493382400645,3.124557015482538,3.732004129262919,3.8101953460125095,6.3582534675029825,6.934752361495049,0.05357142857142857,-0.42011646049288365,-0.5764988939920661,0.005779891261070102,-0.14290000000000003,0.1585
KXNBAGAME-26FEB11MIANOP,2026-02-11,MIA,NOP,MIA,NOP,0.4736,0.5349,64,49,-0.17048018992186606,-1.4590006468291281,2.9967745836772197,2.248317681738069,3.167254773599086,3.707318328567197,6.164029357276306,5.955636010305266,0.13274336283185842,1.2885204569072621,0.2083933469710395,0.13079770426129234,-0.5264,0.5349
KXNBAGAME-26FEB11MILORL,2026-02-11,MIL,ORL,MIL,ORL,0.1996,0.811,85,45,-0.07041153911433705,0.23339701225422832,3.148469942432695,3.6124804063306737,3.2188814815470317,3.3790833940764458,6.367351423979726,6.9915638004071194,0.3076923076923077,-0.3038085513685654,-0.6242123764273932,0.1386557262777256,-0.8004,0.811
KXNBAGAME-26FEB11NYKPHI,2026-02-11,NYK,PHI,NYK,PHI,0.5679,0.4479,118,0,-0.5371476603550431,,2.766830273657733,,3.303977934012776,,6.07080820767051,,1.0,,,,-0.43210000000000004,0.4479
KXNBAGAME-26FEB11OKCPHX,2026-02-11,OKC,PHX,OKC,PHX,0.715,0.2977,128,55,0.22860994759839776,-0.1820481139073502,3.286128364538059,2.902733546847124,3.057518416939662,3.084781660754473,6.3436467814777195,5.9875152076015965,0.3989071038251366,0.41065806150574796,0.35613157387612304,0.2199864549878557,-0.28500000000000003,0.2977
KXNBAGAME-26FEB11PORMIN,2026-02-11,POR,MIN,MIN,POR,0.7298,0.2725,73,81,-0.5448118685928359,-0.5425762711481208,2.7251396265648715,2.706649307655145,3.2699514951577093,3.249225578803267,5.995091121722582,5.955874886458412,-0.05194805194805195,-0.0022355974447151317,0.03921623526416962,-0.02608580584626173,-0.2702,0.2725
KXNBAGAME-26FEB11SACUTA,2026-02-11,SAC,UTA,UTA,SAC,0.6599,0.3506,56,80,-0.42184716723905735,-0.37490706055484446,2.720935927567323,2.690651570230946,3.14278309480638,3.065558630785791,5.863719022373704,5.756210201016739,-0.17647058823529413,-0.04694010668421289,0.10750882135696571,-0.09058229945185771,-0.34009999999999996,0.3506
KXNBAGAME-26FEB11SASGSW,2026-02-11,SAS,GSW,SAS,GSW,0.6637,0.381,73,93,0.19266129986777186,-0.48891386401424786,3.1877827207367275,3.191588515352822,2.9951214208689567,3.68050237936707,6.1829041416056825,6.872090894719893,-0.12048192771084337,0.6815751638820198,-0.6891867531142104,-0.0261622056613207,-0.33630000000000004,0.381
KXNBAGAME-26FEB11WASCLE,2026-02-11,WAS,CLE,CLE,WAS,0.9302,0.0946,56,144,0.4270944055092629,0.2785263499569223,3.3479885695251745,3.5385256329998542,2.9208941640159116,3.2599992830429327,6.268882733541085,6.798524916042787,-0.44,0.1485680555523406,-0.5296421825017017,-0.21257159722238297,-0.06979999999999997,0.0946
KXNBAGAME-26FEB12DALLAL,2026-02-12,DAL,LAL,LAL,DAL,0.6996,0.3101,108,199,0.39991810593087407,0.2581418774580624,3.3491240061067824,3.2823549779923633,2.9492059001759072,3.0242131005343005,6.298329906282689,6.306568078526663,-0.2964169381107492,0.14177622847281168,-0.008238172243974162,-0.141119657631734,-0.3004,0.3101
KXNBAGAME-26FEB12MILOKC,2026-02-12,MIL,OKC,MIL,OKC,0.176,0.8295,69,141,0.2011828972618911,-0.4383331073241309,3.217965784514177,3.0601686536005412,3.016782887252286,3.498501760924672,6.234748671766463,6.5586704145252135,-0.34285714285714286,0.639516004586022,-0.32392174275875085,-0.13945277119927033,-0.8240000000000001,0.8295
KXNBAGAME-26FEB12PORUTA,2026-02-12,POR,UTA,POR,UTA,0.6893,0.3191,71,86,-0.8584056821405375,-0.4562863158440473,2.6517060064807434,2.957422828735493,3.510111688621281,3.4137091445795402,6.161817695102025,6.371131973315036,-0.09554140127388536,-0.4021193662964902,-0.20931427821301085,-0.0678766689517672,-0.3107,0.3191
KXNBAGAME-26FEB19ATLPHI,2026-02-19,ATL,PHI,ATL,PHI,0.4952,0.5183,27,0,0.12045816625780002,,2.8615673074633996,,2.7411091412056003,,5.602676448669,,1.0,,,,-0.5048,0.5183
KXNBAGAME-26FEB19BKNCLE,2026-02-19,BKN,CLE,CLE,BKN,0.8958,0.1141,33,62,0.09881651673288092,0.6181207560332651,3.0945377511949785,3.603016397772071,2.9957212344620987,2.984895641738807,6.090258985657078,6.587912039510879,-0.30526315789473685,-0.5193042393003842,-0.4976530538538011,-0.17859679091238764,-0.10419999999999996,0.1141
KXNBAGAME-26FEB19BOSGSW,2026-02-19,BOS,GSW,BOS,GSW,0.6746,0.3423,60,52,0.7099443653732295,1.1849968826392618,3.4727506913984163,3.513136082334187,2.7628063260251867,2.3281391996949257,6.235557017423604,5.841275282029113,0.07142857142857142,-0.47505251726603237,0.3942817353944905,0.011961659850984095,-0.3254,0.3423
KXNBAGAME-26FEB19DENLAC,2026-02-19,DEN,LAC,LAC,DEN,0.347,0.66,56,78,1.018241134445644,0.5784347973668715,3.6493689205295525,3.4875029276728577,2.6311277860839084,2.909068130305987,6.280496706613462,6.396571057978845,-0.16417910447761194,0.43980633707877237,-0.11607435136538236,-0.060099235384867354,-0.653,0.66
KXNBAGAME-26FEB19DETNYK,2026-02-19,DET,NYK,DET,NYK,0.406,0.609,47,75,0.7512654522318957,0.5568860474957715,3.349666728876137,3.1596384092162024,2.598401276644242,2.602752361720432,5.94806800552038,5.7623907709366335,-0.22950819672131148,0.19437940473612414,0.1856772345837463,-0.10503512812384953,-0.594,0.609
KXNBAGAME-26FEB19HOUCHA,2026-02-19,HOU,CHA,HOU,CHA,0.6325,0.3752,32,34,0.9061774726183752,0.27158703522715383,3.346845396689784,2.915170271212018,2.4406679240714095,2.643583235984864,5.787513320761194,5.558753507196881,-0.030303030303030304,0.6345904373912215,0.22875981356431296,0.01657800671804592,-0.36750000000000005,0.3752
KXNBAGAME-26FEB19INDWAS,2026-02-19,IND,WAS,WAS,IND,0.4112,0.5955,89,41,-0.02828442828217856,1.3502792931140764,3.2974510578053806,4.160057220428492,3.3257354860875603,2.8097779273144146,6.623186543892942,6.9698351477429075,0.36923076923076925,-1.378563721396255,-0.34664860384996565,0.11568719854557188,-0.5888,0.5955
KXNBAGAME-26FEB19ORLSAC,2026-02-19,ORL,SAC,ORL,SAC,0.7742,0.2411,24,21,0.8613094745159713,-0.42611213031964557,3.173253130453661,3.4974379331547203,2.311943655937691,3.9235500634743685,5.485196786391354,7.420987996629091,0.06666666666666667,1.2874216048356169,-1.9357912102377366,0.09770441357511417,-0.2258,0.2411
KXNBAGAME-26FEB19PHXSAS,2026-02-19,PHX,SAS,SAS,PHX,0.7299,0.2813,52,62,0.34552511450118706,1.0173291492214156,3.069693229764903,3.605360811086758,2.7241681152637174,2.588031661865342,5.7938613450286205,6.193392472952102,-0.08771929824561403,-0.6718040347202285,-0.3995311279234812,-0.07744985085881845,-0.2701,0.2813
KXNBAGAME-26FEB19TORCHI,2026-02-19,TOR,CHI,TOR,CHI,0.6757,0.3318,17,53,0.231826620636074,0.11669108302806495,3.4031323256084463,3.154661867387034,3.171305704972375,3.0379707843589694,6.574438030580822,6.1926326517460035,-0.5142857142857142,0.11513553760800906,0.3818053788348186,-0.2513860802624567,-0.32430000000000003,0.3318
KXNBAGAME-26FEB20BKNOKC,2026-02-20,BKN,OKC,OKC,BKN,0.9014,0.1059,52,68,0.4135813815062798,0.6243737040108156,3.1185013354543267,3.3474075527525353,2.7049199539480475,2.7230338487417205,5.823421289402376,6.070441401494257,-0.13333333333333333,-0.21079232250453578,-0.24702011209188157,-0.07720628279189345,-0.09860000000000002,0.1059
KXNBAGAME-26FEB20CLECHA,2026-02-20,CLE,CHA,CLE,CHA,0.6599,0.3489,83,70,0.2123818343027704,-0.9822965152371643,3.127177490030033,2.4923897703219398,2.9147956557272625,3.4746862855591045,6.0419731457572965,5.967076055881044,0.08496732026143791,1.1946783495399347,0.07489708987625221,0.10221757760771569,-0.34009999999999996,0.3489
KXNBAGAME-26FEB20DALMIN,2026-02-20,DAL,MIN,MIN,DAL,0.8631,0.1419,95,53,1.4445922457178488,0.39019945994874583,4.282460144403639,3.252003148001802,2.83786789868579,2.8618036880530555,7.120328043089429,6.113806836054858,0.28378378378378377,1.0543927857691031,1.006521207034571,0.19461153118034705,-0.13690000000000002,0.1419
KXNBAGAME-26FEB20DENPOR,2026-02-20,DEN,POR,DEN,POR,0.5264,0.4835,53,50,0.6466209088744284,0.06766728181512238,3.258424860761534,3.065064695598307,2.611803951887106,2.997397413783185,5.870228812648639,6.0624621093814905,0.02912621359223301,0.578953627059306,-0.1922332967328515,0.043510788149081804,-0.4736,0.4835
KXNBAGAME-26FEB20INDWAS,2026-02-20,IND,WAS,WAS,IND,0.5243,0.4898,84,47,0.08398738693016027,1.165502943883439,3.3118853414083373,4.079086869668764,3.227897954478177,2.9135839257853258,6.539783295886515,6.992670795454092,0.2824427480916031,-1.0815155569532788,-0.4528874995675771,0.0871455961981376,-0.4757,0.4898
KXNBAGAME-26FEB20MIAATL,2026-02-20,MIA,ATL,MIA,ATL,0.5772,0.4399,35,49,0.18202122620531358,0.16668102263327603,2.936276979189875,3.0733075605787397,2.7542557529845597,2.906626537945465,5.690532732174434,5.979934098524206,-0.16666666666666666,0.015340203572037553,-0.28940136634977165,-0.08256632315473145,-0.42279999999999995,0.4399
KXNBAGAME-26FEB20MILNOP,2026-02-20,MIL,NOP,MIL,NOP,0.39,0.6198,79,17,0.5847364589833095,-0.17275046916938663,3.199119129198423,2.8407827885475436,2.6143826702151136,3.013533257716932,5.813501799413537,5.8543160462644765,0.6458333333333334,0.7574869281526961,-0.04081424685093982,0.3607910130743015,-0.61,0.6198
KXNBAGAME-26FEB20UTAMEM,2026-02-20,UTA,MEM,MEM,UTA,0.5696,0.4394,46,31,-0.5180848766004894,-0.4326090976853324,3.0744605894108754,3.3237273502861227,3.592545466011365,3.756336447971455,6.667006055422242,7.080063798257582,0.19480519480519481,-0.08547577891515701,-0.41305774283534014,0.09312880845683956,-0.4304,0.4394
KXNBAGAME-26FEB21DETCHI,2026-02-21,DET,CHI,DET,CHI,0.83,0.1799,100,77,0.5424318845614817,-0.08664673599044516,3.2877606560413666,3.1365558095556354,2.745328771479885,3.223202545546081,6.0330894275212525,6.359758355101718,0.12994350282485875,0.6290786205519269,-0.3266689275804655,0.09642568244002572,-0.17000000000000004,0.1799
KXNBAGAME-26FEB21HOUNYK,2026-02-21,HOU,NYK,NYK,HOU,0.6435,0.3751,64,102,-1.4316665150690524,0.19098654186724578,2.3399942164797154,3.0863807817938116,3.771660731548768,2.895394239926566,6.111654948028483,5.981775021720377,-0.2289156626506024,-1.6226530569362982,0.12987992630810563,-0.1955904841721161,-0.35650000000000004,0.3751
KXNBAGAME-26FEB21MEMMIA,2026-02-21,MEM,MIA,MIA,MEM,0.8241,0.1704,35,43,-0.7051114559861109,0.10830548803407201,3.126696266268966,2.846673857869564,3.8318077222550766,2.7383683698354906,6.958503988524042,5.585042227705055,-0.10256410256410256,-0.8134169440201829,1.3734617608189863,-0.09195289848306043,-0.17589999999999995,0.1704
KXNBAGAME-26FEB21ORLPHX,2026-02-21,ORL,PHX,PHX,ORL,0.4957,0.5028,52,86,0.004100654365404188,0.06709628026141057,3.5139204036461713,3.1749806869913275,3.509819749280766,3.1078844067299167,7.0237401529269405,6.282865093721245,-0.2463768115942029,-0.06299562589600638,0.7408750592056954,-0.12633818709190178,-0.5043,0.5028
KXNBAGAME-26FEB21PHINOP,2026-02-21,PHI,NOP,NOP,PHI,0.3881,0.6182,0,34,,-0.3114024901285747,,2.3776061555290653,,2.689008645657641,,5.066614801186708,-1.0,,,,-0.6119,0.6182
KXNBAGAME-26FEB21SACSAS,2026-02-21,SAC,SAS,SAS,SAC,0.9338,0.0788,45,89,-0.2697724001743739,0.10300635129869762,3.1843985394625314,3.2171177707029983,3.4541709396369047,3.1141114194043,6.638569479099436,6.331229190107298,-0.3283582089552239,-0.37277875147307155,0.3073402889921377,-0.1828180420512655,-0.06620000000000004,0.0788
KXNBAGAME-26FEB22BKNATL,2026-02-22,BKN,ATL,ATL,BKN,0.7872,0.2271,78,74,-0.5067051590458997,-0.2563935936689016,2.9844644465664016,2.6726468627346485,3.4911696056123027,2.929040456403551,6.475634052178705,5.601687319138201,0.02631578947368421,-0.25031156537699817,0.873946733040504,0.0006423164679921958,-0.2128,0.2271
KXNBAGAME-26FEB22BOSLAL,2026-02-22,BOS,LAL,BOS,LAL,0.5202,0.4897,79,120,-0.01617274610616612,0.5787645576727063,3.384024687074705,3.4191971601490705,3.400197433180871,2.8404326024763655,6.7842221202555795,6.259629762625437,-0.20603015075376885,-0.5949373037788724,0.5245923576301426,-0.13276194056582805,-0.4798,0.4897
KXNBAGAME-26FEB22CHAWAS,2026-02-22,CHA,WAS,CHA,WAS,0.8277,0.1958,83,52,-0.634677682917862,0.5654469584124424,3.181471913119244,3.5962386448378663,3.8161495960371052,3.0307916864254247,6.997621509156349,6.627030331263292,0.22962962962962963,-1.2001246413303044,0.37059117789305684,0.0548085827482996,-0.1723,0.1958
KXNBAGAME-26FEB22CLEOKC,2026-02-22,CLE,OKC,OKC,CLE,0.4443,0.5827,108,83,-0.437849500353857,-0.24653049211968805,3.135220900583385,3.06678667357358,3.573070400937242,3.3133171656932685,6.708291301520628,6.38010383926685,0.13089005235602094,-0.19131900823416895,0.32818746225377815,0.05587907576630202,-0.5557000000000001,0.5827
KXNBAGAME-26FEB22DALIND,2026-02-22,DAL,IND,DAL,IND,0.5235,0.4871,79,83,-0.14035231341839977,-0.2190556086453456,3.149025026857432,3.2160082627428612,3.289377340275833,3.4350638713882065,6.438402367133266,6.651072134131068,-0.024691358024691357,0.07870329522694583,-0.21266976699780216,-0.008410514250998386,-0.47650000000000003,0.4871
KXNBAGAME-26FEB22DENGSW,2026-02-22,DEN,GSW,GSW,DEN,0.3407,0.6808,89,54,-0.3230344221954888,0.15061520696221303,3.1272535241943658,3.3255027089135414,3.450287946389854,3.174887501951327,6.577541470584219,6.500390210864866,0.24475524475524477,-0.4736496291577018,0.07715125971935244,0.0986951409197373,-0.6593,0.6808
KXNBAGAME-26FEB22NYKCHI,2026-02-22,NYK,CHI,NYK,CHI,0.7991,0.216,95,60,0.1878908004808254,-0.3353565066397578,2.853241601059337,2.859405469674863,2.665350800578512,3.1947619763146218,5.51859240163785,6.054167445989487,0.22580645161290322,0.5232473071205832,-0.5355750443516367,0.13906559116248077,-0.20089999999999997,0.216
KXNBAGAME-26FEB22ORLLAC,2026-02-22,ORL,LAC,ORL,LAC,0.4185,0.5952,44,112,-0.22610817351053494,0.113476948196602,3.6204874097167057,3.7981089669986066,3.8465955832272396,3.684632018802005,7.467082992943949,7.4827409858006115,-0.4358974358974359,-0.33958512170713695,-0.015657992856662695,-0.2349279740340748,-0.5815,0.5952
KXNBAGAME-26FEB22PHIMIN,2026-02-22,PHI,MIN,PHI,MIN,0.2497,0.7661,0,84,,-0.6618886091051872,,2.6572714999762415,,3.31916010908143,,5.976431609057672,-1.0,,,,-0.7503,0.7661
KXNBAGAME-26FEB22PORPHX,2026-02-22,POR,PHX,POR,PHX,0.5969,0.4147,67,76,-0.46123081937247995,-0.38950425458142224,2.9401755842217954,3.0477977945649806,3.401406403594276,3.4373020491464024,6.34158198781607,6.485099843711384,-0.06293706293706294,-0.07172656479105771,-0.14351785589531385,-0.035054859708084356,-0.4031,0.4147
KXNBAGAME-26FEB22TORMIL,2026-02-22,TOR,MIL,TOR,MIL,0.606,0.4037,38,69,-0.13099530266303283,-0.6766671034433156,2.930943198685256,2.4222709988805633,3.0619385013482887,3.0989381023238796,5.992881700033545,5.521209101204444,-0.2897196261682243,0.5456718007802828,0.47167259882910084,-0.117576223045098,-0.394,0.4037
KXNBAGAME-26FEB23SACMEM,2026-02-23,SAC,MEM,SAC,MEM,0.4483,0.5732,55,67,-1.2547531528058122,-1.630544895842776,2.5782352794799497,2.799929395165491,3.832988432285764,4.430474291008267,6.411223711765713,7.230403686173757,-0.09836065573770492,0.3757917430369637,-0.8191799744080441,-0.03039074071700427,-0.5517000000000001,0.5732
KXNBAGAME-26FEB23SASDET,2026-02-23,SAS,DET,SAS,DET,0.5106,0.5037,57,45,-1.0798648547005387,-1.4753581747287448,2.6699269184908445,2.3400352514551965,3.749791773191384,3.8153934261839417,6.419718691682228,6.15542867763914,0.11764705882352941,0.39549332002820603,0.2642900140430884,0.078598195413175,-0.48939999999999995,0.5037
KXNBAGAME-26FEB23UTAHOU,2026-02-23,UTA,HOU,HOU,UTA,0.8793,0.1378,41,62,-1.090371720181452,-0.4618594313641353,2.8831668651160207,3.2964406100225006,3.973538585297471,3.758300041386635,6.856705450413493,7.054740651409135,-0.20388349514563106,-0.6285122888173167,-0.1980352009956423,-0.13336736201368138,-0.12070000000000003,0.1378
KXNBAGAME-26FEB24BOSPHX,2026-02-24,BOS,PHX,BOS,PHX,0.6799,0.3388,120,94,-0.11807169371448845,-1.6413449432467626,3.224281814147913,2.658444044383577,3.342353507862401,4.29978898763034,6.566635322010313,6.958233032013917,0.12149532710280374,1.523273249532274,-0.39159771000360344,0.13691132602801556,-0.32010000000000005,0.3388
KXNBAGAME-26FEB24CHACHI,2026-02-24,CHA,CHI,CHA,CHI,0.7491,0.2598,44,54,0.17784258619774257,-0.7473731821004496,3.56271973482793,3.0207325413737083,3.384877148630186,3.768105723474158,6.947596883458115,6.7888382648478665,-0.10204081632653061,0.9252157682981921,0.15875861861024898,-0.0047596197483557035,-0.2509,0.2598
KXNBAGAME-26FEB24DALBKN,2026-02-24,DAL,BKN,DAL,BKN,0.567,0.4416,49,31,-1.628549107120414,-0.6941926101708675,2.6141260351064797,3.0865803637077036,4.242675142226894,3.780772973878571,6.856801177333374,6.867353337586275,0.225,-0.9343564969495464,-0.010552160252901288,0.06578217515252269,-0.43300000000000005,0.4416
KXNBAGAME-26FEB24GSWNOP,2026-02-24,GSW,NOP,NOP,GSW,0.4987,0.5148,55,35,0.7188145676644133,-0.7809676903748708,3.9130331513532557,2.647007951582313,3.1942185836888415,3.4279756419571847,7.1072517350421,6.074983593539499,0.2222222222222222,1.499782258039284,1.032268141502601,0.1861002240130753,-0.5013000000000001,0.5148
KXNBAGAME-26FEB24MIAMIL,2026-02-24,MIA,MIL,MIL,MIA,0.3284,0.6879,62,49,-1.0784848608434179,-0.30377749248423,3.0070594577155805,3.1521923401847953,4.085544318558998,3.455969832669025,7.09260377627458,6.608162172853822,0.11711711711711711,-0.7747073683591879,0.48444160342075815,0.019823190140599162,-0.6716,0.6879
KXNBAGAME-26FEB24MINPOR,2026-02-24,MIN,POR,MIN,POR,0.6817,0.3228,72,59,-1.495017183967943,-2.0078939929091892,2.4867245507112403,2.261777718589198,3.9817417346791832,4.269671711498387,6.468466285390424,6.5314494300875845,0.09923664122137404,0.5128768089412463,-0.06298314469716093,0.07526216105774934,-0.3183,0.3228
KXNBAGAME-26FEB24NYKCLE,2026-02-24,NYK,CLE,CLE,NYK,0.6211,0.396,85,75,-0.43078258950857523,-1.0955620546789187,2.86771740988208,2.8123664878470738,3.2984999993906556,3.9079285425259926,6.166217409272736,6.720295030373068,0.0625,0.6647794651703434,-0.5540776211003315,0.06448897325851717,-0.3789,0.396
KXNBAGAME-26FEB24OKCTOR,2026-02-24,OKC,TOR,OKC,TOR,0.4847,0.5147,76,54,-1.2188675178123136,0.01338973477075206,2.729042169196388,3.1525121962234737,3.9479096870087025,3.139122461452721,6.676951856205091,6.291634657676196,0.16923076923076924,-1.2322572525830657,0.38531719852889434,0.02300252198623133,-0.5153,0.5147
KXNBAGAME-26FEB24PHIIND,2026-02-24,PHI,IND,PHI,IND,0.8205,0.18,0,60,,-1.2258119669309355,,3.05764543295124,,4.283457399882175,,7.341102832833415,-1.0,,,,-0.1795,0.18
KXNBAGAME-26FEB24WASATL,2026-02-24,WAS,ATL,ATL,WAS,0.8915,0.1112,36,40,0.1633290027207933,-0.6472305916264574,3.7891183162727704,2.816701567010376,3.6257893135519765,3.4639321586368332,7.414907629824748,6.28063372564721,-0.05263157894736842,0.8105595943472507,1.1342739041775385,0.014212190243678327,-0.10850000000000004,0.1112
KXNBAGAME-26FEB25BOSDEN,2026-02-25,BOS,DEN,DEN,BOS,0.5838,0.4278,128,56,0.3189288959331619,-0.12490463631466348,3.2793082435772516,3.346194869217541,2.96037934764409,3.4710995055322047,6.239687591221342,6.817294374749746,0.391304347826087,0.4438335322478254,-0.5776067835284042,0.21784385052543476,-0.4162,0.4278
KXNBAGAME-26FEB25CLEMIL,2026-02-25,CLE,MIL,MIL,CLE,0.4292,0.5806,81,63,-0.15619488021666014,-0.5714948972768915,3.2048360331793737,3.085567760322233,3.3610309133960348,3.6570626575991234,6.565866946575408,6.742630417921358,0.125,0.41530001706023134,-0.17676347134595005,0.08326500085301157,-0.5708,0.5806
KXNBAGAME-26FEB25GSWMEM,2026-02-25,GSW,MEM,GSW,MEM,0.6298,0.3789,74,86,0.4269783509834161,-2.0110499362254175,3.7038038708626115,2.6176707134767376,3.2768255198791945,4.628720649702155,6.980629390741806,7.246391363178892,-0.075,2.4380282872088337,-0.2657619724370859,0.08440141436044168,-0.3702,0.3789
KXNBAGAME-26FEB25OKCDET,2026-02-25,OKC,DET,DET,OKC,0.7893,0.2185,91,87,-0.7902538094536702,-0.1390802715300081,2.9243230495831485,3.016985076455801,3.7145768590368187,3.1560653479858085,6.638899908619968,6.173050424441611,0.02247191011235955,-0.6511735379236621,0.46584948417835736,-0.021322721840003327,-0.2107,0.2185
KXNBAGAME-26FEB25SACHOU,2026-02-25,SAC,HOU,HOU,SAC,0.877,0.1231,69,72,-1.1021332322516078,-0.38745722240847696,3.110448215779993,3.026846344060896,4.2125814480316,3.4143035664693735,7.323029663811594,6.441149910530269,-0.02127659574468085,-0.7146760098431308,0.881879753281325,-0.04637209836449697,-0.123,0.1231
KXNBAGAME-26FEB25SASTOR,2026-02-25,SAS,TOR,SAS,TOR,0.688,0.3084,75,66,0.37076221429905193,-0.08769609711201437,3.549356981797348,3.214271873122433,3.1785947674982955,3.301967970234447,6.727951749295643,6.516239843356882,0.06382978723404255,0.4584583114110663,0.21171190593876155,0.05483780918757459,-0.31200000000000006,0.3084
KXNBAGAME-26FEB26CHAIND,2026-02-26,CHA,IND,CHA,IND,0.8527,0.1556,51,71,-0.36033524498842595,-0.8050918332976137,2.6469040419437553,2.8438393196448226,3.0072392869321813,3.648931152942437,5.654143328875936,6.49277047258726,-0.16393442622950818,0.44475658830918774,-0.8386271437113244,-0.0597293836992947,-0.1473,0.1556
KXNBAGAME-26FEB26HOUORL,2026-02-26,HOU,ORL,HOU,ORL,0.5826,0.4193,76,74,-1.1933047285542426,-0.16921721683386615,2.6194024968971292,3.3489741168561284,3.8127072254513728,3.5181913336899946,6.4321097223485015,6.867165450546125,0.013333333333333334,-1.0240875117203765,-0.4350557281976233,-0.04453770891935216,-0.4174,0.4193
KXNBAGAME-26FEB26LALPHX,2026-02-26,LAL,PHX,PHX,LAL,0.3429,0.6694,150,71,0.2829197519327789,-0.8562607011375147,3.4302580860286485,2.80850757875937,3.1473383340958705,3.664768279896885,6.57759642012452,6.473275858656253,0.3574660633484163,1.1391804530702936,0.10432056146826696,0.23569205432772283,-0.6571,0.6694
KXNBAGAME-26FEB26MIAPHI,2026-02-26,MIA,PHI,PHI,MIA,0.5606,0.4511,57,0,-0.15330587468180665,,2.7903828739698784,,2.9436887486516854,,5.734071622621562,,1.0,,,,-0.4394,0.4511
KXNBAGAME-26FEB26MINLAC,2026-02-26,MIN,LAC,MIN,LAC,0.7459,0.2643,91,62,-0.9876661386673317,0.07943257456976377,2.9319723716035604,3.7460569593547017,3.919638510270892,3.6666243847849387,6.851610881874453,7.412681344139639,0.1895424836601307,-1.0670987132370955,-0.5610704622651852,0.041416306168210584,-0.2541,0.2643
KXNBAGAME-26FEB26NOPUTA,2026-02-26,NOP,UTA,NOP,UTA,0.682,0.3276,33,67,-0.3987039609528819,-1.4977552054707406,3.0324296724592106,2.5277629159679105,3.4311336334120925,4.025518121438651,6.463563305871305,6.553281037406562,-0.34,1.0990512445178586,-0.08971773153525753,-0.11504743777410709,-0.31799999999999995,0.3276
KXNBAGAME-26FEB26PORCHI,2026-02-26,POR,CHI,POR,CHI,0.6055,0.4024,73,71,-1.1098471249328425,-0.2897926566714648,2.93891958460939,2.857024986215173,4.0487667095422335,3.1468176428866377,6.987686294151622,6.00384262910181,0.013888888888888888,-0.8200544682613777,0.9838436650498119,-0.03405827896862444,-0.39449999999999996,0.4024
KXNBAGAME-26FEB26SACDAL,2026-02-26,SAC,DAL,SAC,DAL,0.2701,0.7444,67,71,-1.0904129505023734,0.05993245721974544,2.9512852755229844,2.667920008702187,4.041698226025359,2.6079875514824415,6.992983501548343,5.275907560184628,-0.028985507246376812,-1.150345407722119,1.7170759413637153,-0.07201002400929435,-0.7299,0.7444
KXNBAGAME-26FEB26SASBKN,2026-02-26,SAS,BKN,SAS,BKN,0.8319,0.1799,90,46,-0.3330656356994179,-0.8313094411429005,3.1625410060725363,2.5275829510564662,3.4956066417719542,3.358892392199367,6.658147647844491,5.886475343255835,0.3235294117647059,0.4982438054434826,0.7716723045886562,0.1866768961545271,-0.16810000000000003,0.1799
KXNBAGAME-26FEB26WASATL,2026-02-26,WAS,ATL,ATL,WAS,0.8199,0.1989,63,56,0.7514337986701854,0.18814120766083495,3.613003752749322,3.538902170660413,2.861569954079137,3.350760962999579,6.474573706828458,6.889663133659992,0.058823529411764705,0.5632925910093505,-0.4150894268315337,0.057576394256349875,-0.18010000000000004,0.1989
KXNBAGAME-26FEB27BKNBOS,2026-02-27,BKN,BOS,BOS,BKN,0.9099,0.0997,41,160,-1.114485903663073,-0.2139558221938142,2.33299502706465,3.235069160685418,3.4474809307277234,3.4490249828792328,5.780475957792374,6.68409414356465,-0.5920398009950248,-0.9005300814692587,-0.9036181857722756,-0.34104640457097535,-0.09009999999999996,0.0997
KXNBAGAME-26FEB27MEMDAL,2026-02-27,MEM,DAL,MEM,DAL,0.3592,0.6477,77,70,-1.101370965074361,-0.14255583754602175,2.959038074708972,2.579631309999177,4.060409039783333,2.722187147545199,7.019447114492305,5.301818457544376,0.047619047619047616,-0.9588151275283393,1.7176286569479293,-0.02413123256689316,-0.6408,0.6477
KXNBAGAME-26FEB28HOUMIA,2026-02-28,HOU,MIA,MIA,HOU,0.3955,0.6161,80,86,-0.4757299832751912,0.013232147124799046,2.9200295335280515,3.0737074886790956,3.395759516803242,3.060475341554297,6.315789050331292,6.134182830233392,-0.03614457831325301,-0.48896213039999026,0.1816062200978994,-0.04252039567662602,-0.6045,0.6161
KXNBAGAME-26FEB28LALGSW,2026-02-28,LAL,GSW,LAL,GSW,0.6022,0.4081,147,72,-0.7140380860006705,-0.7734580473489029,2.843991335093471,3.081411910229425,3.558029421094141,3.8548699575783267,6.402020756187611,6.936281867807752,0.3424657534246575,0.05941996134823235,-0.5342611116201414,0.17420387477974036,-0.39780000000000004,0.4081
KXNBAGAME-26FEB28NOPUTA,2026-02-28,NOP,UTA,NOP,UTA,0.6807,0.3234,41,72,-1.5765726575425398,-0.9644128843248353,2.5891498618655513,2.8660449537399058,4.165722519408091,3.830457838064741,6.754872381273646,6.696502791804647,-0.2743362831858407,-0.6121597732177045,0.05836958946899884,-0.16777613025380558,-0.31930000000000003,0.3234
KXNBAGAME-26FEB28PORCHA,2026-02-28,POR,CHA,CHA,POR,0.7113,0.2976,73,86,-1.4646420674430327,-0.7638073037313471,2.5368172396870667,2.6288171629003116,4.001459307130098,3.392624466631658,6.538276546817164,6.021441629531971,-0.08176100628930817,-0.7008347637116856,0.5168349172851929,-0.07592224133023837,-0.28869999999999996,0.2976
KXNBAGAME-26FEB28TORWAS,2026-02-28,TOR,WAS,TOR,WAS,0.8796,0.1299,83,63,0.49820680274474216,0.8047383495417458,3.5338443281589758,3.534460514329329,3.0356375254142334,2.7297221647875842,6.569481853573211,6.264182679116912,0.136986301369863,-0.3065315467970037,0.30529917445629895,0.05316657334508132,-0.12039999999999995,0.1299
KXNBAGAME-26JAN01BOSSAC,2026-01-01,BOS,SAC,BOS,SAC,0.7973,0.2126,115,79,0.18615074102398202,-0.5187088406378163,3.4457186031145994,2.8501598123480116,3.259567862090617,3.368868652985828,6.705286465205217,6.219028465333841,0.18556701030927836,0.7048595816617983,0.4862579998713761,0.1280264842377291,-0.2027,0.2126
KXNBAGAME-26JAN01HOUBKN,2026-01-01,HOU,BKN,HOU,BKN,0.8291,0.184,72,42,-0.7162487337949968,0.26846728161625805,2.9201227152768148,3.744235687460061,3.6363714490718118,3.4757684058438016,6.556494164348627,7.220004093303862,0.2631578947368421,-0.9847160154112549,-0.6635099289552349,0.0823431465978583,-0.17090000000000005,0.184
KXNBAGAME-26JAN01MIADET,2026-01-01,MIA,DET,MIA,DET,0.3739,0.6404,84,121,-1.5420918105976646,-0.5350707894573066,2.7221155731671685,2.9540068572534617,4.264207383764833,3.4890776467107694,6.9863229569320024,6.443084503964231,-0.18048780487804877,-1.007021021140358,0.5432384529677714,-0.14059495349604229,-0.6261,0.6404
KXNBAGAME-26JAN01PHIDAL,2026-01-01,PHI,DAL,PHI,DAL,0.5695,0.4441,0,89,,-0.1661977614388041,,3.2137172694690213,,3.379915030907826,,6.59363230037685,-1.0,,,,-0.4305,0.4441
KXNBAGAME-26JAN01UTALAC,2026-01-01,UTA,LAC,LAC,UTA,0.8588,0.1527,76,76,-0.10193414149203296,-0.2382117677296311,3.3171150096850988,3.0671843327246604,3.419049151177132,3.305396100454291,6.7361641608622325,6.372580433178952,0.0,0.13627762623759815,0.36358372768328007,0.006813881311879907,-0.1412,0.1527
KXNBAGAME-26JAN02ATLNYK,2026-01-02,ATL,NYK,ATL,NYK,0.3428,0.6685,81,141,-0.6551605718609284,-0.46043762386935155,2.838345031635384,3.053112237617423,3.4935056034963132,3.5135498614867746,6.3318506351316985,6.566662099104198,-0.2702702702702703,-0.1947229479915768,-0.2348114639724992,-0.14487128253471399,-0.6572,0.6685
KXNBAGAME-26JAN02BKNWAS,2026-01-02,BKN,WAS,WAS,BKN,0.6321,0.3771,24,61,-0.651775071478173,0.039225962135809964,3.0517015628770774,3.7446867732813702,3.7034766343552503,3.7054608111455614,6.7551781972323255,7.450147584426929,-0.43529411764705883,-0.691001033613983,-0.6949693871946039,-0.25219711050422855,-0.3679,0.3771
KXNBAGAME-26JAN02CHAMIL,2026-01-02,CHA,MIL,MIL,CHA,0.6849,0.3255,56,52,0.05193515559815992,0.5699414579556916,3.727207575786938,3.775550455171518,3.67527242018878,3.205608997215827,7.4024799959757175,6.981159452387345,0.037037037037037035,-0.5180063023575316,0.42132054358837223,-0.007381796599358066,-0.31510000000000005,0.3255
KXNBAGAME-26JAN02DENCLE,2026-01-02,DEN,CLE,CLE,DEN,0.8558,0.1529,69,66,-0.8126076244362418,-0.8646888050234761,2.812359632291274,2.9919946885333975,3.6249672567275155,3.8566834935568743,6.437326889018791,6.848678182090271,0.022222222222222223,0.05208118058723432,-0.41135129307148066,0.013715170140472827,-0.1442,0.1529
KXNBAGAME-26JAN02MEMLAL,2026-01-02,MEM,LAL,LAL,MEM,0.697,0.3089,56,138,-1.0061276826724048,-0.6148217559346107,3.2938866790349404,2.917171241700138,4.300014361707346,3.531992997634748,7.5939010407422884,6.449164239334887,-0.422680412371134,-0.3913059267377941,1.1447368014074017,-0.2309055025224567,-0.30300000000000005,0.3089
KXNBAGAME-26JAN02OKCGSW,2026-01-02,OKC,GSW,OKC,GSW,0.8688,0.1382,100,92,-0.7640976382670246,0.08338608479308969,3.0479576659473073,3.2182550606712974,3.8120553042143333,3.1348689758782076,6.860012970161641,6.353124036549506,0.041666666666666664,-0.8474837230601143,0.5068889336121352,-0.02154085281967238,-0.13119999999999998,0.1382
KXNBAGAME-26JAN02ORLCHI,2026-01-02,ORL,CHI,CHI,ORL,0.3637,0.6499,67,44,0.4932529864343841,-1.3077444717863762,4.010546916931901,2.484471324110676,3.5172939304975186,3.7922157958970546,7.52784084742942,6.276687120007732,0.2072072072072072,1.8009974582207602,1.2511537274216886,0.1936534765146416,-0.6363,0.6499
KXNBAGAME-26JAN02PORNOP,2026-01-02,POR,NOP,POR,NOP,0.5899,0.4313,51,35,-0.7478062864549773,-0.7106476959306041,3.4358457196684205,2.6863833649078757,4.1836520061234,3.397031060838481,7.61949772579182,6.083414425746356,0.18604651162790697,-0.0371585905243732,1.5360833000454646,0.09116532628773483,-0.4101,0.4313
KXNBAGAME-26JAN02SACPHX,2026-01-02,SAC,PHX,PHX,SAC,0.8666,0.1503,64,58,-0.6564479726758274,-0.9134233192597243,2.8526438111145684,2.644501089858191,3.509091783790395,3.557924409117914,6.361735594904966,6.202425498976105,0.04918032786885246,0.25697534658389687,0.15931009592886092,0.03743893126362107,-0.13339999999999996,0.1503
KXNBAGAME-26JAN02SASIND,2026-01-02,SAS,IND,SAS,IND,0.6189,0.3994,93,54,-0.8656571134473758,-0.06908408349776031,2.6701216233237144,3.4227365610611673,3.53577873677109,3.4918206445589277,6.205900360094805,6.9145572056200955,0.2653061224489796,-0.7965730299496155,-0.7086568455252902,0.09282440972700903,-0.3811,0.3994
KXNBAGAME-26JAN03ATLTOR,2026-01-03,ATL,TOR,TOR,ATL,0.6456,0.3672,66,38,-0.6712141315794953,-0.24961598591115625,2.92262990211415,3.430242967691828,3.593844033693646,3.679858953602984,6.516473935807796,7.110101921294813,0.2692307692307692,-0.42159814566833903,-0.593627985487017,0.11353547733196766,-0.35440000000000005,0.3672
KXNBAGAME-26JAN03BOSLAC,2026-01-03,BOS,LAC,BOS,LAC,0.4825,0.5341,76,83,0.14705872934290604,-0.17596099844275676,3.137023980039748,3.058045506615497,2.9899652506968417,3.234006505058254,6.126989230736589,6.2920520116737535,-0.0440251572327044,0.3230197277856628,-0.16506278093716453,-0.00586159222706906,-0.5175000000000001,0.5341
KXNBAGAME-26JAN03CHACHI,2026-01-03,CHA,CHI,CHA,CHI,0.4747,0.5392,44,33,-0.21178943788628635,-1.1632745886740543,3.4935212636231023,2.774858852088671,3.705310701509391,3.9381334407627264,7.198831965132493,6.712992292851396,0.14285714285714285,0.951485150787768,0.4858396722810969,0.11900282896795983,-0.5253,0.5392
KXNBAGAME-26JAN03HOUDAL,2026-01-03,HOU,DAL,DAL,HOU,0.2685,0.7484,59,73,-0.9315630926857117,-0.49833974074181364,2.645128630372197,3.170290444631922,3.576691723057909,3.668630185373736,6.221820353430106,6.83892063000566,-0.10606060606060606,-0.43322335194389805,-0.6171002765755542,-0.07469147062749794,-0.7315,0.7484
KXNBAGAME-26JAN03MINMIA,2026-01-03,MIN,MIA,MIN,MIA,0.593,0.4193,57,66,-0.8554829866909015,-0.39780608978821674,2.665557744797234,2.6903980027022616,3.521040731488136,3.0882040924904794,6.18659847628537,5.77860209519274,-0.07317073170731707,-0.45767689690268476,0.40799638109263014,-0.05946921069879277,-0.40700000000000003,0.4193
KXNBAGAME-26JAN03PHINYK,2026-01-03,PHI,NYK,PHI,NYK,0.4011,0.6182,0,107,,-0.8882995328625487,,2.8560596699447527,,3.744359202807302,,6.600418872752053,-1.0,,,,-0.5989,0.6182
KXNBAGAME-26JAN03PORSAS,2026-01-03,POR,SAS,POR,SAS,0.3079,0.7028,57,99,-0.44562643233934734,-1.0901332780026065,3.509365754112389,2.7090285391005415,3.954992186451738,3.7991618171031485,7.464357940564127,6.508190356203688,-0.2692307692307692,0.6445068456632592,0.9561675843604389,-0.10239004233222165,-0.6920999999999999,0.7028
KXNBAGAME-26JAN03UTAGSW,2026-01-03,UTA,GSW,GSW,UTA,0.8052,0.2202,64,77,-0.5511531866928168,0.022459092317273124,2.8682472256873597,3.1849885407600187,3.4194004123801767,3.1625294484427457,6.287647638067536,6.347517989202766,-0.09219858156028368,-0.5736122790100899,-0.05987035113522943,-0.07477990473064633,-0.19479999999999997,0.2202
KXNBAGAME-26JAN04DENBKN,2026-01-04,DEN,BKN,BKN,DEN,0.4384,0.577,77,55,-0.7142689180356712,0.1466256401495623,2.9922823748815697,3.718945072183101,3.706551292917242,3.572319432033539,6.698833667798812,7.29126450421664,0.16666666666666666,-0.8608945581852334,-0.5924308364178277,0.04028860542407166,-0.5616,0.577
KXNBAGAME-26JAN04DETCLE,2026-01-04,DET,CLE,DET,CLE,0.4346,0.5963,70,58,-0.49817940580066816,-1.312255639627347,2.772887380099382,2.7159873684224953,3.27106678590005,4.028243008049842,6.043954165999434,6.744230376472336,0.09375,0.8140762338266789,-0.7002762104729019,0.08757881169133394,-0.5654,0.5963
KXNBAGAME-26JAN04INDORL,2026-01-04,IND,ORL,ORL,IND,0.7018,0.3117,57,47,-0.4015646181974395,0.24489508915944944,3.070512480315341,3.587939155785955,3.4720770985127807,3.343044066626506,6.542589578828121,6.9309832224124595,0.09615384615384616,-0.646459707356889,-0.3883936435843385,0.01575393770907863,-0.2982,0.3117
KXNBAGAME-26JAN04MEMLAL,2026-01-04,MEM,LAL,LAL,MEM,0.6463,0.3695,77,129,-0.8360156462354097,-0.6359079417832607,3.0812008986689063,2.96526346711844,3.917216544904316,3.6011714089017017,6.998417443573222,6.566434876020143,-0.2524271844660194,-0.20010770445214898,0.43198256755307884,-0.13621897745561715,-0.3537,0.3695
KXNBAGAME-26JAN04MILSAC,2026-01-04,MIL,SAC,MIL,SAC,0.6975,0.3156,78,71,0.6111868644655886,-0.1671529067551637,3.52896576677365,2.986000813219335,2.9177789023080614,3.1531537199744983,6.4467446690817125,6.1391545331938335,0.04697986577181208,0.7783397712207523,0.307590135887879,0.06240692144694365,-0.3025,0.3156
KXNBAGAME-26JAN04MINWAS,2026-01-04,MIN,WAS,MIN,WAS,0.7786,0.2225,63,41,-0.1311036473480473,0.7310109097498989,2.9709501382846035,3.630722552036926,3.1020537856326516,2.899711642287027,6.0730039239172555,6.530434194323954,0.21153846153846154,-0.8621145570979463,-0.45743027040669837,0.06266350291433345,-0.22140000000000004,0.2225
KXNBAGAME-26JAN04NOPMIA,2026-01-04,NOP,MIA,MIA,NOP,0.7398,0.2726,45,53,-1.4292425518695788,-0.5628717539363877,3.0478483701919634,2.7696246464995267,4.477090922061542,3.3324964004359163,7.524939292253505,6.102121046935442,-0.08163265306122448,-0.8663707979331912,1.4228182453180631,-0.0841348664272718,-0.2602,0.2726
KXNBAGAME-26JAN04OKCPHX,2026-01-04,OKC,PHX,PHX,OKC,0.2347,0.7831,102,42,0.11687765490275086,-0.24060498119151938,3.4442530242394396,2.9233276201403524,3.3273753693366883,3.163932601331871,6.771628393576128,6.0872602214722225,0.4166666666666667,0.3574826360942702,0.6843681721039054,0.22620746513804685,-0.7653,0.7831
KXNBAGAME-26JAN05ATLTOR,2026-01-05,ATL,TOR,TOR,ATL,0.5762,0.4399,73,41,-0.5458843202026584,-1.781612471014174,2.524152037383747,2.2248445166236523,3.070036357586405,4.006456987637826,5.594188394970153,6.231301504261482,0.2807017543859649,1.2357281508115157,-0.6371131092913283,0.20213728473355824,-0.42379999999999995,0.4399
KXNBAGAME-26JAN05CHAOKC,2026-01-05,CHA,OKC,CHA,OKC,0.1159,0.8998,72,107,-0.29200668571627875,-0.021666190193660284,3.0259812751999395,3.166050112202303,3.3179879609162195,3.1877163023959634,6.343969236116158,6.353766414598265,-0.19553072625698323,-0.27034049552261846,-0.00979717848210715,-0.11128238790462254,-0.8841,0.8998
KXNBAGAME-26JAN05CHIBOS,2026-01-05,CHI,BOS,BOS,CHI,0.8096,0.2097,64,87,-0.17814859642928205,0.4471535157549126,3.0499670885047765,3.4331842644449075,3.2281156849340595,2.9860307486899957,6.278082773438836,6.419215013134902,-0.152317880794702,-0.6253021121841946,-0.14113223969606636,-0.10742404600656072,-0.1904,0.2097
KXNBAGAME-26JAN05DENPHI,2026-01-05,DEN,PHI,DEN,PHI,0.1669,0.851,73,0,-0.7009293148432396,,2.793484123894237,,3.4944134387374763,,6.287897562631713,,1.0,,,,-0.8331,0.851
KXNBAGAME-26JAN05GSWLAC,2026-01-05,GSW,LAC,LAC,GSW,0.3884,0.6216,117,87,-0.2290835272806605,-0.2806367852849691,3.2476730506911995,3.096858159444727,3.4767565779718597,3.377494944729696,6.724429628663058,6.474353104174423,0.14705882352941177,0.0515532580043086,0.2500765244886356,0.07610707466492131,-0.6115999999999999,0.6216
KXNBAGAME-26JAN05NYKDET,2026-01-05,NYK,DET,DET,NYK,0.4767,0.53,105,40,-0.21938476781073882,-0.8043915302877859,3.0194214238010515,2.712960333785438,3.23880619161179,3.517351864073224,6.258227615412841,6.230312197858662,0.4482758620689655,0.5850067624770471,0.027915417554178923,0.2533882691583351,-0.5233,0.53
KXNBAGAME-26JAN05PHXHOU,2026-01-05,PHX,HOU,HOU,PHX,0.6726,0.3116,50,59,-0.44980485098316775,-1.0795791831109274,2.777217924692261,2.69041951678843,3.2270227756754277,3.7699986998993573,6.004240700367687,6.4604182166877875,-0.08256880733944955,0.6297743321277596,-0.45617751632010073,-0.009795687063336792,-0.3274,0.3116
KXNBAGAME-26JAN05UTAPOR,2026-01-05,UTA,POR,POR,UTA,0.6644,0.3444,95,71,-0.25622965470874054,-0.5723640456685133,3.36037893455886,3.4080387616751464,3.6166085892676,3.9804028073436597,6.97698752382646,7.388441569018807,0.14457831325301204,0.31613439095977275,-0.41145404519234763,0.08809587617449466,-0.3356,0.3444
KXNBAGAME-26JAN06CLEIND,2026-01-06,CLE,IND,CLE,IND,0.6869,0.3304,52,41,-1.0245638685110183,-0.11779753780627816,3.111254797102184,3.3924787408310904,4.135818665613202,3.510276278637369,7.247073462715386,6.9027550194684615,0.11827956989247312,-0.9067663307047402,0.34431844324692484,0.013801468410999551,-0.31310000000000004,0.3304
KXNBAGAME-26JAN06DALSAC,2026-01-06,DAL,SAC,DAL,SAC,0.6351,0.3811,62,54,0.31702996393769034,0.11291622325114015,3.6574555548254,3.184583546896588,3.340425590887711,3.071667323645447,6.997881145713111,6.256250870542038,0.06896551724137931,0.2041137406865502,0.7416302751710733,0.044688445655017166,-0.3649,0.3811
KXNBAGAME-26JAN06LALNOP,2026-01-06,LAL,NOP,LAL,NOP,0.6796,0.332,111,50,-0.684003587336435,-0.9603033789462967,3.1555479029877302,2.515039735127292,3.839551490324165,3.475343114073591,6.995099393311897,5.990382849200884,0.37888198757763975,0.27629979160986173,1.0047165441110124,0.20325598336931297,-0.3204,0.332
KXNBAGAME-26JAN06MIAMIN,2026-01-06,MIA,MIN,MIN,MIA,0.6519,0.359,54,82,-0.352659034355271,-0.22568762387483823,3.0024770047805047,3.199580368548112,3.3551360391357776,3.4252679924229503,6.357613043916282,6.624848360971063,-0.20588235294117646,-0.12697141048043278,-0.267235317054781,-0.10928974699460987,-0.34809999999999997,0.359
KXNBAGAME-26JAN06ORLWAS,2026-01-06,ORL,WAS,WAS,ORL,0.29,0.7279,46,39,0.009461751773447047,0.31571026102466837,3.7237567107824274,3.3158744328295144,3.7142949590089804,3.0001641718048466,7.438051669791409,6.316038604634362,0.08235294117647059,-0.3062485092512213,1.1220130651570468,0.025864045125674227,-0.71,0.7279
KXNBAGAME-26JAN06SASMEM,2026-01-06,SAS,MEM,MEM,SAS,0.2885,0.7258,65,78,0.1472188053078508,-0.7797441385634769,3.4688179972267466,3.1761614914835645,3.3215991919188963,3.9559056300470408,6.790417189145643,7.132067121530607,-0.09090909090909091,0.9269629438713277,-0.3416499323849642,0.0008936017390209286,-0.7115,0.7258
KXNBAGAME-26JAN07CHIDET,2026-01-07,CHI,DET,DET,CHI,0.7507,0.2506,71,95,0.027338750367815412,-0.718610448623534,3.1969491888085573,2.6925088960480874,3.1696104384407424,3.411119344671621,6.366559627249301,6.1036282407197096,-0.14457831325301204,0.7459491989913494,0.26293138652959147,-0.03499169667693855,-0.24929999999999997,0.2506
KXNBAGAME-26JAN07DENBOS,2026-01-07,DEN,BOS,DEN,BOS,0.2513,0.7647,84,93,-0.15168817646815072,-0.22634810052763546,3.0409018405860904,2.9847077865238063,3.1925900170542416,3.211055887051443,6.233491857640333,6.19576367357525,-0.05084745762711865,0.07465992405948474,0.037728184065082715,-0.021690732610585087,-0.7486999999999999,0.7647
KXNBAGAME-26JAN07HOUPOR,2026-01-07,HOU,POR,POR,HOU,0.2999,0.7166,86,77,0.6025955874348095,-0.2594315929416993,3.466217573777289,3.334756821735393,2.86362198634248,3.5941884146770926,6.32983956011977,6.928945236412488,0.05521472392638037,0.8620271803765087,-0.5991056762927185,0.07070872098201561,-0.7001,0.7166
KXNBAGAME-26JAN07LACNYK,2026-01-07,LAC,NYK,NYK,LAC,0.6456,0.3705,125,93,-1.279990810992837e-05,-0.2096555999327576,3.3938339668201563,2.8522274812784736,3.3938467667282666,3.0618830812112314,6.787680733548422,5.914110562489704,0.14678899082568808,0.20964280002464766,0.8735701710587183,0.08387663541407642,-0.35440000000000005,0.3705
KXNBAGAME-26JAN07LALSAS,2026-01-07,LAL,SAS,SAS,LAL,0.7314,0.2782,136,57,-0.10259192545427284,-0.8179375975595254,3.285164098626785,2.926561644906738,3.3877560240810576,3.744499242466264,6.6729201227078425,6.671060887373004,0.40932642487046633,0.7153456721052526,0.0018592353348383384,0.2404304960404958,-0.26859999999999995,0.2782
KXNBAGAME-26JAN07MILGSW,2026-01-07,MIL,GSW,GSW,MIL,0.693,0.3159,89,106,0.3881861716724767,0.10616228281281866,3.139935969209538,3.351837466719249,2.751749797537062,3.245675183906431,5.8916857667466,6.5975126506256805,-0.08717948717948718,0.28202388885965807,-0.7058268838790802,-0.029488549146760683,-0.30700000000000005,0.3159
KXNBAGAME-26JAN07NOPATL,2026-01-07,NOP,ATL,ATL,NOP,0.7952,0.2185,57,110,-0.695819451308938,-0.23496989291394108,2.6756429119282243,3.0208352191650505,3.3714623632371636,3.2558051120789924,6.047105275165388,6.276640331244042,-0.31736526946107785,-0.46084955839499686,-0.229535056078654,-0.18172511265028876,-0.20479999999999998,0.2185
KXNBAGAME-26JAN07ORLBKN,2026-01-07,ORL,BKN,ORL,BKN,0.5519,0.4518,52,45,0.2373192783814708,0.47612116899849116,3.88291828151437,3.604350834321181,3.645599003132898,3.1282296653226913,7.528517284647268,6.732580499643872,0.07216494845360824,-0.23880189061702037,0.7959367850033967,0.024142379695953103,-0.44810000000000005,0.4518
KXNBAGAME-26JAN07PHXMEM,2026-01-07,PHX,MEM,PHX,MEM,0.6654,0.3439,131,83,0.3579301570791982,-1.4495460166373508,3.252905635906722,2.8485308426415163,2.8949754788275244,4.298076859278867,6.147881114734248,7.146607701920384,0.22429906542056074,1.807476173716549,-0.9987265871861366,0.20252334139610784,-0.3346,0.3439
KXNBAGAME-26JAN07TORCHA,2026-01-07,TOR,CHA,TOR,CHA,0.5735,0.4444,59,61,-0.2660879621262131,-0.28890173196095104,3.0761185559174438,2.955270947781841,3.3422065180436578,3.2441726797427917,6.418325073961103,6.199443627524633,-0.016666666666666666,0.02281376983473793,0.21888144643647056,-0.007192644841596436,-0.4265,0.4444
KXNBAGAME-26JAN07UTAOKC,2026-01-07,UTA,OKC,OKC,UTA,0.9056,0.1027,68,132,-0.05158703484993524,-0.08046735453873491,3.034914466640621,2.9710290175142147,3.086501501490557,3.0514963720529495,6.121415968131177,6.022525389567164,-0.32,0.02888031968879967,0.09889057856401262,-0.15855598401556,-0.09440000000000004,0.1027
KXNBAGAME-26JAN07WASPHI,2026-01-07,WAS,PHI,PHI,WAS,0.8581,0.1427,89,0,0.11958274853286519,,3.3942020327799183,,3.274619284247054,,6.668821317026971,,1.0,,,,-0.14190000000000003,0.1427
KXNBAGAME-26JAN08CLEMIN,2026-01-08,CLE,MIN,MIN,CLE,0.601,0.3936,63,95,-1.2187981682657711,0.5880612694290197,2.8615259816462606,3.282184474278486,4.080324149912032,2.6941232048494665,6.941850131558292,5.976307679127952,-0.20253164556962025,-1.8068594376947908,0.9655424524303395,-0.19160879466954966,-0.399,0.3936
KXNBAGAME-26JAN08DALUTA,2026-01-08,DAL,UTA,UTA,DAL,0.3764,0.6358,107,63,0.22745993109614138,-0.2827855648543144,3.269908574524327,3.121641615946543,3.0424486434281848,3.4044271808008575,6.31235721795251,6.526068796747401,0.25882352941176473,0.5102454959504558,-0.2137115787948911,0.15492403950340516,-0.6235999999999999,0.6358
KXNBAGAME-26JAN08INDCHA,2026-01-08,IND,CHA,IND,CHA,0.3833,0.633,61,68,-1.0744033300947784,-0.40345142060671635,3.052820554204245,2.8282967376828245,4.127223884299022,3.23174815828954,7.180044438503266,6.0600448959723625,-0.05426356589147287,-0.670951909488062,1.1199995425309037,-0.06067937842013953,-0.6167,0.633
KXNBAGAME-26JAN09ATLDEN,2026-01-09,ATL,DEN,ATL,DEN,0.5613,0.4494,175,93,0.22757779105995868,0.3160582259012833,3.2401887609219546,3.548934388508922,3.012610969861996,3.2328761626076385,6.25279973078395,6.7818105511165605,0.30597014925373134,-0.08848043484132462,-0.5290108203326103,0.14856105288479943,-0.4387,0.4494
KXNBAGAME-26JAN09HOUPOR,2026-01-09,HOU,POR,POR,HOU,0.3215,0.6954,77,69,-0.3845681557479243,0.33461321975634783,3.4607074872211485,3.684371287761557,3.845275642969072,3.349758068005209,7.305983130190219,7.034129355766764,0.0547945205479452,-0.7191813755042722,0.27185377442345526,-0.008561808501241011,-0.6785,0.6954
KXNBAGAME-26JAN09LACBKN,2026-01-09,LAC,BKN,LAC,BKN,0.6728,0.339,91,52,-0.33018522111411763,0.1786438508872431,2.9732485895446734,3.2031842348390995,3.3034338106587913,3.0245403839518565,6.276682400203463,6.227724618790955,0.2727272727272727,-0.5088290720013607,0.048957781412508616,0.11092218276356831,-0.32720000000000005,0.339
KXNBAGAME-26JAN09MILLAL,2026-01-09,MIL,LAL,MIL,LAL,0.4199,0.5957,129,198,0.14861199165942568,0.44179228674433085,3.130531026041767,3.403213463106104,2.981919034382341,2.9614211763617737,6.112450060424109,6.3646346394678766,-0.21100917431192662,-0.2931802950849052,-0.25218457904376734,-0.12016360191020857,-0.5801000000000001,0.5957
KXNBAGAME-26JAN09NOPWAS,2026-01-09,NOP,WAS,NOP,WAS,0.5668,0.4435,98,198,-0.33070626735548736,0.7463094460129319,2.826296693301985,3.6296217824033365,3.157002960657472,2.883312336390404,5.983299653959454,6.512934118793741,-0.33783783783783783,-1.0770157133684193,-0.5296344648342863,-0.22276970458733988,-0.43320000000000003,0.4435
KXNBAGAME-26JAN09NYKPHX,2026-01-09,NYK,PHX,PHX,NYK,0.4851,0.5287,86,60,0.2740286555615915,-1.1071810404973292,3.206369232152733,2.9223067895641375,2.9323405765911414,4.029487830061466,6.138709808743872,6.951794619625603,0.1780821917808219,1.3812096960589209,-0.8130848108817306,0.158101580693357,-0.5149,0.5287
KXNBAGAME-26JAN09OKCMEM,2026-01-09,OKC,MEM,OKC,MEM,0.6808,0.3433,79,78,-0.18963817990288567,-1.414162991496748,3.328780792188635,2.9387639771334193,3.5184189720915224,4.352926968630167,6.847199764280156,7.291690945763584,0.006369426751592357,1.2245248115938623,-0.4444911814834276,0.06441095395548929,-0.31920000000000004,0.3433
KXNBAGAME-26JAN09PHIORL,2026-01-09,PHI,ORL,PHI,ORL,0.5918,0.4287,0,71,,0.18248001956338158,,3.5540711690864377,,3.371591149523057,,6.925662318609495,-1.0,,,,-0.4082,0.4287
KXNBAGAME-26JAN09SACGSW,2026-01-09,SAC,GSW,GSW,SAC,0.8653,0.1466,51,108,-0.8338392436212458,0.3223582700033233,2.701065170806093,3.6963387349317416,3.5349044144273387,3.373980464928419,6.235969585233429,7.07031919986016,-0.3584905660377358,-1.1561975136245692,-0.8343496146267313,-0.23705515870009636,-0.13470000000000004,0.1466
KXNBAGAME-26JAN09TORBOS,2026-01-09,TOR,BOS,BOS,TOR,0.7713,0.2419,61,93,0.027449388496035412,0.14243821504340423,3.1946000428858063,3.1353306391001645,3.167150654389772,2.99289242405676,6.361750697275574,6.128223063156925,-0.2077922077922078,-0.11498882654736882,0.23352763411864874,-0.10964554522347235,-0.22870000000000001,0.2419
KXNBAGAME-26JAN10CHAUTA,2026-01-10,CHA,UTA,CHA,UTA,0.6482,0.3588,81,79,0.1008930341839804,-0.8358083601797042,3.3997012806591025,2.7587507868987426,3.2988082464751223,3.5945591470784484,6.698509527134224,6.35330993397719,0.0125,0.9367013943636846,0.34519959315703375,0.053085069718184226,-0.3518,0.3588
KXNBAGAME-26JAN10DALCHI,2026-01-10,DAL,CHI,CHI,DAL,0.5895,0.4119,92,111,0.08024353703019105,-1.0835277123311762,3.1041254807056102,2.232863491858052,3.02388194367542,3.3163912041892285,6.128007424381032,5.5492546960472815,-0.09359605911330049,1.1637712493613672,0.5787527283337504,0.011390532911418116,-0.4105,0.4119
KXNBAGAME-26JAN10LACDET,2026-01-10,LAC,DET,LAC,DET,0.3674,0.641,78,53,-0.5704323340268013,-0.02223972962697193,2.903403729873669,3.232898736024975,3.47383606390047,3.2551384656519464,6.377239793774139,6.488037201676922,0.19083969465648856,-0.5481926043998293,-0.11079740790278247,0.06801021710825281,-0.6326,0.641
KXNBAGAME-26JAN10MIAIND,2026-01-10,MIA,IND,IND,MIA,0.3197,0.6906,100,69,-1.532408932080413,-0.3094585389929514,2.145791417009231,3.0839112553779326,3.6782003490896447,3.3933697943708845,5.823991766098876,6.47728104974882,0.1834319526627219,-1.2229503930874617,-0.6532892836499435,0.030568456676987862,-0.6803,0.6906
KXNBAGAME-26JAN10MINCLE,2026-01-10,MIN,CLE,CLE,MIN,0.5746,0.4478,114,72,-1.0929816664753538,-1.083857224802828,2.918124229207508,2.607672165749827,4.011105895682862,3.691529390552656,6.92923012489037,6.299201556302483,0.22580645161290322,-0.009124441672525796,0.6300285685878864,0.11244700372282532,-0.4254,0.4478
KXNBAGAME-26JAN10SASBOS,2026-01-10,SAS,BOS,SAS,BOS,0.5124,0.5011,88,91,-0.08012192520271759,0.17675983752269142,3.2375795485444234,3.29149926279001,3.317701473747142,3.114739425267319,6.555281022291565,6.4062386880573285,-0.01675977653631285,-0.256881762725409,0.1490423342342364,-0.021223976404426876,-0.48760000000000003,0.5011
KXNBAGAME-26JAN11ATLGSW,2026-01-11,ATL,GSW,ATL,GSW,0.2953,0.741,88,67,0.06945549404596582,0.2644239781077325,3.223359935916205,3.4321052950765427,3.153904441870239,3.1676813169688103,6.377264377786442,6.599786612045353,0.13548387096774195,-0.19496848406176667,-0.2225222342589106,0.057993511280782645,-0.7047,0.741
KXNBAGAME-26JAN11BKNMEM,2026-01-11,BKN,MEM,MEM,BKN,0.7094,0.2915,43,86,-0.25138057558457966,-1.6315203466397836,3.2165566110533055,2.7032605750348697,3.4679371866378843,4.334780921674653,6.684493797691191,7.038041496709523,-0.3333333333333333,1.380139771055204,-0.35354769901833194,-0.09765967811390647,-0.29059999999999997,0.2915
KXNBAGAME-26JAN11HOUSAC,2026-01-11,HOU,SAC,SAC,HOU,0.1763,0.8412,69,53,0.1188444757996718,-0.20389656387952532,3.2248837677916358,3.2374733747192037,3.1060392919919653,3.44136993859873,6.330923059783601,6.678843313317936,0.13114754098360656,0.3227410396791971,-0.3479202535343351,0.08171082247576314,-0.8237,0.8412
KXNBAGAME-26JAN11MIAOKC,2026-01-11,MIA,OKC,OKC,MIA,0.8645,0.1448,86,69,-1.055173812283833,-0.9082773284493765,2.5943068898332635,3.056508163713226,3.6494807021170974,3.964785492162603,6.24378759195036,7.021293655875831,0.10967741935483871,-0.14689648383445653,-0.777506063925471,0.04749388548569653,-0.13549999999999995,0.1448
KXNBAGAME-26JAN11MILDEN,2026-01-11,MIL,DEN,DEN,MIL,0.3625,0.5977,130,38,-0.08440332859463376,-0.40416013021001074,3.313050945405018,2.804044956331493,3.397454273999652,3.2082050865415037,6.71050521940467,6.012250042872997,0.5476190476190477,0.319756801615377,0.6982551765316733,0.2897973638902927,-0.6375,0.5977
KXNBAGAME-26JAN11NOPORL,2026-01-11,NOP,ORL,ORL,NOP,0.7105,0.2971,50,54,0.012341785998641497,-0.6130065362770862,3.677531543359124,3.054865938476973,3.6651897573604826,3.667872474754059,7.342721300719608,6.722738413231032,-0.038461538461538464,0.6253483222757277,0.6199828874885762,0.01203664688301715,-0.2895,0.2971
KXNBAGAME-26JAN11NYKPOR,2026-01-11,NYK,POR,NYK,POR,0.6694,0.3477,82,56,-0.22424960818019285,-0.16035528148783748,3.153806631929748,3.508334627216937,3.3780562401099417,3.668689908704774,6.5318628720396905,7.177024535921711,0.18840579710144928,-0.06389432669235537,-0.6451616638820203,0.09100818221610688,-0.3306,0.3477
KXNBAGAME-26JAN11PHITOR,2026-01-11,PHI,TOR,TOR,PHI,0.5201,0.4657,0,69,,-0.7283894852420636,,2.864281089673446,,3.592670574915509,,6.456951664588956,-1.0,,,,-0.4799,0.4657
KXNBAGAME-26JAN11SASMIN,2026-01-11,SAS,MIN,MIN,SAS,0.5667,0.4497,59,122,-0.036229751446492806,-1.104125032453386,3.0571680126862333,3.391779201872444,3.0933977641327264,4.49590423432583,6.150565776818961,7.887683436198276,-0.34806629834254144,1.0678952810068931,-1.7371176593793143,-0.12063838512092606,-0.4333,0.4497
KXNBAGAME-26JAN11WASPHX,2026-01-11,WAS,PHX,PHX,WAS,0.8756,0.1363,77,52,1.02683731420858,-1.0869631323151334,4.189209803928096,2.7124252824675352,3.162372489719516,3.7993884147826695,7.351582293647612,6.511813697250204,0.1937984496124031,2.1138004465237135,0.8397685963974073,0.20258924713238724,-0.12439999999999996,0.1363
KXNBAGAME-26JAN12BKNDAL,2026-01-12,BKN,DAL,DAL,BKN,0.5927,0.4212,36,56,-0.858934306200428,-1.698982272321345,2.9207346486560692,2.628011501389311,3.779668954856497,4.326993773710656,6.700403603512567,6.955005275099968,-0.21739130434782608,0.840047966120917,-0.2546016715874009,-0.06669325386786719,-0.4073,0.4212
KXNBAGAME-26JAN12BOSIND,2026-01-12,BOS,IND,IND,BOS,0.3548,0.6565,85,43,-0.5298227639035742,0.01278803246987334,2.6472721777461636,2.9314109659897474,3.177094941649737,2.918622933519875,5.8243671193959,5.850033899509622,0.328125,-0.5426107963734476,-0.025666780113722254,0.1369319601813276,-0.6452,0.6565
KXNBAGAME-26JAN12CHALAC,2026-01-12,CHA,LAC,LAC,CHA,0.6481,0.3697,34,60,-0.7999497547813382,-1.077872348702677,2.890650374823034,2.9914226830206294,3.6906001296043733,4.069295031723307,6.581250504427411,7.060717714743939,-0.2765957446808511,0.27792259392133867,-0.4794672103165283,-0.1244017426443586,-0.3519,0.3697
KXNBAGAME-26JAN12LALSAC,2026-01-12,LAL,SAC,SAC,LAL,0.2471,0.7637,101,58,-1.2531153879824493,-0.886730915524201,2.736487223687873,2.8011076408697853,3.989602611670322,3.6878385563939875,6.726089835358196,6.488946197263775,0.27044025157232704,-0.36638447245824823,0.23714363809442052,0.11690090216325111,-0.7529,0.7637
KXNBAGAME-26JAN12PHITOR,2026-01-12,PHI,TOR,PHI,TOR,0.584,0.4277,0,56,,-0.8759572485362093,,2.7315768370637903,,3.607534085599999,,6.339110922663791,-1.0,,,,-0.41600000000000004,0.4277
KXNBAGAME-26JAN12UTACLE,2026-01-12,UTA,CLE,UTA,CLE,0.1854,0.8249,65,53,-1.6501647212610666,-1.3105137644743818,2.5554862634161437,2.7603782582198972,4.205650984677209,4.070892022694279,6.761137248093354,6.831270280914175,0.1016949152542373,-0.3396509567866848,-0.07013303282082184,0.033864909787784406,-0.8146,0.8249
KXNBAGAME-26JAN13ATLLAL,2026-01-13,ATL,LAL,LAL,ATL,0.5193,0.4876,58,85,-0.39926265269477307,-1.0443308801254945,3.26442389665953,2.6527445860913845,3.663686549354302,3.6970754662168783,6.928110446013832,6.349820052308265,-0.1888111888111888,0.6450682274307213,0.5782903937055677,-0.06215218303405833,-0.4807,0.4876
KXNBAGAME-26JAN13CHIHOU,2026-01-13,CHI,HOU,HOU,CHI,0.8291,0.18,49,60,-1.0085519486627554,-0.2709233640352513,2.8602431422598604,3.250471240177018,3.868795090922614,3.5213946042122686,6.729038233182475,6.771865844389289,-0.10091743119266056,-0.7376285846275041,-0.042827611206814,-0.08734014482770548,-0.17090000000000005,0.18
KXNBAGAME-26JAN13DENNOP,2026-01-13,DEN,NOP,DEN,NOP,0.552,0.4493,46,32,-1.0338765805922314,-6.399505762676692e-05,2.56631656674877,3.7453762784896725,3.6001931473410016,3.7454402735472963,6.166509714089772,7.490816552036971,0.1794871794871795,-1.0338125855346048,-1.3243068379471996,0.038052960466859506,-0.44799999999999995,0.4493
KXNBAGAME-26JAN13MINMIL,2026-01-13,MIN,MIL,MIN,MIL,0.477,0.5361,92,57,-1.2278043266269123,0.08505667236359166,2.611764165015842,3.365652467330693,3.8395684916427553,3.280595794967102,6.4513326566585985,6.646248262297796,0.2348993288590604,-1.312860998990504,-0.1949156056391974,0.051806614480004995,-0.523,0.5361
KXNBAGAME-26JAN13PHXMIA,2026-01-13,PHX,MIA,MIA,PHX,0.5392,0.4699,43,66,0.35621702845565684,-0.011599538690053007,3.6664820325340552,2.951771591563364,3.310265004078398,2.9633711302534156,6.976747036612453,5.91514272181678,-0.21100917431192662,0.36781656714570987,1.061604314795673,-0.08711375879867782,-0.4608,0.4699
KXNBAGAME-26JAN13PORGSW,2026-01-13,POR,GSW,GSW,POR,0.8083,0.2027,66,57,-0.8025962540882764,0.9352782416220903,3.2962634826382207,3.6989290292810333,4.098859736726496,2.763650787658939,7.3951232193647165,6.462579816939975,0.07317073170731707,-1.7378744957103667,0.9325434024247414,-0.0503083589318598,-0.19169999999999998,0.2027
KXNBAGAME-26JAN13SASOKC,2026-01-13,SAS,OKC,OKC,SAS,0.7206,0.2832,75,52,-1.3283556686055822,-0.6778981747655776,2.310750634749597,2.487984307035725,3.639106303355179,3.1658824818013014,5.949856938104774,5.653866788837027,0.18110236220472442,-0.6504574938400046,0.29599014926774725,0.05802830641036198,-0.2794,0.2832
KXNBAGAME-26JAN14BKNNOP,2026-01-14,BKN,NOP,NOP,BKN,0.5164,0.4979,77,33,-1.2108078624463254,-0.434367314598723,2.6243637191847533,3.0406802354007345,3.8351715816310783,3.4750475499994558,6.459535300815832,6.515727785400192,0.4,-0.7764405478476024,-0.056192484584360436,0.1611779726076199,-0.48360000000000003,0.4979
KXNBAGAME-26JAN14CLEPHI,2026-01-14,CLE,PHI,CLE,PHI,0.5025,0.511,60,0,-0.8867272419990877,,2.8682322495339,,3.754959491532987,,6.623191741066888,,1.0,,,,-0.49750000000000005,0.511
KXNBAGAME-26JAN14DENDAL,2026-01-14,DEN,DAL,DEN,DAL,0.4909,0.5234,57,76,-0.530984888605544,-0.1633859110725013,2.8657162233672624,2.981478116959174,3.3967011119728068,3.1448640280316753,6.26241733534007,6.126342144990851,-0.14285714285714285,-0.3675989775330427,0.136075190349219,-0.08980852030522356,-0.5091,0.5234
KXNBAGAME-26JAN14NYKSAC,2026-01-14,NYK,SAC,SAC,NYK,0.2311,0.7587,107,94,-0.5278526857613381,-0.4064813804115752,3.1604474985461524,3.131811272512542,3.68830018430749,3.538292652924116,6.848747682853643,6.67010392543666,0.06467661691542288,-0.12137130534976293,0.17864375741698346,0.026269743190223294,-0.7689,0.7587
KXNBAGAME-26JAN14TORIND,2026-01-14,TOR,IND,TOR,IND,0.4745,0.5288,90,75,0.012347961519270423,-0.2276601424563507,3.146817784705936,2.968813602977969,3.134469823186665,3.1964737454343184,6.281287607892601,6.165287348412289,0.09090909090909091,0.2400081039756211,0.11600025948031156,0.05745495065332651,-0.5255000000000001,0.5288
KXNBAGAME-26JAN14UTACHI,2026-01-14,UTA,CHI,CHI,UTA,0.6723,0.3421,69,49,-0.8879960066764325,-0.6593807826456564,3.01291938001075,2.808441756802595,3.9009153866871817,3.4678225394482496,6.913834766697933,6.2762642962508455,0.1694915254237288,-0.22861522403077617,0.6375704704470877,0.07331500151032559,-0.3277,0.3421
KXNBAGAME-26JAN14WASLAC,2026-01-14,WAS,LAC,LAC,WAS,0.8195,0.191,67,91,0.7341754175027757,-0.03171012428186007,3.6233408844738664,3.122039152449954,2.889165466971089,3.153749276731814,6.512506351444955,6.275788429181768,-0.1518987341772152,0.7658855417846357,0.23671792226318722,-0.03765508999937581,-0.1805,0.191
KXNBAGAME-26JAN15ATLPOR,2026-01-15,ATL,POR,POR,ATL,0.409,0.6094,103,88,0.0021561364657942603,-0.40791814561760636,3.135141705734127,3.563246354984366,3.1329855692683326,3.9711645006019713,6.268127275002459,7.534410855586336,0.07853403141361257,0.41007428208340063,-1.2662835805838775,0.059770729810976315,-0.591,0.6094
KXNBAGAME-26JAN15BOSMIA,2026-01-15,BOS,MIA,BOS,MIA,0.5852,0.4261,82,67,0.23037412360506374,-0.8083583988326618,3.4226702761059853,2.5979095472170775,3.192296152500922,3.4062679460497383,6.61496642860691,6.004177493266814,0.10067114093959731,1.0387325224377255,0.6107889353400955,0.10227219659168493,-0.41479999999999995,0.4261
KXNBAGAME-26JAN15CHALAL,2026-01-15,CHA,LAL,CHA,LAL,0.4061,0.6065,102,173,0.38987445622319383,-0.18849100180627884,3.0149659041118095,3.0910347576082113,2.6250914478886145,3.27952575941449,5.640057352000424,6.370560517022701,-0.2581818181818182,0.5783654580294727,-0.7305031650222773,-0.10017263618943545,-0.5939,0.6065
KXNBAGAME-26JAN15MEMORL,2026-01-15,MEM,ORL,ORL,MEM,0.6777,0.3391,75,37,-0.07751178723500571,0.3190476734941437,3.1400847652194845,3.4818779286423633,3.2175965524544896,3.1628302551482195,6.357681317673974,6.644708183790582,0.3392857142857143,-0.3965594607291494,-0.28702686611660866,0.14981488410639968,-0.32230000000000003,0.3391
KXNBAGAME-26JAN15MILSAS,2026-01-15,MIL,SAS,SAS,MIL,0.6916,0.319,118,100,-0.5392126579701164,-0.21475138100474245,2.731196047310871,3.184834230492253,3.270408705280988,3.3995856114969953,6.0016047525918585,6.584419841989249,0.08256880733944955,-0.32446127696537397,-0.58281508939739,0.025061339821456075,-0.3084,0.319
KXNBAGAME-26JAN15NYKGSW,2026-01-15,NYK,GSW,GSW,NYK,0.6179,0.3742,90,134,0.05141281398344391,0.31816727619951146,3.2134582367791156,3.7616588719523625,3.1620454227956714,3.4434915957528505,6.375503659574786,7.205150467705213,-0.19642857142857142,-0.2667544622160676,-0.8296468081304269,-0.11155200882508909,-0.3821,0.3742
KXNBAGAME-26JAN15OKCHOU,2026-01-15,OKC,HOU,OKC,HOU,0.6205,0.3941,94,63,0.2919394429631934,0.38811362470624833,3.1887531889428153,3.298970249270437,2.8968137459796224,2.9108566245641883,6.085566934922438,6.209826873834626,0.19745222929936307,-0.09617418174305492,-0.12425993891218745,0.09391740556252878,-0.37949999999999995,0.3941
KXNBAGAME-26JAN15PHXDET,2026-01-15,PHX,DET,DET,PHX,0.7301,0.2847,63,39,-0.6008652632518257,0.44951159453561457,3.014802910159532,3.2388425361631596,3.6156681734113576,2.7893309416275427,6.630471083570891,6.028173477790702,0.23529411764705882,-1.0503768577874402,0.6022976057801888,0.06512821593415741,-0.26990000000000003,0.2847
KXNBAGAME-26JAN15UTADAL,2026-01-15,UTA,DAL,DAL,UTA,0.5575,0.4534,62,92,-1.0438296692143305,-0.8899826093749618,2.782131110304606,2.552040336982692,3.825960779518936,3.4420229463576533,6.608091889823541,5.9940632833403455,-0.19480519480519481,-0.15384705983936875,0.6140286064831955,-0.10509495039456584,-0.4425,0.4534
KXNBAGAME-26JAN16CHIBKN,2026-01-16,CHI,BKN,BKN,CHI,0.5134,0.4989,96,78,0.0970759226238444,-0.42485115506947396,3.0686826481326563,2.6210495577732615,2.9716067255088117,3.045900712842735,6.040289373641468,5.666950270615997,0.10344827586206896,0.5219270776933184,0.37333910302547046,0.0778204918157004,-0.48660000000000003,0.4989
KXNBAGAME-26JAN16CLEPHI,2026-01-16,CLE,PHI,CLE,PHI,0.4473,0.5693,85,0,-1.1234067114944792,,2.9065160245211095,,4.029922736015589,,6.9364387605366975,,1.0,,,,-0.5527,0.5693
KXNBAGAME-26JAN16LACTOR,2026-01-16,LAC,TOR,LAC,TOR,0.4283,0.5792,70,69,0.8676537431885426,-0.41757493744382346,3.845395717518884,2.8821530252039675,2.9777419743303404,3.2997279626477907,6.823137691849224,6.181880987851757,0.007194244604316547,1.285228680632366,0.6412567039974668,0.06785855633377658,-0.5717,0.5792
KXNBAGAME-26JAN16MINHOU,2026-01-16,MIN,HOU,HOU,MIN,0.515,0.4781,97,67,-0.3247607657317857,0.052614406506982764,3.025292330982417,2.970544971389919,3.3500530967142037,2.917930564882936,6.375345427696621,5.888475536272855,0.18292682926829268,-0.3773751722387685,0.48686989142376547,0.07259465602220791,-0.485,0.4781
KXNBAGAME-26JAN16NOPIND,2026-01-16,NOP,IND,IND,NOP,0.639,0.38,50,58,-1.2115807922704132,-0.2952104314963409,2.457896382392837,2.8831071745783934,3.66947717466325,3.1783176060747342,6.127373557056087,6.061424780653128,-0.07407407407407407,-0.9163703607740723,0.06594877640295937,-0.08285555507574065,-0.361,0.38
KXNBAGAME-26JAN16WASSAC,2026-01-16,WAS,SAC,SAC,WAS,0.7209,0.2918,65,85,1.1478851955518186,-0.4379439100326545,3.9714420799915837,2.910439784304061,2.823556884439765,3.3483836943367153,6.794998964431347,6.258823478640775,-0.13333333333333333,1.585829105584473,0.5361754857905723,0.01262478861255699,-0.2791,0.2918
KXNBAGAME-26JAN17BOSATL,2026-01-17,BOS,ATL,BOS,ATL,0.609,0.4084,75,101,-1.2227221806171458,-0.19233863986854816,2.40817591108188,3.040087822948019,3.6308980916990263,3.2324264628165675,6.039074002780905,6.272514285764586,-0.14772727272727273,-1.0303835407485975,-0.2334402829836817,-0.12538281340106625,-0.391,0.4084
KXNBAGAME-26JAN17CHAGSW,2026-01-17,CHA,GSW,GSW,CHA,0.7183,0.2963,80,117,0.05548266884683917,-0.2845823730388606,3.027406818072179,3.1927833755237183,2.971924149225341,3.477365748562578,5.999330967297517,6.670149124086295,-0.18781725888324874,0.34006504188569975,-0.6708181567887781,-0.07690537734733938,-0.28169999999999995,0.2963
KXNBAGAME-26JAN17INDDET,2026-01-17,IND,DET,DET,IND,0.8784,0.1314,46,69,-0.1556647283004347,-0.12391490204329733,2.9688133950899287,2.7334839953980836,3.124478123390364,2.8573988974413806,6.093291518480292,5.5908828928394625,-0.2,-0.031749826257137376,0.5024086256408298,-0.10158749131285688,-0.12160000000000004,0.1314
KXNBAGAME-26JAN17LALPOR,2026-01-17,LAL,POR,POR,LAL,0.5783,0.439,142,77,-0.5214613301892999,-1.0533781987497566,2.9980254447687367,3.049553309200519,3.5194867749580365,4.1029315079502755,6.517512219726772,7.152484817150793,0.2968036529680365,0.5319168685604567,-0.6349725974240208,0.1749976699120411,-0.42169999999999996,0.439
KXNBAGAME-26JAN17MINSAS,2026-01-17,MIN,SAS,SAS,MIN,0.6416,0.3668,55,66,-0.38070791352563427,-0.3858976960320131,2.7766594870825143,2.759635276152337,3.1573674006081482,3.145532972184349,5.9340268876906626,5.905168248336684,-0.09090909090909091,0.005189782506378859,0.028858639353978255,-0.04519505632922651,-0.35840000000000005,0.3668
KXNBAGAME-26JAN17OKCMIA,2026-01-17,OKC,MIA,MIA,OKC,0.1899,0.814,102,57,0.07391495698081357,-1.5980844514390884,3.1529171118761026,2.436833757320717,3.0790021548952895,4.034918208759806,6.231919266771392,6.47175196608052,0.2830188679245283,1.671999408419902,-0.23983269930912776,0.22510940438325924,-0.8101,0.814
KXNBAGAME-26JAN17PHXNYK,2026-01-17,PHX,NYK,PHX,NYK,0.4463,0.5585,72,125,-0.5028179585664868,-0.3022602432503091,2.87323514170175,2.9792273245682575,3.376053100268236,3.281487567818566,6.249288241969985,6.260714892386824,-0.26903553299492383,-0.20055771531617772,-0.011426650416838768,-0.1445456522632708,-0.5537000000000001,0.5585
KXNBAGAME-26JAN17UTADAL,2026-01-17,UTA,DAL,DAL,UTA,0.6341,0.3631,99,116,-0.9841408410876554,-0.8708959140523355,2.5205913925047994,2.768283750411554,3.5047322335924544,3.639179664463889,6.025323626097253,6.407463414875442,-0.07906976744186046,-0.11324492703531996,-0.382139788778189,-0.04519713007269623,-0.3659,0.3631
KXNBAGAME-26JAN17WASDEN,2026-01-17,WAS,DEN,DEN,WAS,0.8114,0.1909,67,71,0.7671128667837027,-0.06244603081453409,3.782106520549191,3.3208417367735032,3.0149936537654876,3.3832877675880377,6.797100174314679,6.704129504361541,-0.028985507246376812,0.8295588975982369,0.09297066995313763,0.026985191256723433,-0.1886,0.1909
KXNBAGAME-26JAN18BKNCHI,2026-01-18,BKN,CHI,CHI,BKN,0.7005,0.3087,40,69,-0.3037248273829065,-0.49665893366836134,3.006569225946638,2.8486704315670313,3.3102940533295437,3.3453293652353926,6.3168632792761805,6.193999796802423,-0.26605504587155965,0.19293410628545482,0.12286348247375756,-0.12338081762150709,-0.2995,0.3087
KXNBAGAME-26JAN18CHADEN,2026-01-18,CHA,DEN,CHA,DEN,0.5565,0.4616,68,31,-0.5057525381504109,-0.0692330680434742,2.829662067194434,3.25275256468685,3.3354146053448464,3.3219856327303248,6.165076672539279,6.574738197417173,0.37373737373737376,-0.4365194701069367,-0.40966152487789387,0.16504271336334003,-0.4435,0.4616
KXNBAGAME-26JAN18NOPHOU,2026-01-18,NOP,HOU,HOU,NOP,0.8691,0.1399,46,91,-0.3330294056735697,0.14429335510620528,2.7317268711261313,3.5418857995248327,3.0647562767997023,3.3975924444186267,5.796483147925834,6.939478243943459,-0.3284671532846715,-0.477322760779775,-1.142995096017625,-0.1880997146813245,-0.13090000000000002,0.1399
KXNBAGAME-26JAN18ORLMEM,2026-01-18,ORL,MEM,MEM,ORL,0.4204,0.5904,64,82,0.34931044916820764,-0.40888237683347917,3.636121120217896,3.135431814510107,3.2868106710496883,3.5443141913435854,6.922931791267584,6.679746005853692,-0.1232876712328767,0.7581928260016868,0.2431857854138917,-0.023734194316354013,-0.5796,0.5904
KXNBAGAME-26JAN18PORSAC,2026-01-18,POR,SAC,POR,SAC,0.5113,0.5018,74,64,-1.7072073248496884,-0.42787703015721007,2.6847847183622955,3.313655720276558,4.391992043211984,3.741532750433768,7.076776761574278,7.055188470710323,0.07246376811594203,-1.2793302946924783,0.02158829086395464,-0.027734630676652904,-0.4887,0.5018
KXNBAGAME-26JAN18TORLAL,2026-01-18,TOR,LAL,LAL,TOR,0.5583,0.4536,68,129,-0.7649148704821189,-1.1395092459756568,2.9358328359614108,2.9657829371148114,3.7007477064435306,4.105292183090469,6.636580542404941,7.07107512020528,-0.3096446700507614,0.3745943754935379,-0.43449457780033907,-0.13609261625070382,-0.4417,0.4536
KXNBAGAME-26JAN19BOSDET,2026-01-19,BOS,DET,DET,BOS,0.516,0.5129,72,65,-0.582397824570233,-0.977710593088825,2.7208269656504966,2.5482411680882553,3.3032247902207295,3.5259517611770805,6.024051755871224,6.074192929265336,0.051094890510948905,0.395312768518592,-0.050141173394111505,0.04531308368140405,-0.484,0.5129
KXNBAGAME-26JAN19DALNYK,2026-01-19,DAL,NYK,DAL,NYK,0.177,0.834,48,69,-1.0723315798153836,-1.6718893634757743,2.5237603183912958,2.2701010314304417,3.5960918982066796,3.9419903949062176,6.119852216597975,6.2120914263366585,-0.1794871794871795,0.5995577836603907,-0.09223920973868349,-0.059765700560570206,-0.823,0.834
KXNBAGAME-26JAN19INDPHI,2026-01-19,IND,PHI,PHI,IND,0.695,0.318,53,0,-0.9196420099072908,,2.4128551176692485,,3.3324971275765387,,5.745352245245787,,1.0,,,,-0.30500000000000005,0.318
KXNBAGAME-26JAN19LACWAS,2026-01-19,LAC,WAS,LAC,WAS,0.7198,0.2893,79,57,-1.3713443003111068,0.4522774037088347,2.904328071309096,3.732502227525668,4.275672371620204,3.280224823816833,7.1800004429293,7.012727051342502,0.16176470588235295,-1.8236217040199414,0.16727339158679833,-0.0102987322598206,-0.2802,0.2893
KXNBAGAME-26JAN19MIAGSW,2026-01-19,MIA,GSW,GSW,MIA,0.6484,0.3677,64,63,-0.9404651146960279,0.09169982240697519,2.5947120741062184,3.180510839382902,3.5351771888022467,3.088811016975928,6.129889262908466,6.269321856358831,0.007874015748031496,-1.032164937103003,-0.13943259345036463,-0.04767123898113441,-0.3516,0.3677
KXNBAGAME-26JAN19MILATL,2026-01-19,MIL,ATL,MIL,ATL,0.4997,0.5171,49,51,-0.9238884054478902,-1.1153012232734834,2.653427390823876,2.6161296068042166,3.577315796271767,3.7314308300776995,6.230743187095644,6.347560436881918,-0.02,0.19141281782559316,-0.11681724978627361,-0.00042935910872034244,-0.5003,0.5171
KXNBAGAME-26JAN19OKCCLE,2026-01-19,OKC,CLE,OKC,CLE,0.6722,0.3429,62,63,-0.4829880258752728,-1.6602655816804115,3.0710312823375983,2.874315783766037,3.5540193082128715,4.5345813654464475,6.625050590550471,7.4088971492124855,-0.008,1.1772775558051387,-0.7838465586620149,0.054863877790256935,-0.3278,0.3429
KXNBAGAME-26JAN19PHXBKN,2026-01-19,PHX,BKN,PHX,BKN,0.7888,0.2248,46,41,-1.1711855278449566,-0.21627928537709906,2.4522570287429613,3.071498603548063,3.6234425565879187,3.287777888925162,6.07569958533088,6.359276492473226,0.05747126436781609,-0.9549062424678575,-0.2835769071423462,-0.019009679939484832,-0.21120000000000005,0.2248
KXNBAGAME-26JAN19UTASAS,2026-01-19,UTA,SAS,SAS,UTA,0.895,0.1181,53,69,-0.20975521878605058,-0.14947107285463532,2.7272432308850156,2.9083321400377615,2.936998449671066,3.0578032128923964,5.664241680556081,5.966135352930159,-0.13114754098360656,-0.06028414593141526,-0.30189367237407794,-0.06858797778837404,-0.10499999999999998,0.1181
KXNBAGAME-26JAN20LACCHI,2026-01-20,LAC,CHI,CHI,LAC,0.5729,0.4423,52,44,-0.653633166118615,-0.4789432056631101,3.1581428609259135,2.962451428298884,3.8117760270445302,3.4413946339619947,6.969918887970443,6.40384606226088,0.08333333333333333,-0.1746899604555049,0.5660728257095631,0.032932168643891424,-0.42710000000000004,0.4423
KXNBAGAME-26JAN20LALDEN,2026-01-20,LAL,DEN,LAL,DEN,0.5922,0.4184,185,89,-0.6120412130643611,0.5182707771485922,3.173220006835814,3.235685081450634,3.7852612199001747,2.7174143043020424,6.958481226735989,5.953099385752677,0.35036496350364965,-1.1303119902129533,1.0053818409833122,0.11866688224117716,-0.40780000000000005,0.4184
KXNBAGAME-26JAN20MIASAC,2026-01-20,MIA,SAC,MIA,SAC,0.6268,0.3899,73,55,-0.5048387289224083,-0.5311988657257336,2.8735663776777107,3.1567060488724676,3.378405106600119,3.687904914598202,6.251971484277831,6.84461096347067,0.140625,0.026360136803325274,-0.5926394791928384,0.07163050684016627,-0.3732,0.3899
KXNBAGAME-26JAN20MINUTA,2026-01-20,MIN,UTA,UTA,MIN,0.1583,0.8565,65,66,0.04504698234593271,-0.6580620547329611,3.021321035513197,2.55891611753818,2.9762740531672645,3.216978172271141,5.9975950886804625,5.775894289809322,-0.007633587786259542,0.7031090370788938,0.22170079887114014,0.03133865796081492,-0.8417,0.8565
KXNBAGAME-26JAN20PHXPHI,2026-01-20,PHX,PHI,PHX,PHI,0.5564,0.4778,56,0,-0.9312798432236011,,2.6964136467646895,,3.627693489988291,,6.324107136752981,,1.0,,,,-0.4436,0.4778
KXNBAGAME-26JAN20SASHOU,2026-01-20,SAS,HOU,HOU,SAS,0.615,0.3971,89,56,0.23056344531180528,-0.5365849500607087,3.205837206379493,2.7881922646895565,2.9752737610676876,3.3247772147502657,6.181110967447181,6.112969479439823,0.22758620689655173,0.767148395372514,0.06814148800735875,0.15215052321690156,-0.385,0.3971
KXNBAGAME-26JAN20TORGSW,2026-01-20,TOR,GSW,TOR,GSW,0.5,0.526,75,82,-0.9198378033608833,0.8384313373243415,2.7144980006695474,3.4122703614454437,3.6343358040304317,2.5738390241211024,6.348833804699978,5.986109385566547,-0.044585987261146494,-1.7582691406852247,0.3627244191334311,-0.11020645066483448,-0.5,0.526
KXNBAGAME-26JAN21ATLMEM,2026-01-21,ATL,MEM,ATL,MEM,0.472,0.5477,123,62,0.1594547451259084,-0.4353403375030308,2.9842839526877656,3.3220581453549767,2.824829207561858,3.7573984828580076,5.8091131602496215,7.079456628212981,0.32972972972972975,0.5947950826289392,-1.2703434679633592,0.19460461899631185,-0.528,0.5477
KXNBAGAME-26JAN21BKNNYK,2026-01-21,BKN,NYK,NYK,BKN,0.8488,0.1636,62,119,-0.6562712402443047,-0.021613137247088715,2.563763194922143,3.129673595055596,3.2200344351664487,3.151286732302685,5.783797630088593,6.280960327358281,-0.3149171270718232,-0.634658102997216,-0.49716269726968854,-0.18919146868577238,-0.1512,0.1636
KXNBAGAME-26JAN21CLECHA,2026-01-21,CLE,CHA,CLE,CHA,0.6809,0.2985,76,46,-0.8475027940555135,-0.20016804556173431,2.6360570908058345,2.7886661337457284,3.4835598848613483,2.9888341793074638,6.119616975667182,5.777500313053192,0.2459016393442623,-0.6473347484937793,0.3421166626139902,0.09058408224744219,-0.31910000000000005,0.2985
KXNBAGAME-26JAN21DETNOP,2026-01-21,DET,NOP,DET,NOP,0.7038,0.2989,98,36,0.8785229922238947,-0.1715608113394843,3.273212702401863,2.8977662398988473,2.3946897101779685,3.069327051238331,5.66790241257983,5.9670932911371795,0.4626865671641791,1.050083803563379,-0.2991908785573498,0.2838474737602585,-0.2962,0.2989
KXNBAGAME-26JAN21INDBOS,2026-01-21,IND,BOS,BOS,IND,0.8006,0.2125,49,106,-0.6761044806370842,1.1404583583055727,2.431695827271022,3.3139241502391945,3.107800307908106,2.173465791933622,5.539496135179128,5.487389942172816,-0.36774193548387096,-1.816562838942657,0.05210619300631247,-0.2746991096890683,-0.19940000000000002,0.2125
KXNBAGAME-26JAN21OKCMIL,2026-01-21,OKC,MIL,OKC,MIL,0.8249,0.1814,118,114,-0.3368209490405432,0.6327444881628534,2.8277641090149124,3.2813447415134718,3.164585058055456,2.6486002533506188,5.992349167070369,5.929944994864089,0.017241379310344827,-0.9695654372033966,0.06240417220628025,-0.03985758220499741,-0.17510000000000003,0.1814
KXNBAGAME-26JAN21TORSAC,2026-01-21,TOR,SAC,TOR,SAC,0.6457,0.3705,80,53,-0.5378054793440468,-0.14355538209049215,3.036857079168551,2.899006515335148,3.5746625585125984,3.0425618974256405,6.611519637681149,5.941568412760789,0.20300751879699247,-0.39425009725355464,0.6699512249203599,0.08179125453581851,-0.35429999999999995,0.3705
KXNBAGAME-26JAN22CHAORL,2026-01-22,CHA,ORL,CHA,ORL,0.4099,0.5993,37,37,-0.2351231717159583,0.1946820523556646,2.879610732770618,3.5306374110960186,3.114733904486576,3.3359553587403523,5.9943446372571945,6.8665927698363705,0.0,-0.4298052240716229,-0.872248132579176,-0.021490261203581145,-0.5901000000000001,0.5993
KXNBAGAME-26JAN22CHIMIN,2026-01-22,CHI,MIN,CHI,MIN,0.2398,0.768,55,77,0.28856477237424255,-0.3355038224727578,3.3798079993002377,3.053687348722799,3.0912432269259953,3.3891911711955585,6.471051226226232,6.442878519918356,-0.16666666666666666,0.6240685948470004,0.028172706307875828,-0.05212990359098331,-0.7602,0.768
KXNBAGAME-26JAN22DENWAS,2026-01-22,DEN,WAS,DEN,WAS,0.7019,0.3095,81,47,0.6958763534667928,0.7347973986688159,3.402657759925727,3.739965147683984,2.7067814064589344,3.0051677490151674,6.109439166384661,6.745132896699151,0.265625,-0.03892104520202311,-0.6356937303144905,0.13086644773989883,-0.29810000000000003,0.3095
KXNBAGAME-26JAN22GSWDAL,2026-01-22,GSW,DAL,DAL,GSW,0.3598,0.6442,153,82,-0.11635601045511705,-1.5182887450013411,3.3756761849584356,2.718707272197922,3.4920321954135525,4.236996017199264,6.8677083803719885,6.955703289397186,0.3021276595744681,1.401932734546224,-0.08799490902519747,0.22116046651454524,-0.6402,0.6442
KXNBAGAME-26JAN22HOUPHI,2026-01-22,HOU,PHI,PHI,HOU,0.4239,0.5818,56,0,-0.3677674133793119,,2.9031136398177186,,3.2708810531970305,,6.173994693014748,,1.0,,,,-0.5761000000000001,0.5818
KXNBAGAME-26JAN22LALLAC,2026-01-22,LAL,LAC,LAC,LAL,0.5692,0.4427,145,65,0.6050882451972548,-0.8205418942057984,3.39200840812658,2.908845968573205,2.7869201629293254,3.729387862779004,6.178928571055906,6.63823383135221,0.38095238095238093,1.425630139403053,-0.45930526029630414,0.26175769744634314,-0.43079999999999996,0.4427
KXNBAGAME-26JAN22MIAPOR,2026-01-22,MIA,POR,POR,MIA,0.5902,0.4194,159,28,-1.2446085543803127,-0.3495494515791944,2.7067760012914244,3.4276440340187957,3.951384555671738,3.77719348559799,6.6581605569631614,7.204837519616787,0.7005347593582888,-0.8950591028011183,-0.5466769626536259,0.3055144245390885,-0.40980000000000005,0.4194
KXNBAGAME-26JAN22SASUTA,2026-01-22,SAS,UTA,SAS,UTA,0.8322,0.1771,93,82,0.5007520627812474,0.2463021494875739,3.154476893522232,3.2163380985131766,2.653724830740985,2.9700359490256036,5.808201724263215,6.186374047538781,0.06285714285714286,0.2544499132936735,-0.3781723232755656,0.04415106709325511,-0.16779999999999995,0.1771
KXNBAGAME-26JAN23BOSBKN,2026-01-23,BOS,BKN,BOS,BKN,0.7736,0.237,86,62,-0.11407805461650766,-1.1561685530042045,2.877260654052027,2.856197399560229,2.991338708668536,4.012365952564434,5.8685993627205635,6.868563352124667,0.16216216216216217,1.0420904983876969,-0.9999639894041037,0.13318560600046592,-0.22640000000000005,0.237
KXNBAGAME-26JAN23DENMIL,2026-01-23,DEN,MIL,DEN,MIL,0.3181,0.6994,84,99,0.2734846684019533,-0.9447137330569577,3.5817362668664288,2.5195647238531906,3.3082515984644756,3.4642784569101495,6.8899878653309035,5.983843180763339,-0.08196721311475409,1.2181984014589111,0.9061446845675647,0.019926313515568513,-0.6819,0.6994
KXNBAGAME-26JAN23HOUDET,2026-01-23,HOU,DET,HOU,DET,0.4061,0.6104,62,61,-0.10436424138009559,-0.3581798813108205,3.0743596170428873,3.048308206797069,3.178723858422983,3.4064880881078894,6.2530834754658695,6.454796294904957,0.008130081300813009,0.2538156399307249,-0.2017128194390878,0.01675582264694275,-0.5939,0.6104
KXNBAGAME-26JAN23INDOKC,2026-01-23,IND,OKC,IND,OKC,0.1414,0.8798,54,95,-0.5391946977495589,-0.6216856881478316,2.2467782989225924,2.7352066096730145,2.785972996672152,3.3568922978208464,5.032751295594746,6.092098907493861,-0.2751677852348993,0.08249099039827279,-1.0593476118991152,-0.13345934309753602,-0.8586,0.8798
KXNBAGAME-26JAN23NOPMEM,2026-01-23,NOP,MEM,NOP,MEM,0.3512,0.6766,46,47,-0.6651420192749835,-0.9342277273829462,2.6936910578594704,2.761906899684382,3.3588330771344532,3.6961346270673285,6.052524134993925,6.45804152675171,-0.010752688172043012,0.26908570810796273,-0.405517391757785,0.008077941319376631,-0.6488,0.6766
KXNBAGAME-26JAN23PHXATL,2026-01-23,PHX,ATL,ATL,PHX,0.4209,0.59,65,48,-1.2034058655376874,0.38493130215994725,2.409508972912203,3.423719507405082,3.61291483844989,3.038788205245135,6.022423811362094,6.462507712650217,0.1504424778761062,-1.5883371676976346,-0.4400839012881228,-0.004195619446828627,-0.5791,0.59
KXNBAGAME-26JAN23SACCLE,2026-01-23,SAC,CLE,CLE,SAC,0.8299,0.1799,62,61,0.32246554399731253,-1.3108477462036663,3.1652259677824546,2.6549039438819655,2.8427604237851414,3.9657516900856327,6.007986391567596,6.620655633967598,0.008130081300813009,1.6333132902009788,-0.6126692424000018,0.08573070516045544,-0.17010000000000003,0.1799
KXNBAGAME-26JAN23TORPOR,2026-01-23,TOR,POR,TOR,POR,0.611,0.4007,87,41,-0.5623109530168983,-0.7270841395575456,3.0193994024132325,3.2621074347904297,3.581710355430131,3.9891915743479744,6.6011097578433615,7.251299009138405,0.359375,0.16477318654064732,-0.6501892512950436,0.18792615932703235,-0.389,0.4007
KXNBAGAME-26JAN24BOSCHI,2026-01-24,BOS,CHI,CHI,BOS,0.42,0.59,80,78,0.44817076303416203,-0.42669931096719904,3.223630679376498,2.922801297440082,2.775459916342336,3.349500608407282,5.999090595718835,6.272301905847364,0.012658227848101266,0.8748700740013611,-0.27321131012852895,0.05007261762411869,-0.5800000000000001,0.59
KXNBAGAME-26JAN24CLEORL,2026-01-24,CLE,ORL,CLE,ORL,0.4927,0.5157,60,54,-1.1380941382627676,-0.677913975696026,2.8691188582208724,2.842815608692664,4.007212996483641,3.5207295843886905,6.876331854704514,6.363545193081356,0.05263157894736842,-0.46018016256674166,0.5127866616231582,0.0033067813453471276,-0.5073,0.5157
KXNBAGAME-26JAN24GSWMIN,2026-01-24,GSW,MIN,GSW,MIN,0.3565,0.6615,144,91,0.31013632110947803,-0.07093438920822472,3.380519501621147,2.846834602485897,3.070383180511669,2.917768991694122,6.450902682132814,5.76460359418002,0.225531914893617,0.38107071031770273,0.6862990879527944,0.13181949296269363,-0.6435,0.6615
KXNBAGAME-26JAN24LALDAL,2026-01-24,LAL,DAL,LAL,DAL,0.6061,0.4128,168,90,0.1107943765928462,0.31892586458370575,3.3260122173956654,3.2741893177934696,3.21521784080282,2.9552634532097644,6.541230058198483,6.229452771003234,0.3023255813953488,-0.20813148799085956,0.3117772871952491,0.14075621629813143,-0.39390000000000003,0.4128
KXNBAGAME-26JAN24MIAUTA,2026-01-24,MIA,UTA,MIA,UTA,0.6776,0.3391,101,86,-1.9216322065186586,-0.5154352677402405,2.682710108124742,2.77613378173524,4.604342314643403,3.2915690494754815,7.287052422768145,6.067702831210722,0.08021390374331551,-1.4061969387784181,1.2193495915574228,-0.030202895067263154,-0.3224,0.3391
KXNBAGAME-26JAN24NYKPHI,2026-01-24,NYK,PHI,NYK,PHI,0.5404,0.4773,114,0,0.045074849238958735,,3.1781157850079476,,3.133040935768988,,6.3111567207769355,,1.0,,,,-0.4596,0.4773
KXNBAGAME-26JAN24WASCHA,2026-01-24,WAS,CHA,CHA,WAS,0.8195,0.1963,70,97,-0.06559784589963735,-1.3782691404362084,3.221303177840273,2.6759609557366466,3.286901023739912,4.054230096172857,6.508204201580186,6.730191051909504,-0.16167664670658682,1.312671294536571,-0.22198685032931742,-0.015204758626464865,-0.1805,0.1963
KXNBAGAME-26JAN25BKNLAC,2026-01-25,BKN,LAC,LAC,BKN,0.8074,0.203,60,73,-0.5734566204577669,-0.5647614757011675,2.76841928968995,2.9280445457341338,3.3418759101477162,3.4928060214353005,6.110295199837668,6.420850567169435,-0.09774436090225563,-0.008695144756599382,-0.3105553673317667,-0.04930693768895779,-0.1926,0.203
KXNBAGAME-26JAN25MIAPHX,2026-01-25,MIA,PHX,MIA,PHX,0.4019,0.6186,85,46,-0.8172269753802807,-0.8504404717297269,2.838778027402395,3.0368779642492103,3.6560050027826763,3.8873184359789374,6.494783030185071,6.924196400228148,0.29770992366412213,0.03321349634944626,-0.42941337004307645,0.15051563664953338,-0.5981000000000001,0.6186
KXNBAGAME-26JAN25NOPSAS,2026-01-25,NOP,SAS,NOP,SAS,0.1908,0.8225,52,53,-2.160316156971502,-0.15522577594605746,2.389676000490212,3.033812114532358,4.5499921574617135,3.189037890478415,6.939668157951926,6.222850005010773,-0.009523809523809525,-2.0050903810254446,0.716818152941153,-0.10501642381317698,-0.8092,0.8225
KXNBAGAME-26JAN25SACDET,2026-01-25,SAC,DET,DET,SAC,0.8368,0.1938,65,70,-1.0100075442977243,0.05985289897268897,2.7707953268360486,3.3652510299857017,3.7808028711337736,3.3053981310130127,6.551598197969822,6.670649160998712,-0.037037037037037035,-1.0698604432704133,-0.11905096302889007,-0.07201154068203919,-0.1632,0.1938
KXNBAGAME-26JAN25TOROKC,2026-01-25,TOR,OKC,TOR,OKC,0.2181,0.809,98,74,-0.7689279855410651,-1.1552759525777292,3.060388878189565,2.716627549443781,3.8293168637306305,3.871903502021511,6.889705741920197,6.588531051465292,0.13953488372093023,0.3863479670366641,0.3011746904549044,0.08908484021229832,-0.7819,0.809
KXNBAGAME-26JAN26GSWMIN,2026-01-26,GSW,MIN,MIN,GSW,0.7289,0.2851,145,188,-2.7932462077213627,-3.0821827926694247,2.388771032576147,2.36405546481851,5.182017240297508,5.446238257487934,7.570788272873655,7.810293722306444,-0.12912912912912913,0.28893658494806207,-0.23950544943278906,-0.05011773531716146,-0.2711,0.2851
KXNBAGAME-26JAN26INDATL,2026-01-26,IND,ATL,ATL,IND,0.6602,0.3579,63,54,-1.5505169127272092,-2.3104991691359693,2.35294732985175,2.229634898424252,3.9034642425789574,4.540134067560221,6.256411572430707,6.769768965984472,0.07692307692307693,0.7599822564087602,-0.5133573935537648,0.07646065128197647,-0.3398,0.3579
KXNBAGAME-26JAN26LALCHI,2026-01-26,LAL,CHI,LAL,CHI,0.5382,0.4788,108,67,-0.20508773732073188,0.7329557417276841,2.8218730313138645,3.603227880963833,3.0269607686345963,2.8702721392361488,5.84883379994846,6.4735000201999835,0.2342857142857143,-0.938043479048416,-0.6246662202515232,0.07024068319043635,-0.4618,0.4788
KXNBAGAME-26JAN26MEMHOU,2026-01-26,MEM,HOU,HOU,MEM,0.8198,0.1933,79,39,-2.9921732690850673,-0.8259548234622789,1.6718347269784428,3.0669109609176615,4.664007996063511,3.8928657843799397,6.335842723041954,6.959776745297601,0.3389830508474576,-2.166218445622788,-0.6239340222556473,0.0611806031425894,-0.18020000000000003,0.1933
KXNBAGAME-26JAN26ORLCLE,2026-01-26,ORL,CLE,CLE,ORL,0.6301,0.382,49,51,-1.0239913209565858,-1.3615254041784808,3.7004190453112114,3.312112674219301,4.724410366267797,4.673638078397781,8.424829411579008,7.985750752617085,-0.02,0.33753408322189493,0.43907865896192355,0.006876704161094748,-0.3699,0.382
KXNBAGAME-26JAN26PHICHA,2026-01-26,PHI,CHA,CHA,PHI,0.567,0.4405,0,47,,-0.8363855838275006,,2.723903413238843,,3.5602889970663445,,6.28419241030519,-1.0,,,,-0.43300000000000005,0.4405
KXNBAGAME-26JAN26PORBOS,2026-01-26,POR,BOS,BOS,POR,0.8226,0.2121,41,93,-1.218326475971342,0.06040941008061229,2.8888628730082813,3.4635290507761853,4.107189348979624,3.4031196406955733,6.996052221987906,6.866648691471759,-0.3880597014925373,-1.2787358860519542,0.1294035305161474,-0.25796664504886635,-0.1774,0.2121
KXNBAGAME-26JAN27BKNPHX,2026-01-27,BKN,PHX,PHX,BKN,0.7697,0.2611,43,65,-1.051837022512994,-1.4340241013158457,2.711110367080935,2.512004474302616,3.76294738959393,3.9460285756184614,6.474057756674863,6.458033049921078,-0.2037037037037037,0.38218707880285163,0.01602470675378509,-0.08274249791170926,-0.23029999999999995,0.2611
KXNBAGAME-26JAN27DETDEN,2026-01-27,DET,DEN,DET,DEN,0.7025,0.3031,64,94,-0.7017707814902361,-2.6755448742771604,2.7301819948869657,1.6003539003885385,3.4319527763772015,4.2758987746656985,6.162134771264165,5.8762526750542365,-0.189873417721519,1.9737740927869243,0.2858820962099289,0.003751995778586717,-0.2975,0.3031
KXNBAGAME-26JAN27LACUTA,2026-01-27,LAC,UTA,LAC,UTA,0.7505,0.2567,55,41,-0.86924429198047,-0.9794954131620095,2.936374892330954,2.972095630664308,3.8056191843114258,3.9515910438263164,6.74199407664238,6.923686674490625,0.14583333333333334,0.11025112118153946,-0.18169259784824554,0.07842922272574364,-0.24950000000000006,0.2567
KXNBAGAME-26JAN27MILPHI,2026-01-27,MIL,PHI,PHI,MIL,0.7716,0.2324,81,0,-2.230188484169458,,2.265303886291392,,4.49549237046085,,6.7607962567522435,,1.0,,,,-0.22840000000000005,0.2324
KXNBAGAME-26JAN27NOPOKC,2026-01-27,NOP,OKC,OKC,NOP,0.866,0.1428,46,59,-0.37884641076725634,-0.678727943093681,2.556886758206909,2.936959668743325,2.9357331689741657,3.6156876118370045,5.492619927181076,6.552647280580328,-0.12380952380952381,0.29988153232642467,-1.060027353399252,-0.046910685288440675,-0.134,0.1428
KXNBAGAME-26JAN27PORWAS,2026-01-27,POR,WAS,WAS,POR,0.3178,0.701,41,25,-1.0089804653767773,-0.23042555669566003,2.9914501243718292,3.429041859014813,4.000430589748608,3.659467415710474,6.9918807141204375,7.088509274725286,0.24242424242424243,-0.7785549086811173,-0.0966285606048487,0.08228437577806536,-0.6821999999999999,0.701
KXNBAGAME-26JAN27SACNYK,2026-01-27,SAC,NYK,NYK,SAC,0.8713,0.1399,39,81,-0.6519656705343042,-0.9354193963762613,2.5539955956604192,2.8396080837256097,3.205961266194723,3.775027480101871,5.759956861855141,6.614635563827477,-0.35,0.28345372584195705,-0.8546787019723361,-0.16082731370790213,-0.12870000000000004,0.1399
KXNBAGAME-26JAN28ATLBOS,2026-01-28,ATL,BOS,ATL,BOS,0.3498,0.6596,75,104,-1.4303069734625002,0.14495022495627938,2.3467403435649126,3.4113074803652745,3.777047317027413,3.2663572554089955,6.123787660592326,6.677664735774268,-0.16201117318435754,-1.5752571984187795,-0.5538770751819424,-0.15976844651311775,-0.6502,0.6596
KXNBAGAME-26JAN28CHAMEM,2026-01-28,CHA,MEM,CHA,MEM,0.5499,0.4545,77,94,-1.2054070001852075,-1.8671769453092026,2.504510067412626,2.5284673954877768,3.709917067597833,4.395644340796979,6.214427135010458,6.924111736284755,-0.09941520467836257,0.6617699451239951,-0.7096846012742972,-0.016619105082981526,-0.45009999999999994,0.4545
KXNBAGAME-26JAN28CHIIND,2026-01-28,CHI,IND,IND,CHI,0.4592,0.55,86,80,0.34803040218824055,-1.6279638621770314,3.5046655464438636,2.2779084958736995,3.1566351442556226,3.9058723580507326,6.661300690699484,6.18378085392443,0.03614457831325301,1.975994264365272,0.4775198367750537,0.11687200237489011,-0.5408,0.55
KXNBAGAME-26JAN28GSWUTA,2026-01-28,GSW,UTA,GSW,UTA,0.734,0.2752,163,35,-1.3494040842517676,-0.7585095371882264,3.073282146442078,2.9125396935944305,4.422686230693845,3.671049230782657,7.495968377135919,6.583588924377088,0.6464646464646465,-0.5908945470635412,0.9123794527588309,0.2936875958791462,-0.266,0.2752
KXNBAGAME-26JAN28LALCLE,2026-01-28,LAL,CLE,CLE,LAL,0.609,0.4099,136,83,0.07675697836438833,0.2691988486851535,3.388419433945069,4.020711934917011,3.3116624555806817,3.7515130862318564,6.70008188952575,7.772225021148865,0.2420091324200913,-0.19244187032076515,-1.0721431316231147,0.1113824726940074,-0.391,0.4099
KXNBAGAME-26JAN28MINDAL,2026-01-28,MIN,DAL,MIN,DAL,0.7492,0.2592,184,103,-1.1669599245344142,-1.113410826930255,3.2430138490276517,2.5088015550329144,4.409973773562065,3.622212381963169,7.652987622589714,6.131013936996084,0.28222996515679444,-0.05354909760415927,1.5219736855936308,0.13843752769818926,-0.2508,0.2592
KXNBAGAME-26JAN28NYKTOR,2026-01-28,NYK,TOR,NYK,TOR,0.458,0.5518,96,69,-0.8830476096320905,-0.2610242058414551,2.8976316205975525,3.2995161977131455,3.780679230229643,3.5605404035546018,6.678310850827193,6.860056601267745,0.16363636363636364,-0.6220234037906354,-0.18174575044055175,0.05071701162865005,-0.542,0.5518
KXNBAGAME-26JAN28ORLMIA,2026-01-28,ORL,MIA,ORL,MIA,0.4296,0.5875,58,58,1.064937324486346,-0.5909353629255107,4.376492304697855,3.0205944062369996,3.3115549802115085,3.611529769162511,7.688047284909363,6.632124175399509,0.0,1.6558726874118568,1.0559231095098536,0.08279363437059284,-0.5704,0.5875
KXNBAGAME-26JAN28SASHOU,2026-01-28,SAS,HOU,SAS,HOU,0.4452,0.5637,62,52,-0.22081919193175328,-1.23412984651101,3.0239165620985764,3.1285899527234227,3.24473575403033,4.362719799234432,6.268652316128906,7.4913097519578535,0.08771929824561403,1.0133106545792567,-1.222657435828948,0.09452518185176985,-0.5548,0.5637
KXNBAGAME-26JAN29BKNDEN,2026-01-29,BKN,DEN,DEN,BKN,0.6988,0.3092,89,57,0.021535079876413232,-0.2131452613327659,3.4497895623314534,3.144126827264786,3.4282544824550407,3.3572720885975524,6.878044044786497,6.501398915862339,0.2191780821917808,0.23468034120917913,0.37664512892415836,0.12132305815634936,-0.3012,0.3092
KXNBAGAME-26JAN29CHADAL,2026-01-29,CHA,DAL,CHA,DAL,0.6467,0.3423,54,74,-1.2012585197728356,-0.3560247768543174,2.8028534441064554,2.9672956410119777,4.00411196387929,3.323320417866296,6.806965407985743,6.290616058878275,-0.15625,-0.8452337429185182,0.5163493491074682,-0.1203866871459259,-0.35329999999999995,0.3423
KXNBAGAME-26JAN29DETPHX,2026-01-29,DET,PHX,PHX,DET,0.4276,0.5882,65,81,0.32222024064306537,-1.1210791228610615,3.6208808601526368,2.8691971201961763,3.298660619509572,3.990276243057238,6.919541479662209,6.859473363253414,-0.1095890410958904,1.443299363504127,0.060068116408794836,0.017370447627261143,-0.5724,0.5882
KXNBAGAME-26JAN29HOUATL,2026-01-29,HOU,ATL,HOU,ATL,0.7017,0.3159,60,54,-0.304785285436337,-0.8943334817225925,3.436118420219753,2.6586047666776893,3.740903705656089,3.552938248400282,7.17702212587584,6.21154301507797,0.05263157894736842,0.5895481962862555,0.9654791107978706,0.05579319928799699,-0.2983,0.3159
KXNBAGAME-26JAN29MIACHI,2026-01-29,MIA,CHI,MIA,CHI,0.5694,0.447,72,94,-0.3664018344599638,0.3157694695282749,3.166655010459616,3.2229522329216898,3.53305684491958,2.907182763393415,6.699711855379196,6.130134996315105,-0.13253012048192772,-0.6821713039882387,0.5695768590640906,-0.10037362544037579,-0.4306,0.447
KXNBAGAME-26JAN29MILWAS,2026-01-29,MIL,WAS,WAS,MIL,0.5061,0.5137,128,65,-0.6639220621982445,-0.5297101380344446,2.7296001019336034,3.4626118711495915,3.393522164131847,3.992322009184036,6.123122266065451,7.4549338803336305,0.32642487046632124,-0.1342119241637999,-1.3318116142681795,0.1565018390249706,-0.4939,0.5137
KXNBAGAME-26JAN29OKCMIN,2026-01-29,OKC,MIN,MIN,OKC,0.3749,0.6451,71,96,-1.142137363760386,-1.3201916327626702,2.6779919098835325,3.079794871015817,3.820129273643918,4.3999865037784875,6.49812118352745,7.479781374794303,-0.1497005988023952,0.17805426900228416,-0.9816601912668528,-0.0659475859510834,-0.6251,0.6451
KXNBAGAME-26JAN29SACPHI,2026-01-29,SAC,PHI,PHI,SAC,0.7817,0.2331,45,0,-0.7034367140001364,,2.6384085652301064,,3.341845279230242,,5.980253844460348,,1.0,,,,-0.21830000000000005,0.2331
KXNBAGAME-26JAN30BKNUTA,2026-01-30,BKN,UTA,BKN,UTA,0.411,0.6,75,76,-1.1901226686912534,-0.1284739016383624,2.7383124468105082,3.4632875457458767,3.928435115501762,3.5917614473842394,6.6667475623122705,7.055048993130114,-0.006622516556291391,-1.061648767052891,-0.38830143081784385,-0.056393696630790247,-0.589,0.6
KXNBAGAME-26JAN30CLEPHX,2026-01-30,CLE,PHX,PHX,CLE,0.4586,0.5493,123,84,-0.39678795080534257,-0.705892553724369,3.3426650696952054,2.941464663575317,3.7394530205005476,3.6473572172996853,7.082118090195751,6.5888218808750025,0.18840579710144928,0.3091046029190264,0.49329620932074825,0.10965812869667596,-0.5414,0.5493
KXNBAGAME-26JAN30DETGSW,2026-01-30,DET,GSW,DET,GSW,0.492,0.5136,58,140,-0.21719679938948358,-0.24073802663032828,2.9195994836005035,3.5610918852194553,3.136796282989987,3.8018299118497847,6.056395766590491,7.362921797069239,-0.41414141414141414,0.023541227240844703,-1.3065260304787483,-0.20589364570866484,-0.508,0.5136
KXNBAGAME-26JAN30LACDEN,2026-01-30,LAC,DEN,DEN,LAC,0.4399,0.57,67,52,-0.513419997641052,-0.9305641759851457,2.9096172049834896,2.6196969870475404,3.4230372026245437,3.550261163032687,6.332654407608031,6.169958150080226,0.12605042016806722,0.4171441783440938,0.1626962575278048,0.0838824190012383,-0.5601,0.57
KXNBAGAME-26JAN30LALWAS,2026-01-30,LAL,WAS,LAL,WAS,0.8054,0.1964,176,59,0.10056622700617524,0.030139372900424732,3.462109242297399,3.6041798740480786,3.3615430152912245,3.5740405011476533,6.823652257588623,7.178220375195734,0.4978723404255319,0.0704268541057505,-0.35456811760711027,0.25245751291805346,-0.1946,0.1964
KXNBAGAME-26JAN30MEMNOP,2026-01-30,MEM,NOP,NOP,MEM,0.5889,0.428,68,51,-1.4917614086060156,-1.890436840526021,2.4262184608516844,2.236919753851523,3.9179798694577004,4.127356594377543,6.344198330309386,6.364276348229069,0.14285714285714285,0.39867543192000543,-0.020078017919683333,0.09136234302457169,-0.4111,0.428
KXNBAGAME-26JAN30PORNYK,2026-01-30,POR,NYK,NYK,POR,0.7075,0.3109,70,177,-0.7046428839724515,-0.8107870230367833,3.118693649778438,2.9033297688994457,3.823336533750889,3.71411679193623,6.942030183529328,6.617446560835676,-0.4331983805668016,0.10614413906433184,0.3245836226936518,-0.2112919833301842,-0.2925,0.3109
KXNBAGAME-26JAN30SACBOS,2026-01-30,SAC,BOS,BOS,SAC,0.8216,0.1863,51,86,-1.1973374788126663,0.49584025373158347,2.4418414310363517,3.3459179810710094,3.6391789098490186,2.8500777273394267,6.08102034088537,6.195995708410437,-0.25547445255474455,-1.6931777325442496,-0.11497536752506665,-0.21239611290458477,-0.1784,0.1863
KXNBAGAME-26JAN30TORORL,2026-01-30,TOR,ORL,ORL,TOR,0.5997,0.4203,72,48,0.5123167196814911,-0.299068487138804,3.4637407836364087,3.307278243558175,2.951424063954917,3.6063467306969796,6.415164847591328,6.913624974255152,0.2,0.8113852068202951,-0.498460126663824,0.14056926034101475,-0.4003,0.4203
KXNBAGAME-26JAN31ATLIND,2026-01-31,ATL,IND,IND,ATL,0.4784,0.532,69,42,-0.6567619812772685,0.15359408286903997,2.8061732594632174,3.047814259865482,3.462935240740485,2.894220176996443,6.269108500203704,5.942034436861926,0.24324324324324326,-0.8103560641463085,0.3270740633417786,0.08110381841430621,-0.5216000000000001,0.532
KXNBAGAME-26JAN31CHIMIA,2026-01-31,CHI,MIA,CHI,MIA,0.4235,0.6066,73,93,0.0912775645224082,-0.23787941186382905,3.0060302391720635,2.967689051712906,2.9147526746496553,3.205568463576735,5.92078291382172,6.173257515289642,-0.12048192771084337,0.32915697638623725,-0.252474601467922,-0.04378311503610982,-0.5765,0.6066
KXNBAGAME-26JAN31DALHOU,2026-01-31,DAL,HOU,HOU,DAL,0.79,0.2199,125,86,-0.6228603599919829,-0.2518598161417103,2.655672821737359,2.948766198619844,3.278533181729343,3.2006260147615544,5.934206003466703,6.1493922133814,0.1848341232227488,-0.37100054385027254,-0.21518620991469728,0.07386703441886078,-0.20999999999999996,0.2199
KXNBAGAME-26JAN31MINMEM,2026-01-31,MIN,MEM,MIN,MEM,0.8099,0.1995,148,57,-0.7664530839241765,-1.1360501705061052,2.88543908700977,2.7214657357836467,3.6518921709339462,3.8575159062897524,6.537331257943716,6.5789816420733995,0.44390243902439025,0.3695970865819287,-0.04165038412968336,0.24043107384129156,-0.19010000000000005,0.1995
KXNBAGAME-26JAN31NOPPHI,2026-01-31,NOP,PHI,PHI,NOP,0.68,0.3338,43,0,-1.693762942879241,,2.431809653919323,,4.125572596798564,,6.55738225071789,,1.0,,,,-0.31999999999999995,0.3338
KXNBAGAME-26JAN31SASCHA,2026-01-31,SAS,CHA,CHA,SAS,0.3981,0.615,84,93,0.16995429553371907,-0.8769222103210368,3.1016749849954874,2.8052118879220442,2.931720689461768,3.6821340982430817,6.033395674457256,6.487345986165126,-0.05084745762711865,1.0468765058547558,-0.45395031170787004,0.026920096479178465,-0.6019,0.615
KXNBAGAME-26MAR01CLEBKN,2026-03-01,CLE,BKN,CLE,BKN,0.8763,0.1254,95,64,-2.222813426726145,0.13640980875415074,2.2846580343998975,2.9797976439567195,4.507471461126043,2.843387835202569,6.792129495525941,5.823185479159289,0.1949685534591195,-2.3592232354802958,0.9689440163666525,-0.020476885044455037,-0.12370000000000003,0.1254
KXNBAGAME-26MAR01DETORL,2026-03-01,DET,ORL,DET,ORL,0.6654,0.3464,87,68,-1.451080010661115,0.6273445929193079,2.6818008258851815,3.667428403142501,4.132880836546297,3.0400838102231935,6.814681662431479,6.707512213365696,0.12258064516129032,-2.078424603580423,0.10716944906578263,-0.04263090759837599,-0.3346,0.3464
KXNBAGAME-26MAR01MEMIND,2026-03-01,MEM,IND,MEM,IND,0.5089,0.4997,67,56,-1.9870132274107688,-0.7129579535865178,2.7761402124864114,2.5735074096635127,4.763153439897179,3.2864653632500307,7.539293652383591,5.859972772913544,0.08943089430894309,-1.274055273824251,1.6793208794700476,-0.01898731653674101,-0.4911,0.4997
KXNBAGAME-26MAR01MILCHI,2026-03-01,MIL,CHI,CHI,MIL,0.4169,0.5769,76,54,-0.49418189988518496,-1.603095885963006,2.556490263847448,2.4215050178872968,3.0506721637326333,4.024600903850303,5.607162427580082,6.4461059217375976,0.16923076923076924,1.108913986077821,-0.8389434941575153,0.1400610839192757,-0.5831,0.5769
KXNBAGAME-26MAR01MINDEN,2026-03-01,MIN,DEN,MIN,DEN,0.4125,0.5996,82,107,-0.6213805805415268,-1.0385897814927265,2.740898457446817,2.6515751766558076,3.362279037988344,3.6901649581485327,6.10317749543516,6.34174013480434,-0.13227513227513227,0.41720920095119973,-0.23856263936917976,-0.045277106090006146,-0.5875,0.5996
KXNBAGAME-26MAR01NOPLAC,2026-03-01,NOP,LAC,LAC,NOP,0.7641,0.2409,33,51,-1.7268573412586248,-0.06381371114549372,2.3956917283409207,2.9972565752736315,4.122549069599545,3.061070286419125,6.518240797940466,6.0583268616927555,-0.21428571428571427,-1.663043630113131,0.4599139362477107,-0.1902950386485137,-0.2359,0.2409
KXNBAGAME-26MAR01OKCDAL,2026-03-01,OKC,DAL,OKC,DAL,0.9082,0.1098,126,92,-0.8437719338918637,-0.9156908845246137,2.879975516528209,2.672283870802185,3.7237474504200723,3.587974755326799,6.603722966948282,6.260258626128984,0.1559633027522936,0.07191895063275,0.3434643408192981,0.0815775989077843,-0.09179999999999999,0.1098
KXNBAGAME-26MAR01PHIBOS,2026-03-01,PHI,BOS,BOS,PHI,0.754,0.2663,0,91,,-0.5404408190977479,,2.9773214250152957,,3.517762244113044,,6.495083669128339,-1.0,,,,-0.246,0.2663
KXNBAGAME-26MAR01PORATL,2026-03-01,POR,ATL,ATL,POR,0.6799,0.3304,73,62,-1.9587527306433512,1.6123980569538516,2.486166293699032,4.362264470882755,4.444919024342383,2.749866413928903,6.931085318041416,7.112130884811657,0.08148148148148149,-3.571150787597203,-0.18104556677024153,-0.1378167986391194,-0.32010000000000005,0.3304
KXNBAGAME-26MAR01SASNYK,2026-03-01,SAS,NYK,NYK,SAS,0.4673,0.5525,112,91,-0.6130232071279643,-0.6496490211308366,2.61639424043328,2.325283986512389,3.2294174475612447,2.9749330076432257,5.845811687994526,5.300216994155615,0.10344827586206896,0.03662581400287224,0.5455946938389102,0.05355542863117809,-0.5327,0.5525
KXNBAGAME-26MAR02DENUTA,2026-03-02,DEN,UTA,DEN,UTA,0.8466,0.1715,104,47,-1.3617661855237113,-1.6703674650984341,2.5097441892156915,2.4605064141871864,3.8715103747394015,4.13087387928562,6.381254563955092,6.591380293472804,0.37748344370860926,0.30860127957472283,-0.21012572951771258,0.20417178583304077,-0.15339999999999998,0.1715
KXNBAGAME-26MAR02HOUWAS,2026-03-02,HOU,WAS,HOU,WAS,0.894,0.1115,59,27,0.06263347833426776,0.33351643263256264,2.980279214465138,3.4724562348562324,2.917645736130871,3.1389398022236694,5.897924950596009,6.611396037079901,0.37209302325581395,-0.2708829542982949,-0.7134710864838922,0.17250236391299223,-0.10599999999999998,0.1115
KXNBAGAME-26MAR02LACGSW,2026-03-02,LAC,GSW,LAC,GSW,0.5156,0.4898,33,115,0.10566326953247557,0.6213789965254606,3.0126763765431788,3.8557970801057797,2.9070131070107026,3.234418083580319,5.91968948355388,7.0902151636861,-0.5540540540540541,-0.5157157269929851,-1.1705256801322204,-0.30281281337667626,-0.48440000000000005,0.4898
KXNBAGAME-26MAR03BKNMIA,2026-03-03,BKN,MIA,MIA,BKN,0.85,0.1466,36,45,-1.8414811890626115,-1.0975648778496758,2.4566264675146994,2.473279346616274,4.2981076565773115,3.5708442244659495,6.754734124092011,6.044123571082226,-0.1111111111111111,-0.7439163112129357,0.7106105530097855,-0.09275137111620234,-0.15000000000000002,0.1466
KXNBAGAME-26MAR03DALCHA,2026-03-03,DAL,CHA,CHA,DAL,0.8623,0.1461,65,46,-0.5564516195047104,-0.6434114611384987,2.7803688399387916,2.874022007007261,3.3368204594435014,3.517433468145759,6.117189299382293,6.391455475153021,0.17117117117117117,0.08695984163378823,-0.27426617577072765,0.089933577667275,-0.13770000000000004,0.1461
KXNBAGAME-26MAR03DETCLE,2026-03-03,DET,CLE,CLE,DET,0.4361,0.5798,73,63,-0.546322741811831,-1.3327645503407504,3.4286051755450178,2.8716210149904327,3.9749279173568492,4.204385565331183,7.4035330929018635,7.076006580321614,0.07352941176470588,0.7864418085289193,0.3275265125802491,0.07608679630879892,-0.5639000000000001,0.5798
KXNBAGAME-26MAR03MEMMIN,2026-03-03,MEM,MIN,MIN,MEM,0.8687,0.1313,50,69,-1.9872602001789597,-1.058950468411762,2.608880604714928,2.483592043845899,4.596140804893887,3.5425425122576613,7.205021409608815,6.0261345561035595,-0.15966386554621848,-0.9283097317671976,1.1788868535052552,-0.1262474193614691,-0.13129999999999997,0.1313
KXNBAGAME-26MAR03NOPLAL,2026-03-03,NOP,LAL,LAL,NOP,0.7527,0.2525,48,149,-0.7356895772180944,-0.17774337853001804,2.6106827148727705,3.4629970528525797,3.346372292090865,3.6407404313825973,5.9570550069636345,7.103737484235177,-0.5126903553299492,-0.5579461986880763,-1.1466824772715425,-0.2842424875993784,-0.24729999999999996,0.2525
KXNBAGAME-26MAR03NYKTOR,2026-03-03,NYK,TOR,NYK,TOR,0.57,0.4393,86,24,-0.4988943701055992,0.8706441761195899,2.9750981012546367,4.202570617656484,3.4739924713602344,3.3319264415368943,6.449090572614871,7.534497059193377,0.5636363636363636,-1.369538546225189,-1.0854064865785062,0.21334125450692235,-0.43000000000000005,0.4393
KXNBAGAME-26MAR03PHXSAC,2026-03-03,PHX,SAC,PHX,SAC,0.7803,0.2283,40,70,-0.3180637003939046,-0.16622838804460505,2.849919467409007,3.00909029946582,3.1679831678029116,3.1753186875104253,6.01790263521192,6.184408986976244,-0.2727272727272727,-0.15183531234929953,-0.16650635176432438,-0.14395540198110132,-0.2197,0.2283
KXNBAGAME-26MAR03SASPHI,2026-03-03,SAS,PHI,SAS,PHI,0.7903,0.1983,82,0,-0.3255537587312509,,3.1126151446788906,,3.4381689034101415,,6.550784048089032,,1.0,,,,-0.2097,0.1983
KXNBAGAME-26MAR03WASORL,2026-03-03,WAS,ORL,ORL,WAS,0.9101,0.0999,40,55,1.0076382474924561,0.1484228489508287,4.061049737818162,3.6744178432559345,3.053411490325706,3.5259949943051057,7.114461228143867,7.20041283756104,-0.15789473684210525,0.8592153985416274,-0.08595160941717328,-0.035986598493971254,-0.08989999999999998,0.0999
KXNBAGAME-26MAR04ATLMIL,2026-03-04,ATL,MIL,ATL,MIL,0.5022,0.5153,109,109,0.279437019556728,-0.7706093875791963,4.014718477809975,2.637500115354668,3.735281458253246,3.408109502933864,7.74999993606322,6.045609618288534,0.0,1.0500464071359243,1.7043903177746857,0.052502320356796216,-0.4978,0.5153
KXNBAGAME-26MAR04CHABOS,2026-03-04,CHA,BOS,CHA,BOS,0.3099,0.6999,56,150,-0.9595138101056898,-0.28905612287823457,2.6749804075124817,3.0243768563780593,3.6344942176181707,3.3134329792562927,6.309474625130653,6.337809835634353,-0.4563106796116505,-0.6704576872274552,-0.028335210503700026,-0.261678224167198,-0.6900999999999999,0.6999
KXNBAGAME-26MAR04INDLAC,2026-03-04,IND,LAC,LAC,IND,0.8407,0.1683,39,106,-0.5814169929578403,-0.267066030663622,3.0960581127188322,3.3651299283060006,3.6774751056766717,3.6321959589696227,6.773533218395505,6.997325887275624,-0.46206896551724136,-0.31435096229421833,-0.22379266888011884,-0.24675203087333158,-0.1593,0.1683
KXNBAGAME-26MAR04OKCNYK,2026-03-04,OKC,NYK,OKC,NYK,0.6575,0.3388,99,97,0.02959549913012066,-0.545309150476696,3.3588426394234965,3.159892220884169,3.3292471402933757,3.705201371360864,6.68808977971687,6.865093592245035,0.01020408163265306,0.5749046496068166,-0.17700381252816477,0.03384727329666736,-0.3425,0.3388
KXNBAGAME-26MAR04PORMEM,2026-03-04,POR,MEM,POR,MEM,0.7696,0.2337,55,52,-1.573608693262235,-1.5500026826450262,2.5197116762392975,2.6598305939523987,4.093320369501532,4.209833276597425,6.61303204574083,6.8696638705498225,0.028037383177570093,-0.023606010617208906,-0.25663182480899227,0.012838391057924602,-0.23040000000000005,0.2337
KXNBAGAME-26MAR04UTAPHI,2026-03-04,UTA,PHI,PHI,UTA,0.7448,0.2628,76,0,-0.7177844923879217,,3.2028667409002782,,3.9206512332882006,,7.123517974188481,,1.0,,,,-0.2552,0.2628
KXNBAGAME-26MAR05BKNMIA,2026-03-05,BKN,MIA,MIA,BKN,0.8701,0.136,43,47,-0.47255165481811534,-1.2199501236083827,2.5303053561506186,2.311810853237687,3.002857010968733,3.531760976846069,5.533162367119351,5.843571830083757,-0.044444444444444446,0.7473984687902674,-0.3104094629644063,0.015147701217291146,-0.12990000000000002,0.136
KXNBAGAME-26MAR05DETSAS,2026-03-05,DET,SAS,SAS,DET,0.6037,0.401,89,136,-1.0434762508291011,0.5257227359920773,3.149679145367247,3.918119634696813,4.193155396196348,3.3923968987047344,7.342834541563598,7.310516533401548,-0.2088888888888889,-1.5691989868211784,0.03231800816205066,-0.18290439378550338,-0.3963,0.401
KXNBAGAME-26MAR05GSWHOU,2026-03-05,GSW,HOU,GSW,HOU,0.2807,0.7511,101,67,0.36348979244149576,-0.08401731399985451,3.601501703944541,3.336884884460728,3.2380119115030457,3.420902198460583,6.839513615447586,6.75778708292131,0.20238095238095238,0.4475071064413503,0.08172653252627615,0.1235658315125437,-0.7193,0.7511
KXNBAGAME-26MAR05LALDEN,2026-03-05,LAL,DEN,DEN,LAL,0.6084,0.3983,132,75,0.14049927062461523,-0.8468863636324566,3.0403916100767505,3.1308875613107503,2.899892339452136,3.9777739249432056,5.940283949528887,7.108661486253958,0.2753623188405797,0.9873856342570718,-1.168377536725071,0.18705044113314345,-0.39159999999999995,0.3983
KXNBAGAME-26MAR05NOPSAC,2026-03-05,NOP,SAC,NOP,SAC,0.7027,0.312,66,45,-0.7475497295309614,-0.3639018484928429,2.759137545137097,2.5463421737363454,3.506687274668059,2.910244022229188,6.2658248198051565,5.456586195965533,0.1891891891891892,-0.38364788103811853,0.8092386238396232,0.07541220054268867,-0.2973,0.312
KXNBAGAME-26MAR05TORMIN,2026-03-05,TOR,MIN,MIN,TOR,0.646,0.3545,54,68,-0.0060183576637892755,-0.6932108192052029,3.1662408895697984,2.8888862564883464,3.172259247233587,3.5820970756935484,6.338500136803386,6.470983332181897,-0.11475409836065574,0.6871924615414136,-0.1324831953785104,-0.023017426103257195,-0.354,0.3545
KXNBAGAME-26MAR05UTAWAS,2026-03-05,UTA,WAS,UTA,WAS,0.39,0.6199,83,76,-0.8901656855923754,0.5796903193009328,3.0284569831361687,3.9839989670648612,3.9186226687285446,3.40430864776393,6.9470796518647155,7.388307614828791,0.0440251572327044,-1.4698560048933083,-0.4412279629640752,-0.051480221628313214,-0.61,0.6199
KXNBAGAME-26MAR06DALBOS,2026-03-06,DAL,BOS,BOS,DAL,0.8995,0.1121,96,121,-0.3943310390074879,-0.10254733153989046,2.9980593931913484,2.753362300527007,3.3923904321988356,2.855909632066897,6.390449825390183,5.609271932593904,-0.1152073732718894,-0.2917837074675974,0.7811778927962791,-0.07219287200932457,-0.10050000000000003,0.1121
KXNBAGAME-26MAR06INDLAL,2026-03-06,IND,LAL,LAL,IND,0.7899,0.2143,49,118,-1.1058119465920475,0.2907262868726209,2.1591358347687253,3.1791044265408153,3.2649477813607737,2.8883781396681947,5.424083616129499,6.0674825662090095,-0.41317365269461076,-1.3965382334646685,-0.6433989500795105,-0.2764137380205388,-0.21009999999999995,0.2143
KXNBAGAME-26MAR06LACSAS,2026-03-06,LAC,SAS,SAS,LAC,0.7249,0.2828,67,108,-0.8693871710841425,-0.1491648906017236,2.6925011504082645,3.142382108745543,3.5618883214924075,3.2915469993472666,6.254389471900672,6.43392910809281,-0.2342857142857143,-0.720222280482419,-0.1795396361921382,-0.1531539711669781,-0.2751,0.2828
KXNBAGAME-26MAR06MIACHA,2026-03-06,MIA,CHA,MIA,CHA,0.2899,0.7189,61,86,-1.5676976600178087,-0.43169484205436387,2.30504163332951,2.742331990798271,3.872739293347319,3.1740268328526353,6.177780926676828,5.916358823650908,-0.17006802721088435,-1.136002817963445,0.26142210302591984,-0.14183415450361442,-0.7101,0.7189
KXNBAGAME-26MAR06NOPPHX,2026-03-06,NOP,PHX,PHX,NOP,0.6471,0.3648,63,40,-0.1977522866480143,-0.6783499496477047,2.838611214974388,2.3012770974731693,3.0363635016224015,2.979627047120875,5.874974716596789,5.280904144594043,0.22330097087378642,0.48059766299969037,0.5940705720027459,0.13568036858687774,-0.3529,0.3648
KXNBAGAME-26MAR06NYKDEN,2026-03-06,NYK,DEN,NYK,DEN,0.4959,0.5205,162,63,-0.3515496069121682,-0.7223048170935585,2.683248317118296,2.9256344506062826,3.0347979240304648,3.64793926769984,5.71804624114876,6.573573718306124,0.44,0.37075521018139035,-0.8555274771573638,0.23853776050906952,-0.5041,0.5205
KXNBAGAME-26MAR06PORHOU,2026-03-06,POR,HOU,HOU,POR,0.7192,0.2946,78,53,-2.769439958657691,-0.23648701407239922,2.398355778866489,3.0843239065338706,5.167795737524181,3.3208109206062697,7.566151516390672,6.405134827140139,0.19083969465648856,-2.532952944585292,1.1610166892505331,-0.03122779990102033,-0.28080000000000005,0.2946
KXNBAGAME-26MAR07BKNDET,2026-03-07,BKN,DET,BKN,DET,0.1408,0.875,35,90,-0.6594206266774285,-0.034379308935823916,2.395704111223733,2.8743984676819734,3.055124737901161,2.9087777766177974,5.450828849124894,5.783176244299771,-0.44,-0.6250413177416045,-0.3323473951748763,-0.2512520658870802,-0.8592,0.875
KXNBAGAME-26MAR07GSWOKC,2026-03-07,GSW,OKC,OKC,GSW,0.8417,0.1683,69,107,0.18429306685140212,-0.18317062688833993,3.4241600204006524,2.865647714128625,3.2398669535492512,3.0488183410169665,6.6640269739499045,5.91446605514559,-0.2159090909090909,0.3674636937397421,0.7495609188043142,-0.08958136076755835,-0.1583,0.1683
KXNBAGAME-26MAR07LACMEM,2026-03-07,LAC,MEM,LAC,MEM,0.7274,0.2984,90,67,-1.0026789390498412,-0.9754690950923293,2.626685463471386,3.037939249515654,3.6293644025212273,4.013408344607983,6.256049865992614,7.051347594123637,0.1464968152866242,-0.027209843957511914,-0.7952977281310236,0.0718879154454365,-0.27259999999999995,0.2984
KXNBAGAME-26MAR07ORLMIN,2026-03-07,ORL,MIN,ORL,MIN,0.3103,0.7091,80,72,-0.031951234135905386,-0.6065036072870628,3.368548420973184,2.7558742387439237,3.4004996551090887,3.362377846030986,6.769048076082273,6.118252084774909,0.05263157894736842,0.5745523731511574,0.6507959913073638,0.055043408131242075,-0.6897,0.7091
KXNBAGAME-26MAR07PHIATL,2026-03-07,PHI,ATL,ATL,PHI,0.7063,0.3023,0,71,,-0.05963669438496466,,3.444635190119162,,3.504271884504126,,6.948907074623288,-1.0,,,,-0.29369999999999996,0.3023
KXNBAGAME-26MAR07UTAMIL,2026-03-07,UTA,MIL,MIL,UTA,0.7961,0.21,101,70,-0.44635331892353863,-0.6899937496598578,3.1253632716930584,2.651162209255005,3.5717165906165977,3.3411559589148627,6.697079862309655,5.992318168169871,0.18128654970760233,0.2436404307363192,0.7047616941397843,0.10282529639061712,-0.20389999999999997,0.21
KXNBAGAME-26MAR08BOSCLE,2026-03-08,BOS,CLE,BOS,CLE,0.5332,0.4151,151,38,0.0436946753523734,-0.5994964964809256,3.121453513502482,2.863841175116744,3.0777588381501078,3.463337671597669,6.199212351652591,6.327178846714413,0.5978835978835979,0.643191171833299,-0.12796649506182245,0.3311013575334639,-0.4668,0.4151
KXNBAGAME-26MAR08CHAPHX,2026-03-08,CHA,PHX,PHX,CHA,0.3591,0.6525,67,100,-0.3308872549584296,-1.676876462726216,2.751958824464766,2.250036219293482,3.082846079423195,3.9269126820196973,5.834804903887962,6.176948901313179,-0.19760479041916168,1.3459892077677864,-0.3421439974252172,-0.031502934821191514,-0.6409,0.6525
KXNBAGAME-26MAR08CHISAC,2026-03-08,CHI,SAC,SAC,CHI,0.3635,0.6472,73,42,-1.5209442601492973,-0.40613175800621826,2.2075466997338524,2.810601371581066,3.728490959883149,3.2167331295872854,5.936037659617,6.027334501168351,0.26956521739130435,-1.114812502143079,-0.0912968415513511,0.07904198358849822,-0.6365000000000001,0.6472
KXNBAGAME-26MAR08DALTOR,2026-03-08,DAL,TOR,TOR,DAL,0.7895,0.2222,166,50,0.2060835672512483,-0.3259238498461688,3.1421899126618764,2.9036407925094627,2.9361063454106278,3.22956464235563,6.078296258072505,6.133205434865093,0.5370370370370371,0.5320074170974171,-0.054909176792588,0.29511888937338937,-0.21050000000000002,0.2222
KXNBAGAME-26MAR08DETMIA,2026-03-08,DET,MIA,MIA,DET,0.5159,0.5007,108,58,0.17785061031857347,-0.4900841388688513,3.256131774900058,2.529807971072327,3.078281164581484,3.019892109941177,6.334412939481542,5.549700081013507,0.30120481927710846,0.6679347491874248,0.7847128584680352,0.18399914709792548,-0.4841,0.5007
KXNBAGAME-26MAR08HOUSAS,2026-03-08,HOU,SAS,SAS,HOU,0.7095,0.3125,80,98,-0.6408026034263938,-0.34626335123399354,2.988984397182792,3.0477356562644187,3.629787000609185,3.3939990074984125,6.618771397791976,6.441734663762832,-0.10112359550561797,-0.2945392521924003,0.17703673402914433,-0.065288760362429,-0.2905,0.3125
KXNBAGAME-26MAR08INDPOR,2026-03-08,IND,POR,POR,IND,0.7899,0.2192,89,50,-0.574691260992047,-0.29446109847898083,2.8071164626413383,3.2045819455693048,3.3818077236333854,3.4990430440482854,6.188924186274724,6.703624989617589,0.2805755395683453,-0.2802301625130662,-0.5147008033428655,0.12627626165851935,-0.21009999999999995,0.2192
KXNBAGAME-26MAR08NYKLAL,2026-03-08,NYK,LAL,LAL,NYK,0.3879,0.6327,108,167,-0.5932132333014748,-0.02301019393573825,2.765124310647539,3.144156271978167,3.3583375439490135,3.1671664659139047,6.1234618545965525,6.31132273789207,-0.21454545454545454,-0.5702030393657366,-0.1878608832955173,-0.1357828792410141,-0.6121,0.6327
KXNBAGAME-26MAR08ORLMIL,2026-03-08,ORL,MIL,ORL,MIL,0.7038,0.2861,95,48,0.49173357116373084,0.027139174878600375,3.432582126191078,3.100025707557511,2.9408485550273475,3.0728865326789103,6.3734306812184265,6.172912240236421,0.32867132867132864,0.46459439628513044,0.20051844098200533,0.18756538414992086,-0.2962,0.2861
KXNBAGAME-26MAR08WASNOP,2026-03-08,WAS,NOP,NOP,WAS,0.7996,0.1981,61,35,1.2679652100629062,-0.7862761288563536,3.906276954991453,2.4176762861093377,2.6383117449285476,3.203952414965691,6.544588699920002,5.621628701075027,0.2708333333333333,2.05424133891926,0.9229599988449753,0.23812873361262965,-0.20040000000000002,0.1981
KXNBAGAME-26MAR09DENOKC,2026-03-09,DEN,OKC,OKC,DEN,0.4778,0.5214,83,62,-0.8197200186190081,-0.9865214489967684,2.586338056691908,2.7021137734383327,3.4060580753109164,3.6886352224351016,5.992396132002824,6.390748995873434,0.14482758620689656,0.1668014303777603,-0.39835286387060975,0.0807538646223363,-0.5222,0.5214
KXNBAGAME-26MAR09GSWUTA,2026-03-09,GSW,UTA,UTA,GSW,0.3242,0.6861,69,59,0.19243939162122903,-0.4093594279208767,3.398806995866689,2.6813631883848026,3.206367604245459,3.090722616305679,6.605174600112148,5.772085804690481,0.078125,0.6017988195421058,0.8330887954216672,0.0691524409771053,-0.6758,0.6861
KXNBAGAME-26MAR09NYKLAC,2026-03-09,NYK,LAC,LAC,NYK,0.4892,0.5237,90,92,-0.64947571438351,-1.1823904758954,2.678113671226622,2.71348411031462,3.3275893856101324,3.8958745862100193,6.005703056836753,6.609358696524639,-0.01098901098901099,0.53291476151189,-0.6036556396878865,0.021151232581089002,-0.5107999999999999,0.5237
KXNBAGAME-26MAR09PHICLE,2026-03-09,PHI,CLE,CLE,PHI,0.8707,0.1328,0,49,,-0.6935875283561752,,2.8977266700613447,,3.59131419841752,,6.489040868478865,-1.0,,,,-0.12929999999999997,0.1328
KXNBAGAME-26MAR10BOSSAS,2026-03-10,BOS,SAS,SAS,BOS,0.601,0.4042,123,76,-0.3623003183189981,-0.37182805680024805,2.9076450469690793,2.7329424137731033,3.2699453652880774,3.104770470573351,6.177590412257157,5.837712884346455,0.23618090452261306,0.009527738481249937,0.33987752791070136,0.11856683918536903,-0.399,0.4042
KXNBAGAME-26MAR10CHAPOR,2026-03-10,CHA,POR,CHA,POR,0.582,0.431,56,54,-0.8171858369112974,-1.409862351319343,2.5993036911332377,2.6242559729221986,3.416489528044535,4.034118324241541,6.015793219177773,6.658374297163742,0.01818181818181818,0.5926765144080455,-0.6425810779859686,0.03872473481131136,-0.41800000000000004,0.431
KXNBAGAME-26MAR10CHIGSW,2026-03-10,CHI,GSW,CHI,GSW,0.3202,0.698,66,70,-0.1675769589829062,-0.6555012554281103,3.090759515156403,2.9585819174680297,3.258336474139309,3.614083172896141,6.349095989295711,6.57266509036417,-0.029411764705882353,0.48792429644520413,-0.22356910106845884,0.009690332469319031,-0.6798,0.698
KXNBAGAME-26MAR10DALATL,2026-03-10,DAL,ATL,ATL,DAL,0.8568,0.1664,57,64,-0.3214056889613608,-1.4456293379983727,2.914789216506379,2.6579061983469723,3.23619490546774,4.103535536345344,6.150984121974119,6.761441734692314,-0.05785123966942149,1.1242236490370119,-0.6104576127181947,0.027285562617139852,-0.1432,0.1664
KXNBAGAME-26MAR10DETBKN,2026-03-10,DET,BKN,DET,BKN,0.9139,0.0871,71,40,-0.6936153012951087,-1.8888485281686656,2.7075694285259884,2.10527353605115,3.4011847298210975,3.9941220642198165,6.108754158347086,6.099395600270965,0.27927927927927926,1.1952332268735568,0.00935855807612107,0.1994013009833175,-0.08609999999999995,0.0871
KXNBAGAME-26MAR10INDSAC,2026-03-10,IND,SAC,SAC,IND,0.6054,0.4027,58,32,-0.8144319094985707,-0.15899216268194843,2.7728222056377723,3.159983552418441,3.587254115136342,3.3189757151003887,6.360076320774115,6.47895926751883,0.28888888888888886,-0.6554397468166222,-0.11888294674471478,0.11167245710361332,-0.39459999999999995,0.4027
KXNBAGAME-26MAR10MEMPHI,2026-03-10,MEM,PHI,PHI,MEM,0.5734,0.4353,53,0,-1.1988958420191087,,2.7533598721343004,,3.9522557141534094,,6.70561558628771,,1.0,,,,-0.4266,0.4353
KXNBAGAME-26MAR10MINLAL,2026-03-10,MIN,LAL,LAL,MIN,0.4456,0.5729,55,103,-0.3490545448231481,-0.2297919280066256,3.1171874456941886,2.9904293360146617,3.4662419905173376,3.220221264021287,6.583429436211526,6.210650600035951,-0.3037974683544304,-0.11926261681652253,0.3727788361755753,-0.1578618650180413,-0.5544,0.5729
KXNBAGAME-26MAR10TORHOU,2026-03-10,TOR,HOU,HOU,TOR,0.6242,0.3725,60,62,-0.5872638590685306,-0.14793428794490557,2.5512708191718696,2.9041946748097907,3.1385346782403998,3.0521289627546953,5.689805497412269,5.956323637564486,-0.01639344262295082,-0.43932957112362503,-0.26651814015221653,-0.030163199867656663,-0.3758,0.3725
KXNBAGAME-26MAR10WASMIA,2026-03-10,WAS,MIA,MIA,WAS,0.9164,0.0989,34,50,0.8702965012886069,-0.6433312611696116,3.7946809984093246,2.5763669459313565,2.924384497120717,3.2196982071009685,6.71906549553004,5.796065153032327,-0.19047619047619047,1.5136277624582184,0.9230003424977129,-0.019556707115184313,-0.08360000000000001,0.0989
KXNBAGAME-26MAR11CHASAC,2026-03-11,CHA,SAC,CHA,SAC,0.8824,0.1276,62,36,-0.746777692634697,-0.46797772181573616,2.715081051276029,3.1069397989044902,3.461858743910726,3.5749175207202257,6.176939795186756,6.681857319624716,0.2653061224489796,-0.2787999708189608,-0.5049175244379596,0.11871306268354176,-0.11760000000000004,0.1276
KXNBAGAME-26MAR11CLEORL,2026-03-11,CLE,ORL,ORL,CLE,0.4008,0.6041,98,83,-0.8514879628410823,0.5090312372232422,3.0811704719953648,3.78871432159249,3.932658434836447,3.279683084369246,7.013828906831812,7.0683974059617345,0.08287292817679558,-1.3605192000643245,-0.0545684991299229,-0.02658949591481844,-0.5992,0.6041
KXNBAGAME-26MAR11HOUDEN,2026-03-11,HOU,DEN,DEN,HOU,0.7034,0.3099,60,104,0.24718177889645768,-0.5982023851582114,3.3092405110419607,2.7867962990476194,3.062058732145502,3.384998684205831,6.3712992431874635,6.17179498325345,-0.2682926829268293,0.8453841640546691,0.1995042599340131,-0.09187713326068118,-0.2966,0.3099
KXNBAGAME-26MAR11MINLAC,2026-03-11,MIN,LAC,LAC,MIN,0.5478,0.464,64,78,-0.0724526508382499,-0.5379407250782661,3.1594048591962824,2.8181571161919385,3.231857510034534,3.3560978412702047,6.391262369230816,6.174254957462144,-0.09859154929577464,0.46548807424001615,0.21700741176867222,-0.026021370935886513,-0.45220000000000005,0.464
KXNBAGAME-26MAR11NYKUTA,2026-03-11,NYK,UTA,NYK,UTA,0.8893,0.1198,130,66,-0.6238795393766783,-0.2400859963434287,2.829759861781726,3.1369783435928547,3.4536394011584046,3.377064339936284,6.283399262940129,6.514042683529138,0.32653061224489793,-0.3837935430332496,-0.23064342058900866,0.1440756289707865,-0.11070000000000002,0.1198
KXNBAGAME-26MAR11TORNOP,2026-03-11,TOR,NOP,NOP,TOR,0.4496,0.5695,85,27,0.053092342288882766,-0.16492401733463352,3.1587910089451023,3.096945598891699,3.105698666656219,3.261869616226332,6.264489675601322,6.358815215118035,0.5178571428571429,0.2180163596235163,-0.09432553951671352,0.26982938940974727,-0.5504,0.5695
KXNBAGAME-26MAR12BKNATL,2026-03-12,BKN,ATL,ATL,BKN,0.9103,0.095,52,96,-0.7712775930248656,-0.4489558297743372,2.9827971476850914,3.0694160889706836,3.7540747407099566,3.5183719187450224,6.736871888395047,6.587788007715707,-0.2972972972972973,-0.32232176325052847,0.1490838806793402,-0.1647647368111751,-0.0897,0.095
KXNBAGAME-26MAR12CHILAL,2026-03-12,CHI,LAL,LAL,CHI,0.8391,0.1792,84,157,-0.5238660823381871,0.0378258535172326,2.7644454835402983,2.7878725550008205,3.2883115658784856,2.750046701483587,6.0527570494187835,5.5379192564844075,-0.3029045643153527,-0.5616919358554197,0.5148377929343759,-0.17953687895044732,-0.16090000000000004,0.1792
KXNBAGAME-26MAR12DALMEM,2026-03-12,DAL,MEM,DAL,MEM,0.6743,0.34,81,68,-0.3028355769855045,-1.876536291536151,2.633619437611538,2.3771677393922848,2.9364550145970414,4.253704030928436,5.570074452208582,6.630871770320722,0.087248322147651,1.5737007145506465,-1.0607973181121402,0.12230919680135782,-0.3257,0.34
KXNBAGAME-26MAR12DENSAS,2026-03-12,DEN,SAS,DEN,SAS,0.4288,0.5767,107,121,-0.3598466121394135,-0.12022627931204233,2.718381483558007,3.2727845435166403,3.078228095697421,3.393010822828683,5.796609579255428,6.665795366345321,-0.06140350877192982,-0.23962033282737116,-0.8691857870898936,-0.04268277102733347,-0.5711999999999999,0.5767
KXNBAGAME-26MAR12MILMIA,2026-03-12,MIL,MIA,MIA,MIL,0.6871,0.3257,55,88,-0.3733698723177245,0.2793286445622246,2.712866888620086,3.135445268200505,3.08623676093781,2.85611662363828,5.799103649557895,5.991561891838785,-0.23076923076923078,-0.6526985168799491,-0.1924582422808898,-0.14801954122861283,-0.31289999999999996,0.3257
KXNBAGAME-26MAR12PHIDET,2026-03-12,PHI,DET,DET,PHI,0.9023,0.11,0,66,,-0.8083437297497675,,2.8837920998930153,,3.6921358296427833,,6.575927929535799,-1.0,,,,-0.09770000000000001,0.11
KXNBAGAME-26MAR12PHXIND,2026-03-12,PHX,IND,PHX,IND,0.7995,0.2082,58,60,-0.7065433565801001,-0.712998574902969,2.542835948407422,2.5694820565018066,3.2493793049875213,3.282480631404776,5.792215253394945,5.851962687906582,-0.01694915254237288,0.006455218322868883,-0.05974743451163711,-0.008151815355042996,-0.2005,0.2082
KXNBAGAME-26MAR13CHILAC,2026-03-13,CHI,LAC,LAC,CHI,0.87,0.14,77,104,-0.5681483446256272,-0.8345751112217104,2.8047289637198527,2.689646458241607,3.3728773083454797,3.5242215694633163,6.177606272065334,6.2138680277049225,-0.14917127071823205,0.2664267665960831,-0.03626175563958878,-0.06126429702931187,-0.13,0.14
KXNBAGAME-26MAR13CLEDAL,2026-03-13,CLE,DAL,CLE,DAL,0.8601,0.1492,63,79,-0.4100682840318989,-0.6159572527742275,3.3916269749655448,2.306413632471043,3.8016952589974444,2.9223708852452708,7.19332223396299,5.228784517716315,-0.11267605633802817,0.20588896874232865,1.9645377162466744,-0.046043579731897655,-0.13990000000000002,0.1492
KXNBAGAME-26MAR13MEMDET,2026-03-13,MEM,DET,DET,MEM,0.92,0.0897,49,65,-2.310160125172317,-0.7200562011513518,2.139503637419685,2.673174462836808,4.449663762592001,3.39323066398816,6.589167400011688,6.066405126824968,-0.14035087719298245,-1.5901039240209653,0.5227622731867205,-0.14968063479753949,-0.07999999999999996,0.0897
KXNBAGAME-26MAR13MINGSW,2026-03-13,MIN,GSW,MIN,GSW,0.6677,0.3362,150,79,-0.4038519730127152,-0.05257493337550284,2.868837556066576,3.3122490376900275,3.27268952907929,3.36482397106553,6.141527085145865,6.677073008755558,0.31004366812227074,-0.35127703963721235,-0.5355459236096927,0.13745798207927476,-0.33230000000000004,0.3362
KXNBAGAME-26MAR13NOPHOU,2026-03-13,NOP,HOU,HOU,NOP,0.6873,0.3239,14,61,-0.364304048604821,0.009313467619104787,2.2314780824371128,2.910364277925687,2.5957821310419344,2.901050810306582,4.8272602134790485,5.811415088232268,-0.6266666666666667,-0.3736175162239258,-0.9841548747532194,-0.3320142091445296,-0.3127,0.3239
KXNBAGAME-26MAR13PHXTOR,2026-03-13,PHX,TOR,TOR,PHX,0.6674,0.3516,56,65,-1.0941344493627911,-0.15296779396600663,2.3681586733752815,2.622462398968957,3.4622931227380724,2.7754301929349636,5.830451796113354,5.397892591903919,-0.0743801652892562,-0.9411666553967846,0.4325592042094346,-0.08424841541446733,-0.3326,0.3516
KXNBAGAME-26MAR13UTAPOR,2026-03-13,UTA,POR,POR,UTA,0.9025,0.1081,78,39,-0.7548590015672021,-1.430573028961907,2.5664158916993767,2.4144025560126643,3.3212748932665797,3.8449755849745726,5.887690784965956,6.259378140987238,0.3333333333333333,0.6757140273947049,-0.37168735602128145,0.2004523680364019,-0.09750000000000003,0.1081
KXNBAGAME-26MAR14BKNPHI,2026-03-14,BKN,PHI,PHI,BKN,0.7795,0.23,52,0,-0.6092045726085292,,2.700783877640296,,3.309988450248824,,6.0107723278891205,,1.0,,,,-0.22050000000000003,0.23
KXNBAGAME-26MAR14CHASAS,2026-03-14,CHA,SAS,SAS,CHA,0.6968,0.3186,55,79,-0.41509383140519546,-0.10589024353515289,2.7345419061850125,3.1351469025231666,3.1496357375902084,3.2410371460583187,5.884177643775221,6.376184048581486,-0.1791044776119403,-0.30920358787004254,-0.4920064048062649,-0.10501241819947227,-0.3032,0.3186
KXNBAGAME-26MAR14DENLAL,2026-03-14,DEN,LAL,LAL,DEN,0.5256,0.478,85,116,0.25321171334224957,0.05081031086970134,3.2398150121275724,3.123229826194469,2.9866032987853233,3.072419515324767,6.226418310912894,6.195649341519236,-0.15422885572139303,0.20240140247254823,0.03076896939365792,-0.0669943577370691,-0.47440000000000004,0.478
KXNBAGAME-26MAR14MILATL,2026-03-14,MIL,ATL,ATL,MIL,0.814,0.1986,68,58,-0.9846806724492945,0.5258600309957028,2.67855260674376,3.433876849790914,3.6632332791930544,2.9080168187952102,6.341785885936815,6.341893668586124,0.07936507936507936,-1.5105407034449971,-0.00010778264930877413,-0.03584449548971018,-0.18600000000000005,0.1986
KXNBAGAME-26MAR14ORLMIA,2026-03-14,ORL,MIA,ORL,MIA,0.3863,0.6238,79,57,0.45737988247853484,0.18780536611362064,4.133439971575692,3.1941706077961554,3.6760600890971573,3.0063652416825346,7.809500060672848,6.20053584947869,0.16176470588235295,0.2695745163649142,1.6089642111941576,0.09436107875942218,-0.6137,0.6238
KXNBAGAME-26MAR14SACLAC,2026-03-14,SAC,LAC,SAC,LAC,0.1197,0.8899,31,115,-0.8921542045446202,-1.0448055073606237,2.3265496070541984,2.6375185594998274,3.218703811598819,3.682324066860451,5.545253418653016,6.319842626360279,-0.5753424657534246,0.15265130281600348,-0.7745892077072627,-0.28003866773591213,-0.8803,0.8899
KXNBAGAME-26MAR14WASBOS,2026-03-14,WAS,BOS,BOS,WAS,0.9598,0.0499,64,142,0.4119636409207712,-0.42062725487531694,3.7696261705039404,2.7659990870023026,3.35766252958317,3.1866263418776186,7.12728870008711,5.952625428879923,-0.3786407766990291,0.8325908957960881,1.1746632712071872,-0.14769084355971016,-0.040200000000000014,0.0499
KXNBAGAME-26MAR15DALCLE,2026-03-15,DAL,CLE,DAL,CLE,0.1052,0.8997,77,62,-1.562895549672315,-1.6126036042543639,2.79268274588157,2.600874820159333,4.355578295553886,4.213478424413697,7.148261041435454,6.81435324457303,0.1079136690647482,0.049708054582048966,0.333907796862424,0.05644223726147655,-0.8948,0.8997
KXNBAGAME-26MAR15DETTOR,2026-03-15,DET,TOR,TOR,DET,0.4161,0.5933,52,61,-0.45307748655675306,-0.8874123732124698,2.92821352198963,2.5970209597932614,3.381291008546384,3.4844333330057315,6.309504530536015,6.081454292798995,-0.07964601769911504,0.43433488665571673,0.22805023773701993,-0.018106264516771685,-0.5839,0.5933
KXNBAGAME-26MAR15GSWNYK,2026-03-15,GSW,NYK,NYK,GSW,0.8742,0.1403,95,68,0.3027908582495861,-0.8946249137221686,3.348187065639273,2.496326713954817,3.045396207389686,3.390951627676986,6.39358327302896,5.887278341631802,0.1656441717791411,1.1974157719717546,0.5063049313971577,0.14269287448815826,-0.12580000000000002,0.1403
KXNBAGAME-26MAR15INDMIL,2026-03-15,IND,MIL,MIL,IND,0.745,0.2673,85,71,-0.6827020160430747,-0.5465640457782699,2.4896705995151294,2.9783938077822203,3.172372615558203,3.5249578535604904,5.662043215073332,6.503351661342711,0.08974358974358974,-0.1361379702648048,-0.8413084462693785,0.03806489635855463,-0.255,0.2673
KXNBAGAME-26MAR15MINOKC,2026-03-15,MIN,OKC,OKC,MIN,0.802,0.2089,90,103,-0.4185223599093061,0.6395963299535803,2.823430523339714,3.2724488522378623,3.2419528832490188,2.6328525222842822,6.065383406588733,5.905301374522144,-0.06735751295336788,-1.0581186898628863,0.16008203206658944,-0.08658469096982825,-0.19799999999999995,0.2089
KXNBAGAME-26MAR15PORPHI,2026-03-15,POR,PHI,PHI,POR,0.2582,0.7554,56,0,-0.8706028218090776,,2.497426125010033,,3.36802894681911,,5.865455071829144,,1.0,,,,-0.7418,0.7554
KXNBAGAME-26MAR15UTASAC,2026-03-15,UTA,SAC,SAC,UTA,0.5998,0.4139,74,37,-1.386957003705531,-0.9604322800844207,2.150518611429017,2.307983915630765,3.5374756151345483,3.2684161957151865,5.687994226563566,5.576400111345951,0.3333333333333333,-0.42652472362111027,0.1115941152176152,0.14534043048561116,-0.4002,0.4139
KXNBAGAME-26MAR16DALNOP,2026-03-16,DAL,NOP,NOP,DAL,0.7516,0.2582,58,28,-1.788431559086228,-1.3075030807065053,2.384203662886553,2.4587525383947795,4.172635221972782,3.766255619101284,6.556838884859334,6.225008157496067,0.3488372093023256,-0.48092847837972275,0.33183072736326746,0.15037218073217665,-0.24839999999999995,0.2582
KXNBAGAME-26MAR16LALHOU,2026-03-16,LAL,HOU,LAL,HOU,0.514,0.4898,107,37,0.047758073596956045,0.1280585289187851,3.312907649580401,3.0872357785818667,3.265149575983444,2.9591772496630817,6.578057225563844,6.046413028244947,0.4861111111111111,-0.08030045532182906,0.5316441973188972,0.2390405327894641,-0.486,0.4898
KXNBAGAME-26MAR16MEMCHI,2026-03-16,MEM,CHI,CHI,MEM,0.7157,0.2971,48,56,-1.7442353828243413,-0.09572055625110051,2.3000131960437074,2.81810606223907,4.044248578868049,2.9138266184901704,6.344261774911757,5.731932680729241,-0.07692307692307693,-1.6485148265732408,0.6123290941825168,-0.1208872797902005,-0.2843,0.2971
KXNBAGAME-26MAR16ORLATL,2026-03-16,ORL,ATL,ATL,ORL,0.6233,0.3873,53,62,0.0492464370474521,-0.7409514502094413,3.6214669985010115,2.9407255545099025,3.5722205614535607,3.6816770047193454,7.193687559954573,6.622402559229247,-0.0782608695652174,0.7901978872568934,0.5712850007253261,0.000379459580235976,-0.37670000000000003,0.3873
KXNBAGAME-26MAR16PHXBOS,2026-03-16,PHX,BOS,BOS,PHX,0.7501,0.254,46,55,-0.40698328072373313,-0.3594189705555265,3.0462117507974975,3.096809367264144,3.453195031521229,3.4562283378196703,6.499406782318729,6.553037705083813,-0.0891089108910891,-0.047564310168206614,-0.053630922765083966,-0.04693267095395488,-0.2499,0.254
KXNBAGAME-26MAR16PORBKN,2026-03-16,POR,BKN,POR,BKN,0.8529,0.1794,60,34,-1.4129829873192872,-0.492537424766412,2.5440673796139452,2.728389715120331,3.957050366933232,3.220927139886742,6.5011177465471786,5.9493168550070745,0.2765957446808511,-0.9204455625528751,0.551800891540104,0.09227559421278178,-0.1471,0.1794
KXNBAGAME-26MAR16SASLAC,2026-03-16,SAS,LAC,SAS,LAC,0.6916,0.3443,58,65,-0.2188667974495282,-0.7963356577251526,2.8477260190669025,2.7713164464180218,3.0665928165164313,3.567652104143174,5.914318835583334,6.338968550561194,-0.056910569105691054,0.5774688602756244,-0.4246497149778605,0.00041815846093569073,-0.3084,0.3443
KXNBAGAME-26MAR17CLEMIL,2026-03-17,CLE,MIL,CLE,MIL,0.8513,0.1606,58,59,-1.416383938036786,-1.74440257998711,2.552448427568474,2.1925870984616593,3.9688323656052615,3.9369896784487706,6.5212807931737355,6.129576776910429,-0.008547008547008548,0.32801864195032393,0.391704016263307,0.012127427824011923,-0.14870000000000005,0.1606
KXNBAGAME-26MAR17INDNYK,2026-03-17,IND,NYK,NYK,IND,0.8795,0.1316,78,75,-1.5868758361366346,-0.9724967463626648,2.0724147011174567,2.5443304811741054,3.6592905372540905,3.51682722753677,5.731705238371548,6.061157708710875,0.0196078431372549,-0.6143790897739698,-0.32945247033932645,-0.02091503292007104,-0.12050000000000005,0.1316
KXNBAGAME-26MAR17MIACHA,2026-03-17,MIA,CHA,CHA,MIA,0.6538,0.3586,45,51,-0.8162795528155028,-0.4294970307869179,2.96947407835044,2.7743274604576884,3.7857536311659423,3.2038244912446068,6.755227709516385,5.978151951702294,-0.0625,-0.3867825220285849,0.7770757578140906,-0.050589126101429245,-0.34619999999999995,0.3586
KXNBAGAME-26MAR17OKCORL,2026-03-17,OKC,ORL,OKC,ORL,0.8098,0.209,85,60,-0.5600876776015371,-0.21293832907656315,2.704641462237821,3.588894769666524,3.2647291398393588,3.8018330987430877,5.969370602077181,7.390727868409613,0.1724137931034483,-0.3471493485249739,-1.421357266332432,0.06884942912547545,-0.19020000000000004,0.209
KXNBAGAME-26MAR17PHXMIN,2026-03-17,PHX,MIN,MIN,PHX,0.5864,0.4348,49,108,0.13015538999538684,-0.6906532119035396,2.9393861774323637,2.6505572725752566,2.8092307874369755,3.341210484478796,5.74861696486934,5.9917677570540535,-0.37579617834394907,0.8208086018989265,-0.24315079218471336,-0.14685765907702822,-0.41359999999999997,0.4348
KXNBAGAME-26MAR17SASSAC,2026-03-17,SAS,SAC,SAS,SAC,0.8799,0.1395,63,52,-0.4377197036408349,-0.31751333432472273,2.8113634240023777,2.8622163494017174,3.249083127643213,3.17972968372644,6.060446551645592,6.041946033128157,0.09565217391304348,-0.12020636931611217,0.018500518517434728,0.04181576849071613,-0.12009999999999998,0.1395
KXNBAGAME-26MAR18ATLDAL,2026-03-18,ATL,DAL,ATL,DAL,0.8278,0.2047,62,69,-0.39728953045052817,-0.7852368201986887,3.0511367534318383,2.6720654641651773,3.448426283882366,3.457302284363867,6.4995630373142035,6.129367748529045,-0.05343511450381679,0.3879472897481605,0.3701952887851583,-0.007320192764500372,-0.17220000000000002,0.2047
KXNBAGAME-26MAR18DENMEM,2026-03-18,DEN,MEM,MEM,DEN,0.1584,0.8635,76,62,-0.377663334935891,-0.7640876057273517,2.8668554047910995,2.7566021591067305,3.24451873972699,3.5206897648340814,6.11137414451809,6.277291923940812,0.10144927536231885,0.3864242707914607,-0.16591777942272223,0.07004585122073245,-0.8416,0.8635
KXNBAGAME-26MAR18GSWBOS,2026-03-18,GSW,BOS,BOS,GSW,0.8495,0.1662,106,106,-0.13043361662754163,0.05520954032997816,3.4004358957257725,3.050219668569617,3.5308695123533145,2.995010128239639,6.931305408079087,6.045229796809256,0.0,-0.1856431569575198,0.8860756112698311,-0.009282157847875989,-0.15049999999999997,0.1662
KXNBAGAME-26MAR18LACNOP,2026-03-18,LAC,NOP,NOP,LAC,0.4607,0.5489,61,51,-1.100128284471346,-0.5919153685248004,2.5948651401962235,2.5542320070626054,3.694993424667569,3.146147375587405,6.289858564863794,5.700379382650011,0.08928571428571429,-0.5082129159465456,0.5894791822137826,0.019232211345529864,-0.5393,0.5489
KXNBAGAME-26MAR18LALHOU,2026-03-18,LAL,HOU,LAL,HOU,0.4712,0.5392,144,114,0.5848040250248192,0.5265549242697184,3.611120488122881,3.541430297040119,3.026316463098062,3.014875372770401,6.637436951220943,6.556305669810522,0.11627906976744186,0.05824910075510081,0.08113128141042125,0.06105198992147597,-0.5287999999999999,0.5392
KXNBAGAME-26MAR18OKCBKN,2026-03-18,OKC,BKN,OKC,BKN,0.9579,0.0546,103,52,-0.4101877225552819,-0.7801807993814834,2.846127518755634,2.7442687065777855,3.256315241310917,3.5244495059592693,6.102442760066552,6.268718212537054,0.32903225806451614,0.36999307682620153,-0.16627545247050257,0.18301578287356815,-0.042100000000000026,0.0546
KXNBAGAME-26MAR18PORIND,2026-03-18,POR,IND,POR,IND,0.8583,0.1453,86,85,-0.9935978842783992,-1.1216123826690665,2.6703218988241897,2.4976110185707627,3.663919783102589,3.619223401239829,6.334241681926778,6.1168344198105915,0.005847953216374269,0.12801449839066725,0.21740726211618622,0.009324701527720497,-0.14170000000000005,0.1453
KXNBAGAME-26MAR18UTAMIN,2026-03-18,UTA,MIN,MIN,UTA,0.88,0.1299,44,114,-1.0976814822939511,-0.5265649618844124,2.4876146271828747,2.608283068079084,3.585296109476825,3.1348480299634973,6.072910736659699,5.743131098042582,-0.4430379746835443,-0.5711165204095388,0.3297796386171168,-0.25007481336224907,-0.12,0.1299
KXNBAGAME-26MAR19CLECHI,2026-03-19,CLE,CHI,CLE,CHI,0.7857,0.2349,51,41,-0.8223907936395237,0.034311331263085665,2.8814063563449257,3.2616902643155443,3.7037971499844486,3.2273789330524574,6.585203506329374,6.489069197368,0.10869565217391304,-0.8567021249026094,0.09613430896137398,0.011512719841826051,-0.21430000000000005,0.2349
KXNBAGAME-26MAR19DETWAS,2026-03-19,DET,WAS,DET,WAS,0.9069,0.1043,65,80,-0.17838415422240503,0.6841059421118914,3.143740540866294,3.660577846693681,3.322124695088699,2.976471904581789,6.465865235954993,6.63704975127547,-0.10344827586206896,-0.8624900963342964,-0.1711845153204763,-0.0948486427477493,-0.09309999999999996,0.1043
KXNBAGAME-26MAR19LACNOP,2026-03-19,LAC,NOP,NOP,LAC,0.6097,0.3975,52,42,-1.3877340565377227,-0.8935056168282635,2.630926099287306,2.431572943250208,4.018660155825027,3.3250785600784716,6.649586255112332,5.75665150332868,0.10638297872340426,-0.4942284397094593,0.8929347517836526,0.028480067376229164,-0.3903,0.3975
KXNBAGAME-26MAR19LALMIA,2026-03-19,LAL,MIA,LAL,MIA,0.4046,0.6211,136,52,0.08141610444409668,0.7652056935616588,3.2273167769992877,3.483969506099802,3.1459006725551912,2.7187638125381435,6.373217449554479,6.202733318637945,0.44680851063829785,-0.6837895891175622,0.17048413091653458,0.18921477586327082,-0.5953999999999999,0.6211
KXNBAGAME-26MAR19MILUTA,2026-03-19,MIL,UTA,UTA,MIL,0.3175,0.699,62,46,-1.4938069280602613,-1.01753418271724,2.4764264426454057,2.394462982540122,3.9702333707056665,3.411997165257362,6.446659813351072,5.806460147797484,0.14814814814814814,-0.47627274534302133,0.6401996655535882,0.050260436806923006,-0.6825,0.699
KXNBAGAME-26MAR19ORLCHA,2026-03-19,ORL,CHA,CHA,ORL,0.622,0.3786,89,49,0.4815679674650236,-0.8387448435591002,3.5543904346002178,2.40208939439471,3.0728224671351936,3.24083423795381,6.627212901735412,5.642923632348519,0.2898550724637681,1.3203128110241238,0.9842892693868928,0.21094317678309027,-0.378,0.3786
KXNBAGAME-26MAR19PHISAC,2026-03-19,PHI,SAC,PHI,SAC,0.5689,0.4385,0,57,,-0.1017089668214402,,2.9524557620547895,,3.0541647288762306,,6.00662049093102,-1.0,,,,-0.43110000000000004,0.4385
KXNBAGAME-26MAR19PHXSAS,2026-03-19,PHX,SAS,SAS,PHX,0.8162,0.1804,104,83,-0.5314437170018671,0.1272304103073958,2.5949758117856576,2.857901602047592,3.1264195287875243,2.730671191740196,5.721395340573181,5.588572793787787,0.11229946524064172,-0.6586741273092629,0.13282254678539474,0.023216026254857712,-0.18379999999999996,0.1804
KXNBAGAME-26MAR20ATLHOU,2026-03-20,ATL,HOU,HOU,ATL,0.5848,0.4225,67,98,-0.5026773698023219,0.3513757218596353,2.692619232342333,3.065132046749147,3.1952966021446567,2.7137563248895114,5.887915834486989,5.778888371638658,-0.18787878787878787,-0.8540530916619572,0.10902746284833142,-0.1366420485224918,-0.4152,0.4225
KXNBAGAME-26MAR20BOSMEM,2026-03-20,BOS,MEM,BOS,MEM,0.9167,0.0908,86,46,1.088950720925622,-0.7398129460854981,3.5214317045448356,3.040797102637825,2.432480983619213,3.7806100487233234,5.953912688164047,6.8214071513611465,0.30303030303030304,1.82876366701112,-0.8674944631970991,0.24295333486570753,-0.08330000000000004,0.0908
KXNBAGAME-26MAR20GSWDET,2026-03-20,GSW,DET,DET,GSW,0.6719,0.3432,77,90,1.0931445297664435,0.08514059092824718,3.6399411162400392,3.0824287194021083,2.546796586473595,2.99728812847386,6.186737702713634,6.07971684787597,-0.07784431137724551,1.0080039388381963,0.1070208548376641,0.01147804125328706,-0.32809999999999995,0.3432
KXNBAGAME-26MAR20NYKBKN,2026-03-20,NYK,BKN,NYK,BKN,0.9374,0.0777,80,64,0.7117204370265592,-0.7377582452220708,3.5317111812551647,2.65609579878232,2.819990744228605,3.39385404400439,6.35170192548377,6.049949842786711,0.1111111111111111,1.44947868224863,0.30175208269705855,0.12802948966798705,-0.06259999999999999,0.0777
KXNBAGAME-26MAR20PORMIN,2026-03-20,POR,MIN,POR,MIN,0.5129,0.4928,76,98,-0.6504926460808702,-0.31670624390509067,2.636363989625684,2.6473226276167,3.2868566357065534,2.9640288715217915,5.923220625332238,5.611351499138491,-0.12643678160919541,-0.33378640217577954,0.31186912619374674,-0.07990771091338669,-0.4871,0.4928
KXNBAGAME-26MAR20TORDEN,2026-03-20,TOR,DEN,DEN,TOR,0.7013,0.2949,34,69,-0.2792294429364935,-0.7150906609829886,2.7792434352419706,2.8597717784304884,3.0584728781784642,3.5748624394134776,5.837716313420435,6.434634217843964,-0.33980582524271846,0.4358612180464951,-0.5969179044235293,-0.14810985171903449,-0.29869999999999997,0.2949
KXNBAGAME-26MAR21CLENOP,2026-03-21,CLE,NOP,CLE,NOP,0.6569,0.3522,65,24,0.043132538771922954,-1.0534381478251849,3.0879352090830268,2.3162069409154133,3.0448026703111037,3.369645088740598,6.132737879394131,5.685852029656012,0.4606741573033708,1.0965706865971079,0.44688584973811896,0.2851656129815408,-0.34309999999999996,0.3522
KXNBAGAME-26MAR21GSWATL,2026-03-21,GSW,ATL,ATL,GSW,0.7502,0.2591,71,61,0.4928000841161958,-0.2338510779220488,3.1220876712226966,2.8920647860613107,2.6292875871065013,3.1259158639833604,5.7513752583291975,6.01798065004467,0.07575757575757576,0.7266511620382445,-0.2666053917154727,0.07421134598070012,-0.24980000000000002,0.2591
KXNBAGAME-26MAR21INDSAS,2026-03-21,IND,SAS,SAS,IND,0.9124,0.0916,73,71,-0.5396800044118623,-0.05128057839901995,2.8378152447055562,2.8632024104707705,3.3774952491174197,2.91448298886979,6.215310493822976,5.777685399340561,0.013888888888888888,-0.4883994260128423,0.4376250944824154,-0.01747552685619767,-0.08760000000000001,0.0916
KXNBAGAME-26MAR21LACDAL,2026-03-21,LAC,DAL,LAC,DAL,0.7184,0.3075,53,59,-1.0150604833652537,0.08607718880331655,2.654459799254276,3.139971919366892,3.66952028261953,3.0538947305635746,6.323980081873804,6.193866649930465,-0.05357142857142857,-1.1011376721685702,0.13011343194333946,-0.08184259789414279,-0.28159999999999996,0.3075
KXNBAGAME-26MAR21LALORL,2026-03-21,LAL,ORL,LAL,ORL,0.6157,0.3939,186,65,0.562605083608017,0.4043922499408879,3.1021186335282476,3.1999417510120933,2.5395135499202306,2.795549501071206,5.641632183448479,5.995491252083301,0.4820717131474104,0.15821283366712907,-0.3538590686348222,0.24894649825706164,-0.3843,0.3939
KXNBAGAME-26MAR21MIAHOU,2026-03-21,MIA,HOU,HOU,MIA,0.5768,0.4147,101,86,0.37320956612847145,0.5909471134201001,2.936394012109293,3.1577465203871364,2.5631844459808217,2.5667994069670366,5.499578458090115,5.724545927354173,0.08021390374331551,-0.21773754729162864,-0.2249674692640582,0.029220074507076324,-0.4232,0.4147
KXNBAGAME-26MAR21MILPHX,2026-03-21,MIL,PHX,MIL,PHX,0.1703,0.8396,77,73,0.6914706283792321,-0.2218018134988542,3.4624607596390007,2.750855587687733,2.7709901312597687,2.9726574011865883,6.23345089089877,5.723512988874322,0.02666666666666667,0.9132724418780863,0.5099379020244479,0.05899695542723765,-0.8297,0.8396
KXNBAGAME-26MAR21OKCWAS,2026-03-21,OKC,WAS,OKC,WAS,0.9698,0.0406,85,60,0.6818816883836301,0.48811598814100465,3.127363850557763,3.7234013493031246,2.445482162174133,3.2352853611621204,5.572846012731897,6.958686710465245,0.1724137931034483,0.1937657002426254,-1.3858406977333484,0.09589518156385542,-0.030200000000000005,0.0406
KXNBAGAME-26MAR21PHIUTA,2026-03-21,PHI,UTA,PHI,UTA,0.6848,0.3123,0,62,,-0.03687846105367304,,2.7850972657734854,,2.821975726827159,,5.607072992600646,-1.0,,,,-0.31520000000000004,0.3123
KXNBAGAME-26MAR22BKNSAC,2026-03-22,BKN,SAC,SAC,BKN,0.7009,0.3194,38,36,-1.0619937261022194,-0.8384926913935761,2.3888918118766895,2.772312031377168,3.450885537978911,3.610804722770745,5.8397773498556,6.383116754147913,0.02702702702702703,-0.22350103470864335,-0.543339404292313,0.002338461778081346,-0.29910000000000003,0.3194
KXNBAGAME-26MAR22MINBOS,2026-03-22,MIN,BOS,MIN,BOS,0.2197,0.798,57,73,-0.6600960260221815,0.047215489255770515,2.902077691109677,3.334986233915486,3.5621737171318584,3.2877707446597153,6.464251408241534,6.6227569785752,-0.12307692307692308,-0.7073115152779521,-0.1585055703336664,-0.09690403730235915,-0.7803,0.798
KXNBAGAME-26MAR22PORDEN,2026-03-22,POR,DEN,DEN,POR,0.7635,0.2486,54,51,-1.281631218066176,-0.7485372206705542,2.7070374336246683,2.6048378690796437,3.9886686516908445,3.3533750897501977,6.695706085315511,5.958212958829841,0.02857142857142857,-0.5330939973956218,0.7374931264856697,-0.012368985584066806,-0.23650000000000004,0.2486
KXNBAGAME-26MAR22TORPHX,2026-03-22,TOR,PHX,PHX,TOR,0.4571,0.5562,32,47,-1.040162141403691,-0.6833481278391063,2.58303962792224,2.4846429799516248,3.623201769325931,3.167991107790733,6.206241397248172,5.652634087742358,-0.189873417721519,-0.35681401356458475,0.5536073095058134,-0.11277740953898874,-0.5428999999999999,0.5562
KXNBAGAME-26MAR22WASNYK,2026-03-22,WAS,NYK,NYK,WAS,0.9589,0.0469,63,61,0.1655695426428488,-0.8014653128783585,3.785366602030609,2.7101723209823017,3.6197970593877615,3.511637633860661,7.405163661418371,6.221809954842962,0.016129032258064516,0.9670348555212074,1.1833537065754083,0.05641625890509263,-0.041100000000000025,0.0469
KXNBAGAME-26MAR23BKNPOR,2026-03-23,BKN,POR,POR,BKN,0.9102,0.1038,39,56,-1.292985318214876,-1.4299034374833894,2.718362878047926,2.5609083130230115,4.011348196262803,3.9908117505064014,6.729711074310728,6.551720063529412,-0.17894736842105263,0.13691811926851338,0.17799101078131585,-0.08262777824710064,-0.08979999999999999,0.1038
KXNBAGAME-26MAR23GSWDAL,2026-03-23,GSW,DAL,GSW,DAL,0.5485,0.4561,97,45,-0.1919648326893849,0.3184165572862312,3.072488272600726,3.238724855932183,3.2644531052901113,2.9203082986459514,6.336941377890837,6.159033154578135,0.36619718309859156,-0.5103813899756161,0.17790822331270206,0.15757952205051498,-0.4515,0.4561
KXNBAGAME-26MAR23LALDET,2026-03-23,LAL,DET,DET,LAL,0.4775,0.5345,147,70,0.7408334608996432,-0.43018383840267915,3.7460073342435782,3.3627419759531296,3.005173873343935,3.792925814355809,6.751181207587513,7.155667790308939,0.3548387096774194,1.1710172993023225,-0.4044865827214261,0.23597021980382582,-0.5225,0.5345
KXNBAGAME-26MAR23MEMATL,2026-03-23,MEM,ATL,ATL,MEM,0.8882,0.1274,48,79,-1.4851126822275864,-0.29994311361195963,2.584818665162347,3.38336736949445,4.069931347389934,3.6833104831064105,6.65475001255228,7.06667785260086,-0.2440944881889764,-1.1851695686156267,-0.4119278400485795,-0.18130572252526952,-0.11180000000000001,0.1274
KXNBAGAME-26MAR23MILLAC,2026-03-23,MIL,LAC,LAC,MIL,0.8793,0.1246,54,50,-0.6511250816405557,-0.763435024461262,2.8320863594534713,2.6894263169392056,3.483211441094027,3.4528613414004674,6.315297800547499,6.142287658339674,0.038461538461538464,0.11230994282070628,0.17301014220782474,0.024846266371804544,-0.12070000000000003,0.1246
KXNBAGAME-26MAR23OKCPHI,2026-03-23,OKC,PHI,OKC,PHI,0.9199,0.0899,75,0,-0.15662186274039536,,3.6453596518586178,,3.8019815145990137,,7.4473411664576314,,1.0,,,,-0.08009999999999995,0.0899
KXNBAGAME-26MAR23SASMIA,2026-03-23,SAS,MIA,SAS,MIA,0.6173,0.3938,43,73,-0.4717997105912766,0.3864510244318221,2.97969215155773,3.334137782909713,3.451491862149008,2.9476867584778916,6.431184013706737,6.2818245413876035,-0.25862068965517243,-0.8582507350230988,0.1493594723191336,-0.17222288157874116,-0.38270000000000004,0.3938
KXNBAGAME-26MAR23TORUTA,2026-03-23,TOR,UTA,TOR,UTA,0.765,0.2189,39,29,-1.002314275730674,-1.4470147800617585,2.506866327647843,2.8417057976114113,3.5091806033785176,4.288720577673171,6.016046931026361,7.130426375284582,0.14705882352941177,0.44470050433108455,-1.1143794442582209,0.09576443698126011,-0.235,0.2189
KXNBAGAME-26MAR24DENPHX,2026-03-24,DEN,PHX,DEN,PHX,0.6674,0.3383,57,56,-1.151024386662062,-1.1003615051690898,2.5925394474400294,2.6630208718542328,3.7435638341020923,3.7633823770233237,6.336103281542122,6.426403248877557,0.008849557522123894,-0.050662881492972156,-0.09029996733543566,0.001891634686413339,-0.3326,0.3383
KXNBAGAME-26MAR24NOPNYK,2026-03-24,NOP,NYK,NYK,NOP,0.7699,0.2399,23,63,-0.4840474015902113,-0.8943429633821217,3.097753369694784,3.0531546363884177,3.581800771284997,3.9474975997705406,6.679554140979783,7.000652236158959,-0.46511627906976744,0.4102955617919104,-0.32109809517917576,-0.2120433614452882,-0.23009999999999997,0.2399
KXNBAGAME-26MAR24ORLCLE,2026-03-24,ORL,CLE,CLE,ORL,0.7773,0.2366,113,45,0.2490916996220969,-0.701442434524271,3.7633010629616046,3.1371936920558916,3.5142093633395075,3.8386361265801634,7.277510426301111,6.975829818636054,0.43037974683544306,0.9505341341463679,0.3016806076650571,0.2627165801250399,-0.2227,0.2366
KXNBAGAME-26MAR24SACCHA,2026-03-24,SAC,CHA,CHA,SAC,0.9336,0.077,37,29,-0.7196339062912773,-0.01130060312350318,2.805614278337363,2.8420048768754933,3.525248184628642,2.853305479998996,6.330862462966005,5.695310356874488,0.12121212121212122,-0.7083333031677741,0.6355521060915166,0.025189395447671903,-0.06640000000000001,0.077
KXNBAGAME-26MAR25ATLDET,2026-03-25,ATL,DET,ATL,DET,0.4897,0.5225,64,77,-0.37094581608941746,-0.15052106271757812,3.124272494057063,3.304956470336292,3.4952183101464795,3.45547753305387,6.619490804203542,6.760434003390163,-0.09219858156028368,-0.22042475337183934,-0.14094319918662102,-0.057120528448733804,-0.5103,0.5225
KXNBAGAME-26MAR25BKNGSW,2026-03-25,BKN,GSW,GSW,BKN,0.8654,0.1467,66,65,-0.8913422449745758,-1.0849191195329273,2.7808920225589526,3.026316260516513,3.672234267533528,4.111235380049439,6.453126290092479,7.1375516405659525,0.007633587786259542,0.19357687455835149,-0.6844253504734734,0.013495637621047345,-0.13460000000000005,0.1467
KXNBAGAME-26MAR25CHIPHI,2026-03-25,CHI,PHI,PHI,CHI,0.7033,0.3113,59,0,-0.11519233083334737,,2.958325764294909,,3.073518095128255,,6.031843859423162,,1.0,,,,-0.29669999999999996,0.3113
KXNBAGAME-26MAR25DALDEN,2026-03-25,DAL,DEN,DEN,DAL,0.8392,0.1884,53,69,-1.124841478938387,-0.8391432535694848,3.139857479681227,2.650850359495352,4.264698958619613,3.4899936130648364,7.404556438300839,6.140843972560189,-0.13114754098360656,-0.2856982253689021,1.2637124657406495,-0.07985868176024839,-0.16080000000000005,0.1884
KXNBAGAME-26MAR25HOUMIN,2026-03-25,HOU,MIN,MIN,HOU,0.508,0.5118,47,59,-0.3995612901229724,-0.6323854607563876,2.779280280848665,2.6129663150603326,3.1788415709716364,3.2453517758167205,5.958121851820302,5.858318090877053,-0.11320754716981132,0.23282417063341515,0.0998037609432485,-0.044962565053234906,-0.492,0.5118
KXNBAGAME-26MAR25LALIND,2026-03-25,LAL,IND,LAL,IND,0.7902,0.2193,115,67,0.050100219013311305,-0.5805278885610627,3.6222001185566812,3.2481005599903625,3.57209989954337,3.8286284485514237,7.19430001810005,7.076729008541784,0.26373626373626374,0.630628107574374,0.11757100955826516,0.16339953724685058,-0.2098,0.2193
KXNBAGAME-26MAR25MIACLE,2026-03-25,MIA,CLE,MIA,CLE,0.4338,0.5762,70,43,0.13773230663424121,-0.8392928550767191,3.241730634972988,3.2315728220137805,3.1039983283387462,4.0708656770905,6.345728963311734,7.302438499104279,0.23893805309734514,0.9770251617109603,-0.9567095357925455,0.16832028463422058,-0.5662,0.5762
KXNBAGAME-26MAR25MILPOR,2026-03-25,MIL,POR,POR,MIL,0.8981,0.1122,80,69,-0.9362715201318748,-1.0482236384829395,2.511864103843773,2.5814103267494914,3.448135623975647,3.629633965232432,5.959999727819417,6.211044291981922,0.0738255033557047,0.11195211835106478,-0.2510445641625054,0.04251035759540559,-0.10189999999999999,0.1122
KXNBAGAME-26MAR25OKCBOS,2026-03-25,OKC,BOS,BOS,OKC,0.441,0.5681,101,61,0.11771644115712097,-0.29596899578493346,2.9759452325739666,2.972967267089611,2.8582287914168454,3.2689362628745444,5.834174023990812,6.241903529964157,0.24691358024691357,0.41368543694205445,-0.4077295059733448,0.1441410619705595,-0.5589999999999999,0.5681
KXNBAGAME-26MAR25SASMEM,2026-03-25,SAS,MEM,SAS,MEM,0.93,0.0702,54,46,0.5282948781763784,-0.9612706174089609,3.4243968209765576,2.7995470786075742,2.89610194280018,3.7608176960165354,6.3204987637767385,6.560364774624109,0.08,1.4895654955853392,-0.23986601084737025,0.11447827477926698,-0.06999999999999995,0.0702
KXNBAGAME-26MAR25WASUTA,2026-03-25,WAS,UTA,WAS,UTA,0.4095,0.5952,38,51,-0.6107197622314025,-0.8248767013810537,3.244620143602502,2.6361756445611286,3.8553399058339046,3.461052345942182,7.099960049436406,6.09722799050331,-0.14606741573033707,0.21415693914965128,1.0027320589330966,-0.06232586090768597,-0.5905,0.5952
KXNBAGAME-26MAR26NOPDET,2026-03-26,NOP,DET,DET,NOP,0.6687,0.3499,22,81,-0.5084939092363149,0.04011219008299591,2.7126414811914845,3.4935410852265925,3.221135390427799,3.4534288951435963,5.933776871619276,6.946969980370188,-0.5728155339805825,-0.5486060993193108,-1.0131931087509116,-0.3138380719562568,-0.33130000000000004,0.3499
KXNBAGAME-26MAR26NYKCHA,2026-03-26,NYK,CHA,CHA,NYK,0.5565,0.456,62,61,-0.25428450390481355,-0.8432753625542627,2.947795536745275,2.7839627447474404,3.2020800406500887,3.6272381073017024,6.149875577395363,6.4112008520491415,0.008130081300813009,0.5889908586494492,-0.2613252746537782,0.03351458358287897,-0.4435,0.456
KXNBAGAME-26MAR26SACORL,2026-03-26,SAC,ORL,ORL,SAC,0.9096,0.0999,45,81,-0.9703942673188892,-0.0011572872638369591,2.423362354174229,3.930418024184982,3.393756621493118,3.9315753114488188,5.8171189756673485,7.8619933356338,-0.2857142857142857,-0.9692369800550522,-2.0448743599664514,-0.19131899185989545,-0.09040000000000004,0.0999
KXNBAGAME-26MAR27ATLBOS,2026-03-27,ATL,BOS,BOS,ATL,0.6703,0.3374,88,130,-0.4224681801579454,0.18335688944169648,2.854469931755623,2.976394673016169,3.2769381119135677,2.793037783574473,6.13140804366919,5.769432456590642,-0.1926605504587156,-0.6058250695996419,0.3619755870785477,-0.1266215287093399,-0.3297,0.3374
KXNBAGAME-26MAR27BKNLAL,2026-03-27,BKN,LAL,LAL,BKN,0.9494,0.0598,63,198,-0.6335218633095198,0.7820547614609717,2.7458101414503515,3.3051147904803964,3.379332004759872,2.523060029019425,6.125142146210223,5.8281748194998215,-0.5172413793103449,-1.4155766247704915,0.2969673267104014,-0.329399520893697,-0.05059999999999998,0.0598
KXNBAGAME-26MAR27CHIOKC,2026-03-27,CHI,OKC,OKC,CHI,0.9502,0.06,104,106,-0.5320603249275881,0.18820208510385794,2.4934927170039325,2.989401479497511,3.025553041931521,2.8011993943936533,5.5190457589354525,5.790600873891164,-0.009523809523809525,-0.7202624100314461,-0.27155511495571183,-0.040775025263477066,-0.049799999999999955,0.06
KXNBAGAME-26MAR27DALPOR,2026-03-27,DAL,POR,DAL,POR,0.1904,0.8199,54,59,-0.4485523347036413,-1.384761089096076,2.8826610218579924,2.3996340474316264,3.3312133565616353,3.784395136527703,6.213874378419627,6.18402918395933,-0.04424778761061947,0.9362087543924347,0.029845194460296653,0.024686543914312,-0.8096,0.8199
KXNBAGAME-26MAR27HOUMEM,2026-03-27,HOU,MEM,HOU,MEM,0.89,0.12,68,65,-0.6007555677117677,-0.53178330337945,2.9561286242830427,3.0470287181172386,3.5568841919948104,3.5788120214966885,6.513012816277854,6.625840739613929,0.022556390977443608,-0.06897226433231773,-0.11282792333607539,0.007829582272105918,-0.10999999999999999,0.12
KXNBAGAME-26MAR27LACIND,2026-03-27,LAC,IND,LAC,IND,0.6995,0.3382,69,94,-0.6657724366855556,-0.4033033176938773,2.6373193651310602,3.161280325461334,3.303091801816615,3.564583643155211,5.9404111669476745,6.725863968616547,-0.15337423312883436,-0.26246911899167835,-0.7854528016688729,-0.0898105725140011,-0.3005,0.3382
KXNBAGAME-26MAR27MIACLE,2026-03-27,MIA,CLE,CLE,MIA,0.7564,0.2725,76,84,-0.326625571778442,-0.7126264567920086,2.902797933171245,2.9426151690254976,3.229423504949687,3.655241625817506,6.132221438120933,6.597856794843004,-0.05,0.38600088501356666,-0.46563535672207124,-0.005699955749321667,-0.24360000000000004,0.2725
KXNBAGAME-26MAR27NOPTOR,2026-03-27,NOP,TOR,TOR,NOP,0.7598,0.2503,30,50,-0.08054075025228158,-0.6974460852613331,2.606113987076893,2.6775541607946454,2.6866547373291727,3.375000246055979,5.2927687244060655,6.052554406850623,-0.25,0.6169053350090515,-0.7597856824445577,-0.09415473324954743,-0.24019999999999997,0.2503
KXNBAGAME-26MAR27UTADEN,2026-03-27,UTA,DEN,DEN,UTA,0.9524,0.0572,86,79,0.35994117929231745,-0.1434631407151118,2.86234261384973,2.9201630609166367,2.502401434557412,3.063626201631748,5.364744048407141,5.983789262548383,0.04242424242424243,0.5034043200074292,-0.6190452141412415,0.04638233721249267,-0.047599999999999976,0.0572
KXNBAGAME-26MAR27WASGSW,2026-03-27,WAS,GSW,GSW,WAS,0.8672,0.1419,50,75,0.3578024522894161,-0.5728521580686619,3.6330712390108792,3.1754958564942326,3.2752687867214645,3.748348014562894,6.908340025732343,6.9238438710571275,-0.2,0.930654610358078,-0.015503845324784216,-0.05346726948209611,-0.13280000000000003,0.1419
KXNBAGAME-26MAR28CHIMEM,2026-03-28,CHI,MEM,MEM,CHI,0.3346,0.6688,88,48,-0.3733964044452493,-0.7313489118868319,2.5099256812162993,3.013133365260715,2.8833220856615487,3.744482277147547,5.393247766877848,6.757615642408263,0.29411764705882354,0.35795250744158263,-1.364367875530415,0.16495644890149092,-0.6654,0.6688
KXNBAGAME-26MAR28DETMIN,2026-03-28,DET,MIN,DET,MIN,0.543,0.468,70,61,-0.8423571121769482,-0.999748168585194,2.7127189885182736,3.089502165162883,3.5550761006952225,4.089250333748076,6.267795089213497,7.178752498910961,0.06870229007633588,0.1573910564082458,-0.9109574096974642,0.04222069785858023,-0.45699999999999996,0.468
KXNBAGAME-26MAR28PHICHA,2026-03-28,PHI,CHA,PHI,CHA,0.3145,0.7029,0,59,,0.22542447004974941,,2.9396721793061253,,2.7142477092563775,,5.653919888562503,-1.0,,,,-0.6855,0.7029
KXNBAGAME-26MAR28SACATL,2026-03-28,SAC,ATL,ATL,SAC,0.8716,0.1361,37,65,0.9871751295741232,-0.3261826704732376,3.804032088560306,2.867537135378236,2.8168569589861816,3.1937198058514724,6.620889047546488,6.061256941229709,-0.27450980392156865,1.313357800047361,0.5596321063167791,-0.07158701195841628,-0.12839999999999996,0.1361
KXNBAGAME-26MAR28SASMIL,2026-03-28,SAS,MIL,SAS,MIL,0.9398,0.0699,41,78,0.33747941449098207,0.08028469237304559,3.5039072861615805,3.0880725248050203,3.166427871670601,3.007787832431975,6.670335157832181,6.095860357236996,-0.31092436974789917,0.2571947221179365,0.5744748005951852,-0.14260244876805275,-0.06020000000000003,0.0699
KXNBAGAME-26MAR28UTAPHX,2026-03-28,UTA,PHX,PHX,UTA,0.9295,0.0799,64,43,0.11853378179035257,-0.24446966450501315,2.898222608193712,2.773929644745679,2.7796888264033583,3.018399309250691,5.677911434597069,5.7923289539963685,0.19626168224299065,0.36300344629536574,-0.11441751939929912,0.11628101343626361,-0.07050000000000001,0.0799
KXNBAGAME-26MAR29BOSCHA,2026-03-29,BOS,CHA,BOS,CHA,0.4542,0.5581,59,60,0.7007682151004399,-0.1439715193540338,3.0924032654119307,2.7596583185529573,2.3916350503114883,2.9036298379069914,5.484038315723419,5.663288156459949,-0.008403361344537815,0.8447397344544736,-0.17924984073652972,0.03803530605045477,-0.5458000000000001,0.5581
KXNBAGAME-26MAR29GSWDEN,2026-03-29,GSW,DEN,DEN,GSW,0.8389,0.1761,51,39,0.2460764217502773,-0.035516157347906196,3.5352295770882614,2.5066479966176045,3.289153155337984,2.54216415396551,6.824382732426244,5.048812150583115,0.13333333333333333,0.28159257909818347,1.7755705818431293,0.08074629562157584,-0.16110000000000002,0.1761
KXNBAGAME-26MAR29HOUNOP,2026-03-29,HOU,NOP,HOU,NOP,0.6971,0.3125,50,27,-0.8746457849094436,-0.7262564123675357,2.6394530600228396,2.304855746571253,3.5140988449322816,3.0311121589387877,6.153551904955123,5.33596790551004,0.2987012987012987,-0.14838937254190787,0.8175839994450822,0.14193118072355396,-0.30289999999999995,0.3125
KXNBAGAME-26MAR29LACMIL,2026-03-29,LAC,MIL,LAC,MIL,0.9227,0.0895,68,69,-0.536255699140837,0.38641690085155894,2.9204975593615172,3.076670583371649,3.4567532585023555,2.6902536825200905,6.377250817863873,5.766924265891738,-0.0072992700729927005,-0.9226725999923959,0.6103265519721344,-0.04978326503611615,-0.07730000000000004,0.0895
KXNBAGAME-26MAR29MIAIND,2026-03-29,MIA,IND,IND,MIA,0.2522,0.7637,63,65,-0.6503652942882779,-0.05776889522747773,2.6633898220426535,2.957069345090173,3.313755116330932,3.014838240317651,5.977144938373586,5.971907585407823,-0.015625,-0.5925963990608002,0.005237352965762554,-0.03744231995304001,-0.7478,0.7637
KXNBAGAME-26MAR29NYKOKC,2026-03-29,NYK,OKC,OKC,NYK,0.7552,0.2592,58,59,-0.34857607944532865,-0.00684714348447852,2.591974663712991,2.808850193970918,2.940550743158319,2.815697337455397,5.53252540687131,5.624547531426314,-0.008547008547008548,-0.34172893596085013,-0.09202212455500458,-0.021359951071546777,-0.24480000000000002,0.2592
KXNBAGAME-26MAR29ORLTOR,2026-03-29,ORL,TOR,TOR,ORL,0.5335,0.4705,57,48,0.24705898694887518,-0.39538714066949376,3.475167293804534,2.5211138428139592,3.228108306855658,2.916500983483452,6.703275600660193,5.437614826297411,0.08571428571428572,0.642446127618369,1.2656607743627823,0.0749794492380613,-0.4665,0.4705
KXNBAGAME-26MAR29SACBKN,2026-03-29,SAC,BKN,BKN,SAC,0.5455,0.471,33,55,0.9797391339620167,0.21911492388630363,3.7119544131713726,3.1479556777685764,2.7322152792093544,2.9288407538822714,6.444169692380726,6.076796431650847,-0.25,0.7606242100757131,0.3673732607298783,-0.08696878949621434,-0.4545,0.471
KXNBAGAME-26MAR29WASPOR,2026-03-29,WAS,POR,POR,WAS,0.9299,0.0799,69,62,0.21816435878732407,-0.6735464194307945,3.2930150831916745,2.8771891025071294,3.0748507244043504,3.550735521937925,6.367865807596024,6.427924624445053,0.05343511450381679,0.8917107782181186,-0.06005881684902903,0.07130309616281433,-0.07010000000000005,0.0799
KXNBAGAME-26MAR30BOSATL,2026-03-30,BOS,ATL,ATL,BOS,0.5694,0.4421,58,54,0.1334817737024565,-0.42539595421422627,2.871628358081604,2.5080836880438477,2.7381465843791473,2.933479642258074,5.609774942460751,5.441563330301921,0.03571428571428571,0.5588777279166828,0.16821161215882974,0.045801029252976994,-0.4306,0.4421
KXNBAGAME-26MAR30CHISAS,2026-03-30,CHI,SAS,SAS,CHI,0.9475,0.06,60,72,-0.5765478017179464,-0.3407493289536509,2.8026547950999827,2.7326061544781055,3.379202596817928,3.0733554834317567,6.1818573919179105,5.8059616379098635,-0.09090909090909091,-0.2357984727642955,0.375895754008047,-0.05724446909276023,-0.05249999999999999,0.06
KXNBAGAME-26MAR30CLEUTA,2026-03-30,CLE,UTA,CLE,UTA,0.928,0.08,61,52,-1.2794494561037404,-0.5603540235583595,2.9341400815256167,2.701454886692053,4.213589537629359,3.261808910250412,7.147729619154976,5.963263796942465,0.07964601769911504,-0.7190954325453809,1.1844658222125108,0.003868237222288476,-0.07199999999999995,0.08
KXNBAGAME-26MAR30DETOKC,2026-03-30,DET,OKC,OKC,DET,0.8667,0.1426,54,64,-0.657939577900807,-0.04806592578558515,2.3173811514815013,2.890320530196966,2.975320729382309,2.93838645598255,5.2927018808638095,5.828706986179516,-0.0847457627118644,-0.6098736521152219,-0.5360051053157067,-0.0728665639616933,-0.13329999999999997,0.1426
KXNBAGAME-26MAR30MINDAL,2026-03-30,MIN,DAL,MIN,DAL,0.7598,0.2487,48,45,-0.581167012611393,-1.0534496591204907,2.4043881252424066,2.7627108124649555,2.9855551378537992,3.8161604715854467,5.389943263096205,6.5788712840504004,0.03225806451612903,0.4722826465090977,-1.1889280209541955,0.0397431645835194,-0.24019999999999997,0.2487
KXNBAGAME-26MAR30PHIMIA,2026-03-30,PHI,MIA,MIA,PHI,0.4491,0.5615,0,59,,-0.7507545871920231,,2.4615475312890087,,3.2123021184810314,,5.673849649770041,-1.0,,,,-0.5509,0.5615
KXNBAGAME-26MAR30PHXMEM,2026-03-30,PHX,MEM,PHX,MEM,0.8564,0.1482,36,40,-0.8446946923463855,-1.3688277083457598,2.477716526480237,2.9508923171162653,3.3224112188266224,4.319720025462026,5.800127745306857,7.270612342578291,-0.05263157894736842,0.5241330159993743,-1.470484597271434,-0.00010913867371549132,-0.14359999999999995,0.1482
KXNBAGAME-26MAR30WASLAL,2026-03-30,WAS,LAL,LAL,WAS,0.9198,0.0897,70,109,-0.4902119105309647,-0.16366469432488295,3.5092722758949146,3.019886311728402,3.9994841864258786,3.183551006053284,7.508756462320793,6.203437317781686,-0.21787709497206703,-0.32654721620608174,1.3053191445391068,-0.1252659082963376,-0.08020000000000005,0.0897
KXNBAGAME-26MAR31CLELAL,2026-03-31,CLE,LAL,LAL,CLE,0.5608,0.4455,48,89,-1.1713420069220106,-0.525101311187682,2.946496817952104,2.9344701997865923,4.117838824874116,3.4595715109742735,7.0643356428262205,6.394041710760868,-0.29927007299270075,-0.6462406957343286,0.6702939320653529,-0.1819470712830668,-0.43920000000000003,0.4455
KXNBAGAME-26MAR31DALMIL,2026-03-31,DAL,MIL,MIL,DAL,0.4865,0.5411,35,85,-1.157416735943138,-0.9622933199459845,2.4782866981181573,2.427696386491869,3.6357034340612957,3.389989706437855,6.11399013217945,5.8176860929297245,-0.4166666666666667,-0.19512341599715344,0.29630403924972537,-0.218089504133191,-0.5135000000000001,0.5411
KXNBAGAME-26MAR31NYKHOU,2026-03-31,NYK,HOU,HOU,NYK,0.4936,0.5199,62,40,0.6529065112710433,-0.06984221797793022,3.3306626389383798,2.688450893178786,2.677756127667336,2.758293111156716,6.008418766605715,5.4467440043355015,0.21568627450980393,0.7227487292489735,0.5616747622702132,0.14398057371735062,-0.5064,0.5199
KXNBAGAME-26MAR31PHXORL,2026-03-31,PHX,ORL,ORL,PHX,0.6003,0.4265,38,71,-1.025743377801098,-0.3882431947430898,2.409920941604052,3.2426328407133953,3.4356643194051495,3.630876035456485,5.845585261009202,6.873508876169881,-0.30275229357798167,-0.6375001830580083,-1.0279236151606792,-0.18325115594189123,-0.39970000000000006,0.4265
KXNBAGAME-26MAR31PORLAC,2026-03-31,POR,LAC,POR,LAC,0.3607,0.645,52,78,-1.465532718118203,-0.6269780150049118,2.9774170886353035,2.588989998357468,4.442949806753505,3.215968013362379,7.4203668953888045,5.8049580117198465,-0.2,-0.8385547031132912,1.615408883668958,-0.14192773515566456,-0.6393,0.645
KXNBAGAME-26MAR31TORDET,2026-03-31,TOR,DET,DET,TOR,0.6204,0.3993,56,41,-0.21323765234333447,-0.8492678050688223,3.075341098619275,2.404592358664139,3.2885787509626088,3.253860163732962,6.363919849581883,5.6584525223971,0.15463917525773196,0.6360301527254878,0.7054673271847829,0.10912109526514037,-0.37960000000000005,0.3993
