event_ticker,game_date,team,window_start,window_end,article_count,avg_tone,avg_positive,avg_negative,avg_polarity
KXNBAGAME-25APR15ATLORL,2025-04-15,ATL,20250413,20250414,99,0.7634044269533028,3.200583184766665,2.4371787578133626,5.637761942580026
KXNBAGAME-25APR15ATLORL,2025-04-15,ORL,20250413,20250414,101,0.5785415039761721,3.1036029548829838,2.5250614509068114,5.628664405789795
KXNBAGAME-25APR15MEMGSW,2025-04-15,MEM,20250413,20250414,168,-1.4847900784650552,2.7682506477141877,4.253040726179244,7.021291373893433
KXNBAGAME-25APR15MEMGSW,2025-04-15,GSW,20250413,20250414,303,-0.6877175855453515,2.961470358818924,3.649187944364278,6.610658303183203
KXNBAGAME-25APR16DALSAC,2025-04-16,DAL,20250414,20250415,124,0.4986939434594505,3.1595570775663235,2.6608631341068723,5.820420211673198
KXNBAGAME-25APR16DALSAC,2025-04-16,SAC,20250414,20250415,91,-0.025866520046482558,2.7377621049638434,2.7636286250103264,5.501390729974171
KXNBAGAME-25APR16MIACHI,2025-04-16,MIA,20250414,20250415,120,0.1727602504066306,2.8587923269424493,2.6860320765358185,5.544824403478268
KXNBAGAME-25APR16MIACHI,2025-04-16,CHI,20250414,20250415,236,-1.8060655822489413,2.3059620089612385,4.112027591210179,6.417989600171417
KXNBAGAME-25APR18DALMEM,2025-04-18,DAL,20250416,20250417,235,-0.246524856401312,2.9471965254373145,3.1937213818386265,6.140917907275941
KXNBAGAME-25APR18DALMEM,2025-04-18,MEM,20250416,20250417,182,-0.33613964845339184,3.257456840886775,3.5935964893401664,6.851053330226942
KXNBAGAME-25APR18MIAATL,2025-04-18,MIA,20250416,20250417,259,0.22058914805944654,2.7100489075860725,2.4894597595266275,5.199508667112697
KXNBAGAME-25APR18MIAATL,2025-04-18,ATL,20250416,20250417,143,0.9072280594850446,3.4389337227223518,2.5317056632373056,5.970639385959657
KXNBAGAME-25APR19DETNYK,2025-04-19,DET,20250417,20250418,66,0.13677699155545564,2.778982683837902,2.6422056922824453,5.421188376120348
KXNBAGAME-25APR19DETNYK,2025-04-19,NYK,20250417,20250418,77,1.0615743611510502,3.257541616871099,2.1959672557200483,5.453508872591149
KXNBAGAME-25APR19LACDEN,2025-04-19,LAC,20250417,20250418,74,0.4963817966607249,3.563146025236381,3.0667642285756562,6.629910253812037
KXNBAGAME-25APR19LACDEN,2025-04-19,DEN,20250417,20250418,77,1.1148319127313595,3.4787263431557687,2.3638944304244074,5.842620773580178
KXNBAGAME-25APR19MILIND,2025-04-19,MIL,20250417,20250418,87,0.3240959404179147,2.76025618580338,2.436160245385466,5.196416431188846
KXNBAGAME-25APR19MILIND,2025-04-19,IND,20250417,20250418,74,0.3958417026612227,2.7626663537927234,2.3668246511315023,5.129491004924226
KXNBAGAME-25APR19MINLAL,2025-04-19,MIN,20250417,20250418,120,0.8737815173992742,3.021796449781805,2.1480149323825284,5.169811382164333
KXNBAGAME-25APR19MINLAL,2025-04-19,LAL,20250417,20250418,183,0.8020361210144428,3.1098851114078694,2.3078489903934267,5.4177341018012966
KXNBAGAME-25APR20GSWHOU,2025-04-20,GSW,20250418,20250419,175,-0.1206056771958729,3.1988578714936757,3.319463548689549,6.518321420183225
KXNBAGAME-25APR20GSWHOU,2025-04-20,HOU,20250418,20250419,121,1.2932594591916446,3.849262172876836,2.5560027136851913,6.405264886562032
KXNBAGAME-25APR20MEMOKC,2025-04-20,MEM,20250418,20250419,321,-2.03982823956599,2.4751298356878038,4.514958075253794,6.9900879109415985
KXNBAGAME-25APR20MEMOKC,2025-04-20,OKC,20250418,20250419,198,0.5809059285329277,3.3411769660169863,2.760271037484058,6.101448003501046
KXNBAGAME-25APR20MIACLE,2025-04-20,MIA,20250418,20250419,204,-0.08174143646691642,2.9345869540364005,3.0163283905033174,5.95091534453972
KXNBAGAME-25APR20MIACLE,2025-04-20,CLE,20250418,20250419,228,0.2436833855845716,3.24880252595187,3.0051191403672983,6.253921666319171
KXNBAGAME-25APR20ORLBOS,2025-04-20,ORL,20250418,20250419,110,0.7303664273502414,3.6792038281615014,2.94883740081126,6.628041228972767
KXNBAGAME-25APR20ORLBOS,2025-04-20,BOS,20250418,20250419,142,0.9365888587267573,3.5608879508905087,2.62429909216375,6.1851870430542615
KXNBAGAME-25APR21DETNYK,2025-04-21,DET,20250419,20250420,208,0.26688551682786077,2.8741758434249034,2.6072903265970435,5.481466170021949
KXNBAGAME-25APR21DETNYK,2025-04-21,NYK,20250419,20250420,223,0.30048056092705233,2.8638640812934,2.563383520366348,5.427247601659749
KXNBAGAME-25APR21LACDEN,2025-04-21,LAC,20250419,20250420,210,0.1776738252004189,3.0509241031271994,2.87325027792678,5.92417438105398
KXNBAGAME-25APR21LACDEN,2025-04-21,DEN,20250419,20250420,184,-0.4734695130666994,2.6027204039313236,3.076189916998023,5.678910320929347
KXNBAGAME-25APR22MEMOKC,2025-04-22,MEM,20250420,20250421,242,-0.38754376900192844,2.7765872347925917,3.1641310037945205,5.940718238587111
KXNBAGAME-25APR22MEMOKC,2025-04-22,OKC,20250420,20250421,248,0.006911898860700705,2.9658485766801297,2.9589366778194286,5.924785254499558
KXNBAGAME-25APR22MILIND,2025-04-22,MIL,20250420,20250421,166,0.5823440875053401,3.1051021654494795,2.5227580779441388,5.6278602433936165
KXNBAGAME-25APR22MILIND,2025-04-22,IND,20250420,20250421,120,0.0398374011604114,2.575688329151207,2.535850927990796,5.111539257142002
KXNBAGAME-25APR22MINLAL,2025-04-22,MIN,20250420,20250421,185,0.09729842990785442,2.771601985425834,2.67430355551798,5.445905540943814
KXNBAGAME-25APR22MINLAL,2025-04-22,LAL,20250420,20250421,391,0.7907619204334406,3.048846281977744,2.258084361544303,5.306930643522048
KXNBAGAME-25APR23GSWHOU,2025-04-23,GSW,20250421,20250422,158,0.6036045182013219,3.464582890604012,2.860978372402691,6.325561263006703
KXNBAGAME-25APR23GSWHOU,2025-04-23,HOU,20250421,20250422,126,-0.10802202753927098,2.8948198571957535,3.002841884735026,5.897661741930779
KXNBAGAME-25APR23MIACLE,2025-04-23,MIA,20250421,20250422,153,-0.2252757682086385,2.823721487211233,3.048997255419871,5.872718742631105
KXNBAGAME-25APR23MIACLE,2025-04-23,CLE,20250421,20250422,137,-0.24323365844045938,2.838660817415898,3.081894475856357,5.920555293272255
KXNBAGAME-25APR23ORLBOS,2025-04-23,ORL,20250421,20250422,119,0.11082811584891636,3.360211153903607,3.249383038054691,6.609594191958298
KXNBAGAME-25APR23ORLBOS,2025-04-23,BOS,20250421,20250422,134,0.753161487641238,3.500562861834566,2.747401374193327,6.247964236027893
KXNBAGAME-25APR24DENLAC,2025-04-24,DEN,20250422,20250423,117,-0.13309175123513284,2.7560588617124693,2.8891506129476014,5.645209474660071
KXNBAGAME-25APR24DENLAC,2025-04-24,LAC,20250422,20250423,144,0.27985814180447377,3.061763738152284,2.781905596347811,5.843669334500096
KXNBAGAME-25APR24NYKDET,2025-04-24,NYK,20250422,20250423,178,-0.31525930116142786,2.706869297400332,3.02212859856176,5.728997895962093
KXNBAGAME-25APR24NYKDET,2025-04-24,DET,20250422,20250423,182,-0.16616802005461134,2.627592079097827,2.793760099152439,5.421352178250266
KXNBAGAME-25APR24OKCMEM,2025-04-24,OKC,20250422,20250423,165,-0.5531693937170188,2.5404504636641656,3.0936198573811833,5.634070321045348
KXNBAGAME-25APR24OKCMEM,2025-04-24,MEM,20250422,20250423,140,-0.8516604812783795,2.4624368109616985,3.3140972922400764,5.776534103201776
KXNBAGAME-25APR25BOSORL,2025-04-25,BOS,20250423,20250424,269,0.9989913425251561,3.409010304721635,2.410018962196479,5.819029266918113
KXNBAGAME-25APR25BOSORL,2025-04-25,ORL,20250423,20250424,202,0.27605751060386136,3.185888360319752,2.90983084971589,6.095719210035641
KXNBAGAME-25APR25INDMIL,2025-04-25,IND,20250423,20250424,164,-0.04056182597254707,2.561755958099392,2.602317784071939,5.164073742171331
KXNBAGAME-25APR25INDMIL,2025-04-25,MIL,20250423,20250424,170,0.2811040748936058,2.7040539990085337,2.4229499241149286,5.127003923123462
KXNBAGAME-25APR25LALMIN,2025-04-25,LAL,20250423,20250424,339,0.6419650177560392,2.9258249280897726,2.283859910333735,5.209684838423508
KXNBAGAME-25APR25LALMIN,2025-04-25,MIN,20250423,20250424,203,-0.34242763926098707,2.375087730051811,2.717515369312798,5.092603099364609
KXNBAGAME-25APR26CLEMIA,2025-04-26,CLE,20250424,20250425,131,-0.5052479386191367,3.1199932924980667,3.6252412311172035,6.745234523615268
KXNBAGAME-25APR26CLEMIA,2025-04-26,MIA,20250424,20250425,98,-1.1842979034374288,2.4008419671336307,3.5851398705710595,5.98598183770469
KXNBAGAME-25APR26DENLAC,2025-04-26,DEN,20250424,20250425,140,-0.0606616286628187,2.854064959660852,2.9147265883236706,5.768791547984525
KXNBAGAME-25APR26DENLAC,2025-04-26,LAC,20250424,20250425,199,-0.08150174056379414,3.0396061637073455,3.121107904271141,6.160714067978487
KXNBAGAME-25APR26HOUGSW,2025-04-26,HOU,20250424,20250425,147,-0.6506730664247298,3.0476691749073694,3.6983422413321003,6.74601141623947
KXNBAGAME-25APR26HOUGSW,2025-04-26,GSW,20250424,20250425,217,-0.7567821959306359,3.0686081593822148,3.8253903553128517,6.893998514695065
KXNBAGAME-25APR26OKCMEM,2025-04-26,OKC,20250424,20250425,182,-0.7545849509262985,2.734323521752349,3.4889084726786472,6.223231994430995
KXNBAGAME-25APR26OKCMEM,2025-04-26,MEM,20250424,20250425,180,-1.6989389224727784,2.530916729020266,4.229855651493044,6.760772380513311
KXNBAGAME-25APR27BOSORL,2025-04-27,BOS,20250425,20250426,143,0.47891728047260396,3.4545471210450107,2.975629840572407,6.43017696161742
KXNBAGAME-25APR27BOSORL,2025-04-27,ORL,20250425,20250426,143,0.22544862320466877,3.3341021244076243,3.108653501202956,6.442755625610582
KXNBAGAME-25APR27INDMIL,2025-04-27,IND,20250425,20250426,120,0.3969873673050596,2.7631341899503674,2.366146822645307,5.129281012595673
KXNBAGAME-25APR27INDMIL,2025-04-27,MIL,20250425,20250426,161,0.6826635731540932,2.8912623149532313,2.208598741799138,5.099861056752369
KXNBAGAME-25APR27LALMIN,2025-04-27,LAL,20250425,20250426,258,0.3103063590636219,2.7579834388877615,2.44767707982414,5.205660518711902
KXNBAGAME-25APR27LALMIN,2025-04-27,MIN,20250425,20250426,204,0.0005442730944459628,2.654193596555855,2.6536493234614094,5.307842920017265
KXNBAGAME-25APR27NYKDET,2025-04-27,NYK,20250425,20250426,108,-0.008719648359402477,2.7790552856424027,2.7877749340018045,5.566830219644207
KXNBAGAME-25APR27NYKDET,2025-04-27,DET,20250425,20250426,98,-0.2184636461146126,2.532292469283699,2.7507561153983113,5.28304858468201
KXNBAGAME-25APR28CLEMIA,2025-04-28,CLE,20250426,20250427,130,-2.5069350982439227,2.1442695483940044,4.651204646637927,6.7954741950319315
KXNBAGAME-25APR28CLEMIA,2025-04-28,MIA,20250426,20250427,76,-2.081342589846876,2.556699703129768,4.638042292976646,7.194741996106417
KXNBAGAME-25APR28HOUGSW,2025-04-28,HOU,20250426,20250427,161,-1.2869456890003792,2.5493843573813306,3.8363300463817103,6.385714403763039
KXNBAGAME-25APR28HOUGSW,2025-04-28,GSW,20250426,20250427,194,-0.7364798943910243,3.0940312709791176,3.830511165370142,6.924542436349259
KXNBAGAME-25APR29DETNYK,2025-04-29,DET,20250427,20250428,140,-1.2286346158055168,1.8832229237632268,3.1118575395687422,4.995080463331968
KXNBAGAME-25APR29DETNYK,2025-04-29,NYK,20250427,20250428,172,-0.8360891224882551,2.1425296876322584,2.9786188101205116,5.12114849775277
KXNBAGAME-25APR29LACDEN,2025-04-29,LAC,20250427,20250428,155,-0.82455720427417,2.857436816575876,3.6819940208500466,6.539430837425924
KXNBAGAME-25APR29LACDEN,2025-04-29,DEN,20250427,20250428,190,-0.6700335928985841,2.412308001368923,3.0823415942675068,5.49464959563643
KXNBAGAME-25APR29MILIND,2025-04-29,MIL,20250427,20250428,257,-1.5821150847959278,1.9357352634191083,3.517850348215036,5.453585611634145
KXNBAGAME-25APR29MILIND,2025-04-29,IND,20250427,20250428,237,-1.2197995174426575,2.11993924879517,3.339738766237829,5.459678015032999
KXNBAGAME-25APR29ORLBOS,2025-04-29,ORL,20250427,20250428,123,0.6825655051051307,3.5184419068195654,2.8358764017144353,6.354318308533999
KXNBAGAME-25APR29ORLBOS,2025-04-29,BOS,20250427,20250428,163,0.2301133148574955,3.1424459142064496,2.912332599348952,6.0547785135554015
KXNBAGAME-25APR30GSWHOU,2025-04-30,GSW,20250428,20250429,227,0.7899886807490228,3.6932052648100537,2.903216584061031,6.596421848871087
KXNBAGAME-25APR30GSWHOU,2025-04-30,HOU,20250428,20250429,224,0.12386593387072625,3.2709356039096935,3.1470696700389675,6.418005273948664
KXNBAGAME-25APR30MINLAL,2025-04-30,MIN,20250428,20250429,233,-0.7454050164669677,2.3908840690029525,3.1362890854699197,5.527173154472873
KXNBAGAME-25APR30MINLAL,2025-04-30,LAL,20250428,20250429,614,-0.4071944287958452,2.6355575929212414,3.0427520217170865,5.678309614638328
KXNBAGAME-25DEC01ATLDET,2025-12-01,ATL,20251129,20251130,62,-1.1653834640602359,2.125418885454841,3.290802349515076,5.416221234969917
KXNBAGAME-25DEC01ATLDET,2025-12-01,DET,20251129,20251130,98,-0.7202924614116237,2.689899038052169,3.410191499463792,6.100090537515962
KXNBAGAME-25DEC01CHABKN,2025-12-01,CHA,20251129,20251130,107,-1.0869914175360578,2.3641822687630585,3.451173686299117,5.815355955062175
KXNBAGAME-25DEC01CHABKN,2025-12-01,BKN,20251129,20251130,127,-0.772781459418725,2.606604708265955,3.3793861676846815,5.985990875950634
KXNBAGAME-25DEC01CHIORL,2025-12-01,CHI,20251129,20251130,120,-1.081278104142992,2.382033451917904,3.4633115560608974,5.845345007978802
KXNBAGAME-25DEC01CHIORL,2025-12-01,ORL,20251129,20251130,82,0.0261995937114748,3.4992361612937746,3.473036567582299,6.972272728876076
KXNBAGAME-25DEC01CLEIND,2025-12-01,CLE,20251129,20251130,90,-1.1465412573764882,2.3030656281891866,3.4496068855656747,5.752672513754862
KXNBAGAME-25DEC01CLEIND,2025-12-01,IND,20251129,20251130,106,-1.3717594871211605,2.172484088878935,3.5442435760000977,5.716727664879034
KXNBAGAME-25DEC01DALDEN,2025-12-01,DAL,20251129,20251130,279,-0.5148832966405427,2.7214321631153524,3.236315459755895,5.957747622871247
KXNBAGAME-25DEC01DALDEN,2025-12-01,DEN,20251129,20251130,158,-1.0902233043359388,2.1800923168811566,3.2703156212170947,5.450407938098252
KXNBAGAME-25DEC01HOUUTA,2025-12-01,HOU,20251129,20251130,62,-0.80686905812998,2.7994942116040065,3.6063632697339862,6.405857481337991
KXNBAGAME-25DEC01HOUUTA,2025-12-01,UTA,20251129,20251130,81,-1.8833840932958494,1.9381489524708435,3.8215330457666887,5.759681998237532
KXNBAGAME-25DEC01LACMIA,2025-12-01,LAC,20251129,20251130,160,-1.964931782677828,2.1416651485940683,4.106596931271895,6.248262079865961
KXNBAGAME-25DEC01LACMIA,2025-12-01,MIA,20251129,20251130,103,0.0976577939398309,3.0332643244759048,2.9356065305360737,5.96887085501198
KXNBAGAME-25DEC01MILWAS,2025-12-01,MIL,20251129,20251130,134,-0.3873938430402997,2.758416436458278,3.145810279498578,5.904226715956855
KXNBAGAME-25DEC01MILWAS,2025-12-01,WAS,20251129,20251130,51,-1.0893611070808784,2.5976807381097666,3.687041845190643,6.284722583300411
KXNBAGAME-25DEC01PHXLAL,2025-12-01,PHX,20251129,20251130,204,-0.7078441446109998,2.302629142016843,3.01047328662784,5.313102428644682
KXNBAGAME-25DEC01PHXLAL,2025-12-01,LAL,20251129,20251130,295,-0.47332044093286024,2.780882851303928,3.254203292236789,6.035086143540716
KXNBAGAME-25DEC02MEMSAS,2025-12-02,MEM,20251130,20251201,107,-1.8266777035433148,2.3765097009737497,4.203187404517064,6.579697105490813
KXNBAGAME-25DEC02MEMSAS,2025-12-02,SAS,20251130,20251201,118,-0.048288610453875426,2.8463681652746,2.8946567757284756,5.741024941003076
KXNBAGAME-25DEC02MINNOP,2025-12-02,MIN,20251130,20251201,171,-0.9136977632520307,2.790974069843755,3.7046718330957846,6.495645902939541
KXNBAGAME-25DEC02MINNOP,2025-12-02,NOP,20251130,20251201,167,-0.3671156023699088,3.0166161585930746,3.3837317609629824,6.400347919556057
KXNBAGAME-25DEC02NYKBOS,2025-12-02,NYK,20251130,20251201,184,-0.13728524376768167,2.7968132922782845,2.9340985360459664,5.730911828324253
KXNBAGAME-25DEC02NYKBOS,2025-12-02,BOS,20251130,20251201,201,-0.3528891166293947,3.0830222979054636,3.4359114145348597,6.518933712440324
KXNBAGAME-25DEC02OKCGSW,2025-12-02,OKC,20251130,20251201,149,-0.9778168108079411,2.550492621001636,3.528309431809576,6.078802052811211
KXNBAGAME-25DEC02OKCGSW,2025-12-02,GSW,20251130,20251201,121,0.6906419290979613,3.7190453410852724,3.0284034119873118,6.747448753072586
KXNBAGAME-25DEC02PORTOR,2025-12-02,POR,20251130,20251201,83,-1.5208305510701798,2.3647878165071425,3.8856183675773206,6.250406184084465
KXNBAGAME-25DEC02PORTOR,2025-12-02,TOR,20251130,20251201,90,-0.7204363308234064,2.6395530250770305,3.359989355900437,5.999542380977468
KXNBAGAME-25DEC02WASPHI,2025-12-02,WAS,20251130,20251201,64,-0.46746667443270984,2.8420911255306214,3.30955779996333,6.1516489254939515
KXNBAGAME-25DEC02WASPHI,2025-12-02,PHI,20251130,20251201,0,,,,
KXNBAGAME-25DEC03BKNCHI,2025-12-03,BKN,20251201,20251202,137,-0.8308924491874669,2.744422617555216,3.5753150667426814,6.319737684297898
KXNBAGAME-25DEC03BKNCHI,2025-12-03,CHI,20251201,20251202,107,0.0015392623048842702,3.318858162845316,3.3173189005404318,6.63617706338575
KXNBAGAME-25DEC03CHANYK,2025-12-03,CHA,20251201,20251202,92,-0.8423194787465935,2.44559150547212,3.2879109842187133,5.733502489690835
KXNBAGAME-25DEC03CHANYK,2025-12-03,NYK,20251201,20251202,212,-0.20266580229062142,2.8740290997631543,3.0766949020537764,5.9507240018169325
KXNBAGAME-25DEC03DENIND,2025-12-03,DEN,20251201,20251202,152,-0.9399286751881653,2.283375707273245,3.2233043824614107,5.506680089734655
KXNBAGAME-25DEC03DENIND,2025-12-03,IND,20251201,20251202,70,-1.4446871212860217,2.494455522743152,3.9391426440291752,6.433598166772327
KXNBAGAME-25DEC03DETMIL,2025-12-03,DET,20251201,20251202,96,-0.32013276363672283,2.8484424833789292,3.168575247015651,6.017017730394581
KXNBAGAME-25DEC03DETMIL,2025-12-03,MIL,20251201,20251202,145,0.24932242585034772,3.264848391693068,3.01552596584272,6.280374357535788
KXNBAGAME-25DEC03LACATL,2025-12-03,LAC,20251201,20251202,141,-1.0583182741372916,2.559742616923829,3.6180608910611207,6.177803507984951
KXNBAGAME-25DEC03LACATL,2025-12-03,ATL,20251201,20251202,202,-0.3754558950458162,3.0097537331174165,3.3852096281632322,6.394963361280647
KXNBAGAME-25DEC03MIADAL,2025-12-03,MIA,20251201,20251202,108,-0.9283075356534554,2.6661099323663584,3.594417468019814,6.260527400386172
KXNBAGAME-25DEC03MIADAL,2025-12-03,DAL,20251201,20251202,186,-0.5015551729805612,2.730035074885467,3.2315902478660274,5.9616253227514955
KXNBAGAME-25DEC03PORCLE,2025-12-03,POR,20251201,20251202,84,-1.3828231243734073,2.594441158007488,3.9772642823808946,6.571705440388384
KXNBAGAME-25DEC03PORCLE,2025-12-03,CLE,20251201,20251202,137,-1.5931041043029779,2.735488286169047,4.328592390472023,7.064080676641071
KXNBAGAME-25DEC03SACHOU,2025-12-03,SAC,20251201,20251202,37,-1.0714079614159973,2.7487312306035943,3.820139192019594,6.568870422623189
KXNBAGAME-25DEC03SACHOU,2025-12-03,HOU,20251201,20251202,104,-0.8907511226424609,2.8060470830001982,3.696798205642658,6.502845288642856
KXNBAGAME-25DEC03SASORL,2025-12-03,SAS,20251201,20251202,71,-0.34537315755674775,2.906405987532008,3.2517791450887557,6.1581851326207655
KXNBAGAME-25DEC03SASORL,2025-12-03,ORL,20251201,20251202,72,0.6760851156484553,3.908162754619458,3.232077638971003,7.140240393590464
KXNBAGAME-25DEC04BOSWAS,2025-12-04,BOS,20251202,20251203,192,0.23842009535997077,3.173245853223505,2.9348257578635346,6.108071611087039
KXNBAGAME-25DEC04BOSWAS,2025-12-04,WAS,20251202,20251203,142,-0.5152893576066904,3.066740712826899,3.58203007043359,6.648770783260491
KXNBAGAME-25DEC04GSWPHI,2025-12-04,GSW,20251202,20251203,176,0.14694891196566515,3.509067115893608,3.3621182039279423,6.871185319821551
KXNBAGAME-25DEC04GSWPHI,2025-12-04,PHI,20251202,20251203,0,,,,
KXNBAGAME-25DEC04LALTOR,2025-12-04,LAL,20251202,20251203,211,0.5566021158719681,3.376382478953248,2.8197803630812803,6.196162842034528
KXNBAGAME-25DEC04LALTOR,2025-12-04,TOR,20251202,20251203,100,-1.5763171797849664,2.2981253501862486,3.8744425299712137,6.172567880157464
KXNBAGAME-25DEC04MINNOP,2025-12-04,MIN,20251202,20251203,99,-1.2815958166126167,2.3741773704660787,3.6557731870786947,6.029950557544774
KXNBAGAME-25DEC04MINNOP,2025-12-04,NOP,20251202,20251203,112,-0.953626498114734,2.72511021627054,3.6787367143852734,6.4038469306558135
KXNBAGAME-25DEC04UTABKN,2025-12-04,UTA,20251202,20251203,80,-0.813451677751165,2.8627617796383094,3.676213457389475,6.538975237027784
KXNBAGAME-25DEC04UTABKN,2025-12-04,BKN,20251202,20251203,61,-0.45871822162370646,3.097612104528813,3.5563303261525183,6.653942430681331
KXNBAGAME-25DEC05CHATOR,2025-12-05,CHA,20251203,20251204,93,-0.40500456839158716,2.708207500737059,3.1132120691286476,5.821419569865709
KXNBAGAME-25DEC05CHATOR,2025-12-05,TOR,20251203,20251204,115,-1.1708673718609792,2.483083313203064,3.653950685064043,6.1370339982671105
KXNBAGAME-25DEC05DALOKC,2025-12-05,DAL,20251203,20251204,146,0.025151953241104835,3.0402315648912754,3.0150796116501715,6.055311176541446
KXNBAGAME-25DEC05DALOKC,2025-12-05,OKC,20251203,20251204,221,0.14975960112137604,3.2026544831347907,3.0528948820134154,6.255549365148205
KXNBAGAME-25DEC05DENATL,2025-12-05,DEN,20251203,20251204,121,-0.7138006805892216,2.9219184425983626,3.635719123187587,6.5576375657859485
KXNBAGAME-25DEC05DENATL,2025-12-05,ATL,20251203,20251204,570,-0.3836114924773173,2.545124647223525,2.9287361397008396,5.473860786924359
KXNBAGAME-25DEC05INDCHI,2025-12-05,IND,20251203,20251204,145,-1.021234571827664,2.4905835516011017,3.5118181234287666,6.002401675029867
KXNBAGAME-25DEC05INDCHI,2025-12-05,CHI,20251203,20251204,125,-0.5634066073927405,2.88412259635082,3.447529203743559,6.33165180009438
KXNBAGAME-25DEC05LACMEM,2025-12-05,LAC,20251203,20251204,415,-0.3681555989993844,2.6287383055996,2.996893904598985,5.625632210198587
KXNBAGAME-25DEC05LACMEM,2025-12-05,MEM,20251203,20251204,96,-0.8461453542404223,2.9301268122076047,3.7762721664480274,6.706398978655632
KXNBAGAME-25DEC05LALBOS,2025-12-05,LAL,20251203,20251204,187,0.45706301681134764,3.257592389002296,2.8005293721909483,6.058121761193243
KXNBAGAME-25DEC05LALBOS,2025-12-05,BOS,20251203,20251204,167,-0.14554180895371438,2.9966584208945344,3.142200229848248,6.138858650742783
KXNBAGAME-25DEC05MIAORL,2025-12-05,MIA,20251203,20251204,144,-0.2414959252309491,3.0464066669089114,3.2879025921398624,6.334309259048773
KXNBAGAME-25DEC05MIAORL,2025-12-05,ORL,20251203,20251204,88,-0.0032515327133774696,3.4971902614338735,3.5004417941472523,6.997632055581127
KXNBAGAME-25DEC05PHIMIL,2025-12-05,PHI,20251203,20251204,0,,,,
KXNBAGAME-25DEC05PHIMIL,2025-12-05,MIL,20251203,20251204,419,-0.1247638104056317,2.56376285703301,2.688526667438641,5.252289524471651
KXNBAGAME-25DEC05PHXHOU,2025-12-05,PHX,20251203,20251204,97,-0.3904995111042776,2.876319302012176,3.2668188131164553,6.143138115128631
KXNBAGAME-25DEC05PHXHOU,2025-12-05,HOU,20251203,20251204,132,-0.23168701761844532,2.8171876777103937,3.0488746953288395,5.866062373039234
KXNBAGAME-25DEC05PORDET,2025-12-05,POR,20251203,20251204,119,-2.2752602852586383,2.611469668872428,4.8867299541310665,7.498199623003495
KXNBAGAME-25DEC05PORDET,2025-12-05,DET,20251203,20251204,256,-0.5376135224173607,2.5846263397922704,3.122239862209632,5.706866202001902
KXNBAGAME-25DEC05SASCLE,2025-12-05,SAS,20251203,20251204,142,-0.3449282135449342,3.034978708992849,3.379906922537785,6.414885631530634
KXNBAGAME-25DEC05SASCLE,2025-12-05,CLE,20251203,20251204,107,-1.6170988214739794,3.011450375384578,4.6285491968585575,7.6399995722431395
KXNBAGAME-25DEC05UTANYK,2025-12-05,UTA,20251203,20251204,53,-0.63794090617351,2.6533829618124614,3.291323867985973,5.944706829798434
KXNBAGAME-25DEC05UTANYK,2025-12-05,NYK,20251203,20251204,393,-0.0781828768581096,2.436605368524247,2.5147882453823547,4.9513936139066015
KXNBAGAME-25DEC06ATLWAS,2025-12-06,ATL,20251204,20251205,232,-0.6073870791301109,2.608669648010382,3.21605672714049,5.824726375150868
KXNBAGAME-25DEC06ATLWAS,2025-12-06,WAS,20251204,20251205,86,0.07447469760830103,3.3392082569694166,3.2647335593611144,6.603941816330531
KXNBAGAME-25DEC06GSWCLE,2025-12-06,GSW,20251204,20251205,132,-0.15460350247933247,3.1906969389987143,3.345300441478047,6.535997380476761
KXNBAGAME-25DEC06GSWCLE,2025-12-06,CLE,20251204,20251205,133,-1.3520412313777976,2.904374436988586,4.256415668366383,7.160790105354973
KXNBAGAME-25DEC06HOUDAL,2025-12-06,HOU,20251204,20251205,97,-0.12387629119709972,2.5538034228450397,2.6776797140421387,5.231483136887178
KXNBAGAME-25DEC06HOUDAL,2025-12-06,DAL,20251204,20251205,140,0.33440503356337664,3.059198331775989,2.7247932982126124,5.7839916299886
KXNBAGAME-25DEC06LACMIN,2025-12-06,LAC,20251204,20251205,174,-0.6210491582962562,2.699498330610745,3.320547488907001,6.0200458195177475
KXNBAGAME-25DEC06LACMIN,2025-12-06,MIN,20251204,20251205,88,-0.7356033067334969,2.5076257474035053,3.243229054137003,5.75085480154051
KXNBAGAME-25DEC06MILDET,2025-12-06,MIL,20251204,20251205,387,-0.3309048535331206,2.3961620052563326,2.7270668587894518,5.123228864045784
KXNBAGAME-25DEC06MILDET,2025-12-06,DET,20251204,20251205,229,-1.330107615083023,2.460651248733946,3.7907588638169685,6.251410112550914
KXNBAGAME-25DEC06NOPBKN,2025-12-06,NOP,20251204,20251205,87,-0.8014636761882658,2.516294093673478,3.317757769861743,5.8340518635352225
KXNBAGAME-25DEC06NOPBKN,2025-12-06,BKN,20251204,20251205,127,-0.775483979097819,2.509262441382601,3.2847464204804213,5.794008861863022
KXNBAGAME-25DEC06SACMIA,2025-12-06,SAC,20251204,20251205,35,0.2574664020632218,2.99468981373582,2.7372234116725966,5.731913225408418
KXNBAGAME-25DEC06SACMIA,2025-12-06,MIA,20251204,20251205,157,-0.1549221779808059,3.274733298028993,3.4296554760098,6.704388774038794
KXNBAGAME-25DEC07BOSTOR,2025-12-07,BOS,20251205,20251206,192,-0.09495734055715147,2.999065062415231,3.0940224029723824,6.093087465387614
KXNBAGAME-25DEC07BOSTOR,2025-12-07,TOR,20251205,20251206,357,-0.5409096319656267,2.6596946784997266,3.200604310465355,5.8602989889650825
KXNBAGAME-25DEC07DENCHA,2025-12-07,DEN,20251205,20251206,89,-0.33410401718967486,2.717072037745238,3.0511760549349116,5.768248092680149
KXNBAGAME-25DEC07DENCHA,2025-12-07,CHA,20251205,20251206,89,-1.4994787177053728,2.2409762572637453,3.740454974969119,5.981431232232867
KXNBAGAME-25DEC07GSWCHI,2025-12-07,GSW,20251205,20251206,166,-0.40478949955693877,3.002251303217898,3.407040802774837,6.4092921059927335
KXNBAGAME-25DEC07GSWCHI,2025-12-07,CHI,20251205,20251206,120,-2.1026166821607246,2.482730050180775,4.585346732341501,7.068076782522278
KXNBAGAME-25DEC07LALPHI,2025-12-07,LAL,20251205,20251206,525,-0.5140392753385379,2.6522932720881256,3.166332547426665,5.818625819514793
KXNBAGAME-25DEC07LALPHI,2025-12-07,PHI,20251205,20251206,0,,,,
KXNBAGAME-25DEC07OKCUTA,2025-12-07,OKC,20251205,20251206,139,-0.2633448532134717,2.786506496390697,3.049851349604168,5.836357845994865
KXNBAGAME-25DEC07OKCUTA,2025-12-07,UTA,20251205,20251206,110,-0.6379777389907448,2.556136718018151,3.1941144570088964,5.750251175027049
KXNBAGAME-25DEC07ORLNYK,2025-12-07,ORL,20251205,20251206,81,-0.18627781043264058,3.1312504354659225,3.317528245898562,6.448778681364488
KXNBAGAME-25DEC07ORLNYK,2025-12-07,NYK,20251205,20251206,184,-0.3330905974473963,2.926794260800653,3.25988485824805,6.186679119048703
KXNBAGAME-25DEC07PORMEM,2025-12-07,POR,20251205,20251206,70,-1.5421156097080724,2.3404768505619313,3.8825924602700046,6.223069310831936
KXNBAGAME-25DEC07PORMEM,2025-12-07,MEM,20251205,20251206,77,-1.3177196875974158,2.712912339608441,4.030632027205856,6.743544366814299
KXNBAGAME-25DEC08PHXMIN,2025-12-08,PHX,20251206,20251207,96,-0.3028253579575955,2.5345408185918137,2.83736617654941,5.371906995141225
KXNBAGAME-25DEC08PHXMIN,2025-12-08,MIN,20251206,20251207,119,-0.8879397603668862,1.9213579119943742,2.809297672361263,4.73065558435564
KXNBAGAME-25DEC08SACIND,2025-12-08,SAC,20251206,20251207,77,-1.2469126286181544,1.8261085894086255,3.0730212180267795,4.899129807435406
KXNBAGAME-25DEC08SACIND,2025-12-08,IND,20251206,20251207,68,-0.6899939012784558,2.8175846308679717,3.507578532146427,6.3251631630144
KXNBAGAME-25DEC08SASNOP,2025-12-08,SAS,20251206,20251207,68,-0.5202675401968831,3.5100775231109056,4.03034506330779,7.540422586418695
KXNBAGAME-25DEC08SASNOP,2025-12-08,NOP,20251206,20251207,38,-0.9361857121760258,2.293757583408428,3.229943295584455,5.523700878992882
KXNBAGAME-25DEC09MIAORL,2025-12-09,MIA,20251207,20251208,74,-1.2386652823020967,2.7641948894400983,4.002860171742197,6.767055061182294
KXNBAGAME-25DEC09MIAORL,2025-12-09,ORL,20251207,20251208,78,-0.2333929588480525,3.3571675122779503,3.590560471126004,6.947727983403956
KXNBAGAME-25DEC09NYKTOR,2025-12-09,NYK,20251207,20251208,98,0.31639487898810825,3.413016018075629,3.0966211390875205,6.50963715716315
KXNBAGAME-25DEC09NYKTOR,2025-12-09,TOR,20251207,20251208,97,-0.7858591566884732,2.759610517715279,3.545469674403755,6.305080192119033
KXNBAGAME-25DEC10PHXOKC,2025-12-10,PHX,20251208,20251209,123,-0.3469652248768424,2.5518825533860667,2.8988477782629083,5.450730331648975
KXNBAGAME-25DEC10PHXOKC,2025-12-10,OKC,20251208,20251209,112,0.01325607566385828,2.705324708629866,2.692068632966008,5.397393341595874
KXNBAGAME-25DEC10SASLAL,2025-12-10,SAS,20251208,20251209,119,-0.7272863923059749,2.3756824691824576,3.102968861488433,5.478651330670891
KXNBAGAME-25DEC10SASLAL,2025-12-10,LAL,20251208,20251209,201,0.14611338071943858,3.1937317329785264,3.0476183522590876,6.241350085237615
KXNBAGAME-25DEC11BOSMIL,2025-12-11,BOS,20251209,20251210,50,0.6132654800483004,3.3810147645911623,2.7677492845428624,6.148764049134025
KXNBAGAME-25DEC11BOSMIL,2025-12-11,MIL,20251209,20251210,83,-0.5035038984941446,2.523430891706651,3.0269347902007953,5.550365681907447
KXNBAGAME-25DEC11DENSAC,2025-12-11,DEN,20251209,20251210,57,-0.3867306029784226,2.6436219018549005,3.0303525048333224,5.673974406688224
KXNBAGAME-25DEC11DENSAC,2025-12-11,SAC,20251209,20251210,61,0.3690065208665533,2.7872675145933363,2.4182609937267827,5.205528508320118
KXNBAGAME-25DEC11LACHOU,2025-12-11,LAC,20251209,20251210,55,0.40421856907651604,2.9932113094337147,2.588992740357197,5.582204049790912
KXNBAGAME-25DEC11LACHOU,2025-12-11,HOU,20251209,20251210,59,0.12675075317685122,3.241279542343254,3.1145287891664033,6.355808331509658
KXNBAGAME-25DEC11PORNOP,2025-12-11,POR,20251209,20251210,43,-1.9630743129775654,2.589918035968921,4.552992348946484,7.1429103849154085
KXNBAGAME-25DEC11PORNOP,2025-12-11,NOP,20251209,20251210,74,-0.6602726639632109,2.9055965318995733,3.5658691958627813,6.471465727762356
KXNBAGAME-25DEC12ATLDET,2025-12-12,ATL,20251210,20251211,214,-0.709123860484559,2.7913079349447933,3.500431795429352,6.29173973037415
KXNBAGAME-25DEC12ATLDET,2025-12-12,DET,20251210,20251211,33,0.615906472669333,3.204001854937706,2.5880953822683743,5.792097237206082
KXNBAGAME-25DEC12BKNDAL,2025-12-12,BKN,20251210,20251211,191,-0.45590741756891484,2.427885433416704,2.883792850985619,5.311678284402328
KXNBAGAME-25DEC12BKNDAL,2025-12-12,DAL,20251210,20251211,77,0.3601853436476956,3.680118631267323,3.3199332876196284,7.000051918886951
KXNBAGAME-25DEC12CHICHA,2025-12-12,CHI,20251210,20251211,51,-0.3201052842955732,2.607084025516797,2.9271893098123702,5.534273335329166
KXNBAGAME-25DEC12CHICHA,2025-12-12,CHA,20251210,20251211,78,0.10319101723209138,2.2963082433469566,2.1931172261148655,4.48942546946182
KXNBAGAME-25DEC12CLEWAS,2025-12-12,CLE,20251210,20251211,48,0.016790377187943684,3.6268080222693477,3.6100176450814048,7.236825667350752
KXNBAGAME-25DEC12CLEWAS,2025-12-12,WAS,20251210,20251211,189,-0.1468723641619309,2.801246696970776,2.948119061132708,5.7493657581034885
KXNBAGAME-25DEC12INDPHI,2025-12-12,IND,20251210,20251211,54,0.5073505221282466,3.1618672684615907,2.6545167463333437,5.816384014794935
KXNBAGAME-25DEC12INDPHI,2025-12-12,PHI,20251210,20251211,0,,,,
KXNBAGAME-25DEC12MINGSW,2025-12-12,MIN,20251210,20251211,222,-0.39102646705764915,2.7735819866733653,3.1646084537310157,5.938190440404387
KXNBAGAME-25DEC12MINGSW,2025-12-12,GSW,20251210,20251211,111,0.6915086068029146,3.2758292639189035,2.5843206571159882,5.860149921034893
KXNBAGAME-25DEC12UTAMEM,2025-12-12,UTA,20251210,20251211,38,-0.5178379236713572,2.529387134453111,3.047225058124469,5.576612192577582
KXNBAGAME-25DEC12UTAMEM,2025-12-12,MEM,20251210,20251211,241,0.22294302931579957,3.5434616888680655,3.320518659552267,6.863980348420338
KXNBAGAME-25DEC13NYKORL,2025-12-13,NYK,20251211,20251212,91,1.0797253356913614,3.609644778570292,2.5299194428789313,6.139564221449223
KXNBAGAME-25DEC13NYKORL,2025-12-13,ORL,20251211,20251212,61,1.7598684081959577,4.059656918578091,2.2997885103821343,6.359445428960226
KXNBAGAME-25DEC13SASOKC,2025-12-13,SAS,20251211,20251212,229,0.8899157651900603,3.301554414964751,2.411638649774691,5.713193064739441
KXNBAGAME-25DEC13SASOKC,2025-12-13,OKC,20251211,20251212,207,0.11101088285698163,3.020754037635588,2.9097431547786066,5.930497192414196
KXNBAGAME-25DEC14CHACLE,2025-12-14,CHA,20251212,20251213,72,0.3635160868074842,3.2209089593508726,2.8573928725433895,6.078301831894263
KXNBAGAME-25DEC14CHACLE,2025-12-14,CLE,20251212,20251213,144,-0.4232026322012202,3.360208580057429,3.78341121225865,7.143619792316079
KXNBAGAME-25DEC14GSWPOR,2025-12-14,GSW,20251212,20251213,246,0.045746602142433784,3.240887453595314,3.19514085145288,6.436028305048193
KXNBAGAME-25DEC14GSWPOR,2025-12-14,POR,20251212,20251213,76,-1.2583408370420182,2.5578168284641003,3.8161576655061173,6.373974493970218
KXNBAGAME-25DEC14LALPHX,2025-12-14,LAL,20251212,20251213,139,1.1568358431470098,3.335514962343001,2.1786791191959916,5.514194081538994
KXNBAGAME-25DEC14LALPHX,2025-12-14,PHX,20251212,20251213,67,0.8734839740976156,3.7240165972062886,2.8505326231086734,6.574549220314963
KXNBAGAME-25DEC14MILBKN,2025-12-14,MIL,20251212,20251213,139,0.17103024735403297,2.4895968411451657,2.3185665937911333,4.808163434936299
KXNBAGAME-25DEC14MILBKN,2025-12-14,BKN,20251212,20251213,95,0.38047762119241557,2.7076954182260398,2.327217797033624,5.034913215259664
KXNBAGAME-25DEC14NOPCHI,2025-12-14,NOP,20251212,20251213,82,-1.6529961298552265,2.333327020654092,3.986323150509319,6.319650171163411
KXNBAGAME-25DEC14NOPCHI,2025-12-14,CHI,20251212,20251213,99,0.8336590697064317,3.7292357126160867,2.895576642909655,6.624812355525741
KXNBAGAME-25DEC14PHIATL,2025-12-14,PHI,20251212,20251213,0,,,,
KXNBAGAME-25DEC14PHIATL,2025-12-14,ATL,20251212,20251213,95,0.07516426656107744,3.172976231046831,3.0978119644857536,6.270788195532585
KXNBAGAME-25DEC14SACMIN,2025-12-14,SAC,20251212,20251213,92,0.8868827527033065,3.3384678548897804,2.451585102186475,5.790052957076257
KXNBAGAME-25DEC14SACMIN,2025-12-14,MIN,20251212,20251213,181,-0.4562000640912391,2.888504050406527,3.344704114497767,6.233208164904294
KXNBAGAME-25DEC14WASIND,2025-12-14,WAS,20251212,20251213,87,-0.7830761763407939,2.9558550032237747,3.738931179564569,6.694786182788344
KXNBAGAME-25DEC14WASIND,2025-12-14,IND,20251212,20251213,58,-0.5650385741162649,2.501963435785912,3.0670020099021786,5.568965445688091
KXNBAGAME-25DEC15DALUTA,2025-12-15,DAL,20251213,20251214,64,0.1367647716433164,2.8103613210539953,2.67359654941068,5.4839578704646765
KXNBAGAME-25DEC15DALUTA,2025-12-15,UTA,20251213,20251214,69,-1.517087361286439,2.3857176439040666,3.9028050051905057,6.288522649094572
KXNBAGAME-25DEC15DETBOS,2025-12-15,DET,20251213,20251214,72,-0.030272394192246477,3.035978430668597,3.0662508248608447,6.102229255529439
KXNBAGAME-25DEC15DETBOS,2025-12-15,BOS,20251213,20251214,57,0.04216943517297789,2.8382078587003274,2.796038423527351,5.634246282227679
KXNBAGAME-25DEC15HOUDEN,2025-12-15,HOU,20251213,20251214,29,-0.6042597054985837,3.1663396852487686,3.7705993907473516,6.936939075996117
KXNBAGAME-25DEC15HOUDEN,2025-12-15,DEN,20251213,20251214,38,-0.8137891765719379,2.6587125352757326,3.47250171184767,6.131214247123403
KXNBAGAME-25DEC15MEMLAC,2025-12-15,MEM,20251213,20251214,46,-0.9057326818324904,3.6501812762599295,4.55591395809242,8.206095234352352
KXNBAGAME-25DEC15MEMLAC,2025-12-15,LAC,20251213,20251214,26,-0.19089760619562146,2.7307695150581015,2.9216671212537237,5.652436636311826
KXNBAGAME-25DEC15TORMIA,2025-12-15,TOR,20251213,20251214,22,1.1703967848471506,3.6004268173270244,2.4300300324798743,6.030456849806898
KXNBAGAME-25DEC15TORMIA,2025-12-15,MIA,20251213,20251214,52,0.9300229088956957,3.5059847383895377,2.575961829493841,6.081946567883378
KXNBAGAME-25DEC17CLECHI,2025-12-17,CLE,20251215,20251216,95,-2.059447057252146,2.4242840672118193,4.483731124463967,6.908015191675789
KXNBAGAME-25DEC17CLECHI,2025-12-17,CHI,20251215,20251216,115,-0.4372324891133302,3.3782254141171504,3.8154579032304814,7.193683317347632
KXNBAGAME-25DEC17MEMMIN,2025-12-17,MEM,20251215,20251216,96,-1.4706042777933193,2.4461535101281418,3.916757787921461,6.362911298049603
KXNBAGAME-25DEC17MEMMIN,2025-12-17,MIN,20251215,20251216,94,-0.8900948387601857,2.4822868726572507,3.3723817114174377,5.854668584074689
KXNBAGAME-25DEC18ATLCHA,2025-12-18,ATL,20251216,20251217,45,-0.010118017424091963,2.9204393844029894,2.930557401827082,5.850996786230072
KXNBAGAME-25DEC18ATLCHA,2025-12-18,CHA,20251216,20251217,62,1.3137169379740328,3.2548092705567795,1.9410923325827474,5.195901603139526
KXNBAGAME-25DEC18DETDAL,2025-12-18,DET,20251216,20251217,102,0.3674310425586384,3.1535264220598185,2.7860953795011802,5.939621801560998
KXNBAGAME-25DEC18DETDAL,2025-12-18,DAL,20251216,20251217,148,-0.12467007750874357,2.991859243395133,3.1165293209038785,6.108388564299013
KXNBAGAME-25DEC18GSWPHX,2025-12-18,GSW,20251216,20251217,80,-0.22627872600403112,3.2620808059782083,3.48835953198224,6.750440337960448
KXNBAGAME-25DEC18GSWPHX,2025-12-18,PHX,20251216,20251217,39,-0.6152526799540545,2.562395393007091,3.177648072961146,5.740043465968237
KXNBAGAME-25DEC18HOUNOP,2025-12-18,HOU,20251216,20251217,84,-1.0786140810943352,2.8003899414744913,3.879004022568827,6.679393964043317
KXNBAGAME-25DEC18HOUNOP,2025-12-18,NOP,20251216,20251217,73,-1.100894741326098,2.6384663519546554,3.739361093280754,6.377827445235413
KXNBAGAME-25DEC18LACOKC,2025-12-18,LAC,20251216,20251217,104,-0.407681795299584,2.704278549432228,3.1119603447318127,5.816238894164043
KXNBAGAME-25DEC18LACOKC,2025-12-18,OKC,20251216,20251217,108,0.8612044883624905,3.3395577073423777,2.478353218979887,5.817910926322265
KXNBAGAME-25DEC18LALUTA,2025-12-18,LAL,20251216,20251217,185,1.056115043371473,3.1932755971487286,2.137160553777256,5.330436150925985
KXNBAGAME-25DEC18LALUTA,2025-12-18,UTA,20251216,20251217,185,-0.19595729023525843,2.940046066835254,3.1360033570705133,6.076049423905768
KXNBAGAME-25DEC18MIABKN,2025-12-18,MIA,20251216,20251217,112,-0.5414129875179264,2.746246783131903,3.28765977064983,6.033906553781732
KXNBAGAME-25DEC18MIABKN,2025-12-18,BKN,20251216,20251217,19,-1.0932921505029487,2.214867025589344,3.308159176092293,5.5230262016816365
KXNBAGAME-25DEC18NYKIND,2025-12-18,NYK,20251216,20251217,310,1.119664488491868,3.3534826833238727,2.2338181948320037,5.587300878155878
KXNBAGAME-25DEC18NYKIND,2025-12-18,IND,20251216,20251217,115,0.4152560608647099,2.792279565482827,2.3770235046181156,5.169303070100943
KXNBAGAME-25DEC18ORLDEN,2025-12-18,ORL,20251216,20251217,74,1.0908430355515184,3.6712113106498085,2.58036827509829,6.2515795857481
KXNBAGAME-25DEC18ORLDEN,2025-12-18,DEN,20251216,20251217,123,0.3565198624668281,3.14893080643456,2.7924109439677314,5.941341750402293
KXNBAGAME-25DEC18SACPOR,2025-12-18,SAC,20251216,20251217,52,-0.37855166990324207,3.1069571962508205,3.4855088661540634,6.592466062404885
KXNBAGAME-25DEC18SACPOR,2025-12-18,POR,20251216,20251217,40,-0.3794408795554123,3.157376794756731,3.536817674312143,6.694194469068874
KXNBAGAME-25DEC18TORMIL,2025-12-18,TOR,20251216,20251217,74,-0.8964835953922201,2.534659192482921,3.4311427878751406,5.965801980358062
KXNBAGAME-25DEC18TORMIL,2025-12-18,MIL,20251216,20251217,116,0.44292907325782715,3.152525458679317,2.70959638542149,5.862121844100807
KXNBAGAME-25DEC18WASSAS,2025-12-18,WAS,20251216,20251217,31,0.13723359271586943,3.5601619542635508,3.4229283615476813,6.983090315811234
KXNBAGAME-25DEC18WASSAS,2025-12-18,SAS,20251216,20251217,264,1.090949553296403,3.4917359061962028,2.4007863528998,5.892522259096005
KXNBAGAME-25DEC19CHICLE,2025-12-19,CHI,20251217,20251218,130,0.46323694302847007,3.292889557391682,2.829652614363212,6.122542171754893
KXNBAGAME-25DEC19CHICLE,2025-12-19,CLE,20251217,20251218,99,-0.035319389507779186,3.239339775740441,3.2746591652482193,6.5139989409886585
KXNBAGAME-25DEC19MIABOS,2025-12-19,MIA,20251217,20251218,115,-0.009526870970942847,2.733936531453681,2.743463402424624,5.477399933878305
KXNBAGAME-25DEC19MIABOS,2025-12-19,BOS,20251217,20251218,98,0.20327913423935035,3.3225016481658938,3.1192225139265437,6.441724162092438
KXNBAGAME-25DEC19OKCMIN,2025-12-19,OKC,20251217,20251218,101,0.35004486416242386,3.1948450671343007,2.8448002029718777,6.039645270106176
KXNBAGAME-25DEC19OKCMIN,2025-12-19,MIN,20251217,20251218,134,-0.7057097144380615,2.8662075452546576,3.5719172596927193,6.438124804947378
KXNBAGAME-25DEC19PHINYK,2025-12-19,PHI,20251217,20251218,0,,,,
KXNBAGAME-25DEC19PHINYK,2025-12-19,NYK,20251217,20251218,364,0.9373368498442392,3.232984689917198,2.295647840072958,5.528632529990155
KXNBAGAME-25DEC19SASATL,2025-12-19,SAS,20251217,20251218,288,0.6169115009194709,3.2044749256356626,2.587563424716192,5.792038350351855
KXNBAGAME-25DEC19SASATL,2025-12-19,ATL,20251217,20251218,45,-0.34499107188689515,2.7213341925844428,3.066325264471339,5.78765945705578
KXNBAGAME-25DEC20BOSTOR,2025-12-20,BOS,20251218,20251219,91,0.7123092952312438,3.2196564664537406,2.5073471712224977,5.727003637676237
KXNBAGAME-25DEC20BOSTOR,2025-12-20,TOR,20251218,20251219,109,-0.8598955363363207,2.3937350375141113,3.253630573850432,5.647365611364544
KXNBAGAME-25DEC20CHADET,2025-12-20,CHA,20251218,20251219,54,-0.21783784986731825,2.765890602446746,2.983728452314064,5.749619054760809
KXNBAGAME-25DEC20CHADET,2025-12-20,DET,20251218,20251219,113,-0.6919337515191005,2.7506044070179994,3.4425381585370998,6.193142565555098
KXNBAGAME-25DEC20DALPHI,2025-12-20,DAL,20251218,20251219,89,-1.1200570041964277,2.4755986585133836,3.595655662709811,6.071254321223194
KXNBAGAME-25DEC20DALPHI,2025-12-20,PHI,20251218,20251219,0,,,,
KXNBAGAME-25DEC20HOUDEN,2025-12-20,HOU,20251218,20251219,139,-0.7095471613056581,2.6305010261884267,3.3400481874940837,5.970549213682511
KXNBAGAME-25DEC20HOUDEN,2025-12-20,DEN,20251218,20251219,136,-0.07343705112953008,3.1030488047232248,3.1764858558527527,6.279534660575978
KXNBAGAME-25DEC20INDNOP,2025-12-20,IND,20251218,20251219,118,-0.19163856140885707,2.574793347142612,2.7664319085514686,5.34122525569408
KXNBAGAME-25DEC20INDNOP,2025-12-20,NOP,20251218,20251219,69,-0.932485408786428,2.7238992331234066,3.6563846419098347,6.380283875033241
KXNBAGAME-25DEC20LALLAC,2025-12-20,LAL,20251218,20251219,200,-0.36265098632680726,2.9959600567947735,3.358611043121581,6.354571099916356
KXNBAGAME-25DEC20LALLAC,2025-12-20,LAC,20251218,20251219,122,-0.8207580396516073,2.595347075461368,3.416105115112976,6.011452190574343
KXNBAGAME-25DEC20ORLUTA,2025-12-20,ORL,20251218,20251219,135,-0.09773717356695139,3.3053574435789583,3.403094617145908,6.708452060724866
KXNBAGAME-25DEC20ORLUTA,2025-12-20,UTA,20251218,20251219,192,-0.4033000967685349,3.2205417780779126,3.6238418748464474,6.84438365292436
KXNBAGAME-25DEC20PHXGSW,2025-12-20,PHX,20251218,20251219,100,-1.3255271627031937,2.6204649042245762,3.9459920669277713,6.566456971152347
KXNBAGAME-25DEC20PHXGSW,2025-12-20,GSW,20251218,20251219,115,-0.8878055140203603,2.971505127422229,3.8593106414425904,6.83081576886482
KXNBAGAME-25DEC20PORSAC,2025-12-20,POR,20251218,20251219,81,-1.0944711994266254,2.6483622491709466,3.7428334485975707,6.3911956977685165
KXNBAGAME-25DEC20PORSAC,2025-12-20,SAC,20251218,20251219,73,-0.9077300152927456,2.7374979916470057,3.6452280069397514,6.382725998586757
KXNBAGAME-25DEC20WASMEM,2025-12-20,WAS,20251218,20251219,90,0.916861008244417,3.930198754093659,3.013337745849241,6.943536499942899
KXNBAGAME-25DEC20WASMEM,2025-12-20,MEM,20251218,20251219,89,-1.5177480283390103,2.396413232248901,3.9141612605879113,6.310574492836814
KXNBAGAME-25DEC21CHIATL,2025-12-21,CHI,20251219,20251220,65,-0.3323997129826514,2.8091295074478317,3.1415292204304825,5.950658727878315
KXNBAGAME-25DEC21CHIATL,2025-12-21,ATL,20251219,20251220,139,-0.3469425283071928,3.003945301747949,3.3508878300551426,6.354833131803092
KXNBAGAME-25DEC21HOUSAC,2025-12-21,HOU,20251219,20251220,142,-0.44530900154290887,2.821575522214132,3.2668845237570405,6.088460045971175
KXNBAGAME-25DEC21HOUSAC,2025-12-21,SAC,20251219,20251220,70,-1.0710422362251588,2.8341681475238794,3.9052103837490364,6.739378531272916
KXNBAGAME-25DEC21MIANYK,2025-12-21,MIA,20251219,20251220,154,-0.7177006459969354,2.5232743997909637,3.2409750457878994,5.764249445578863
KXNBAGAME-25DEC21MIANYK,2025-12-21,NYK,20251219,20251220,243,-0.20382807315477872,2.9608304229271507,3.1646584960819295,6.125488919009081
KXNBAGAME-25DEC21MILMIN,2025-12-21,MIL,20251219,20251220,134,-0.5586521460865546,2.3781001151524563,2.9367522612390093,5.314852376391466
KXNBAGAME-25DEC21MILMIN,2025-12-21,MIN,20251219,20251220,201,-0.8384131224889904,2.710306775967812,3.548719898456802,6.259026674424614
KXNBAGAME-25DEC21SASWAS,2025-12-21,SAS,20251219,20251220,201,-0.002711132736858024,3.045958660719071,3.0486697934559293,6.094628454175001
KXNBAGAME-25DEC21SASWAS,2025-12-21,WAS,20251219,20251220,53,0.24638916910320907,3.852227041618905,3.6058378725156954,7.458064914134599
KXNBAGAME-25DEC21TORBKN,2025-12-21,TOR,20251219,20251220,104,-0.6144821826128755,2.383609241080782,2.998091423693656,5.381700664774437
KXNBAGAME-25DEC21TORBKN,2025-12-21,BKN,20251219,20251220,82,0.08834617319949792,2.879347666719049,2.7910014935195506,5.670349160238599
KXNBAGAME-25DEC22CHACLE,2025-12-22,CHA,20251220,20251221,69,-0.7479361427498845,2.2023764612078143,2.9503126039576966,5.152689065165513
KXNBAGAME-25DEC22CHACLE,2025-12-22,CLE,20251220,20251221,56,-1.2053911806758162,2.1442732997183565,3.349664480394174,5.49393778011253
KXNBAGAME-25DEC22DALNOP,2025-12-22,DAL,20251220,20251221,102,-0.04828463713274089,2.8469155405892406,2.8952001777219802,5.742115718311221
KXNBAGAME-25DEC22DALNOP,2025-12-22,NOP,20251220,20251221,46,-1.0496535933677684,2.4609842182346515,3.5106378116024186,5.97162202983707
KXNBAGAME-25DEC22DETPOR,2025-12-22,DET,20251220,20251221,96,-0.38383268557935923,2.6194031626872305,3.0032358482665886,5.622639010953821
KXNBAGAME-25DEC22DETPOR,2025-12-22,POR,20251220,20251221,56,-1.706005347629282,2.6004223161803663,4.306427663809646,6.906849979990014
KXNBAGAME-25DEC22INDBOS,2025-12-22,IND,20251220,20251221,89,-1.0438085548460554,2.48987046933519,3.533679024181246,6.0235494935164375
KXNBAGAME-25DEC22INDBOS,2025-12-22,BOS,20251220,20251221,159,-0.49981643187058505,2.6046267067409623,3.104443138611547,5.709069845352509
KXNBAGAME-25DEC22MEMOKC,2025-12-22,MEM,20251220,20251221,54,-0.9513563672466989,3.5790973793510856,4.530453746597783,8.109551125948869
KXNBAGAME-25DEC22MEMOKC,2025-12-22,OKC,20251220,20251221,192,-0.7763617425238891,2.740546125837136,3.5169078683610255,6.257453994198163
KXNBAGAME-25DEC22ORLGSW,2025-12-22,ORL,20251220,20251221,66,-0.23889765352764653,3.836053378733812,4.074951032261459,7.91100441099527
KXNBAGAME-25DEC22ORLGSW,2025-12-22,GSW,20251220,20251221,80,-1.292066571918542,2.7667900709520046,4.058856642870547,6.825646713822552
KXNBAGAME-25DEC22UTADEN,2025-12-22,UTA,20251220,20251221,166,-0.1743590113668751,3.725029068949241,3.899388080316116,7.624417149265359
KXNBAGAME-25DEC22UTADEN,2025-12-22,DEN,20251220,20251221,85,0.06252451610509654,3.38480907091273,3.3222845548076325,6.707093625720363
KXNBAGAME-25DEC23BKNPHI,2025-12-23,BKN,20251221,20251222,66,-1.1322464031701174,1.7901788437527675,2.9224252469228835,4.712604090675649
KXNBAGAME-25DEC23BKNPHI,2025-12-23,PHI,20251221,20251222,0,,,,
KXNBAGAME-25DEC23CHIATL,2025-12-23,CHI,20251221,20251222,86,-0.4954656858854063,2.6194652548920367,3.114930940777443,5.734396195669481
KXNBAGAME-25DEC23CHIATL,2025-12-23,ATL,20251221,20251222,78,-0.4531502089742403,2.3618453177357717,2.814995526710012,5.176840844445783
KXNBAGAME-25DEC23DENDAL,2025-12-23,DEN,20251221,20251222,105,-0.19088596864049165,3.0228877488767694,3.2137737175172605,6.236661466394028
KXNBAGAME-25DEC23DENDAL,2025-12-23,DAL,20251221,20251222,92,-0.1292366267699057,2.7767700907480455,2.9060067175179496,5.682776808265993
KXNBAGAME-25DEC23DETSAC,2025-12-23,DET,20251221,20251222,123,0.34691419058808587,3.08745041457119,2.7405362239831033,5.827986638554295
KXNBAGAME-25DEC23DETSAC,2025-12-23,SAC,20251221,20251222,119,-0.35798246674320666,2.67790987413747,3.035892340880678,5.713802215018147
KXNBAGAME-25DEC23HOULAC,2025-12-23,HOU,20251221,20251222,142,-0.7294297532470405,2.516948832670013,3.2463785859170535,5.763327418587066
KXNBAGAME-25DEC23HOULAC,2025-12-23,LAC,20251221,20251222,142,-0.9766374252492994,2.6090579722050276,3.5856953974543266,6.194753369659355
KXNBAGAME-25DEC23LALPHX,2025-12-23,LAL,20251221,20251222,182,-0.668520488726953,2.6765934627242896,3.345113951451242,6.0217074141755305
KXNBAGAME-25DEC23LALPHX,2025-12-23,PHX,20251221,20251222,73,-0.7502966433170305,2.99237233402103,3.7426689773380604,6.735041311359091
KXNBAGAME-25DEC23MEMUTA,2025-12-23,MEM,20251221,20251222,57,-0.826433615125953,3.554497863095886,4.380931478221838,7.935429341317723
KXNBAGAME-25DEC23MEMUTA,2025-12-23,UTA,20251221,20251222,98,-0.3709082417514039,3.2845550336424854,3.6554632753938887,6.940018309036372
KXNBAGAME-25DEC23MILIND,2025-12-23,MIL,20251221,20251222,103,-0.9646282322645836,2.0175330834686704,2.9821613157332543,4.999694399201925
KXNBAGAME-25DEC23MILIND,2025-12-23,IND,20251221,20251222,96,-0.5083146554138113,2.7910512196890904,3.299365875102901,6.090417094791992
KXNBAGAME-25DEC23NOPCLE,2025-12-23,NOP,20251221,20251222,60,-0.31014704517254954,2.661278435002238,2.971425480174786,5.632703915177023
KXNBAGAME-25DEC23NOPCLE,2025-12-23,CLE,20251221,20251222,101,-1.3156425426666476,2.0959578397192495,3.4116003823858976,5.507558222105146
KXNBAGAME-25DEC23NYKMIN,2025-12-23,NYK,20251221,20251222,97,0.02615880587992182,2.7244758365974513,2.698317030717529,5.422792867314981
KXNBAGAME-25DEC23NYKMIN,2025-12-23,MIN,20251221,20251222,104,-0.8204192548046192,2.296061863347341,3.116481118151961,5.4125429814993025
KXNBAGAME-25DEC23OKCSAS,2025-12-23,OKC,20251221,20251222,91,-0.667976003780679,2.7879663162044164,3.4559423199850965,6.243908636189514
KXNBAGAME-25DEC23OKCSAS,2025-12-23,SAS,20251221,20251222,163,0.5583089041514011,3.0818589525912,2.5235500484398,5.605409001031
KXNBAGAME-25DEC23ORLPOR,2025-12-23,ORL,20251221,20251222,70,0.0568489206375567,4.065856512882176,4.009007592244618,8.074864105126792
KXNBAGAME-25DEC23ORLPOR,2025-12-23,POR,20251221,20251222,75,-0.5737677353646189,3.0267962158824453,3.600563951247064,6.62736016712951
KXNBAGAME-25DEC23TORMIA,2025-12-23,TOR,20251221,20251222,103,-0.713814416246136,2.112578676597654,2.826393092843789,4.938971769441442
KXNBAGAME-25DEC23TORMIA,2025-12-23,MIA,20251221,20251222,120,-0.6859803446493439,2.2028277921173163,2.8888081367666594,5.091635928883975
KXNBAGAME-25DEC23WASCHA,2025-12-23,WAS,20251221,20251222,110,0.9553641323914843,3.7910741831615065,2.835710050770022,6.626784233931529
KXNBAGAME-25DEC23WASCHA,2025-12-23,CHA,20251221,20251222,89,-1.0506346876088262,2.465370604712457,3.5160052923212812,5.981375897033737
KXNBAGAME-25DEC25CLENYK,2025-12-25,CLE,20251223,20251224,175,-1.101679998066949,2.8170111456047344,3.9186911436716843,6.735702289276421
KXNBAGAME-25DEC25CLENYK,2025-12-25,NYK,20251223,20251224,259,-0.6625206081472074,2.3638507588732978,3.026371367020504,5.390222125893803
KXNBAGAME-25DEC25DALGSW,2025-12-25,DAL,20251223,20251224,248,-0.05765463925377311,2.8635774467603756,2.9212320860141485,5.784809532774526
KXNBAGAME-25DEC25DALGSW,2025-12-25,GSW,20251223,20251224,135,0.5810070649698599,3.5667497292548163,2.985742664284956,6.552492393539774
KXNBAGAME-25DEC25HOULAL,2025-12-25,HOU,20251223,20251224,183,-0.1910780058598086,2.5334892500591915,2.7245672559190015,5.2580565059781925
KXNBAGAME-25DEC25HOULAL,2025-12-25,LAL,20251223,20251224,272,-0.7675353703976204,2.5428713069091735,3.310406677306794,5.853277984215968
KXNBAGAME-25DEC25MINDEN,2025-12-25,MIN,20251223,20251224,152,-0.4024952692503684,2.4393358593366874,2.841831128587056,5.281166987923745
KXNBAGAME-25DEC25MINDEN,2025-12-25,DEN,20251223,20251224,249,-0.7502829008780089,2.4496203431006998,3.1999032439787087,5.6495235870794085
KXNBAGAME-25DEC25SASOKC,2025-12-25,SAS,20251223,20251224,265,-0.024637055303266233,2.71342991999156,2.738066975294826,5.451496895286387
KXNBAGAME-25DEC25SASOKC,2025-12-25,OKC,20251223,20251224,252,0.31020402889893617,3.050429838800424,2.740225809901487,5.790655648701912
KXNBAGAME-25DEC26BOSIND,2025-12-26,BOS,20251224,20251225,72,-1.9141986518314438,2.530393348696522,4.444592000527965,6.974985349224487
KXNBAGAME-25DEC26BOSIND,2025-12-26,IND,20251224,20251225,123,-0.7383177471388491,2.3138535813189165,3.0521713284577623,5.36602490977668
KXNBAGAME-25DEC26CHAORL,2025-12-26,CHA,20251224,20251225,105,-2.2805740491535165,2.4365487955811593,4.717122844734674,7.153671640315832
KXNBAGAME-25DEC26CHAORL,2025-12-26,ORL,20251224,20251225,75,-0.6966611649842063,3.2427008428486177,3.9393620078328224,7.182062850681438
KXNBAGAME-25DEC26DETUTA,2025-12-26,DET,20251224,20251225,79,0.33001738964183663,2.720283563890528,2.3902661742486924,5.1105497381392215
KXNBAGAME-25DEC26DETUTA,2025-12-26,UTA,20251224,20251225,44,0.2863302998219218,3.280264511626233,2.9939342118043104,6.274198723430542
KXNBAGAME-25DEC26LACPOR,2025-12-26,LAC,20251224,20251225,114,-0.39454975895187416,2.9821258513020967,3.3766756102539723,6.3588014615560695
KXNBAGAME-25DEC26LACPOR,2025-12-26,POR,20251224,20251225,65,-1.4903709678724721,3.291211403104571,4.781582370977042,8.07279377408161
KXNBAGAME-25DEC26MIAATL,2025-12-26,MIA,20251224,20251225,98,-2.359072745843169,2.399184823788378,4.758257569631546,7.157442393419925
KXNBAGAME-25DEC26MIAATL,2025-12-26,ATL,20251224,20251225,41,0.7933286950928443,3.632313849674975,2.838985154582131,6.471299004257107
KXNBAGAME-25DEC26MILMEM,2025-12-26,MIL,20251224,20251225,57,-1.3191317422308044,2.296777654976684,3.6159093972074894,5.912687052184174
KXNBAGAME-25DEC26MILMEM,2025-12-26,MEM,20251224,20251225,55,-0.7883278673855916,2.775450617540281,3.563778484925871,6.339229102466151
KXNBAGAME-25DEC26PHICHI,2025-12-26,PHI,20251224,20251225,0,,,,
KXNBAGAME-25DEC26PHICHI,2025-12-26,CHI,20251224,20251225,84,-0.8535015498405889,2.355850925297153,3.2093524751377434,5.565203400434897
KXNBAGAME-25DEC26PHXNOP,2025-12-26,PHX,20251224,20251225,106,-0.9984175662666057,2.572592199295857,3.5710097655624637,6.1436019648583216
KXNBAGAME-25DEC26PHXNOP,2025-12-26,NOP,20251224,20251225,95,-1.888455349935027,2.121384863192868,4.009840213127896,6.131225076320764
KXNBAGAME-25DEC26TORWAS,2025-12-26,TOR,20251224,20251225,53,-1.4106042222040236,2.3047284118941924,3.7153326340982162,6.020061045992412
KXNBAGAME-25DEC26TORWAS,2025-12-26,WAS,20251224,20251225,60,-0.3288889590723467,2.927945585026941,3.256834544099287,6.184780129126228
KXNBAGAME-25DEC27BKNMIN,2025-12-27,BKN,20251225,20251226,64,-1.781357475590016,1.9360885678343562,3.7174460434243723,5.653534611258731
KXNBAGAME-25DEC27BKNMIN,2025-12-27,MIN,20251225,20251226,185,-0.24878238026564575,2.8540723850871563,3.1028547653528022,5.95692715043996
KXNBAGAME-25DEC27CLEHOU,2025-12-27,CLE,20251225,20251226,164,-0.7753388068729694,2.867066772429874,3.642405579302843,6.509472351732717
KXNBAGAME-25DEC27CLEHOU,2025-12-27,HOU,20251225,20251226,214,-0.6633400890678037,2.7120968973418154,3.3754369864096194,6.087533883751437
KXNBAGAME-25DEC27DALSAC,2025-12-27,DAL,20251225,20251226,156,-0.10310794930905384,3.1204928377832184,3.2236007870922725,6.344093624875491
KXNBAGAME-25DEC27DALSAC,2025-12-27,SAC,20251225,20251226,39,-0.5851065078623593,2.6632067687194505,3.2483132765818112,5.911520045301261
KXNBAGAME-25DEC27DENORL,2025-12-27,DEN,20251225,20251226,188,-0.5825829444476077,2.692699588910566,3.2752825333581743,5.967982122268741
KXNBAGAME-25DEC27DENORL,2025-12-27,ORL,20251225,20251226,55,-0.37536326120725017,3.0019632405821066,3.377326501789355,6.379289742371461
KXNBAGAME-25DEC27INDMIA,2025-12-27,IND,20251225,20251226,56,0.32554445271819615,3.1867326794444835,2.861188226726286,6.047920906170772
KXNBAGAME-25DEC27INDMIA,2025-12-27,MIA,20251225,20251226,46,-0.5830665584722752,2.86035955054128,3.443426109013555,6.303785659554835
KXNBAGAME-25DEC27MILCHI,2025-12-27,MIL,20251225,20251226,75,-0.521943722400479,2.7723858807964703,3.2943296031969496,6.066715483993422
KXNBAGAME-25DEC27MILCHI,2025-12-27,CHI,20251225,20251226,63,-0.1859055534106414,2.651434173820591,2.8373397272312335,5.488773901051822
KXNBAGAME-25DEC27NYKATL,2025-12-27,NYK,20251225,20251226,274,-0.1272129595514245,3.008702197929691,3.135915157481116,6.144617355410807
KXNBAGAME-25DEC27NYKATL,2025-12-27,ATL,20251225,20251226,26,0.3214664078803995,3.2993646893620525,2.977898281481653,6.277262970843703
KXNBAGAME-25DEC27PHXNOP,2025-12-27,PHX,20251225,20251226,115,-1.048301573945582,2.432724615568853,3.4810261895144357,5.913750805083291
KXNBAGAME-25DEC27PHXNOP,2025-12-27,NOP,20251225,20251226,26,-0.6913603292274353,2.0504652965740537,2.7418256258014893,4.7922909223755426
KXNBAGAME-25DEC27UTASAS,2025-12-27,UTA,20251225,20251226,65,0.8187602631172866,3.566872386743718,2.7481121236264308,6.314984510370148
KXNBAGAME-25DEC27UTASAS,2025-12-27,SAS,20251225,20251226,171,0.09708242488970478,2.8866745785948655,2.7895921537051596,5.676266732300025
KXNBAGAME-25DEC28BOSPOR,2025-12-28,BOS,20251226,20251227,141,0.7357241919939365,3.402711352156083,2.666987160162148,6.069698512318231
KXNBAGAME-25DEC28BOSPOR,2025-12-28,POR,20251226,20251227,91,-0.8292428456437628,2.631636900555108,3.4608797461988705,6.092516646753981
KXNBAGAME-25DEC28DETLAC,2025-12-28,DET,20251226,20251227,192,-0.42757833562043396,2.7928718340345107,3.220450169654944,6.013322003689455
KXNBAGAME-25DEC28DETLAC,2025-12-28,LAC,20251226,20251227,115,-0.8598017219186671,2.295353797990128,3.1551555199087957,5.4505093178989235
KXNBAGAME-25DEC28GSWTOR,2025-12-28,GSW,20251226,20251227,203,-0.6106426863395812,3.057135304897591,3.6677779912371737,6.724913296134762
KXNBAGAME-25DEC28GSWTOR,2025-12-28,TOR,20251226,20251227,72,0.2895185834189882,3.4902083082995508,3.2006897248805624,6.690898033180114
KXNBAGAME-25DEC28MEMWAS,2025-12-28,MEM,20251226,20251227,98,-0.26929693098381535,3.5676896078407907,3.8369865388246063,7.404676146665398
KXNBAGAME-25DEC28MEMWAS,2025-12-28,WAS,20251226,20251227,52,-0.07893423816906459,3.4748029669494254,3.553737205118491,7.028540172067915
KXNBAGAME-25DEC28PHIOKC,2025-12-28,PHI,20251226,20251227,0,,,,
KXNBAGAME-25DEC28PHIOKC,2025-12-28,OKC,20251226,20251227,128,-0.4145001558634489,2.6215676997081205,3.0360678555715683,5.657635555279689
KXNBAGAME-25DEC28SACLAL,2025-12-28,SAC,20251226,20251227,32,-0.6938301428443879,2.7278276461708915,3.421657789015281,6.14948543518617
KXNBAGAME-25DEC28SACLAL,2025-12-28,LAL,20251226,20251227,198,-1.1985127251965364,2.6293415830011866,3.827854308197722,6.457195891198909
KXNBAGAME-25DEC29ATLOKC,2025-12-29,ATL,20251227,20251228,110,-0.9557863153130808,2.5819919771610307,3.53777829247411,6.119770269635142
KXNBAGAME-25DEC29ATLOKC,2025-12-29,OKC,20251227,20251228,77,-0.7782650378637855,2.443586858817235,3.2218518966810192,5.665438755498255
KXNBAGAME-25DEC29CLESAS,2025-12-29,CLE,20251227,20251228,128,-0.6514394721137192,2.5302230164539745,3.181662488567694,5.711885505021671
KXNBAGAME-25DEC29CLESAS,2025-12-29,SAS,20251227,20251228,91,-0.17001298090917621,2.435561238499086,2.605574219408262,5.041135457907348
KXNBAGAME-25DEC29DALPOR,2025-12-29,DAL,20251227,20251228,130,-0.21592349194827684,2.7083311381764776,2.924254630124753,5.6325857683012295
KXNBAGAME-25DEC29DALPOR,2025-12-29,POR,20251227,20251228,97,-0.46618899991026064,2.7612952891976237,3.2274842891078857,5.988779578305508
KXNBAGAME-25DEC29DENMIA,2025-12-29,DEN,20251227,20251228,111,0.2110274658255025,3.060952383602631,2.849924917777127,5.910877301379756
KXNBAGAME-25DEC29DENMIA,2025-12-29,MIA,20251227,20251228,107,-1.6662023930597774,1.7649126481249122,3.4311150411846887,5.196027689309602
KXNBAGAME-25DEC29GSWBKN,2025-12-29,GSW,20251227,20251228,73,-0.48141526110488797,3.017603336388378,3.4990185974932664,6.5166219338816465
KXNBAGAME-25DEC29GSWBKN,2025-12-29,BKN,20251227,20251228,62,-0.6277800694140192,2.5525860059038097,3.1803660753178296,5.732952081221638
KXNBAGAME-25DEC29INDHOU,2025-12-29,IND,20251227,20251228,148,-0.5736406115498455,2.5068528654235505,3.080493476973396,5.587346342396946
KXNBAGAME-25DEC29INDHOU,2025-12-29,HOU,20251227,20251228,179,-0.693595927506176,2.5283064669580653,3.2219023944642418,5.750208861422307
KXNBAGAME-25DEC29MILCHA,2025-12-29,MIL,20251227,20251228,160,-0.9244159534596159,2.7014461382157635,3.62586209167538,6.327308229891144
KXNBAGAME-25DEC29MILCHA,2025-12-29,CHA,20251227,20251228,83,-0.8974945057660029,2.292736273013199,3.1902307787792026,5.4829670517924045
KXNBAGAME-25DEC29MINCHI,2025-12-29,MIN,20251227,20251228,120,-1.0272886574952265,2.213272940061037,3.2405615975562645,5.453834537617301
KXNBAGAME-25DEC29MINCHI,2025-12-29,CHI,20251227,20251228,135,-0.6923618256598685,2.7855545854818975,3.4779164111417655,6.263470996623663
KXNBAGAME-25DEC29NYKNOP,2025-12-29,NYK,20251227,20251228,142,0.22069466655666495,3.1979082948670654,2.977213628310402,6.175121923177468
KXNBAGAME-25DEC29NYKNOP,2025-12-29,NOP,20251227,20251228,97,-1.3794157553335233,1.897229031208831,3.276644786542354,5.1738738177511845
KXNBAGAME-25DEC29ORLTOR,2025-12-29,ORL,20251227,20251228,149,0.26349134565042753,3.3887223482540976,3.1252310026036705,6.513953350857766
KXNBAGAME-25DEC29ORLTOR,2025-12-29,TOR,20251227,20251228,65,0.1536748991365644,3.3494140564398087,3.1957391573032443,6.545153213743053
KXNBAGAME-25DEC29PHXWAS,2025-12-29,PHX,20251227,20251228,150,-0.8810501174892453,2.0720306175764622,2.953080735065706,5.025111352642169
KXNBAGAME-25DEC29PHXWAS,2025-12-29,WAS,20251227,20251228,62,0.28043811307100974,3.511972749609329,3.23153463653832,6.743507386147649
KXNBAGAME-25DEC30BOSUTA,2025-12-30,BOS,20251228,20251229,123,-0.5751023481330677,2.9327373951833726,3.507839743316442,6.4405771384998145
KXNBAGAME-25DEC30BOSUTA,2025-12-30,UTA,20251228,20251229,86,-1.1722165210937814,2.5239254028824707,3.6961419239762545,6.220067326858724
KXNBAGAME-25DEC30DETLAL,2025-12-30,DET,20251228,20251229,167,-0.6445792696290602,2.695572321024123,3.3401515906531847,6.035723911677309
KXNBAGAME-25DEC30DETLAL,2025-12-30,LAL,20251228,20251229,203,-1.0344102274348783,2.588234724997511,3.622644952432389,6.2108796774299
KXNBAGAME-25DEC30PHIMEM,2025-12-30,PHI,20251228,20251229,0,,,,
KXNBAGAME-25DEC30PHIMEM,2025-12-30,MEM,20251228,20251229,42,-0.17107977459510565,3.1846131375307554,3.3556929121258627,6.540306049656616
KXNBAGAME-25DEC30SACLAC,2025-12-30,SAC,20251228,20251229,180,-1.143026776735138,2.5384837991142355,3.681510575849374,6.219994374963609
KXNBAGAME-25DEC30SACLAC,2025-12-30,LAC,20251228,20251229,155,-0.4715078192712105,2.790581049188483,3.2620888684596947,6.052669917648178
KXNBAGAME-25DEC31DENTOR,2025-12-31,DEN,20251229,20251230,160,0.14366426476317462,3.1072229530514317,2.9635586882882583,6.070781641339691
KXNBAGAME-25DEC31DENTOR,2025-12-31,TOR,20251229,20251230,163,0.022035591903266455,3.377697660180119,3.355662068276853,6.733359728456973
KXNBAGAME-25DEC31GSWCHA,2025-12-31,GSW,20251229,20251230,254,0.07663375592725656,3.442805085070525,3.3661713291432696,6.808976414213794
KXNBAGAME-25DEC31GSWCHA,2025-12-31,CHA,20251229,20251230,120,-0.09955013120764583,3.2095519125950878,3.309102043802732,6.518653956397818
KXNBAGAME-25DEC31MINATL,2025-12-31,MIN,20251229,20251230,109,-1.1297502116238802,2.2801005037018887,3.409850715325768,5.689951219027656
KXNBAGAME-25DEC31MINATL,2025-12-31,ATL,20251229,20251230,169,-1.172439605879608,2.472355075432517,3.644794681312126,6.117149756744643
KXNBAGAME-25DEC31NOPCHI,2025-12-31,NOP,20251229,20251230,93,-1.848115700178372,2.4120434579012544,4.260159158079627,6.672202615980883
KXNBAGAME-25DEC31NOPCHI,2025-12-31,CHI,20251229,20251230,136,-2.351852843283062,2.1173576129189167,4.469210456201976,6.586568069120893
KXNBAGAME-25DEC31NYKSAS,2025-12-31,NYK,20251229,20251230,261,-0.4269011101869725,2.894788345504666,3.321689455691639,6.216477801196305
KXNBAGAME-25DEC31NYKSAS,2025-12-31,SAS,20251229,20251230,131,-0.5892263055424626,2.829161972897439,3.418388278439904,6.247550251337342
KXNBAGAME-25DEC31ORLIND,2025-12-31,ORL,20251229,20251230,129,-0.29287353536889665,3.3757723053021707,3.6686458406710676,7.044418145973239
KXNBAGAME-25DEC31ORLIND,2025-12-31,IND,20251229,20251230,101,-0.009808523486259518,3.3010875383930687,3.310896061879328,6.611983600272396
KXNBAGAME-25DEC31PHXCLE,2025-12-31,PHX,20251229,20251230,190,-0.9406680588600207,2.89407887309934,3.8347469319593617,6.728825805058703
KXNBAGAME-25DEC31PHXCLE,2025-12-31,CLE,20251229,20251230,171,-0.32960236823138267,3.0164556632733586,3.3460580315047426,6.362513694778103
KXNBAGAME-25DEC31POROKC,2025-12-31,POR,20251229,20251230,160,-1.129680121011662,2.7691267595883815,3.898806880600043,6.667933640188426
KXNBAGAME-25DEC31POROKC,2025-12-31,OKC,20251229,20251230,202,-0.8208199252650898,2.5849994725548004,3.405819397819891,5.990818870374692
KXNBAGAME-25DEC31WASMIL,2025-12-31,WAS,20251229,20251230,177,0.060327703539436534,3.726424037603508,3.666096334064071,7.392520371667578
KXNBAGAME-25DEC31WASMIL,2025-12-31,MIL,20251229,20251230,147,0.2543803942768853,3.1385303166894016,2.8841499224125164,6.02268023910192
KXNBAGAME-25JUN05INDOKC,2025-06-05,IND,20250603,20250604,443,0.46538434568985354,2.6772817425574953,2.2118973968676414,4.889179139425137
KXNBAGAME-25JUN05INDOKC,2025-06-05,OKC,20250603,20250604,270,0.8183153387860771,2.7554876483291046,1.937172309543027,4.692659957872132
KXNBAGAME-25JUN08INDOKC,2025-06-08,IND,20250606,20250607,564,0.2065786947432421,2.7371051394954566,2.5305264447522147,5.267631584247672
KXNBAGAME-25JUN08INDOKC,2025-06-08,OKC,20250606,20250607,534,0.05710529728259606,2.4112929921231347,2.3541876948405385,4.765480686963674
KXNBAGAME-25JUN11OKCIND,2025-06-11,OKC,20250609,20250610,445,1.6996247955137915,3.772921836227219,2.0732970407134284,5.8462188769406485
KXNBAGAME-25JUN11OKCIND,2025-06-11,IND,20250609,20250610,541,1.381590343856021,3.5258071865624725,2.1442168427064514,5.670024029268924
KXNBAGAME-25JUN13OKCIND,2025-06-13,OKC,20250611,20250612,468,0.3373613442902834,2.5453327651092037,2.20797142081892,4.753304185928124
KXNBAGAME-25JUN13OKCIND,2025-06-13,IND,20250611,20250612,399,0.10438958104449599,2.5468531335985993,2.4424635525541025,4.989316686152701
KXNBAGAME-25JUN16INDOKC,2025-06-16,IND,20250614,20250615,212,-0.21694940489414527,1.994627504860594,2.2115769097547395,4.206204414615332
KXNBAGAME-25JUN16INDOKC,2025-06-16,OKC,20250614,20250615,206,-0.2508152431077371,2.071024029294111,2.321839272401848,4.392863301695958
KXNBAGAME-25JUN19OKCIND,2025-06-19,OKC,20250617,20250618,0,,,,
KXNBAGAME-25JUN19OKCIND,2025-06-19,IND,20250617,20250618,0,,,,
KXNBAGAME-25MAY01DENLAC,2025-05-01,DEN,20250429,20250430,178,0.5022902138886948,2.8829178179914567,2.3806276041027616,5.2635454220942215
KXNBAGAME-25MAY01DENLAC,2025-05-01,LAC,20250429,20250430,741,0.36752252635907157,3.6209671328543727,3.2534446064953007,6.874411739349673
KXNBAGAME-25MAY01NYKDET,2025-05-01,NYK,20250429,20250430,387,-0.6131318799199154,2.253888816737745,2.8670206966576606,5.120909513395407
KXNBAGAME-25MAY01NYKDET,2025-05-01,DET,20250429,20250430,188,-0.09794980939268108,2.7018478800321177,2.7997976894248007,5.501645569456919
KXNBAGAME-25MAY02HOUGSW,2025-05-02,HOU,20250430,20250501,207,0.002508327866445448,2.95436471162557,2.951856383759125,5.906221095384694
KXNBAGAME-25MAY02HOUGSW,2025-05-02,GSW,20250430,20250501,180,0.00027332603592519766,2.968471709751986,2.9681983837160613,5.936670093468047
KXNBAGAME-25MAY04INDCLE,2025-05-04,IND,20250502,20250503,150,-0.6676901591575218,2.0829481230503726,2.7506382822078943,4.833586405258269
KXNBAGAME-25MAY04INDCLE,2025-05-04,CLE,20250502,20250503,42,-0.20498946043241223,2.818106135448427,3.023095595880838,5.8412017313292655
KXNBAGAME-25MAY05DENOKC,2025-05-05,DEN,20250503,20250504,177,-0.011410165190246069,2.498934316610877,2.5103444818011234,5.009278798412
KXNBAGAME-25MAY05DENOKC,2025-05-05,OKC,20250503,20250504,116,0.03111166952253673,2.6493092574083112,2.6181975878857737,5.2675068452940845
KXNBAGAME-25MAY05NYKBOS,2025-05-05,NYK,20250503,20250504,93,0.014447730890056687,2.887354801176647,2.8729070702865895,5.760261871463239
KXNBAGAME-25MAY05NYKBOS,2025-05-05,BOS,20250503,20250504,117,2.0821679902511634,4.2221383718275565,2.139970381576397,6.3621087534039535
KXNBAGAME-25MAY06GSWMIN,2025-05-06,GSW,20250504,20250505,335,0.41234518507687756,2.9977520739385124,2.585406888861635,5.583158962800146
KXNBAGAME-25MAY06GSWMIN,2025-05-06,MIN,20250504,20250505,719,0.4673789894895677,2.377685017383617,1.9103060278940487,4.287991045277665
KXNBAGAME-25MAY06INDCLE,2025-05-06,IND,20250504,20250505,150,-0.8730332994112556,2.6548820836401728,3.527915383051429,6.182797466691603
KXNBAGAME-25MAY06INDCLE,2025-05-06,CLE,20250504,20250505,165,-0.6421148858777281,2.7405958321414534,3.382710718019183,6.123306550160638
KXNBAGAME-25MAY07DENOKC,2025-05-07,DEN,20250505,20250506,280,0.1913002808261084,2.7803281944488507,2.5890279136227417,5.369356108071592
KXNBAGAME-25MAY07DENOKC,2025-05-07,OKC,20250505,20250506,291,0.23860930702746314,2.7421260993747905,2.5035167923473267,5.245642891722118
KXNBAGAME-25MAY07NYKBOS,2025-05-07,NYK,20250505,20250506,559,0.722447770281697,3.3812981053731517,2.658850335091455,6.0401484404646055
KXNBAGAME-25MAY07NYKBOS,2025-05-07,BOS,20250505,20250506,433,0.49349594470384506,3.2255887893085085,2.7320928446046633,5.95768163391317
KXNBAGAME-25MAY08GSWMIN,2025-05-08,GSW,20250506,20250507,448,-0.633900392147863,2.930264937007955,3.56416532915582,6.494430266163774
KXNBAGAME-25MAY08GSWMIN,2025-05-08,MIN,20250506,20250507,387,-0.9932390691202718,2.528628246702884,3.5218673158231586,6.050495562526043
KXNBAGAME-25MAY09CLEIND,2025-05-09,CLE,20250507,20250508,262,-1.1146027150123468,2.564629594134983,3.6792323091473307,6.243861903282312
KXNBAGAME-25MAY09CLEIND,2025-05-09,IND,20250507,20250508,233,-2.1904875473401644,2.2713639902992124,4.461851537639378,6.733215527938592
KXNBAGAME-25MAY09OKCDEN,2025-05-09,OKC,20250507,20250508,253,0.06832377053753444,2.5920696082216277,2.523745837684093,5.115815445905721
KXNBAGAME-25MAY09OKCDEN,2025-05-09,DEN,20250507,20250508,234,0.23874059464627223,2.767061748839271,2.528321154192999,5.29538290303227
KXNBAGAME-25MAY10BOSNYK,2025-05-10,BOS,20250508,20250509,543,1.4801543185642192,4.046985077369655,2.5668307588054384,6.613815836175101
KXNBAGAME-25MAY10BOSNYK,2025-05-10,NYK,20250508,20250509,564,1.6387143298096496,4.126713510196276,2.4879991803866295,6.614712690582913
KXNBAGAME-25MAY10MINGSW,2025-05-10,MIN,20250508,20250509,277,-1.2040417235819056,2.6348591772614274,3.838900900843334,6.473760078104762
KXNBAGAME-25MAY10MINGSW,2025-05-10,GSW,20250508,20250509,361,-0.8175252844245654,2.7824198258379074,3.5999451102624738,6.382364936100382
KXNBAGAME-25MAY11CLEIND,2025-05-11,CLE,20250509,20250510,152,-1.3135388036217066,2.929920389732478,4.243459193354186,7.173379583086661
KXNBAGAME-25MAY11CLEIND,2025-05-11,IND,20250509,20250510,151,-1.0897046806216066,2.740327728960067,3.830032409581675,6.5703601385417425
KXNBAGAME-25MAY11OKCDEN,2025-05-11,OKC,20250509,20250510,136,-0.3678038803558463,2.606045492972541,2.9738493733283864,5.579894866300927
KXNBAGAME-25MAY11OKCDEN,2025-05-11,DEN,20250509,20250510,176,-0.5426099269351643,2.6554394972240463,3.19804942415921,5.853488921383255
KXNBAGAME-25MAY12BOSNYK,2025-05-12,BOS,20250510,20250511,155,-0.4726590179153517,2.4784223043573714,2.951081322272723,5.429503626630095
KXNBAGAME-25MAY12BOSNYK,2025-05-12,NYK,20250510,20250511,175,0.0430954328387588,2.6997098776194743,2.6566144447807156,5.356324322400191
KXNBAGAME-25MAY12MINGSW,2025-05-12,MIN,20250510,20250511,177,-0.6514925326142226,2.9898119101198457,3.641304442734069,6.631116352853915
KXNBAGAME-25MAY12MINGSW,2025-05-12,GSW,20250510,20250511,167,-0.3509913438452627,3.162686098733606,3.5136774425788686,6.676363541312476
KXNBAGAME-25MAY13DENOKC,2025-05-13,DEN,20250511,20250512,167,-0.4417246330397895,2.661452074079975,3.103176707119764,5.764628781199738
KXNBAGAME-25MAY13DENOKC,2025-05-13,OKC,20250511,20250512,178,-0.3963861859222844,2.5464420806503334,2.942828266572617,5.489270347222948
KXNBAGAME-25MAY13INDCLE,2025-05-13,IND,20250511,20250512,182,-1.7108470083273963,2.279359305040312,3.990206313367709,6.26956561840802
KXNBAGAME-25MAY13INDCLE,2025-05-13,CLE,20250511,20250512,177,-1.800449314067949,2.3640313781554467,4.164480692223396,6.528512070378842
KXNBAGAME-25MAY14GSWMIN,2025-05-14,GSW,20250512,20250513,199,-0.17752156895515117,2.8314593685675806,3.0089809375227325,5.840440306090314
KXNBAGAME-25MAY14GSWMIN,2025-05-14,MIN,20250512,20250513,165,-0.06401979568840865,2.760518899296209,2.824538694984618,5.585057594280828
KXNBAGAME-25MAY14NYKBOS,2025-05-14,NYK,20250512,20250513,456,-1.322272849546429,2.4592703764791826,3.7815432260256125,6.240813602504799
KXNBAGAME-25MAY14NYKBOS,2025-05-14,BOS,20250512,20250513,435,-0.9411608384694533,2.6783208996015313,3.619481738070985,6.29780263767252
KXNBAGAME-25MAY15OKCDEN,2025-05-15,OKC,20250513,20250514,232,-0.419034982987754,2.352211348899425,2.7712463318871787,5.123457680786604
KXNBAGAME-25MAY15OKCDEN,2025-05-15,DEN,20250513,20250514,225,-0.22504724852532074,2.3124191649001165,2.537466413425437,4.849885578325554
KXNBAGAME-25MAY16BOSNYK,2025-05-16,BOS,20250514,20250515,534,-0.826272618138241,2.7809310789468276,3.607203697085069,6.388134776031899
KXNBAGAME-25MAY16BOSNYK,2025-05-16,NYK,20250514,20250515,422,-0.8959237595355667,2.815414255711284,3.7113380152468505,6.526752270958138
KXNBAGAME-25MAY20MINOKC,2025-05-20,MIN,20250518,20250519,271,0.08435773722210879,2.6142546966916846,2.5298969594695757,5.1441516561612595
KXNBAGAME-25MAY20MINOKC,2025-05-20,OKC,20250518,20250519,496,-0.8021843613489807,2.139745862267162,2.9419302236161435,5.081676085883309
KXNBAGAME-25MAY21INDNYK,2025-05-21,IND,20250519,20250520,303,0.720176308071018,2.896924041813019,2.1767477337420003,5.073671775555017
KXNBAGAME-25MAY21INDNYK,2025-05-21,NYK,20250519,20250520,374,0.7734379713116651,2.9093096679725727,2.1358716966609066,5.045181364633477
KXNBAGAME-25MAY22MINOKC,2025-05-22,MIN,20250520,20250521,494,0.5449249935945034,2.94477078175147,2.3998457881569664,5.344616569908435
KXNBAGAME-25MAY22MINOKC,2025-05-22,OKC,20250520,20250521,648,0.34844597162025537,3.0640420532797235,2.7155960816594673,5.779638134939192
KXNBAGAME-25MAY23INDNYK,2025-05-23,IND,20250521,20250522,434,0.3747890300717732,3.1330034047223814,2.758214374650608,5.8912177793729885
KXNBAGAME-25MAY23INDNYK,2025-05-23,NYK,20250521,20250522,404,0.1945135074019989,3.213302096615708,3.018788589213709,6.232090685829417
KXNBAGAME-25MAY24OKCMIN,2025-05-24,OKC,20250522,20250523,773,1.1390486161616384,3.2137506084625063,2.0747019923008683,5.2884526007633745
KXNBAGAME-25MAY24OKCMIN,2025-05-24,MIN,20250522,20250523,450,0.8204326639514643,3.33178019231478,2.5113475283633155,5.843127720678097
KXNBAGAME-25MAY25NYKIND,2025-05-25,NYK,20250523,20250524,274,-0.01881487228294865,2.813872642178313,2.832687514461262,5.646560156639575
KXNBAGAME-25MAY25NYKIND,2025-05-25,IND,20250523,20250524,229,0.009843358340405978,2.665275254910414,2.655431896570008,5.320707151480422
KXNBAGAME-25MAY26OKCMIN,2025-05-26,OKC,20250524,20250525,164,0.42951488890878003,2.63806528841255,2.2085503995037703,4.84661568791632
KXNBAGAME-25MAY26OKCMIN,2025-05-26,MIN,20250524,20250525,224,0.3149626850571734,2.6367620404583256,2.321799355401153,4.95856139585948
KXNBAGAME-25MAY27NYKIND,2025-05-27,NYK,20250525,20250526,331,-0.26721698545615397,2.750308879773546,3.0175258652296995,5.767834745003247
KXNBAGAME-25MAY27NYKIND,2025-05-27,IND,20250525,20250526,252,-0.1509435085560955,2.578121003518474,2.7290645120745696,5.307185515593044
KXNBAGAME-25MAY28MINOKC,2025-05-28,MIN,20250526,20250527,235,-0.34854803012326996,2.605750722606931,2.954298752730201,5.560049475337132
KXNBAGAME-25MAY28MINOKC,2025-05-28,OKC,20250526,20250527,218,-0.25952682183408865,2.4239722146455582,2.683499036479647,5.107471251125206
KXNBAGAME-25MAY29INDNYK,2025-05-29,IND,20250527,20250528,339,-0.09174409058755142,2.895210053451621,2.9869541440391707,5.882164197490792
KXNBAGAME-25MAY29INDNYK,2025-05-29,NYK,20250527,20250528,454,-2.6979484335059434,2.1285316773334553,4.826480110839402,6.955011788172857
KXNBAGAME-25MAY31NYKIND,2025-05-31,NYK,20250529,20250530,532,0.18007050611369585,2.8243372095528265,2.644266703439131,5.4686039129919575
KXNBAGAME-25MAY31NYKIND,2025-05-31,IND,20250529,20250530,541,0.22933040803369686,2.8375802064553657,2.6082497984216686,5.445830004877035
KXNBAGAME-25NOV01DALDET,2025-11-01,DAL,20251030,20251031,179,-0.503428255064589,2.7845351561434435,3.2879634112080334,6.072498567351476
KXNBAGAME-25NOV01DALDET,2025-11-01,DET,20251030,20251031,119,0.2746596895417467,3.267453697515255,2.9927940079735085,6.260247705488763
KXNBAGAME-25NOV01GSWIND,2025-11-01,GSW,20251030,20251031,231,0.23508996664551862,3.413446458525975,3.1783564918804554,6.59180295040643
KXNBAGAME-25NOV01GSWIND,2025-11-01,IND,20251030,20251031,157,-1.3018309069217175,2.3135137982878913,3.6153447052096097,5.928858503497501
KXNBAGAME-25NOV01HOUBOS,2025-11-01,HOU,20251030,20251031,126,-0.029223135791869595,2.990914467357194,3.020137603149063,6.011052070506257
KXNBAGAME-25NOV01HOUBOS,2025-11-01,BOS,20251030,20251031,229,-0.14700970268724894,2.859068687240998,3.0060783899282466,5.8651470771692455
KXNBAGAME-25NOV01MINCHA,2025-11-01,MIN,20251030,20251031,186,-0.491410449960373,2.751661801499253,3.2430722514596253,5.9947340529588775
KXNBAGAME-25NOV01MINCHA,2025-11-01,CHA,20251030,20251031,429,-1.8623039586039318,1.9549025336908812,3.8172064922948135,5.77210902598569
KXNBAGAME-25NOV01ORLWAS,2025-11-01,ORL,20251030,20251031,159,0.4007184205157008,3.5822028294214734,3.1814844089057726,6.763687238327245
KXNBAGAME-25NOV01ORLWAS,2025-11-01,WAS,20251030,20251031,107,0.13133338304493036,3.6133139220889285,3.4819805390439993,7.095294461132928
KXNBAGAME-25NOV01SACMIL,2025-11-01,SAC,20251030,20251031,168,0.24376317005527598,2.7714308003862422,2.5276676303309675,5.299098430717209
KXNBAGAME-25NOV01SACMIL,2025-11-01,MIL,20251030,20251031,319,-2.0585195065744797,2.0577513847167563,4.1162708912912365,6.174022276007987
KXNBAGAME-25NOV02ATLCLE,2025-11-02,ATL,20251031,20251101,137,-1.7172697676088595,2.303673102821623,4.020942870430483,6.324615973252105
KXNBAGAME-25NOV02ATLCLE,2025-11-02,CLE,20251031,20251101,193,-1.701986738242053,2.5087036935569706,4.210690431799023,6.7193941253559935
KXNBAGAME-25NOV02CHINYK,2025-11-02,CHI,20251031,20251101,110,0.15109000210938375,2.958503516643162,2.8074135145337786,5.765917031176942
KXNBAGAME-25NOV02CHINYK,2025-11-02,NYK,20251031,20251101,124,-0.19427567959479702,2.998008447515004,3.192284127109802,6.190292574624806
KXNBAGAME-25NOV02MEMTOR,2025-11-02,MEM,20251031,20251101,188,-1.154780944533536,2.9759700318653164,4.130750976398851,7.106721008264168
KXNBAGAME-25NOV02MEMTOR,2025-11-02,TOR,20251031,20251101,144,-1.8062970959122637,2.481224539934099,4.287521635846362,6.768746175780461
KXNBAGAME-25NOV02MIALAL,2025-11-02,MIA,20251031,20251101,239,-1.8571640214911567,2.7511297068899543,4.608293728381111,7.359423435271065
KXNBAGAME-25NOV02MIALAL,2025-11-02,LAL,20251031,20251101,332,-0.8186888674014536,2.8522060498143187,3.6708949172157714,6.523100967030089
KXNBAGAME-25NOV02NOPOKC,2025-11-02,NOP,20251031,20251101,150,-1.002733134614297,2.4884260129695175,3.4911591475838137,5.97958516055333
KXNBAGAME-25NOV02NOPOKC,2025-11-02,OKC,20251031,20251101,183,-0.508316483023679,2.9552183040184037,3.463534787042082,6.418753091060486
KXNBAGAME-25NOV02PHIBKN,2025-11-02,PHI,20251031,20251101,0,,,,
KXNBAGAME-25NOV02PHIBKN,2025-11-02,BKN,20251031,20251101,80,-0.7101092426246669,2.924543295152438,3.6346525377771046,6.559195832929543
KXNBAGAME-25NOV02SASPHX,2025-11-02,SAS,20251031,20251101,151,-0.36785992759681524,3.152228267841604,3.5200881954384178,6.672316463280021
KXNBAGAME-25NOV02SASPHX,2025-11-02,PHX,20251031,20251101,96,-1.1930830748869945,2.263050706970793,3.456133781857787,5.719184488828579
KXNBAGAME-25NOV02UTACHA,2025-11-02,UTA,20251031,20251101,112,-1.5514416316706652,2.1563045850694724,3.7077462167401376,5.864050801809609
KXNBAGAME-25NOV02UTACHA,2025-11-02,CHA,20251031,20251101,258,-1.190416997417998,2.1649315407631766,3.3553485381811745,5.520280078944349
KXNBAGAME-25NOV03DALHOU,2025-11-03,DAL,20251101,20251102,142,0.23386650174153695,2.8590609295976126,2.6251944278560755,5.484255357453689
KXNBAGAME-25NOV03DALHOU,2025-11-03,HOU,20251101,20251102,156,-0.5018811372837344,2.4803527523948423,2.982233889678577,5.462586642073419
KXNBAGAME-25NOV03DETMEM,2025-11-03,DET,20251101,20251102,104,-0.25336524236018354,2.449139918228899,2.702505160589083,5.151645078817982
KXNBAGAME-25NOV03DETMEM,2025-11-03,MEM,20251101,20251102,152,-2.8960944411772056,2.3196678271720055,5.21576226834921,7.535430095521214
KXNBAGAME-25NOV03LALPOR,2025-11-03,LAL,20251101,20251102,244,-1.3239314806531142,2.5028557293490974,3.8267872100022116,6.329642939351308
KXNBAGAME-25NOV03LALPOR,2025-11-03,POR,20251101,20251102,96,-2.0003900494635336,2.5144734220105294,4.514863471474063,7.029336893484597
KXNBAGAME-25NOV03MIALAC,2025-11-03,MIA,20251101,20251102,111,-1.187493810646046,2.6082128533100093,3.7957066639560546,6.403919517266063
KXNBAGAME-25NOV03MIALAC,2025-11-03,LAC,20251101,20251102,103,0.28057383580262585,3.2833826056658886,3.0028087698632664,6.286191375529157
KXNBAGAME-25NOV03MILIND,2025-11-03,MIL,20251101,20251102,134,-0.8948487848434291,2.771530225321083,3.666379010164512,6.437909235485594
KXNBAGAME-25NOV03MILIND,2025-11-03,IND,20251101,20251102,195,-0.7965852760739957,2.6762355309379298,3.4728208070119266,6.149056337949857
KXNBAGAME-25NOV03MINBKN,2025-11-03,MIN,20251101,20251102,121,-1.1802786523007218,2.19419251333059,3.374471165631313,5.568663678961903
KXNBAGAME-25NOV03MINBKN,2025-11-03,BKN,20251101,20251102,66,-0.6258067641845747,2.760180787166628,3.3859875513512026,6.14616833851783
KXNBAGAME-25NOV03SACDEN,2025-11-03,SAC,20251101,20251102,90,-0.5616618700738063,2.879205757383195,3.440867627457002,6.320073384840196
KXNBAGAME-25NOV03SACDEN,2025-11-03,DEN,20251101,20251102,61,-1.5585444321373725,2.3351240283881003,3.893668460525472,6.228792488913575
KXNBAGAME-25NOV03UTABOS,2025-11-03,UTA,20251101,20251102,112,-1.7794739268978104,2.1594825208720683,3.938956447769878,6.098438968641948
KXNBAGAME-25NOV03UTABOS,2025-11-03,BOS,20251101,20251102,180,-0.15532862079122678,2.9208834968506783,3.076212117641904,5.997095614492581
KXNBAGAME-25NOV03WASNYK,2025-11-03,WAS,20251101,20251102,101,-0.16350455102350742,2.8697376427938455,3.033242193817352,5.9029798366111965
KXNBAGAME-25NOV03WASNYK,2025-11-03,NYK,20251101,20251102,80,-0.6271921641611725,2.8496601082303115,3.4768522723914845,6.326512380621797
KXNBAGAME-25NOV04CHANOP,2025-11-04,CHA,20251102,20251103,132,-1.4605305077270918,2.41787993760828,3.87841044533537,6.296290382943653
KXNBAGAME-25NOV04CHANOP,2025-11-04,NOP,20251102,20251103,252,-0.37318879445052855,3.015610607616364,3.388799402066892,6.404410009683258
KXNBAGAME-25NOV04MILTOR,2025-11-04,MIL,20251102,20251103,107,-0.6678062464524401,2.947491577644922,3.6152978240973614,6.5627894017422825
KXNBAGAME-25NOV04MILTOR,2025-11-04,TOR,20251102,20251103,76,-1.7099876663123186,2.4147653348512237,4.124753001163544,6.539518336014767
KXNBAGAME-25NOV04OKCLAC,2025-11-04,OKC,20251102,20251103,275,-0.02146072470151983,3.007179540265911,3.02864026496743,6.035819805233342
KXNBAGAME-25NOV04OKCLAC,2025-11-04,LAC,20251102,20251103,50,0.14994893675873314,3.041828750056143,2.891879813297412,5.933708563353557
KXNBAGAME-25NOV04ORLATL,2025-11-04,ORL,20251102,20251103,60,0.7266839609807761,3.570219147369854,2.843535186389075,6.4137543337589324
KXNBAGAME-25NOV04ORLATL,2025-11-04,ATL,20251102,20251103,69,-1.271077436226957,2.9928234691529276,4.263900905379883,7.256724374532812
KXNBAGAME-25NOV04PHICHI,2025-11-04,PHI,20251102,20251103,0,,,,
KXNBAGAME-25NOV04PHICHI,2025-11-04,CHI,20251102,20251103,63,-0.5116715098669468,2.954819705989136,3.4664912158560828,6.421310921845221
KXNBAGAME-25NOV04PHXGSW,2025-11-04,PHX,20251102,20251103,140,-0.980320107872747,2.483580456630537,3.463900564503284,5.947481021133821
KXNBAGAME-25NOV04PHXGSW,2025-11-04,GSW,20251102,20251103,86,0.03681722148648244,3.1551015367070367,3.1182843152205546,6.2733858519275945
KXNBAGAME-25NOV05BKNIND,2025-11-05,BKN,20251103,20251104,138,-0.7137944825027025,2.3798717134053495,3.0936661959080523,5.473537909313402
KXNBAGAME-25NOV05BKNIND,2025-11-05,IND,20251103,20251104,201,-1.1651845199762298,2.411749440830985,3.5769339608072137,5.9886834016382
KXNBAGAME-25NOV05GSWSAC,2025-11-05,GSW,20251103,20251104,84,0.16724601993372828,3.4007598757780233,3.2335138558442957,6.63427373162232
KXNBAGAME-25NOV05GSWSAC,2025-11-05,SAC,20251103,20251104,116,0.03970222114728317,3.0790108894134414,3.0393086682661576,6.1183195576796
KXNBAGAME-25NOV05HOUMEM,2025-11-05,HOU,20251103,20251104,85,-0.040027510462642524,3.1231415782298684,3.16316908869251,6.286310666922381
KXNBAGAME-25NOV05HOUMEM,2025-11-05,MEM,20251103,20251104,169,-1.700049155938499,2.7024860508612942,4.4025352067997945,7.10502125766109
KXNBAGAME-25NOV05MIADEN,2025-11-05,MIA,20251103,20251104,375,-0.5898940811662647,2.5238237039689126,3.1137177851351776,5.6375414891040885
KXNBAGAME-25NOV05MIADEN,2025-11-05,DEN,20251103,20251104,132,-0.8538023486863401,2.719132169232364,3.5729345179187035,6.292066687151067
KXNBAGAME-25NOV05MINNYK,2025-11-05,MIN,20251103,20251104,140,-0.7183399323441444,2.5680482916319134,3.2863882239760565,5.854436515607972
KXNBAGAME-25NOV05MINNYK,2025-11-05,NYK,20251103,20251104,139,0.18258216326634957,3.360236941913433,3.177654778647083,6.537891720560516
KXNBAGAME-25NOV05NOPDAL,2025-11-05,NOP,20251103,20251104,311,0.28227634669687407,3.189631863013293,2.9073555163164198,6.096987379329713
KXNBAGAME-25NOV05NOPDAL,2025-11-05,DAL,20251103,20251104,107,0.02474281772769102,3.031686913223939,3.006944095496247,6.038631008720188
KXNBAGAME-25NOV05OKCPOR,2025-11-05,OKC,20251103,20251104,374,0.42675766131238385,3.3555461711484487,2.9287885098360653,6.284334680984515
KXNBAGAME-25NOV05OKCPOR,2025-11-05,POR,20251103,20251104,283,-1.5501939412984176,2.6877363089315995,4.237930250230017,6.925666559161614
KXNBAGAME-25NOV05PHICLE,2025-11-05,PHI,20251103,20251104,0,,,,
KXNBAGAME-25NOV05PHICLE,2025-11-05,CLE,20251103,20251104,152,-1.4846443448077613,3.1936599781791006,4.678304322986861,7.871964301165962
KXNBAGAME-25NOV05SASLAL,2025-11-05,SAS,20251103,20251104,162,-0.9758600291614379,2.9800020754527283,3.955862104614166,6.935864180066895
KXNBAGAME-25NOV05SASLAL,2025-11-05,LAL,20251103,20251104,371,-0.0855575225602451,2.9614193900440204,3.046976912604263,6.008396302648284
KXNBAGAME-25NOV05UTADET,2025-11-05,UTA,20251103,20251104,174,-0.6342302685835307,2.6895682305127933,3.323798499096324,6.0133667296091176
KXNBAGAME-25NOV05UTADET,2025-11-05,DET,20251103,20251104,117,-1.7970930181748823,2.6375206837321024,4.4346137019069864,7.072134385639089
KXNBAGAME-25NOV05WASBOS,2025-11-05,WAS,20251103,20251104,258,0.7142238441367991,3.7789673939533754,3.064743549816577,6.843710943769953
KXNBAGAME-25NOV05WASBOS,2025-11-05,BOS,20251103,20251104,173,-0.9899818270154446,2.7138696487757943,3.7038514757912373,6.417721124567032
KXNBAGAME-25NOV06LACPHX,2025-11-06,LAC,20251104,20251105,203,-0.3938805728511158,2.5888185283946994,2.9826991012458155,5.571517629640516
KXNBAGAME-25NOV06LACPHX,2025-11-06,PHX,20251104,20251105,158,-0.36099705835743634,3.4016400930352786,3.762637151392715,7.164277244427994
KXNBAGAME-25NOV07BOSORL,2025-11-07,BOS,20251105,20251106,348,-1.3185473937245682,2.1986296518618316,3.5171770455864007,5.715806697448236
KXNBAGAME-25NOV07BOSORL,2025-11-07,ORL,20251105,20251106,80,-0.4861892991809803,3.2298668954314587,3.716056194612438,6.945923090043898
KXNBAGAME-25NOV07CHAMIA,2025-11-07,CHA,20251105,20251106,260,-4.784636121895265,1.426660972991354,6.2112970948866195,7.637958067877974
KXNBAGAME-25NOV07CHAMIA,2025-11-07,MIA,20251105,20251106,292,-0.6798764668738754,2.2146945333009933,2.894571000174869,5.109265533475862
KXNBAGAME-25NOV07CHIMIL,2025-11-07,CHI,20251105,20251106,360,-1.990797789018634,2.274080196308273,4.264877985326907,6.538958181635184
KXNBAGAME-25NOV07CHIMIL,2025-11-07,MIL,20251105,20251106,114,-0.4909725360140602,2.6996175776461797,3.1905901136602397,5.89020769130642
KXNBAGAME-25NOV07CLEWAS,2025-11-07,CLE,20251105,20251106,249,-2.451979207459123,2.506662956979789,4.9586421644389125,7.465305121418702
KXNBAGAME-25NOV07CLEWAS,2025-11-07,WAS,20251105,20251106,88,0.22358477818495906,3.297859427585294,3.074274649400334,6.372134076985629
KXNBAGAME-25NOV07DALMEM,2025-11-07,DAL,20251105,20251106,146,-1.0679486520711947,2.788419981211403,3.8563686332825977,6.644788614493998
KXNBAGAME-25NOV07DALMEM,2025-11-07,MEM,20251105,20251106,286,-2.1928876872370964,2.236907797609869,4.429795484846965,6.666703282456837
KXNBAGAME-25NOV07DETBKN,2025-11-07,DET,20251105,20251106,83,-0.5308740853716715,2.5254859694569225,3.056360054828595,5.581846024285516
KXNBAGAME-25NOV07DETBKN,2025-11-07,BKN,20251105,20251106,150,-0.3862582643937868,2.6205432292666972,3.0068014936604834,5.6273447229271785
KXNBAGAME-25NOV07GSWDEN,2025-11-07,GSW,20251105,20251106,184,0.13724690932107697,3.639312390397587,3.50206548107651,7.1413778714740985
KXNBAGAME-25NOV07GSWDEN,2025-11-07,DEN,20251105,20251106,258,0.30359023588066875,2.542546292633757,2.2389560567530875,4.781502349386846
KXNBAGAME-25NOV07HOUSAS,2025-11-07,HOU,20251105,20251106,99,-0.41951822382050563,3.2390900838676275,3.658608307688133,6.897698391555759
KXNBAGAME-25NOV07HOUSAS,2025-11-07,SAS,20251105,20251106,192,-0.1285723109895397,3.001780890784233,3.1303532017737727,6.132134092558008
KXNBAGAME-25NOV07OKCSAC,2025-11-07,OKC,20251105,20251106,299,-0.09076372496938406,3.0714465448521224,3.1622102698215055,6.233656814673628
KXNBAGAME-25NOV07OKCSAC,2025-11-07,SAC,20251105,20251106,108,-0.42484686646745023,2.769153389960791,3.1940002564282404,5.963153646389032
KXNBAGAME-25NOV07TORATL,2025-11-07,TOR,20251105,20251106,87,-1.3346459799728758,2.3568789808782276,3.691524960851104,6.048403941729333
KXNBAGAME-25NOV07TORATL,2025-11-07,ATL,20251105,20251106,99,-1.28201014532275,2.8131145076479793,4.095124652970728,6.908239160618708
KXNBAGAME-25NOV07UTAMIN,2025-11-07,UTA,20251105,20251106,173,-0.9840974946597785,2.3651101441126654,3.3492076387724437,5.714317782885109
KXNBAGAME-25NOV07UTAMIN,2025-11-07,MIN,20251105,20251106,159,-0.11470051315062059,2.96803422040113,3.0827347335517494,6.050768953952878
KXNBAGAME-25NOV08CHICLE,2025-11-08,CHI,20251106,20251107,256,-1.6057636280127243,2.280587859245147,3.8863514872578726,6.166939346503024
KXNBAGAME-25NOV08CHICLE,2025-11-08,CLE,20251106,20251107,143,-2.0178058407662163,2.504871549237058,4.522677390003274,7.027548939240331
KXNBAGAME-25NOV08DALWAS,2025-11-08,DAL,20251106,20251107,158,-1.2419807270603807,2.583812745281077,3.8257934723414575,6.4096062176225335
KXNBAGAME-25NOV08DALWAS,2025-11-08,WAS,20251106,20251107,92,-0.03823092527958097,3.325799356185252,3.3640302814648315,6.689829637650084
KXNBAGAME-25NOV08INDDEN,2025-11-08,IND,20251106,20251107,89,-0.69435185187115,2.6711159083956924,3.365467760266842,6.036583668662534
KXNBAGAME-25NOV08INDDEN,2025-11-08,DEN,20251106,20251107,250,-0.018617350343093912,2.4912689183779664,2.5098862687210604,5.001155187099027
KXNBAGAME-25NOV08LALATL,2025-11-08,LAL,20251106,20251107,207,-1.3891305104602536,3.1664190272602184,4.555549537720472,7.72196856498069
KXNBAGAME-25NOV08LALATL,2025-11-08,ATL,20251106,20251107,55,-0.008424745605223077,3.1692696937297846,3.1776944393350073,6.346964133064794
KXNBAGAME-25NOV08NOPSAS,2025-11-08,NOP,20251106,20251107,311,-2.8149455041144114,1.9834714755359228,4.798416979650335,6.78188845518626
KXNBAGAME-25NOV08NOPSAS,2025-11-08,SAS,20251106,20251107,150,-0.038945790085293364,3.3113264984545783,3.350272288539872,6.66159878699445
KXNBAGAME-25NOV08PHXLAC,2025-11-08,PHX,20251106,20251107,127,-0.33486386586063305,2.692372611621668,3.0272364774823006,5.719609089103969
KXNBAGAME-25NOV08PHXLAC,2025-11-08,LAC,20251106,20251107,112,-0.4459030114312707,2.4584005612266564,2.904303572657926,5.3627041338845824
KXNBAGAME-25NOV08PORMIA,2025-11-08,POR,20251106,20251107,164,-2.6943395339981957,2.5815068083122297,5.275846342310425,7.857353150622654
KXNBAGAME-25NOV08PORMIA,2025-11-08,MIA,20251106,20251107,214,-2.43219030226191,1.7728864232698927,4.205076725531803,5.977963148801696
KXNBAGAME-25NOV08TORPHI,2025-11-08,TOR,20251106,20251107,47,-0.9979636649138839,2.4708225451456096,3.4687862100594944,5.939608755205107
KXNBAGAME-25NOV08TORPHI,2025-11-08,PHI,20251106,20251107,0,,,,
KXNBAGAME-25NOV09BKNNYK,2025-11-09,BKN,20251107,20251108,130,-0.16223265924470676,3.0370504511652516,3.199283110409959,6.2363335615752105
KXNBAGAME-25NOV09BKNNYK,2025-11-09,NYK,20251107,20251108,122,0.3217903462822098,2.9188141066689175,2.597023760386707,5.515837867055623
KXNBAGAME-25NOV09BOSORL,2025-11-09,BOS,20251107,20251108,138,0.6021483743984701,3.2953603803601537,2.6932120059616835,5.988572386321838
KXNBAGAME-25NOV09BOSORL,2025-11-09,ORL,20251107,20251108,102,0.43704845663679076,3.226919009792258,2.789870553155467,6.016789562947725
KXNBAGAME-25NOV09DETPHI,2025-11-09,DET,20251107,20251108,142,-0.5034573882169698,2.7687081136870106,3.27216550190398,6.040873615590989
KXNBAGAME-25NOV09DETPHI,2025-11-09,PHI,20251107,20251108,0,,,,
KXNBAGAME-25NOV09HOUMIL,2025-11-09,HOU,20251107,20251108,179,-0.4915971914354581,3.1885741788164568,3.680171370251915,6.868745549068372
KXNBAGAME-25NOV09HOUMIL,2025-11-09,MIL,20251107,20251108,180,-0.8119626417001505,2.950813215842027,3.7627758575421777,6.713589073384204
KXNBAGAME-25NOV09INDGSW,2025-11-09,IND,20251107,20251108,92,-0.1399902555173006,2.9103562589519796,3.050346514469279,5.960702773421257
KXNBAGAME-25NOV09INDGSW,2025-11-09,GSW,20251107,20251108,160,1.0073919089364962,3.6682664569874412,2.6608745480509444,6.329141005038386
KXNBAGAME-25NOV09MINSAC,2025-11-09,MIN,20251107,20251108,107,-0.3403363842988905,2.740790832872616,3.081127217171505,5.821918050044121
KXNBAGAME-25NOV09MINSAC,2025-11-09,SAC,20251107,20251108,111,0.40168544262869343,3.2872462146220576,2.8855607719933634,6.17280698661542
KXNBAGAME-25NOV09OKCMEM,2025-11-09,OKC,20251107,20251108,163,-0.5304966079084471,3.1963993392171264,3.726895947125573,6.923295286342698
KXNBAGAME-25NOV09OKCMEM,2025-11-09,MEM,20251107,20251108,174,-1.4661577355240758,2.8599600052564504,4.326117740780527,7.186077746036974
KXNBAGAME-25NOV10ATLLAC,2025-11-10,ATL,20251108,20251109,163,-1.1549159326273002,2.209441375608819,3.3643573082361202,5.57379868384494
KXNBAGAME-25NOV10ATLLAC,2025-11-10,LAC,20251108,20251109,99,-0.3744103075635856,2.595103763727641,2.9695140712912265,5.564617835018868
KXNBAGAME-25NOV10CLEMIA,2025-11-10,CLE,20251108,20251109,196,-0.8727048560943793,2.938211752270471,3.810916608364849,6.7491283606353205
KXNBAGAME-25NOV10CLEMIA,2025-11-10,MIA,20251108,20251109,220,-2.0034312018300855,2.5058758467790865,4.509307048609173,7.01518289538826
KXNBAGAME-25NOV10LALCHA,2025-11-10,LAL,20251108,20251109,167,-1.3120662516639476,2.597437112759123,3.909503364423071,6.506940477182194
KXNBAGAME-25NOV10LALCHA,2025-11-10,CHA,20251108,20251109,141,-1.137279546373047,2.455451838375434,3.5927313847484807,6.048183223123911
KXNBAGAME-25NOV10MILDAL,2025-11-10,MIL,20251108,20251109,123,0.3422501138807023,2.946405796230918,2.604155682350215,5.550561478581132
KXNBAGAME-25NOV10MILDAL,2025-11-10,DAL,20251108,20251109,121,-0.28642426003178517,3.6399065197134424,3.926330779745226,7.56623729945867
KXNBAGAME-25NOV10MINUTA,2025-11-10,MIN,20251108,20251109,128,0.08619044779237484,2.994436741620275,2.908246293827901,5.902683035448176
KXNBAGAME-25NOV10MINUTA,2025-11-10,UTA,20251108,20251109,72,-0.0007055487925441278,2.9270505987707347,2.9277561475632803,5.854806746334013
KXNBAGAME-25NOV10NOPPHX,2025-11-10,NOP,20251108,20251109,115,-1.00600221923233,2.5138790281188763,3.519881247351206,6.033760275470081
KXNBAGAME-25NOV10NOPPHX,2025-11-10,PHX,20251108,20251109,111,-0.4976170773441123,2.5832620272923634,3.080879104636474,5.664141131928839
KXNBAGAME-25NOV10PORORL,2025-11-10,POR,20251108,20251109,138,-2.51674704339807,2.158361902158272,4.675108945556344,6.833470847714617
KXNBAGAME-25NOV10PORORL,2025-11-10,ORL,20251108,20251109,107,1.7037925150990003,4.084022576027847,2.380230060928845,6.464252636956692
KXNBAGAME-25NOV10SASCHI,2025-11-10,SAS,20251108,20251109,143,-0.364050719702351,3.1512459826772883,3.5152967023796378,6.6665426850569265
KXNBAGAME-25NOV10SASCHI,2025-11-10,CHI,20251108,20251109,175,-0.4409076728720567,2.9652054251719697,3.4061130980440253,6.3713185232159955
KXNBAGAME-25NOV10WASDET,2025-11-10,WAS,20251108,20251109,196,-0.46703153158086974,2.7190412467309306,3.1860727783118,5.905114025042732
KXNBAGAME-25NOV10WASDET,2025-11-10,DET,20251108,20251109,137,0.7680817428141369,3.3973088119100248,2.629227069095887,6.026535881005911
KXNBAGAME-25NOV11BOSPHI,2025-11-11,BOS,20251109,20251110,125,-0.17787624621878334,2.947279274786667,3.1251555210054516,6.07243479579212
KXNBAGAME-25NOV11BOSPHI,2025-11-11,PHI,20251109,20251110,0,,,,
KXNBAGAME-25NOV11DENSAC,2025-11-11,DEN,20251109,20251110,71,-0.9466065763738933,2.4961012153381015,3.442707791711992,5.938809007050093
KXNBAGAME-25NOV11DENSAC,2025-11-11,SAC,20251109,20251110,118,-0.3135077141618115,2.792975007093446,3.106482721255257,5.899457728348704
KXNBAGAME-25NOV11GSWOKC,2025-11-11,GSW,20251109,20251110,110,-0.5572485856930227,3.244018367059689,3.801266952752712,7.045285319812402
KXNBAGAME-25NOV11GSWOKC,2025-11-11,OKC,20251109,20251110,126,-0.16995337166301366,3.1263721473801067,3.296325519043121,6.422697666423227
KXNBAGAME-25NOV11INDUTA,2025-11-11,IND,20251109,20251110,135,-0.383527800323252,3.134067515953732,3.517595316276982,6.6516628322307145
KXNBAGAME-25NOV11INDUTA,2025-11-11,UTA,20251109,20251110,72,0.1565810005601563,2.9848391496969597,2.8282581491368037,5.813097298833762
KXNBAGAME-25NOV11MEMNYK,2025-11-11,MEM,20251109,20251110,95,-0.7759606207079419,3.152375858466356,3.9283364791742974,7.080712337640654
KXNBAGAME-25NOV11MEMNYK,2025-11-11,NYK,20251109,20251110,114,0.5786964701520128,3.2246988996372656,2.646002429485253,5.870701329122521
KXNBAGAME-25NOV11TORBKN,2025-11-11,TOR,20251109,20251110,83,1.708740474013218,3.8648809079323203,2.1561404339191017,6.021021341851423
KXNBAGAME-25NOV11TORBKN,2025-11-11,BKN,20251109,20251110,77,-0.12386079318644655,2.901141090298929,3.0250018834853756,5.926142973784306
KXNBAGAME-25NOV12ATLSAC,2025-11-12,ATL,20251110,20251111,156,0.46969214799255365,3.2538307841173717,2.7841386361248173,6.037969420242191
KXNBAGAME-25NOV12ATLSAC,2025-11-12,SAC,20251110,20251111,87,0.04578831326815841,2.8123899592268913,2.766601645958731,5.578991605185624
KXNBAGAME-25NOV12CHIDET,2025-11-12,CHI,20251110,20251111,120,-0.6268853361749773,2.7883581851838315,3.415243521358809,6.203601706542642
KXNBAGAME-25NOV12CHIDET,2025-11-12,DET,20251110,20251111,181,0.03470496981240501,2.996297538364658,2.961592568552253,5.95789010691691
KXNBAGAME-25NOV12CLEMIA,2025-11-12,CLE,20251110,20251111,174,0.29804747357425787,3.6471863847585153,3.349138911184257,6.996325295942772
KXNBAGAME-25NOV12CLEMIA,2025-11-12,MIA,20251110,20251111,293,-2.8363527036713196,2.093632455007306,4.929985158678626,7.023617613685929
KXNBAGAME-25NOV12DENLAC,2025-11-12,DEN,20251110,20251111,62,0.07724030688177619,2.896285065050689,2.8190447581689098,5.7153298232196
KXNBAGAME-25NOV12DENLAC,2025-11-12,LAC,20251110,20251111,110,-0.521311561198778,2.5977826869790497,3.1190942481778268,5.716876935156876
KXNBAGAME-25NOV12GSWSAS,2025-11-12,GSW,20251110,20251111,335,0.15623774201116583,3.5834651489608773,3.427227406949709,7.010692555910586
KXNBAGAME-25NOV12GSWSAS,2025-11-12,SAS,20251110,20251111,134,-0.6247272609685592,2.8064793598389226,3.4312066208074814,6.237685980646404
KXNBAGAME-25NOV12LALOKC,2025-11-12,LAL,20251110,20251111,431,-0.6546611963415419,2.866775210357539,3.5214364066990793,6.388211617056618
KXNBAGAME-25NOV12LALOKC,2025-11-12,OKC,20251110,20251111,135,0.0926297244884197,2.950688810034271,2.858059085545851,5.808747895580124
KXNBAGAME-25NOV12MEMBOS,2025-11-12,MEM,20251110,20251111,96,-1.369549073252661,2.8256721117534838,4.1952211850061465,7.020893296759631
KXNBAGAME-25NOV12MEMBOS,2025-11-12,BOS,20251110,20251111,156,-0.22653248788655134,2.8316049274709933,3.058137415357545,5.889742342828537
KXNBAGAME-25NOV12MILCHA,2025-11-12,MIL,20251110,20251111,205,-0.3825867555899079,2.908867769071067,3.291454524660975,6.200322293732043
KXNBAGAME-25NOV12MILCHA,2025-11-12,CHA,20251110,20251111,89,-1.2706857278145598,2.5288303027787027,3.799516030593261,6.3283463333719645
KXNBAGAME-25NOV12ORLNYK,2025-11-12,ORL,20251110,20251111,124,0.09767100069415088,3.7308676019754414,3.6331966012812913,7.364064203256733
KXNBAGAME-25NOV12ORLNYK,2025-11-12,NYK,20251110,20251111,352,0.3794331501885273,3.476172676712002,3.096739526523473,6.572912203235475
KXNBAGAME-25NOV12PHXDAL,2025-11-12,PHX,20251110,20251111,112,-1.549135056115493,2.1382861072745296,3.6874211633900225,5.825707270664554
KXNBAGAME-25NOV12PHXDAL,2025-11-12,DAL,20251110,20251111,424,-0.7015378260088547,2.7933969790103887,3.494934805019242,6.288331784029632
KXNBAGAME-25NOV12PORNOP,2025-11-12,POR,20251110,20251111,267,-2.290486671355188,2.5985451576803023,4.889031829035492,7.487576986715792
KXNBAGAME-25NOV12PORNOP,2025-11-12,NOP,20251110,20251111,126,-1.3789722510474585,2.2275598005475246,3.6065320515949826,5.83409185214251
KXNBAGAME-25NOV12WASHOU,2025-11-12,WAS,20251110,20251111,141,0.2429639277480239,3.2808391015858174,3.037875173837795,6.318714275423612
KXNBAGAME-25NOV12WASHOU,2025-11-12,HOU,20251110,20251111,130,-0.13469811685280664,3.083214642702674,3.2179127595554817,6.301127402258158
KXNBAGAME-25NOV13ATLUTA,2025-11-13,ATL,20251111,20251112,154,-0.45694470890585004,2.657976939099238,3.1149216480050876,5.772898587104326
KXNBAGAME-25NOV13ATLUTA,2025-11-13,UTA,20251111,20251112,154,-0.6591597885179118,2.481882096236343,3.1410418847542534,5.622923980990594
KXNBAGAME-25NOV13INDPHX,2025-11-13,IND,20251111,20251112,165,-0.7899448788490755,2.778391479765704,3.568336358614779,6.346727838380481
KXNBAGAME-25NOV13INDPHX,2025-11-13,PHX,20251111,20251112,135,-1.3082786778030746,2.1209061802964992,3.4291848580995747,5.550091038396076
KXNBAGAME-25NOV13TORCLE,2025-11-13,TOR,20251111,20251112,73,-0.5239635818083005,2.507458418814699,3.0314220006230004,5.538880419437701
KXNBAGAME-25NOV13TORCLE,2025-11-13,CLE,20251111,20251112,126,-1.3510812938246413,3.0313781120156014,4.382459405840242,7.4138375178558436
KXNBAGAME-25NOV14BKNORL,2025-11-14,BKN,20251112,20251113,119,0.14418444560800364,3.1041496764072223,2.959965230799219,6.064114907206443
KXNBAGAME-25NOV14BKNORL,2025-11-14,ORL,20251112,20251113,157,0.009126523546963528,3.8204608848329054,3.811334361285943,7.631795246118848
KXNBAGAME-25NOV14CHAMIL,2025-11-14,CHA,20251112,20251113,103,-0.31273972444528003,2.9256187009493253,3.2383584253946056,6.163977126343934
KXNBAGAME-25NOV14CHAMIL,2025-11-14,MIL,20251112,20251113,153,-1.057382806721233,2.573172323611909,3.630555130333141,6.203727453945051
KXNBAGAME-25NOV14GSWSAS,2025-11-14,GSW,20251112,20251113,244,0.38305468776001367,3.441579585036833,3.0585248972768198,6.500104482313654
KXNBAGAME-25NOV14GSWSAS,2025-11-14,SAS,20251112,20251113,296,0.22121095222675652,3.0119705305392506,2.790759578312495,5.802730108851745
KXNBAGAME-25NOV14LACDAL,2025-11-14,LAC,20251112,20251113,264,-0.4166839609554738,2.5444222383394797,2.961106199294954,5.505528437634434
KXNBAGAME-25NOV14LACDAL,2025-11-14,DAL,20251112,20251113,388,-0.4245197805551909,2.7549668526889413,3.179486633244134,5.934453485933076
KXNBAGAME-25NOV14LALNOP,2025-11-14,LAL,20251112,20251113,435,-0.18180679497333105,2.9135342858699596,3.0953410808432915,6.008875366713253
KXNBAGAME-25NOV14LALNOP,2025-11-14,NOP,20251112,20251113,108,-1.3322965819652386,2.6381665925392217,3.97046317450446,6.608629767043682
KXNBAGAME-25NOV14MIANYK,2025-11-14,MIA,20251112,20251113,161,-2.4329350841746122,2.5290775614115812,4.962012645586196,7.491090206997778
KXNBAGAME-25NOV14MIANYK,2025-11-14,NYK,20251112,20251113,246,-0.2945862424168363,3.313748306474846,3.608334548891682,6.922082855366528
KXNBAGAME-25NOV14PHIDET,2025-11-14,PHI,20251112,20251113,0,,,,
KXNBAGAME-25NOV14PHIDET,2025-11-14,DET,20251112,20251113,110,-0.36593771316912327,3.2280305173832553,3.5939682305523775,6.821998747935634
KXNBAGAME-25NOV14PORHOU,2025-11-14,POR,20251112,20251113,79,-2.4105802272582073,2.6798669398061437,5.090447167064352,7.7703141068704955
KXNBAGAME-25NOV14PORHOU,2025-11-14,HOU,20251112,20251113,71,0.07534975068257332,3.5488857679952845,3.4735360173127097,7.022421785307998
KXNBAGAME-25NOV14SACMIN,2025-11-14,SAC,20251112,20251113,98,0.8305510852962341,3.317064003300403,2.4865129180041707,5.803576921304575
KXNBAGAME-25NOV14SACMIN,2025-11-14,MIN,20251112,20251113,30,0.31755434410071476,3.5742783191665755,3.256723975065862,6.831002294232438
KXNBAGAME-25NOV15DENMIN,2025-11-15,DEN,20251113,20251114,223,-0.33568960342518445,2.7807360415437143,3.1164256449688987,5.897161686512611
KXNBAGAME-25NOV15DENMIN,2025-11-15,MIN,20251113,20251114,76,-0.742582905824673,2.9186213447687575,3.661204250593432,6.579825595362193
KXNBAGAME-25NOV15LALMIL,2025-11-15,LAL,20251113,20251114,383,-0.6888860076047629,2.6490383669026167,3.3379243745073808,5.9869627414099975
KXNBAGAME-25NOV15LALMIL,2025-11-15,MIL,20251113,20251114,167,-1.2705531318114187,2.5365449486201714,3.807098080431591,6.343643029051764
KXNBAGAME-25NOV15MEMCLE,2025-11-15,MEM,20251113,20251114,103,-2.420398093305854,2.2339651373317553,4.6543632306376095,6.888328367969365
KXNBAGAME-25NOV15MEMCLE,2025-11-15,CLE,20251113,20251114,138,-1.4458566313998666,2.8934850311218363,4.339341662521704,7.23282669364354
KXNBAGAME-25NOV15OKCCHA,2025-11-15,OKC,20251113,20251114,170,-0.09026621144263416,3.051196198924376,3.14146241036701,6.192658609291386
KXNBAGAME-25NOV15OKCCHA,2025-11-15,CHA,20251113,20251114,122,-0.778321621133213,2.6614628684009576,3.4397844895341705,6.10124735793513
KXNBAGAME-25NOV15TORIND,2025-11-15,TOR,20251113,20251114,172,-1.4666686286216384,2.789813500382242,4.256482129003882,7.046295629386124
KXNBAGAME-25NOV15TORIND,2025-11-15,IND,20251113,20251114,193,-1.465034718333277,2.4563102680320377,3.9213449863653147,6.377655254397352
KXNBAGAME-25NOV16ATLPHX,2025-11-16,ATL,20251114,20251115,122,-0.03926231704799752,2.7895925774998727,2.828854894547871,5.6184474720477455
KXNBAGAME-25NOV16ATLPHX,2025-11-16,PHX,20251114,20251115,153,-0.9971201050153765,2.6729912789062316,3.6701113839216077,6.343102662827841
KXNBAGAME-25NOV16BKNWAS,2025-11-16,BKN,20251114,20251115,92,0.7111621913623918,3.9505634484897785,3.239401257127387,7.1899647056171645
KXNBAGAME-25NOV16BKNWAS,2025-11-16,WAS,20251114,20251115,58,-0.14783944505103003,3.3052112190870453,3.453050664138076,6.7582618832251224
KXNBAGAME-25NOV16CHIUTA,2025-11-16,CHI,20251114,20251115,267,0.5383534729081676,3.7214513949783035,3.183097922070136,6.904549317048439
KXNBAGAME-25NOV16CHIUTA,2025-11-16,UTA,20251114,20251115,85,-0.01351591691246834,3.0093535725163143,3.0228694894287833,6.0322230619451
KXNBAGAME-25NOV16GSWNOP,2025-11-16,GSW,20251114,20251115,256,0.21946300131484717,3.3163206354238186,3.0968576341089715,6.413178269532791
KXNBAGAME-25NOV16GSWNOP,2025-11-16,NOP,20251114,20251115,215,-0.7137238580129217,2.4409214938722053,3.1546453518851276,5.595566845757334
KXNBAGAME-25NOV16LACBOS,2025-11-16,LAC,20251114,20251115,167,-2.0372976749153486,2.109613170838144,4.146910845753492,6.256524016591635
KXNBAGAME-25NOV16LACBOS,2025-11-16,BOS,20251114,20251115,147,-0.00010501404809486192,2.944683522269699,2.9447885363177955,5.889472058587494
KXNBAGAME-25NOV16ORLHOU,2025-11-16,ORL,20251114,20251115,149,0.08374353393204831,3.3180084372657523,3.2342649033337034,6.552273340599456
KXNBAGAME-25NOV16ORLHOU,2025-11-16,HOU,20251114,20251115,134,-0.5853931163659418,2.9190293002741377,3.504422416640078,6.423451716914215
KXNBAGAME-25NOV16PORDAL,2025-11-16,POR,20251114,20251115,136,-0.9309480141434803,2.7478843916853934,3.6788324058288744,6.426716797514267
KXNBAGAME-25NOV16PORDAL,2025-11-16,DAL,20251114,20251115,170,-1.293707325052734,2.514735302514042,3.8084426275667758,6.323177930080818
KXNBAGAME-25NOV16SACSAS,2025-11-16,SAC,20251114,20251115,117,-0.00397360702095656,2.564375597691013,2.5683492047119714,5.132724802402984
KXNBAGAME-25NOV16SACSAS,2025-11-16,SAS,20251114,20251115,198,0.8587053711177437,3.6325835040361305,2.773878132918387,6.406461636954517
KXNBAGAME-25NOV17CHATOR,2025-11-17,CHA,20251115,20251116,397,-2.3687968126476666,2.079516705815467,4.448313518463133,6.527830224278599
KXNBAGAME-25NOV17CHATOR,2025-11-17,TOR,20251115,20251116,78,-1.6375492553619533,2.4836801491518763,4.121229404513833,6.604909553665705
KXNBAGAME-25NOV17CHIDEN,2025-11-17,CHI,20251115,20251116,414,-1.940940791933816,2.6804056322223917,4.621346424156208,7.3017520563786
KXNBAGAME-25NOV17CHIDEN,2025-11-17,DEN,20251115,20251116,96,-0.43807784885251555,2.673852904770368,3.111930753622883,5.7857836583932505
KXNBAGAME-25NOV17DALMIN,2025-11-17,DAL,20251115,20251116,118,-1.9276340566369599,2.293519261010247,4.221153317647207,6.5146725786574535
KXNBAGAME-25NOV17DALMIN,2025-11-17,MIN,20251115,20251116,124,0.030342296027086643,2.9307621601367324,2.9004198641096455,5.831182024246377
KXNBAGAME-25NOV17INDDET,2025-11-17,IND,20251115,20251116,97,-0.9429890170732893,2.660661167859565,3.603650184932855,6.264311352792418
KXNBAGAME-25NOV17INDDET,2025-11-17,DET,20251115,20251116,78,-0.057569137276744925,3.373762633241322,3.4313317705180673,6.805094403759387
KXNBAGAME-25NOV17LACPHI,2025-11-17,LAC,20251115,20251116,174,-2.3624105078070214,1.919200232875521,4.281610740682544,6.200810973558065
KXNBAGAME-25NOV17LACPHI,2025-11-17,PHI,20251115,20251116,0,,,,
KXNBAGAME-25NOV17MILCLE,2025-11-17,MIL,20251115,20251116,218,-0.6364722768777593,2.5443788219457395,3.180851098823499,5.725229920769237
KXNBAGAME-25NOV17MILCLE,2025-11-17,CLE,20251115,20251116,116,-2.8055341408941104,2.5040432396108194,5.30957738050493,7.813620620115746
KXNBAGAME-25NOV17NYKMIA,2025-11-17,NYK,20251115,20251116,266,0.3081442673030811,3.7257168509226277,3.4175725836195463,7.143289434542172
KXNBAGAME-25NOV17NYKMIA,2025-11-17,MIA,20251115,20251116,249,-3.221552168556495,1.6999439983941511,4.9214961669506465,6.6214401653448
KXNBAGAME-25NOV17OKCNOP,2025-11-17,OKC,20251115,20251116,368,-2.43077260215285,1.7967703863959672,4.227542988548815,6.024313374944782
KXNBAGAME-25NOV17OKCNOP,2025-11-17,NOP,20251115,20251116,384,-2.4914964504144295,2.1117875769388643,4.603284027353293,6.7150716042921585
KXNBAGAME-25NOV18BOSBKN,2025-11-18,BOS,20251116,20251117,105,-0.42265827370094844,2.5780399366952764,3.000698210396225,5.578738147091503
KXNBAGAME-25NOV18BOSBKN,2025-11-18,BKN,20251116,20251117,63,0.14537151794459394,3.3805834980083684,3.235211980063776,6.615795478072142
KXNBAGAME-25NOV18DETATL,2025-11-18,DET,20251116,20251117,69,-0.8155048965697053,2.7271550248190595,3.542659921388764,6.26981494620782
KXNBAGAME-25NOV18DETATL,2025-11-18,ATL,20251116,20251117,74,-0.14491589176076758,2.658215398928501,2.803131290689268,5.461346689617768
KXNBAGAME-25NOV18GSWORL,2025-11-18,GSW,20251116,20251117,170,0.3459724135062519,4.052595091658668,3.7066226781524145,7.759217769811084
KXNBAGAME-25NOV18GSWORL,2025-11-18,ORL,20251116,20251117,110,0.03768053170180974,3.783831705490231,3.7461511737884203,7.52998287927865
KXNBAGAME-25NOV18MEMSAS,2025-11-18,MEM,20251116,20251117,82,-1.4402858056262988,3.070965316536233,4.511251122162529,7.582216438698765
KXNBAGAME-25NOV18MEMSAS,2025-11-18,SAS,20251116,20251117,98,-0.09172888378082081,2.838283528591834,2.9300124123726548,5.7682959409644905
KXNBAGAME-25NOV18PHXPOR,2025-11-18,PHX,20251116,20251117,80,-0.7072929280293041,2.2597810971370853,2.9670740251663883,5.2268551223034745
KXNBAGAME-25NOV18PHXPOR,2025-11-18,POR,20251116,20251117,146,-2.512398346941035,2.2364149563950586,4.748813303336096,6.9852282597311515
KXNBAGAME-25NOV18UTALAL,2025-11-18,UTA,20251116,20251117,154,-0.13175535373136987,2.7238580104002694,2.8556133641316395,5.579471374531909
KXNBAGAME-25NOV18UTALAL,2025-11-18,LAL,20251116,20251117,472,-2.4208552961627112,2.2832097471296557,4.704065043292366,6.987274790422023
KXNBAGAME-25NOV19CHAIND,2025-11-19,CHA,20251117,20251118,111,-1.7456114707209136,2.3476817178611813,4.093293188582095,6.440974906443277
KXNBAGAME-25NOV19CHAIND,2025-11-19,IND,20251117,20251118,136,-0.5118858845860768,2.7394710917337015,3.251356976319779,5.990828068053482
KXNBAGAME-25NOV19CHIPOR,2025-11-19,CHI,20251117,20251118,172,-0.15609113871895278,3.0525698568045,3.208660995523452,6.261230852327952
KXNBAGAME-25NOV19CHIPOR,2025-11-19,POR,20251117,20251118,152,-2.0923459476938957,2.382033311458928,4.474379259152823,6.856412570611749
KXNBAGAME-25NOV19DENNOP,2025-11-19,DEN,20251117,20251118,141,-0.6028375547906359,2.4413960469138374,3.044233601704473,5.485629648618309
KXNBAGAME-25NOV19DENNOP,2025-11-19,NOP,20251117,20251118,180,-0.5203807538305549,3.2946358280118617,3.8150165818424178,7.109652409854276
KXNBAGAME-25NOV19GSWMIA,2025-11-19,GSW,20251117,20251118,205,-0.08417622691799709,3.2879379437367624,3.372114170654759,6.6600521143915214
KXNBAGAME-25NOV19GSWMIA,2025-11-19,MIA,20251117,20251118,118,-1.9541365723567719,2.257864164276341,4.212000736633113,6.469864900909456
KXNBAGAME-25NOV19HOUCLE,2025-11-19,HOU,20251117,20251118,82,-0.3854705194050153,3.2373359591411655,3.6228064785461793,6.860142437687342
KXNBAGAME-25NOV19HOUCLE,2025-11-19,CLE,20251117,20251118,186,-1.6227637549619316,2.6139504080151714,4.236714162977103,6.850664570992274
KXNBAGAME-25NOV19NYKDAL,2025-11-19,NYK,20251117,20251118,132,-0.23419754151731872,2.916977720611777,3.1511752621290965,6.068152982740873
KXNBAGAME-25NOV19NYKDAL,2025-11-19,DAL,20251117,20251118,209,-0.7723722132811162,2.573082983957871,3.3454551972389868,5.918538181196858
KXNBAGAME-25NOV19SACOKC,2025-11-19,SAC,20251117,20251118,76,-0.8401687173581409,2.378112044116762,3.2182807614749027,5.596392805591666
KXNBAGAME-25NOV19SACOKC,2025-11-19,OKC,20251117,20251118,116,-0.7586777095054652,2.585099059352899,3.343776768858366,5.9288758282112655
KXNBAGAME-25NOV19TORPHI,2025-11-19,TOR,20251117,20251118,65,-1.2304492299762437,2.541339264370872,3.771788494347116,6.313127758717986
KXNBAGAME-25NOV19TORPHI,2025-11-19,PHI,20251117,20251118,0,,,,
KXNBAGAME-25NOV19WASMIN,2025-11-19,WAS,20251117,20251118,78,-0.07281941980716315,2.7556278286167717,2.8284472484239354,5.584075077040706
KXNBAGAME-25NOV19WASMIN,2025-11-19,MIN,20251117,20251118,108,-0.562748024482851,2.229519446114518,2.792267470597369,5.021786916711885
KXNBAGAME-25NOV20ATLSAS,2025-11-20,ATL,20251118,20251119,103,-0.5966271594944067,2.805208348429601,3.401835507924008,6.207043856353608
KXNBAGAME-25NOV20ATLSAS,2025-11-20,SAS,20251118,20251119,135,-1.3944582035241195,2.609986415114742,4.0044446186388605,6.614431033753601
KXNBAGAME-25NOV20LACORL,2025-11-20,LAC,20251118,20251119,111,-1.4937608774622668,2.529103411895975,4.0228642893582425,6.551967701254219
KXNBAGAME-25NOV20LACORL,2025-11-20,ORL,20251118,20251119,122,1.022461384401828,3.9008117900617663,2.8783504056599387,6.779162195721705
KXNBAGAME-25NOV20PHIMIL,2025-11-20,PHI,20251118,20251119,0,,,,
KXNBAGAME-25NOV20PHIMIL,2025-11-20,MIL,20251118,20251119,347,-3.606272659459832,1.462567276629101,5.068839936088931,6.531407212718031
KXNBAGAME-25NOV20SACMEM,2025-11-20,SAC,20251118,20251119,89,-0.993544919224523,2.836617373651518,3.8301622928760413,6.6667796665275585
KXNBAGAME-25NOV20SACMEM,2025-11-20,MEM,20251118,20251119,128,-1.4671093089781349,2.591517206174264,4.058626515152398,6.650143721326664
KXNBAGAME-25NOV21BKNBOS,2025-11-21,BKN,20251119,20251120,85,0.0935208551569654,2.768297456768104,2.6747766016111383,5.443074058379242
KXNBAGAME-25NOV21BKNBOS,2025-11-21,BOS,20251119,20251120,136,1.0554209359211966,3.161173086637473,2.1057521507162753,5.26692523735375
KXNBAGAME-25NOV21DENHOU,2025-11-21,DEN,20251119,20251120,118,-1.3342708753528298,2.605560931832806,3.9398318071856364,6.5453927390184425
KXNBAGAME-25NOV21DENHOU,2025-11-21,HOU,20251119,20251120,142,-0.7578522664931635,2.9864306454087064,3.744282911901871,6.730713557310578
KXNBAGAME-25NOV21INDCLE,2025-11-21,IND,20251119,20251120,125,-0.1642614278925931,2.642415663982556,2.806677091875148,5.449092755857704
KXNBAGAME-25NOV21INDCLE,2025-11-21,CLE,20251119,20251120,179,-1.2766823871338002,2.603139127664357,3.8798215147981576,6.4829606424625155
KXNBAGAME-25NOV21MIACHI,2025-11-21,MIA,20251119,20251120,122,-0.2490298604867794,3.073158757126164,3.322188617612943,6.3953473747391065
KXNBAGAME-25NOV21MIACHI,2025-11-21,CHI,20251119,20251120,136,-1.2843876952510436,2.638008537587816,3.9223962328388615,6.560404770426678
KXNBAGAME-25NOV21MINPHX,2025-11-21,MIN,20251119,20251120,134,0.09501790013998472,3.0025955921303344,2.9075776919903493,5.910173284120684
KXNBAGAME-25NOV21MINPHX,2025-11-21,PHX,20251119,20251120,167,-0.292548121264177,2.9534262434761165,3.245974364740293,6.199400608216408
KXNBAGAME-25NOV21NOPDAL,2025-11-21,NOP,20251119,20251120,40,-0.9274672057699942,2.833969454045837,3.761436659815831,6.595406113861671
KXNBAGAME-25NOV21NOPDAL,2025-11-21,DAL,20251119,20251120,172,-0.8520345808354017,2.461783052575787,3.3138176334111877,5.7756006859869755
KXNBAGAME-25NOV21OKCUTA,2025-11-21,OKC,20251119,20251120,117,-0.18289051971138176,2.856074707007743,3.038965226719124,5.895039933726868
KXNBAGAME-25NOV21OKCUTA,2025-11-21,UTA,20251119,20251120,229,0.5574053279951313,3.1478558099975085,2.5904504820023773,5.738306291999885
KXNBAGAME-25NOV21PORGSW,2025-11-21,POR,20251119,20251120,167,-1.4309343187357704,2.6090575723529703,4.039991891088743,6.649049463441713
KXNBAGAME-25NOV21PORGSW,2025-11-21,GSW,20251119,20251120,192,0.8331852464997077,3.704288842290395,2.871103595790687,6.575392438081081
KXNBAGAME-25NOV21WASTOR,2025-11-21,WAS,20251119,20251120,104,0.8884520279563817,3.188547355022045,2.3000953270656628,5.4886426820877094
KXNBAGAME-25NOV21WASTOR,2025-11-21,TOR,20251119,20251120,124,-0.6959254552060872,2.4578686432540984,3.153794098460184,5.611662741714282
KXNBAGAME-25NOV22ATLNOP,2025-11-22,ATL,20251120,20251121,107,-0.023723375297057536,2.6203860367110785,2.6441094120081363,5.264495448719213
KXNBAGAME-25NOV22ATLNOP,2025-11-22,NOP,20251120,20251121,63,-1.3800637137906415,2.318697843021323,3.6987615568119643,6.017459399833291
KXNBAGAME-25NOV22DETMIL,2025-11-22,DET,20251120,20251121,87,-0.1383440338100675,2.902823438786005,3.041167472596072,5.943990911382076
KXNBAGAME-25NOV22DETMIL,2025-11-22,MIL,20251120,20251121,169,-0.7748795879208247,2.875959007515534,3.6508385954363596,6.526797602951894
KXNBAGAME-25NOV22LACCHA,2025-11-22,LAC,20251120,20251121,150,-1.0967190877308233,2.878535333768581,3.975254421499404,6.853789755267985
KXNBAGAME-25NOV22LACCHA,2025-11-22,CHA,20251120,20251121,94,-0.5873177345575952,2.805249416392988,3.392567150950583,6.197816567343569
KXNBAGAME-25NOV22MEMDAL,2025-11-22,MEM,20251120,20251121,125,-2.091101462579159,2.6869148505749827,4.778016313154142,7.464931163729118
KXNBAGAME-25NOV22MEMDAL,2025-11-22,DAL,20251120,20251121,161,-0.1370829672407214,3.028075192066669,3.16515815930739,6.193233351374064
KXNBAGAME-25NOV22NYKORL,2025-11-22,NYK,20251120,20251121,203,0.19752553390670197,2.6735607600921565,2.476035226185454,5.149595986277612
KXNBAGAME-25NOV22NYKORL,2025-11-22,ORL,20251120,20251121,103,0.6257447899005092,3.7347596559219687,3.10901486602146,6.843774521943429
KXNBAGAME-25NOV22SACDEN,2025-11-22,SAC,20251120,20251121,137,-1.0369491427022062,2.7864286184778084,3.8233777611800153,6.609806379657825
KXNBAGAME-25NOV22SACDEN,2025-11-22,DEN,20251120,20251121,118,-0.03560810288728217,3.238703547856542,3.274311650743824,6.513015198600368
KXNBAGAME-25NOV22WASCHI,2025-11-22,WAS,20251120,20251121,66,0.19186512550605778,3.0883365640515033,2.8964714385454453,5.98480800259695
KXNBAGAME-25NOV22WASCHI,2025-11-22,CHI,20251120,20251121,138,-0.9027293123514333,2.692791773754691,3.595521086106127,6.288312859860817
KXNBAGAME-25NOV23BKNTOR,2025-11-23,BKN,20251121,20251122,59,-0.3865426007992307,2.281295107326864,2.667837708126094,4.949132815452959
KXNBAGAME-25NOV23BKNTOR,2025-11-23,TOR,20251121,20251122,127,-0.6891087922282788,2.766837609436843,3.4559464016651207,6.2227840111019646
KXNBAGAME-25NOV23CHAATL,2025-11-23,CHA,20251121,20251122,122,-0.9441675238474752,2.376005450308323,3.3201729741557977,5.6961784244641205
KXNBAGAME-25NOV23CHAATL,2025-11-23,ATL,20251121,20251122,77,-1.7822675750588086,1.9764322614211023,3.758699836479913,5.735132097901013
KXNBAGAME-25NOV23LACCLE,2025-11-23,LAC,20251121,20251122,195,-0.5718342004762004,2.9012692070427555,3.4731034075189555,6.37437261456171
KXNBAGAME-25NOV23LACCLE,2025-11-23,CLE,20251121,20251122,198,-0.7774694425694673,2.5286536224079557,3.306123064977423,5.83477668738538
KXNBAGAME-25NOV23LALUTA,2025-11-23,LAL,20251121,20251122,99,0.16402689357228908,2.7337223404856434,2.569695446913353,5.303417787398998
KXNBAGAME-25NOV23LALUTA,2025-11-23,UTA,20251121,20251122,122,-0.5080018826487562,2.4291033280475345,2.937105210696291,5.366208538743827
KXNBAGAME-25NOV23MIAPHI,2025-11-23,MIA,20251121,20251122,164,-0.3045173750303092,2.426177250919226,2.7306946259495337,5.15687187686876
KXNBAGAME-25NOV23MIAPHI,2025-11-23,PHI,20251121,20251122,0,,,,
KXNBAGAME-25NOV23ORLBOS,2025-11-23,ORL,20251121,20251122,103,-0.316383002468961,3.3163006130365327,3.6326836155054947,6.948984228542029
KXNBAGAME-25NOV23ORLBOS,2025-11-23,BOS,20251121,20251122,140,0.4676755120890619,2.6533185351399418,2.1856430230508805,4.838961558190824
KXNBAGAME-25NOV23POROKC,2025-11-23,POR,20251121,20251122,113,-1.366117527213548,3.159349030141597,4.525466557355145,7.684815587496741
KXNBAGAME-25NOV23POROKC,2025-11-23,OKC,20251121,20251122,192,1.016594604193451,3.0214169605528602,2.00482235635941,5.026239316912273
KXNBAGAME-25NOV23SASPHX,2025-11-23,SAS,20251121,20251122,168,-0.40907831159283237,2.3918190766668723,2.8008973882597052,5.192716464926578
KXNBAGAME-25NOV23SASPHX,2025-11-23,PHX,20251121,20251122,202,0.744697437032037,2.6832794246428473,1.9385819876108115,4.62186141225366
KXNBAGAME-25NOV24CHINOP,2025-11-24,CHI,20251122,20251123,89,0.028510257879915582,3.1221916987418066,3.093681440861891,6.215873139603699
KXNBAGAME-25NOV24CHINOP,2025-11-24,NOP,20251122,20251123,135,-1.8554960960888929,2.3262962751394194,4.181792371228313,6.508088646367732
KXNBAGAME-25NOV24CLETOR,2025-11-24,CLE,20251122,20251123,102,-2.167614573213559,2.1211688025087163,4.288783375722275,6.40995217823099
KXNBAGAME-25NOV24CLETOR,2025-11-24,TOR,20251122,20251123,106,0.35548822558793486,3.2394436444440284,2.8839554188560914,6.123399063300117
KXNBAGAME-25NOV24DALMIA,2025-11-24,DAL,20251122,20251123,126,-1.6934982136914776,2.4559626789921314,4.1494608926836065,6.605423571675738
KXNBAGAME-25NOV24DALMIA,2025-11-24,MIA,20251122,20251123,118,-1.1870089801394597,2.393980782031785,3.580989762171244,5.97497054420303
KXNBAGAME-25NOV24DENMEM,2025-11-24,DEN,20251122,20251123,194,0.08856991909417569,3.114671100634719,3.026101181540544,6.140772282175263
KXNBAGAME-25NOV24DENMEM,2025-11-24,MEM,20251122,20251123,81,-3.009300712426442,2.117409997000453,5.1267107094268916,7.244120706427346
KXNBAGAME-25NOV24DETIND,2025-11-24,DET,20251122,20251123,122,0.6489273426367947,3.2811659571121483,2.6322386144753547,5.913404571587504
KXNBAGAME-25NOV24DETIND,2025-11-24,IND,20251122,20251123,57,-1.0271182794862996,2.474421215123626,3.5015394946099256,5.9759607097335525
KXNBAGAME-25NOV24HOUPHX,2025-11-24,HOU,20251122,20251123,105,1.0170383873619064,3.3096515698949345,2.292613182533028,5.6022647524279625
KXNBAGAME-25NOV24HOUPHX,2025-11-24,PHX,20251122,20251123,163,0.38011578660361667,3.3473914896974377,2.967275703093822,6.314667192791262
KXNBAGAME-25NOV24MINSAC,2025-11-24,MIN,20251122,20251123,66,-0.43771174083474235,2.947646364508503,3.3853581053432484,6.333004469851753
KXNBAGAME-25NOV24MINSAC,2025-11-24,SAC,20251122,20251123,79,-1.5833319772115921,2.546151164667519,4.12948314187911,6.675634306546627
KXNBAGAME-25NOV24NYKBKN,2025-11-24,NYK,20251122,20251123,73,0.9628088219756354,3.5238167334350665,2.5610079114594324,6.0848246448945
KXNBAGAME-25NOV24NYKBKN,2025-11-24,BKN,20251122,20251123,57,-0.08199776659800967,2.286137090154946,2.3681348567529557,4.654271946907901
KXNBAGAME-25NOV24PORMIL,2025-11-24,POR,20251122,20251123,122,-0.9506555174072631,3.175096988014075,4.125752505421337,7.300849493435413
KXNBAGAME-25NOV24PORMIL,2025-11-24,MIL,20251122,20251123,122,-0.01855174243206245,2.654676691590621,2.6732284340226835,5.327905125613304
KXNBAGAME-25NOV24UTAGSW,2025-11-24,UTA,20251122,20251123,81,-0.6993585533303357,2.242597483225461,2.9419560365557977,5.184553519781262
KXNBAGAME-25NOV24UTAGSW,2025-11-24,GSW,20251122,20251123,168,0.8956933962560087,3.5486869520918627,2.652993555835854,6.2016805079277155
KXNBAGAME-25NOV25ATLWAS,2025-11-25,ATL,20251123,20251124,183,-0.6380429440723925,2.7849520636157186,3.422995007688111,6.207947071303828
KXNBAGAME-25NOV25ATLWAS,2025-11-25,WAS,20251123,20251124,83,0.46495460026200885,3.430987299055673,2.966032698793665,6.397019997849338
KXNBAGAME-25NOV25LACLAL,2025-11-25,LAC,20251123,20251124,263,-0.45955831064231806,3.081326399851295,3.5408847104936134,6.62221111034491
KXNBAGAME-25NOV25LACLAL,2025-11-25,LAL,20251123,20251124,211,-1.2740615456425444,2.7904119726546623,4.064473518297205,6.85488549095187
KXNBAGAME-25NOV25ORLPHI,2025-11-25,ORL,20251123,20251124,157,0.07120829879919957,3.3730022377772677,3.301793938978069,6.674796176755338
KXNBAGAME-25NOV25ORLPHI,2025-11-25,PHI,20251123,20251124,0,,,,
KXNBAGAME-25NOV26DETBOS,2025-11-26,DET,20251124,20251125,452,-3.907169616752332,2.6752721488635043,6.582441765615833,9.25771391447934
KXNBAGAME-25NOV26DETBOS,2025-11-26,BOS,20251124,20251125,356,-4.172809921253062,2.8239062447952286,6.996716166048287,9.820622410843518
KXNBAGAME-25NOV26HOUGSW,2025-11-26,HOU,20251124,20251125,128,-0.5671813733369131,2.395603427975905,2.962784801312817,5.358388229288721
KXNBAGAME-25NOV26HOUGSW,2025-11-26,GSW,20251124,20251125,119,-0.5412650717722264,2.954977362884221,3.4962424346564474,6.451219797540666
KXNBAGAME-25NOV26INDTOR,2025-11-26,IND,20251124,20251125,159,-0.9488344575924026,2.5519229462892064,3.5007574038816083,6.0526803501708155
KXNBAGAME-25NOV26INDTOR,2025-11-26,TOR,20251124,20251125,354,-4.32656868765473,2.6473520254999885,6.973920713154714,9.621272738654705
KXNBAGAME-25NOV26MEMNOP,2025-11-26,MEM,20251124,20251125,89,-1.3873784753925276,2.9181438253146554,4.305522300707183,7.22366612602184
KXNBAGAME-25NOV26MEMNOP,2025-11-26,NOP,20251124,20251125,41,-1.0374917174464766,2.4179914358900154,3.455483153336494,5.873474589226512
KXNBAGAME-25NOV26MILMIA,2025-11-26,MIL,20251124,20251125,123,-1.2349553811261946,2.544681623722775,3.7796370048489702,6.324318628571746
KXNBAGAME-25NOV26MILMIA,2025-11-26,MIA,20251124,20251125,430,-4.0341197991839355,2.538258001485201,6.572377800669134,9.110635802154336
KXNBAGAME-25NOV26MINOKC,2025-11-26,MIN,20251124,20251125,329,-4.517484315907534,2.518384900853773,7.035869216761304,9.554254117615079
KXNBAGAME-25NOV26MINOKC,2025-11-26,OKC,20251124,20251125,130,0.27998368637120785,3.264024739706209,2.9840410533350012,6.24806579304121
KXNBAGAME-25NOV26NYKCHA,2025-11-26,NYK,20251124,20251125,340,-4.656266637251292,2.556843184802702,7.21310982205399,9.769953006856694
KXNBAGAME-25NOV26NYKCHA,2025-11-26,CHA,20251124,20251125,107,-0.3127586858011502,2.7191038545444566,3.0318625403456085,5.750966394890065
KXNBAGAME-25NOV26PHXSAC,2025-11-26,PHX,20251124,20251125,134,-0.5187886717737311,2.5194832815112322,3.038271953284962,5.557755234796194
KXNBAGAME-25NOV26PHXSAC,2025-11-26,SAC,20251124,20251125,81,-0.08420317099843061,2.6454011317917527,2.729604302790183,5.3750054345819365
KXNBAGAME-25NOV26SASPOR,2025-11-26,SAS,20251124,20251125,97,-1.2076197322934736,2.4188108025991957,3.6264305348926693,6.0452413374918645
KXNBAGAME-25NOV26SASPOR,2025-11-26,POR,20251124,20251125,497,-5.296364362531299,2.4678394932938916,7.764203855825186,10.232043349119078
KXNBAGAME-25NOV28CHICHA,2025-11-28,CHI,20251126,20251127,50,2.1335159120784986,4.467525216752949,2.334009304674451,6.801534521427399
KXNBAGAME-25NOV28CHICHA,2025-11-28,CHA,20251126,20251127,65,-0.7773184472185835,2.346893222208678,3.1242116694272615,5.471104891635939
KXNBAGAME-25NOV28CLEATL,2025-11-28,CLE,20251126,20251127,43,-1.0227284315161955,2.6784939951878037,3.7012224267039993,6.379716421891803
KXNBAGAME-25NOV28CLEATL,2025-11-28,ATL,20251126,20251127,52,0.3132990032336464,3.4844775716424046,3.1711785684087586,6.655656140051163
KXNBAGAME-25NOV28DALLAL,2025-11-28,DAL,20251126,20251127,88,-0.73312324232268,2.6442081395812,3.377331381903881,6.0215395214850815
KXNBAGAME-25NOV28DALLAL,2025-11-28,LAL,20251126,20251127,174,0.35686763165974567,3.257872532438138,2.9010049007783936,6.158877433216533
KXNBAGAME-25NOV28MEMLAC,2025-11-28,MEM,20251126,20251127,79,-0.9864447755792709,2.791567575576334,3.778012351155608,6.569579926731944
KXNBAGAME-25NOV28MEMLAC,2025-11-28,LAC,20251126,20251127,124,-0.3636639679383185,3.1240731103983768,3.487737078336696,6.6118101887350775
KXNBAGAME-25NOV28MILNYK,2025-11-28,MIL,20251126,20251127,97,-0.6297755822230837,2.5838945319537814,3.213670114176865,5.797564646130647
KXNBAGAME-25NOV28MILNYK,2025-11-28,NYK,20251126,20251127,75,-0.6791435549460014,2.622136763890529,3.3012803188365294,5.923417082727058
KXNBAGAME-25NOV28ORLDET,2025-11-28,ORL,20251126,20251127,98,0.5158715071104975,3.6542915523377415,3.1384200452272446,6.792711597564985
KXNBAGAME-25NOV28ORLDET,2025-11-28,DET,20251126,20251127,82,0.8616054746588359,3.9925414024058656,3.130935927747029,7.123477330152895
KXNBAGAME-25NOV28PHIBKN,2025-11-28,PHI,20251126,20251127,0,,,,
KXNBAGAME-25NOV28PHIBKN,2025-11-28,BKN,20251126,20251127,28,-0.7717215752379563,2.6332538190410206,3.404975394278975,6.038229213319999
KXNBAGAME-25NOV28PHXOKC,2025-11-28,PHX,20251126,20251127,119,-0.647184910286036,2.5344829609938193,3.181667871279854,5.716150832273673
KXNBAGAME-25NOV28PHXOKC,2025-11-28,OKC,20251126,20251127,138,-0.33071000023439945,2.884040645800554,3.214750646034953,6.098791291835507
KXNBAGAME-25NOV28SACUTA,2025-11-28,SAC,20251126,20251127,77,-0.5701727758633124,2.2979771232073825,2.8681498990706946,5.166127022278076
KXNBAGAME-25NOV28SACUTA,2025-11-28,UTA,20251126,20251127,68,0.6478057431890902,3.673460718627963,3.025654975438872,6.699115694066837
KXNBAGAME-25NOV28SASDEN,2025-11-28,SAS,20251126,20251127,102,-1.3597544745019374,2.6857152513524185,4.045469725854356,6.731184977206776
KXNBAGAME-25NOV28SASDEN,2025-11-28,DEN,20251126,20251127,134,-1.3197055208129838,2.550335732415741,3.870041253228726,6.420376985644468
KXNBAGAME-25NOV28WASIND,2025-11-28,WAS,20251126,20251127,36,0.6796991739868021,4.121678940824172,3.4419797668373686,7.563658707661542
KXNBAGAME-25NOV28WASIND,2025-11-28,IND,20251126,20251127,69,0.7610473003631328,3.1867247719156535,2.42567747155252,5.612402243468175
KXNBAGAME-25NOV29BKNMIL,2025-11-29,BKN,20251127,20251128,80,-1.0453558380019503,2.3398731735432747,3.3852290115452255,5.725102185088499
KXNBAGAME-25NOV29BKNMIL,2025-11-29,MIL,20251127,20251128,98,-0.2660734367506059,2.754869184544209,3.0209426212948154,5.775811805839023
KXNBAGAME-25NOV29BOSMIN,2025-11-29,BOS,20251127,20251128,79,0.21168567152586826,3.6512407272271616,3.4395550557012937,7.090795782928462
KXNBAGAME-25NOV29BOSMIN,2025-11-29,MIN,20251127,20251128,85,-0.372045279694536,3.472396979590413,3.844442259284949,7.316839238875367
KXNBAGAME-25NOV29CHIIND,2025-11-29,CHI,20251127,20251128,60,0.49553183300916903,3.4925776036401244,2.9970457706309546,6.489623374271077
KXNBAGAME-25NOV29CHIIND,2025-11-29,IND,20251127,20251128,68,0.15003161937089732,3.4536284440786087,3.303596824707712,6.757225268786321
KXNBAGAME-25NOV29DALLAC,2025-11-29,DAL,20251127,20251128,97,-0.7334723955620956,2.422735057075304,3.1562074526373993,5.578942509712704
KXNBAGAME-25NOV29DALLAC,2025-11-29,LAC,20251127,20251128,105,-0.5877571582695782,2.8295897876069174,3.4173469458764965,6.24693673348342
KXNBAGAME-25NOV29DENPHX,2025-11-29,DEN,20251127,20251128,142,-0.5853983859859374,2.7390405079897473,3.324438893975686,6.063479401965434
KXNBAGAME-25NOV29DENPHX,2025-11-29,PHX,20251127,20251128,136,-0.15501383640600058,2.6790174923645353,2.834031328770535,5.513048821135072
KXNBAGAME-25NOV29DETMIA,2025-11-29,DET,20251127,20251128,47,0.49282252572575336,3.8751765722292486,3.3823540465034956,7.257530618732749
KXNBAGAME-25NOV29DETMIA,2025-11-29,MIA,20251127,20251128,54,-0.7243097062641961,2.7703569384788067,3.4946666447430026,6.265023583221815
KXNBAGAME-25NOV29NOPGSW,2025-11-29,NOP,20251127,20251128,91,-1.0878865064111651,2.7294015505679923,3.8172880569791596,6.546689607547153
KXNBAGAME-25NOV29NOPGSW,2025-11-29,GSW,20251127,20251128,120,-0.5536206252517418,3.49746405093989,4.051084676191632,7.548548727131523
KXNBAGAME-25NOV29TORCHA,2025-11-29,TOR,20251127,20251128,72,-0.48725405136504696,2.8526801944520317,3.3399342458170795,6.192614440269114
KXNBAGAME-25NOV29TORCHA,2025-11-29,CHA,20251127,20251128,78,-1.3079440979731434,2.1269505107624935,3.434894608735638,5.561845119498131
KXNBAGAME-25NOV30ATLPHI,2025-11-30,ATL,20251128,20251129,91,-1.7311726163693575,2.398549776190926,4.129722392560285,6.5282721687512115
KXNBAGAME-25NOV30ATLPHI,2025-11-30,PHI,20251128,20251129,0,,,,
KXNBAGAME-25NOV30BOSCLE,2025-11-30,BOS,20251128,20251129,84,0.008693752780637228,3.4831562782907763,3.4744625255101393,6.957618803800923
KXNBAGAME-25NOV30BOSCLE,2025-11-30,CLE,20251128,20251129,136,-1.2710445016168268,2.4572723258250324,3.728316827441861,6.185589153266896
KXNBAGAME-25NOV30HOUUTA,2025-11-30,HOU,20251128,20251129,51,-0.6346157163845555,3.27107600836355,3.905691724748106,7.176767733111657
KXNBAGAME-25NOV30HOUUTA,2025-11-30,UTA,20251128,20251129,68,-1.722541278434426,1.8677473192056095,3.5902885976400336,5.458035916845645
KXNBAGAME-25NOV30MEMSAC,2025-11-30,MEM,20251128,20251129,164,-0.7379889440535273,2.303676385582208,3.0416653296357348,5.345341715217943
KXNBAGAME-25NOV30MEMSAC,2025-11-30,SAC,20251128,20251129,93,-1.604809132322014,1.9430473383667453,3.5478564706887585,5.4909038090555065
KXNBAGAME-25NOV30NOPLAL,2025-11-30,NOP,20251128,20251129,80,-0.8174699674893735,2.7401655244322156,3.5576354919215905,6.297801016353805
KXNBAGAME-25NOV30NOPLAL,2025-11-30,LAL,20251128,20251129,220,-0.0743439902785502,2.851088973738865,2.9254329640174164,5.77652193775628
KXNBAGAME-25NOV30OKCPOR,2025-11-30,OKC,20251128,20251129,115,-0.7440878069174386,2.695922439343419,3.4400102462608553,6.135932685604275
KXNBAGAME-25NOV30OKCPOR,2025-11-30,POR,20251128,20251129,38,-1.9295997754567367,3.1070493639910515,5.036649139447786,8.143698503438841
KXNBAGAME-25NOV30SASMIN,2025-11-30,SAS,20251128,20251129,98,0.3679654358003708,3.084079718984971,2.7161142831845986,5.800194002169569
KXNBAGAME-25NOV30SASMIN,2025-11-30,MIN,20251128,20251129,69,-0.476868721419339,3.1306818087250887,3.6075505301444277,6.738232338869523
KXNBAGAME-25NOV30TORNYK,2025-11-30,TOR,20251128,20251129,89,-0.7217616550494755,3.121930160745327,3.843691815794804,6.965621976540135
KXNBAGAME-25NOV30TORNYK,2025-11-30,NYK,20251128,20251129,120,0.4026752863890263,3.4438011859705204,3.0411258995814947,6.484927085552015
KXNBAGAME-25OCT10BOSTOR,2025-10-10,BOS,20251008,20251009,135,1.5435189321384593,3.5829160265420033,2.0393970944035424,5.622313120945545
KXNBAGAME-25OCT10BOSTOR,2025-10-10,TOR,20251008,20251009,19,0.7489391212853286,2.8263467093324257,2.0774075880470955,4.903754297379521
KXNBAGAME-25OCT10ORLPHI,2025-10-10,ORL,20251008,20251009,26,1.2147354861875879,3.900348584620328,2.68561309843274,6.585961683053066
KXNBAGAME-25OCT10ORLPHI,2025-10-10,PHI,20251008,20251009,0,,,,
KXNBAGAME-25OCT10PHXBKN,2025-10-10,PHX,20251008,20251009,53,0.3277586473757154,3.2085313653437644,2.880772717968049,6.089304083311813
KXNBAGAME-25OCT10PHXBKN,2025-10-10,BKN,20251008,20251009,59,0.7642143690394794,3.4142532869596707,2.6500389179201913,6.064292204879862
KXNBAGAME-25OCT10SACPOR,2025-10-10,SAC,20251008,20251009,29,0.8538834440666275,2.9582982492916052,2.1044148052249767,5.062713054516582
KXNBAGAME-25OCT10SACPOR,2025-10-10,POR,20251008,20251009,53,-0.20274300942669515,2.8848315281330827,3.087574537559777,5.972406065692859
KXNBAGAME-25OCT10UTASAS,2025-10-10,UTA,20251008,20251009,75,0.9933569693875332,3.571026927351741,2.577669957964207,6.148696885315946
KXNBAGAME-25OCT10UTASAS,2025-10-10,SAS,20251008,20251009,32,1.178659776258097,3.9171955348459244,2.738535758587826,6.65573129343375
KXNBAGAME-25OCT11ATLMEM,2025-10-11,ATL,20251009,20251010,17,0.9668138736981715,3.1941325526934317,2.2273186789952604,5.4214512316886925
KXNBAGAME-25OCT11ATLMEM,2025-10-11,MEM,20251009,20251010,35,0.41385697763807566,3.2356993908916314,2.821842413253557,6.05754180414519
KXNBAGAME-25OCT11CHADAL,2025-10-11,CHA,20251009,20251010,25,0.8945310646064054,3.0243632065887165,2.1298321419823107,5.154195348571028
KXNBAGAME-25OCT11CHADAL,2025-10-11,DAL,20251009,20251010,57,0.9262934316524727,3.270719966301524,2.344426534649052,5.615146500950575
KXNBAGAME-25OCT11OKCIND,2025-10-11,OKC,20251009,20251010,73,0.5006982164575521,2.9641176029196217,2.4634193864620704,5.427536989381693
KXNBAGAME-25OCT11OKCIND,2025-10-11,IND,20251009,20251010,61,0.06767813878027848,2.5507125365774304,2.4830343977971525,5.033746934374581
KXNBAGAME-25OCT12BKNPHX,2025-10-12,BKN,20251010,20251011,90,-0.43799361143884274,2.690829108132343,3.1288227195711844,5.819651827703528
KXNBAGAME-25OCT12BKNPHX,2025-10-12,PHX,20251010,20251011,60,1.150360066850511,2.8226374407265036,1.6722773738759926,4.494914814602497
KXNBAGAME-25OCT12CLEBOS,2025-10-12,CLE,20251010,20251011,62,0.2710673034777946,3.028893750339246,2.7578264468614506,5.786720197200694
KXNBAGAME-25OCT12CLEBOS,2025-10-12,BOS,20251010,20251011,111,-0.7811590293742792,2.2085077650209897,2.9896667943952684,5.198174559416258
KXNBAGAME-25OCT12DENLAC,2025-10-12,DEN,20251010,20251011,39,-2.608118320182433,2.5232396869644886,5.131358007146905,7.654597694111397
KXNBAGAME-25OCT12DENLAC,2025-10-12,LAC,20251010,20251011,41,0.35679535572047816,3.517889041715706,3.161093685995226,6.678982727710935
KXNBAGAME-25OCT12GSWLAL,2025-10-12,GSW,20251010,20251011,114,0.40719848726633256,3.130514461326195,2.7233159740598625,5.853830435386056
KXNBAGAME-25OCT12GSWLAL,2025-10-12,LAL,20251010,20251011,124,0.3905687809215301,2.858374460937825,2.4678056800162955,5.32618014095412
KXNBAGAME-25OCT12MIAORL,2025-10-12,MIA,20251010,20251011,59,-0.32120452958964607,2.2478285384724357,2.569033068062084,4.816861606534519
KXNBAGAME-25OCT12MIAORL,2025-10-12,ORL,20251010,20251011,45,1.0078284608807193,3.7883413887030066,2.7805129278222873,6.568854316525295
KXNBAGAME-25OCT12MILCHI,2025-10-12,MIL,20251010,20251011,64,0.4310924219671512,2.9700322540888013,2.5389398321216503,5.508972086210453
KXNBAGAME-25OCT12MILCHI,2025-10-12,CHI,20251010,20251011,101,-0.09068663879752345,2.7870383834879777,2.8777250222855004,5.664763405773479
KXNBAGAME-25OCT12TORWAS,2025-10-12,TOR,20251010,20251011,19,-0.07684335819608042,2.795573360893729,2.8724167190898093,5.6679900799835385
KXNBAGAME-25OCT12TORWAS,2025-10-12,WAS,20251010,20251011,49,-0.709693401699618,2.7700692687440513,3.4797626704436686,6.24983193918772
KXNBAGAME-25OCT13DALUTA,2025-10-13,DAL,20251011,20251012,51,0.27071511767502265,2.371074573257546,2.1003594555825242,4.471434028840069
KXNBAGAME-25OCT13DALUTA,2025-10-13,UTA,20251011,20251012,8,0.36115734243505293,2.632959409826581,2.2718020673915302,4.904761477218111
KXNBAGAME-25OCT13GUAMIN,2025-10-13,GUA,20251011,20251012,0,,,,
KXNBAGAME-25OCT13GUAMIN,2025-10-13,MIN,20251011,20251012,17,0.37905801215721013,2.8629562087326113,2.483898196575401,5.346854405308013
KXNBAGAME-25OCT13MIAATL,2025-10-13,MIA,20251011,20251012,35,0.06461305376834722,2.482054612782876,2.417441559014531,4.8994961717974075
KXNBAGAME-25OCT13MIAATL,2025-10-13,ATL,20251011,20251012,7,0.22188322105025174,2.6611422554020767,2.439259034351826,5.100401289753908
KXNBAGAME-25OCT13SASIND,2025-10-13,SAS,20251011,20251012,29,0.8768659818961753,3.1467148733311667,2.269848891434994,5.416563764766162
KXNBAGAME-25OCT13SASIND,2025-10-13,IND,20251011,20251012,19,-0.16252121282924836,2.3918683473127906,2.554389560142039,4.94625790745483
KXNBAGAME-25OCT13WASNYK,2025-10-13,WAS,20251011,20251012,21,0.33055932271928135,3.325112622363161,2.994553299643881,6.319665922007044
KXNBAGAME-25OCT13WASNYK,2025-10-13,NYK,20251011,20251012,28,-0.0847716121685847,3.2244929256818895,3.309264537850475,6.533757463532366
KXNBAGAME-25OCT14CHIDEN,2025-10-14,CHI,20251012,20251013,45,0.5303139239936213,3.1209284660286913,2.5906145420350697,5.711543008063761
KXNBAGAME-25OCT14CHIDEN,2025-10-14,DEN,20251012,20251013,28,1.1339693837888456,3.4043530613466957,2.2703836775578523,5.6747367389045476
KXNBAGAME-25OCT14DETCLE,2025-10-14,DET,20251012,20251013,16,-0.15343700113059733,2.516565930978598,2.6700029321091954,5.186568863087795
KXNBAGAME-25OCT14DETCLE,2025-10-14,CLE,20251012,20251013,18,0.74701132909258,3.2334546901415964,2.4864433610490173,5.719898051190615
KXNBAGAME-25OCT14GSWPOR,2025-10-14,GSW,20251012,20251013,60,-0.487557816916725,2.699561741312907,3.187119558229633,5.886681299542541
KXNBAGAME-25OCT14GSWPOR,2025-10-14,POR,20251012,20251013,21,-0.42995020258327854,2.46414168395495,2.89409188653823,5.358233570493182
KXNBAGAME-25OCT14HOUNOP,2025-10-14,HOU,20251012,20251013,37,0.7770909730491946,2.9892047806686097,2.2121138076194153,5.201318588288025
KXNBAGAME-25OCT14HOUNOP,2025-10-14,NOP,20251012,20251013,4,1.0114452286473878,3.3551407108116518,2.3436954821642653,5.698836192975916
KXNBAGAME-25OCT14LALPHX,2025-10-14,LAL,20251012,20251013,118,0.9037737477347605,3.159331844716779,2.2555580969820186,5.414889941698796
KXNBAGAME-25OCT14LALPHX,2025-10-14,PHX,20251012,20251013,50,0.8656305857444518,3.0225668898185503,2.1569363040740996,5.179503193892651
KXNBAGAME-25OCT14OKCMIL,2025-10-14,OKC,20251012,20251013,29,0.4796577987386531,2.764564681019405,2.284906882280752,5.049471563300156
KXNBAGAME-25OCT14OKCMIL,2025-10-14,MIL,20251012,20251013,92,-0.021137814761507168,1.986589148182448,2.0077269629439556,3.9943161111264045
KXNBAGAME-25OCT15DALLAL,2025-10-15,DAL,20251013,20251014,129,0.7663380666257813,2.5671097284949402,1.8007716618691603,4.3678813903641
KXNBAGAME-25OCT15DALLAL,2025-10-15,LAL,20251013,20251014,186,0.917182893618111,2.8964331733870337,1.979250279768923,4.875683453155958
KXNBAGAME-25OCT15LACSAC,2025-10-15,LAC,20251013,20251014,51,1.2106787130906136,3.7969864506066147,2.586307737516001,6.3832941881226155
KXNBAGAME-25OCT15LACSAC,2025-10-15,SAC,20251013,20251014,49,0.08421911703920372,2.5103979022520084,2.426178785212806,4.936576687464815
KXNBAGAME-25OCT15MEMCHA,2025-10-15,MEM,20251013,20251014,21,-0.6276150457851057,2.9043428140495724,3.5319578598346784,6.436300673884253
KXNBAGAME-25OCT15MEMCHA,2025-10-15,CHA,20251013,20251014,17,-0.1725072084928541,2.3602261445316577,2.5327333530245126,4.892959497556171
KXNBAGAME-25OCT15TORBOS,2025-10-15,TOR,20251013,20251014,36,1.121488729823297,3.2704973298098228,2.1490085999865265,5.41950592979635
KXNBAGAME-25OCT15TORBOS,2025-10-15,BOS,20251013,20251014,40,-0.07049614779651808,2.9938310037716436,3.064327151568163,6.058158155339808
KXNBAGAME-25OCT16HOUATL,2025-10-16,HOU,20251014,20251015,75,1.0780072704103791,3.5576774153724564,2.4796701449620775,6.037347560334535
KXNBAGAME-25OCT16HOUATL,2025-10-16,ATL,20251014,20251015,35,1.2435167439682182,3.796012409364069,2.552495665395851,6.348508074759922
KXNBAGAME-25OCT16MINCHI,2025-10-16,MIN,20251014,20251015,36,0.12068656457219831,3.473195744839158,3.35250918026696,6.82570492510612
KXNBAGAME-25OCT16MINCHI,2025-10-16,CHI,20251014,20251015,81,0.3075087291762683,3.012811109282959,2.7053023801066916,5.718113489389651
KXNBAGAME-25OCT16NOPORL,2025-10-16,NOP,20251014,20251015,16,0.3710443485530489,3.4363860459664246,3.065341697413375,6.501727743379801
KXNBAGAME-25OCT16NOPORL,2025-10-16,ORL,20251014,20251015,36,0.7159278213459962,3.778126689739671,3.062198868393676,6.8403255581333475
KXNBAGAME-25OCT16PORUTA,2025-10-16,POR,20251014,20251015,56,0.07218320493376523,3.436840950989144,3.3646577460553795,6.801498697044524
KXNBAGAME-25OCT16PORUTA,2025-10-16,UTA,20251014,20251015,58,-0.0561383173640026,2.8523277730253493,2.908466090389352,5.760793863414703
KXNBAGAME-25OCT16WASDET,2025-10-16,WAS,20251014,20251015,59,2.2705484493011374,4.459323403053876,2.1887749537527377,6.648098356806615
KXNBAGAME-25OCT16WASDET,2025-10-16,DET,20251014,20251015,42,0.6005035192124191,3.1168756866039926,2.516372167391574,5.633247853995567
KXNBAGAME-25OCT17BKNTOR,2025-10-17,BKN,20251015,20251016,93,1.0782003190461016,2.946882876307515,1.8686825572614134,4.815565433568929
KXNBAGAME-25OCT17BKNTOR,2025-10-17,TOR,20251015,20251016,56,1.0465193101121948,3.0268508999852406,1.9803315898730465,5.007182489858288
KXNBAGAME-25OCT17CHANYK,2025-10-17,CHA,20251015,20251016,57,0.778409521961962,2.8371396190351827,2.058730097073221,4.895869716108403
KXNBAGAME-25OCT17CHANYK,2025-10-17,NYK,20251015,20251016,147,1.1044868214469832,3.3047984824378416,2.2003116609908577,5.505110143428701
KXNBAGAME-25OCT17DENOKC,2025-10-17,DEN,20251015,20251016,102,1.167779064677935,3.0485610952818156,1.8807820306038803,4.929343125885694
KXNBAGAME-25OCT17DENOKC,2025-10-17,OKC,20251015,20251016,97,1.571966807920805,3.4183616323087977,1.846394824387993,5.264756456696791
KXNBAGAME-25OCT17INDSAS,2025-10-17,IND,20251015,20251016,72,1.545434817127695,3.7406703743772436,2.1952355572495468,5.935905931626792
KXNBAGAME-25OCT17INDSAS,2025-10-17,SAS,20251015,20251016,48,1.699069708180776,3.589204924583737,1.8901352164029617,5.4793401409867
KXNBAGAME-25OCT17LACGSW,2025-10-17,LAC,20251015,20251016,126,1.744151176673944,3.0680758100670404,1.3239246333930965,4.392000443460135
KXNBAGAME-25OCT17LACGSW,2025-10-17,GSW,20251015,20251016,165,1.085100164430516,3.319210330069728,2.234110165639212,5.55332049570894
KXNBAGAME-25OCT17MEMMIA,2025-10-17,MEM,20251015,20251016,25,-0.7194754110426056,2.6305318666268342,3.35000727766944,5.980539144296273
KXNBAGAME-25OCT17MEMMIA,2025-10-17,MIA,20251015,20251016,35,0.833025947058603,3.3610462676652384,2.5280203206066365,5.889066588271875
KXNBAGAME-25OCT17MINPHI,2025-10-17,MIN,20251015,20251016,45,0.5320278695204167,3.464074587844442,2.9320467183240257,6.396121306168469
KXNBAGAME-25OCT17MINPHI,2025-10-17,PHI,20251015,20251016,0,,,,
KXNBAGAME-25OCT17SACLAL,2025-10-17,SAC,20251015,20251016,181,1.4319483217083042,3.1262941180508967,1.6943457963425923,4.820639914393488
KXNBAGAME-25OCT17SACLAL,2025-10-17,LAL,20251015,20251016,276,1.6810999514548386,3.498834194963698,1.8177342435088597,5.316568438472558
KXNBAGAME-25OCT21GSWLAL,2025-10-21,GSW,20251019,20251020,108,1.2922960802896155,3.5438310478526516,2.2515349675630367,5.795366015415689
KXNBAGAME-25OCT21GSWLAL,2025-10-21,LAL,20251019,20251020,92,0.8923213586710866,3.281739625220009,2.3894182665489225,5.67115789176893
KXNBAGAME-25OCT21HOUOKC,2025-10-21,HOU,20251019,20251020,126,1.2097948194282273,3.1217533665441777,1.911958547115951,5.033711913660129
KXNBAGAME-25OCT21HOUOKC,2025-10-21,OKC,20251019,20251020,133,1.367650816640657,3.1897585685021834,1.8221077518615276,5.011866320363712
KXNBAGAME-25OCT22BKNCHA,2025-10-22,BKN,20251020,20251021,51,0.5286103950823844,2.823469761413234,2.29485936633085,5.118329127744085
KXNBAGAME-25OCT22BKNCHA,2025-10-22,CHA,20251020,20251021,35,0.5207503208504083,3.1421108930769286,2.6213605722265214,5.763471465303452
KXNBAGAME-25OCT22CLENYK,2025-10-22,CLE,20251020,20251021,105,0.7966635878869576,3.513542905969326,2.716879318082369,6.230422224051695
KXNBAGAME-25OCT22CLENYK,2025-10-22,NYK,20251020,20251021,118,0.28492878029464136,2.8740663161949525,2.589137535900311,5.463203852095264
KXNBAGAME-25OCT22DETCHI,2025-10-22,DET,20251020,20251021,43,0.14958482630808784,2.741939554487229,2.5923547281791413,5.33429428266637
KXNBAGAME-25OCT22DETCHI,2025-10-22,CHI,20251020,20251021,90,0.024632554291287904,2.6011427228943305,2.5765101686030443,5.177652891497376
KXNBAGAME-25OCT22LACUTA,2025-10-22,LAC,20251020,20251021,76,0.2998731626462127,3.3634509364173244,3.063577773771112,6.427028710188435
KXNBAGAME-25OCT22LACUTA,2025-10-22,UTA,20251020,20251021,50,0.3460162676303955,3.3103655737712145,2.964349306140819,6.274714879912035
KXNBAGAME-25OCT22MIAORL,2025-10-22,MIA,20251020,20251021,60,0.999236743213316,3.5049955332301144,2.505758790016798,6.010754323246914
KXNBAGAME-25OCT22MIAORL,2025-10-22,ORL,20251020,20251021,86,0.9137636820866533,3.2190972925707833,2.305333610484129,5.524430903054914
KXNBAGAME-25OCT22MINPOR,2025-10-22,MIN,20251020,20251021,103,1.0403376965525388,3.3652594382718144,2.324921741719276,5.690181179991091
KXNBAGAME-25OCT22MINPOR,2025-10-22,POR,20251020,20251021,91,0.061227219054714954,2.7853119295488735,2.72408471049416,5.509396640043034
KXNBAGAME-25OCT22NOPMEM,2025-10-22,NOP,20251020,20251021,16,-0.46466523415434935,3.063305786670835,3.5279710208251847,6.591276807496019
KXNBAGAME-25OCT22NOPMEM,2025-10-22,MEM,20251020,20251021,39,-0.6501229771453052,2.7126144769262748,3.362737454071583,6.07535193099786
KXNBAGAME-25OCT22PHIBOS,2025-10-22,PHI,20251020,20251021,0,,,,
KXNBAGAME-25OCT22PHIBOS,2025-10-22,BOS,20251020,20251021,158,0.5996835038787434,2.8500974141714805,2.2504139102927363,5.100511324464217
KXNBAGAME-25OCT22SACPHX,2025-10-22,SAC,20251020,20251021,50,-0.2802950389485849,2.8934952314640805,3.173790270412668,6.067285501876748
KXNBAGAME-25OCT22SACPHX,2025-10-22,PHX,20251020,20251021,100,0.38997190370654444,2.8500665730805377,2.4600946693739942,5.310161242454533
KXNBAGAME-25OCT22SASDAL,2025-10-22,SAS,20251020,20251021,103,0.7890257427214679,3.371761060271509,2.5827353175500405,5.954496377821551
KXNBAGAME-25OCT22SASDAL,2025-10-22,DAL,20251020,20251021,118,1.085074594668035,3.4430548226904305,2.357980228022396,5.801035050712828
KXNBAGAME-25OCT22TORATL,2025-10-22,TOR,20251020,20251021,22,0.4974293945186584,2.971697540713844,2.4742681461951848,5.445965686909028
KXNBAGAME-25OCT22TORATL,2025-10-22,ATL,20251020,20251021,86,0.6408071899382373,3.196723950845221,2.555916760906983,5.752640711752204
KXNBAGAME-25OCT22WASMIL,2025-10-22,WAS,20251020,20251021,32,1.466787429425585,3.6902064018332834,2.2234189724076985,5.913625374240981
KXNBAGAME-25OCT22WASMIL,2025-10-22,MIL,20251020,20251021,85,0.796417514907558,3.01590479290914,2.2194872780015826,5.235392070910724
KXNBAGAME-25OCT23DENGSW,2025-10-23,DEN,20251021,20251022,110,1.2630972782386394,3.362695367894014,2.0995980896553745,5.462293457549389
KXNBAGAME-25OCT23DENGSW,2025-10-23,GSW,20251021,20251022,455,1.5912884292978564,3.8210768173401,2.2297883880422438,6.050865205382344
KXNBAGAME-25OCT23OKCIND,2025-10-23,OKC,20251021,20251022,450,1.38697092896546,3.5641633760606783,2.1771924470952184,5.741355823155896
KXNBAGAME-25OCT23OKCIND,2025-10-23,IND,20251021,20251022,322,0.11759502395718902,2.7911672664496594,2.6735722424924733,5.464739508942131
KXNBAGAME-25OCT24ATLORL,2025-10-24,ATL,20251022,20251023,123,0.12209716418497923,2.809425396123474,2.687328231938494,5.496753628061969
KXNBAGAME-25OCT24ATLORL,2025-10-24,ORL,20251022,20251023,229,-1.408179587229029,2.7653457481306374,4.173525335359666,6.938871083490303
KXNBAGAME-25OCT24BOSNYK,2025-10-24,BOS,20251022,20251023,408,-1.4972956099621788,2.5509411648343665,4.048236774796544,6.599177939630913
KXNBAGAME-25OCT24BOSNYK,2025-10-24,NYK,20251022,20251023,479,-1.5337166969868201,2.373216169184287,3.9069328661711076,6.280149035355393
KXNBAGAME-25OCT24CLEBKN,2025-10-24,CLE,20251022,20251023,572,-3.1475514095297434,2.1967336907002144,5.3442851002299605,7.541018790930175
KXNBAGAME-25OCT24CLEBKN,2025-10-24,BKN,20251022,20251023,138,-0.15255379873348113,2.652825056039875,2.8053788547733545,5.45820391081323
KXNBAGAME-25OCT24DETHOU,2025-10-24,DET,20251022,20251023,518,-2.18261638312219,2.225050301590015,4.407666684712204,6.63271698630222
KXNBAGAME-25OCT24DETHOU,2025-10-24,HOU,20251022,20251023,314,0.32587611788619675,3.2714832176987967,2.9456070998126,6.217090317511396
KXNBAGAME-25OCT24GSWPOR,2025-10-24,GSW,20251022,20251023,427,0.6583775749707557,3.493963996710597,2.8355864217398414,6.329550418450439
KXNBAGAME-25OCT24GSWPOR,2025-10-24,POR,20251022,20251023,1394,-3.593773277094488,1.9987669006808901,5.59254017777538,7.591307078456269
KXNBAGAME-25OCT24MIAMEM,2025-10-24,MIA,20251022,20251023,1231,-2.2984305996763172,2.367864776607568,4.666295376283886,7.034160152891454
KXNBAGAME-25OCT24MIAMEM,2025-10-24,MEM,20251022,20251023,265,-1.3901727152166758,2.5214650825515825,3.911637797768258,6.433102880319839
KXNBAGAME-25OCT24MILTOR,2025-10-24,MIL,20251022,20251023,243,-0.1757722291895184,3.0471170293806646,3.2228892585701825,6.270006287950848
KXNBAGAME-25OCT24MILTOR,2025-10-24,TOR,20251022,20251023,713,-0.7798904433134943,2.7854368137552137,3.5653272570687076,6.35076407082392
KXNBAGAME-25OCT24MINLAL,2025-10-24,MIN,20251022,20251023,280,-1.8797687175738345,2.47845670784589,4.358225425419725,6.836682133265615
KXNBAGAME-25OCT24MINLAL,2025-10-24,LAL,20251022,20251023,602,-1.2531392276396394,2.84573242415484,4.0988716517944805,6.944604075949321
KXNBAGAME-25OCT24PHXLAC,2025-10-24,PHX,20251022,20251023,173,-0.5024075385065998,2.493844756718416,2.9962522952250152,5.4900970519434305
KXNBAGAME-25OCT24PHXLAC,2025-10-24,LAC,20251022,20251023,170,-0.47407091035260485,2.532561353835042,3.0066322641876475,5.539193618022689
KXNBAGAME-25OCT24SASNOP,2025-10-24,SAS,20251022,20251023,203,-0.39346385548980384,2.63900833084757,3.0324721863373734,5.671480517184944
KXNBAGAME-25OCT24SASNOP,2025-10-24,NOP,20251022,20251023,903,-4.121178698853479,1.8068897887861093,5.928068487639589,7.734958276425698
KXNBAGAME-25OCT24UTASAC,2025-10-24,UTA,20251022,20251023,184,-1.079687807779918,2.533497111395243,3.6131849191751626,6.146682030570407
KXNBAGAME-25OCT24UTASAC,2025-10-24,SAC,20251022,20251023,120,-0.8453948664508626,2.2476357633402086,3.0930306297910706,5.340666393131279
KXNBAGAME-25OCT24WASDAL,2025-10-24,WAS,20251022,20251023,180,0.16337595598030086,3.1731294554295486,3.009753499449248,6.182882954878798
KXNBAGAME-25OCT24WASDAL,2025-10-24,DAL,20251022,20251023,297,0.5676931832990948,3.0758712229891314,2.5081780396900366,5.584049262679169
KXNBAGAME-25OCT25CHAPHI,2025-10-25,CHA,20251023,20251024,1115,-5.536391612189256,1.4356049591294067,6.971996571318663,8.40760153044807
KXNBAGAME-25OCT25CHAPHI,2025-10-25,PHI,20251023,20251024,0,,,,
KXNBAGAME-25OCT25CHIORL,2025-10-25,CHI,20251023,20251024,168,-1.7280278482494413,2.68388902259142,4.4119168708408605,7.0958058934322805
KXNBAGAME-25OCT25CHIORL,2025-10-25,ORL,20251023,20251024,186,-2.6953638225128675,2.594620141694157,5.289983964207025,7.884604105901181
KXNBAGAME-25OCT25INDMEM,2025-10-25,IND,20251023,20251024,221,-0.7720430091526388,2.6533017994262846,3.4253448085789238,6.078646608005208
KXNBAGAME-25OCT25INDMEM,2025-10-25,MEM,20251023,20251024,241,-2.120034343107638,2.521299392370612,4.641333735478249,7.162633127848861
KXNBAGAME-25OCT25OKCATL,2025-10-25,OKC,20251023,20251024,248,-0.3451366362255967,2.9983587086005477,3.3434953448261444,6.341854053426693
KXNBAGAME-25OCT25OKCATL,2025-10-25,ATL,20251023,20251024,113,-0.8796384420398626,2.3206231510258872,3.2002615930657488,5.520884744091635
KXNBAGAME-25OCT25PHXDEN,2025-10-25,PHX,20251023,20251024,141,-0.7305984920734059,2.3073410189443795,3.037939511017785,5.345280529962164
KXNBAGAME-25OCT25PHXDEN,2025-10-25,DEN,20251023,20251024,380,-1.2210423294362645,2.4930029166138024,3.714045246050068,6.207048162663869
KXNBAGAME-25OCT26BKNSAS,2025-10-26,BKN,20251024,20251025,128,-1.5533927063751456,2.2363139962158467,3.7897067025909905,6.026020698806837
KXNBAGAME-25OCT26BKNSAS,2025-10-26,SAS,20251024,20251025,177,-0.8578896097164768,2.51530154275547,3.373191152471947,5.888492695227417
KXNBAGAME-25OCT26BOSDET,2025-10-26,BOS,20251024,20251025,175,-2.120580235138263,2.38054489404671,4.501125129184972,6.881670023231679
KXNBAGAME-25OCT26BOSDET,2025-10-26,DET,20251024,20251025,194,-2.5603611939688307,2.4125314659347232,4.972892659903554,7.385424125838277
KXNBAGAME-25OCT26CHAWAS,2025-10-26,CHA,20251024,20251025,352,-4.997222859133899,2.0041052705534512,7.001328129687349,9.00543340024079
KXNBAGAME-25OCT26CHAWAS,2025-10-26,WAS,20251024,20251025,136,-0.7058404423464721,2.9254438649836905,3.6312843073301604,6.556728172313852
KXNBAGAME-25OCT26INDMIN,2025-10-26,IND,20251024,20251025,234,-1.348650165650709,2.4035290254168244,3.7521791910675324,6.155708216484357
KXNBAGAME-25OCT26INDMIN,2025-10-26,MIN,20251024,20251025,187,0.048158043087057456,2.859427696956777,2.8112696538697204,5.670697350826497
KXNBAGAME-25OCT26LALSAC,2025-10-26,LAL,20251024,20251025,440,-1.4069038677343881,2.58786557856863,3.9947694463030192,6.582635024871649
KXNBAGAME-25OCT26LALSAC,2025-10-26,SAC,20251024,20251025,129,-0.40559205196373854,3.0238501715551296,3.429442223518868,6.453292395073997
KXNBAGAME-25OCT26MILCLE,2025-10-26,MIL,20251024,20251025,225,-2.1064018110652962,2.5254856348207255,4.63188744588602,7.157373080706745
KXNBAGAME-25OCT26MILCLE,2025-10-26,CLE,20251024,20251025,328,-4.008171768909702,2.047122103916007,6.055293872825709,8.102415976741716
KXNBAGAME-25OCT26NYKMIA,2025-10-26,NYK,20251024,20251025,297,-1.770447657478368,2.09090616746126,3.861353824939627,5.95225999240089
KXNBAGAME-25OCT26NYKMIA,2025-10-26,MIA,20251024,20251025,863,-3.824827715173626,2.1579905710271152,5.98281828620074,8.140808857227851
KXNBAGAME-25OCT26PORLAC,2025-10-26,POR,20251024,20251025,829,-4.217452821943116,2.0833679262241516,6.300820748167267,8.384188674391414
KXNBAGAME-25OCT26PORLAC,2025-10-26,LAC,20251024,20251025,214,-1.0560336431810429,2.5087134062399397,3.564747049420982,6.073460455660922
KXNBAGAME-25OCT26TORDAL,2025-10-26,TOR,20251024,20251025,232,-2.6188868444616373,2.356120701992844,4.975007546454481,7.331128248447325
KXNBAGAME-25OCT26TORDAL,2025-10-26,DAL,20251024,20251025,151,0.054384553502349636,3.0160400329042556,2.9616554794019043,5.97769551230616
KXNBAGAME-25OCT27ATLCHI,2025-10-27,ATL,20251025,20251026,172,-0.17537272893699707,2.692777943326713,2.8681506722637105,5.560928615590424
KXNBAGAME-25OCT27ATLCHI,2025-10-27,CHI,20251025,20251026,105,0.8964543277002487,3.7533206341572334,2.8568663064569852,6.61018694061422
KXNBAGAME-25OCT27BKNHOU,2025-10-27,BKN,20251025,20251026,103,-1.0961618415344794,2.2480213879065936,3.3441832294410716,5.592204617347665
KXNBAGAME-25OCT27BKNHOU,2025-10-27,HOU,20251025,20251026,53,0.4299174697227503,3.2844047443664324,2.8544872746436822,6.138892019010116
KXNBAGAME-25OCT27BOSNOP,2025-10-27,BOS,20251025,20251026,136,-1.721817024936545,2.5098232271867538,4.231640252123299,6.741463479310051
KXNBAGAME-25OCT27BOSNOP,2025-10-27,NOP,20251025,20251026,115,-0.5804619968548468,3.3301451439192595,3.9106071407741076,7.240752284693368
KXNBAGAME-25OCT27CLEDET,2025-10-27,CLE,20251025,20251026,147,-2.0827831584504546,2.7692882225868614,4.852071381037316,7.621359603624176
KXNBAGAME-25OCT27CLEDET,2025-10-27,DET,20251025,20251026,152,-1.5776597508343344,2.650492692731218,4.228152443565552,6.87864513629677
KXNBAGAME-25OCT27DENMIN,2025-10-27,DEN,20251025,20251026,68,0.20645388636840273,3.0874326720962726,2.8809787857278693,5.968411457824144
KXNBAGAME-25OCT27DENMIN,2025-10-27,MIN,20251025,20251026,201,-0.23629754608886616,2.883135993434071,3.1194335395229382,6.0025695329570095
KXNBAGAME-25OCT27MEMGSW,2025-10-27,MEM,20251025,20251026,178,-1.2912215962308775,2.780266908803215,4.071488505034091,6.851755413837308
KXNBAGAME-25OCT27MEMGSW,2025-10-27,GSW,20251025,20251026,177,-0.07410257605725627,3.396473384392714,3.4705759604499717,6.8670493448426875
KXNBAGAME-25OCT27OKCDAL,2025-10-27,OKC,20251025,20251026,132,-0.7094887712141512,2.343540341256926,3.0530291124710764,5.396569453728004
KXNBAGAME-25OCT27OKCDAL,2025-10-27,DAL,20251025,20251026,113,-0.16343469429699167,2.917434814211448,3.0808695085084397,5.9983043227198864
KXNBAGAME-25OCT27ORLPHI,2025-10-27,ORL,20251025,20251026,164,-0.05743284839015944,3.0927042552211557,3.1501371036113124,6.24284135883247
KXNBAGAME-25OCT27ORLPHI,2025-10-27,PHI,20251025,20251026,0,,,,
KXNBAGAME-25OCT27PHXUTA,2025-10-27,PHX,20251025,20251026,188,-0.8056000181169224,2.275153023097986,3.0807530412149084,5.3559060643128955
KXNBAGAME-25OCT27PHXUTA,2025-10-27,UTA,20251025,20251026,104,-1.133784326573735,2.5895522512994424,3.7233365778731775,6.312888829172621
KXNBAGAME-25OCT27PORLAL,2025-10-27,POR,20251025,20251026,399,-3.2133656775588486,2.3726790724922453,5.586044750051093,7.958723822543332
KXNBAGAME-25OCT27PORLAL,2025-10-27,LAL,20251025,20251026,263,-0.8833845874511861,2.7782434443509527,3.661628031802139,6.439871476153092
KXNBAGAME-25OCT27TORSAS,2025-10-27,TOR,20251025,20251026,152,-1.947070551297134,2.508114752316901,4.455185303614035,6.963300055930937
KXNBAGAME-25OCT27TORSAS,2025-10-27,SAS,20251025,20251026,117,-0.36979864259667844,2.705823883365721,3.075622525962399,5.781446409328121
KXNBAGAME-25OCT28CHAMIA,2025-10-28,CHA,20251026,20251027,154,-1.1598034739196854,2.9901959347615907,4.149999408681277,7.140195343442868
KXNBAGAME-25OCT28CHAMIA,2025-10-28,MIA,20251026,20251027,224,-2.240569299216598,2.325711347121426,4.566280646338022,6.891991993459449
KXNBAGAME-25OCT28LACGSW,2025-10-28,LAC,20251026,20251027,143,-0.5005540339142331,2.782120293155203,3.2826743270694383,6.064794620224641
KXNBAGAME-25OCT28LACGSW,2025-10-28,GSW,20251026,20251027,84,-0.6050934310369197,3.2958064453416234,3.900899876378544,7.1967063217201686
KXNBAGAME-25OCT28NYKMIL,2025-10-28,NYK,20251026,20251027,141,-0.40359703127760327,2.649666511921385,3.0532635431989865,5.702930055120372
KXNBAGAME-25OCT28NYKMIL,2025-10-28,MIL,20251026,20251027,117,-0.4637956429997605,3.3416234737800545,3.8054191167798157,7.147042590559871
KXNBAGAME-25OCT28PHIWAS,2025-10-28,PHI,20251026,20251027,0,,,,
KXNBAGAME-25OCT28PHIWAS,2025-10-28,WAS,20251026,20251027,63,0.7392099435639672,3.6048852374100537,2.8656752938460874,6.470560531256142
KXNBAGAME-25OCT28SACOKC,2025-10-28,SAC,20251026,20251027,143,0.16233760414042708,3.264695835865486,3.1023582317250584,6.367054067590543
KXNBAGAME-25OCT28SACOKC,2025-10-28,OKC,20251026,20251027,122,-0.5369335991377381,2.6725604295744656,3.209494028712204,5.882054458286669
KXNBAGAME-25OCT29ATLBKN,2025-10-29,ATL,20251027,20251028,76,-0.13460671550102843,2.796146127767989,2.9307528432690195,5.726898971037009
KXNBAGAME-25OCT29ATLBKN,2025-10-29,BKN,20251027,20251028,141,-0.47833317040985646,2.481960964050621,2.9602941344604776,5.442255098511098
KXNBAGAME-25OCT29CLEBOS,2025-10-29,CLE,20251027,20251028,178,-1.2980108612086934,2.643378884971032,3.941389746179726,6.584768631150759
KXNBAGAME-25OCT29CLEBOS,2025-10-29,BOS,20251027,20251028,227,-0.9233140290693309,2.5537154136666222,3.4770294427359527,6.030744856402576
KXNBAGAME-25OCT29HOUTOR,2025-10-29,HOU,20251027,20251028,99,-0.4453997500426259,2.5823611740027035,3.0277609240453285,5.6101220980480315
KXNBAGAME-25OCT29HOUTOR,2025-10-29,TOR,20251027,20251028,166,-0.7432381404440673,2.559605987427873,3.3028441278719405,5.862450115299813
KXNBAGAME-25OCT29INDDAL,2025-10-29,IND,20251027,20251028,153,-1.207732419925205,2.141773096280672,3.349505516205877,5.491278612486548
KXNBAGAME-25OCT29INDDAL,2025-10-29,DAL,20251027,20251028,229,0.21158455611739257,2.862727131039777,2.6511425749223845,5.513869705962161
KXNBAGAME-25OCT29LALMIN,2025-10-29,LAL,20251027,20251028,414,-0.6715363392119011,2.798862053603038,3.4703983928149382,6.269260446417977
KXNBAGAME-25OCT29LALMIN,2025-10-29,MIN,20251027,20251028,201,-0.5045688979996025,2.396677127083711,2.901246025083312,5.297923152167021
KXNBAGAME-25OCT29MEMPHX,2025-10-29,MEM,20251027,20251028,164,-1.4376320162277358,2.64438609700788,4.082018113235616,6.726404210243494
KXNBAGAME-25OCT29MEMPHX,2025-10-29,PHX,20251027,20251028,151,-0.5606235965899654,2.5688176035963473,3.1294412001863123,5.698258803782659
KXNBAGAME-25OCT29NOPDEN,2025-10-29,NOP,20251027,20251028,169,-3.3645986259738843,1.4909302861808005,4.855528912154686,6.346459198335487
KXNBAGAME-25OCT29NOPDEN,2025-10-29,DEN,20251027,20251028,155,-0.5036210127954763,2.333916905372569,2.837537918168044,5.171454823540612
KXNBAGAME-25OCT29ORLDET,2025-10-29,ORL,20251027,20251028,153,-1.3354118475514265e-05,3.2564276103391183,3.2564409644575933,6.512868574796714
KXNBAGAME-25OCT29ORLDET,2025-10-29,DET,20251027,20251028,163,-1.6538491052777171,2.3442831251028178,3.998132230380537,6.3424153554833556
KXNBAGAME-25OCT29PORUTA,2025-10-29,POR,20251027,20251028,325,-2.4746649551847932,2.4176688996621136,4.892333854846908,7.31000275450902
KXNBAGAME-25OCT29PORUTA,2025-10-29,UTA,20251027,20251028,122,-0.6967841959976119,2.798951453691179,3.49573564968879,6.294687103379968
KXNBAGAME-25OCT29SACCHI,2025-10-29,SAC,20251027,20251028,198,-0.11314912847976741,2.8837174252510045,2.9968665537307713,5.880583978981775
KXNBAGAME-25OCT29SACCHI,2025-10-29,CHI,20251027,20251028,113,-0.4397618978040875,2.7350528517857615,3.1748147495898493,5.909867601375611
KXNBAGAME-25OCT30GSWMIL,2025-10-30,GSW,20251028,20251029,184,-0.11239306662276527,3.311101274954688,3.423494341577454,6.7345956165321414
KXNBAGAME-25OCT30GSWMIL,2025-10-30,MIL,20251028,20251029,130,0.23712062441387494,3.3131500841947226,3.076029459780847,6.389179543975568
KXNBAGAME-25OCT30MIASAS,2025-10-30,MIA,20251028,20251029,438,-3.816646638306661,1.8376711063054838,5.654317744612146,7.491988850917631
KXNBAGAME-25OCT30MIASAS,2025-10-30,SAS,20251028,20251029,142,-0.19394524365470148,2.9118460889660307,3.1057913326207314,6.0176374215867625
KXNBAGAME-25OCT30ORLCHA,2025-10-30,ORL,20251028,20251029,170,0.41190667405729575,3.3316479655223903,2.919741291465095,6.251389256987485
KXNBAGAME-25OCT30ORLCHA,2025-10-30,CHA,20251028,20251029,399,-3.642357915539682,1.9132598999888657,5.5556178155285485,7.468877715517415
KXNBAGAME-25OCT30WASOKC,2025-10-30,WAS,20251028,20251029,152,0.2800350074825076,3.461241551400724,3.1812065439182162,6.642448095318938
KXNBAGAME-25OCT30WASOKC,2025-10-30,OKC,20251028,20251029,239,-0.9284434769443758,2.4396742003910767,3.3681176773354524,5.807791877726528
KXNBAGAME-25OCT31ATLIND,2025-10-31,ATL,20251029,20251030,97,-1.0368415395091337,2.493942346604073,3.530783886113207,6.0247262327172795
KXNBAGAME-25OCT31ATLIND,2025-10-31,IND,20251029,20251030,154,-1.5041633024270284,2.4753459224500296,3.9795092248770585,6.454855147327089
KXNBAGAME-25OCT31BOSPHI,2025-10-31,BOS,20251029,20251030,161,-0.6487508497680885,2.7418798909032036,3.390630740671292,6.132510631574497
KXNBAGAME-25OCT31BOSPHI,2025-10-31,PHI,20251029,20251030,0,,,,
KXNBAGAME-25OCT31DENPOR,2025-10-31,DEN,20251029,20251030,100,-0.9869034609529765,2.4778852485918454,3.464788709544822,5.94267395813667
KXNBAGAME-25OCT31DENPOR,2025-10-31,POR,20251029,20251030,256,-2.119525333040964,2.649824080800803,4.769349413841768,7.419173494642573
KXNBAGAME-25OCT31LALMEM,2025-10-31,LAL,20251029,20251030,344,0.213056542449727,3.2095009401447614,2.9964443976950346,6.205945337839797
KXNBAGAME-25OCT31LALMEM,2025-10-31,MEM,20251029,20251030,157,-1.394946832667107,2.7469808384106953,4.141927671077803,6.888908509488498
KXNBAGAME-25OCT31NOPLAC,2025-10-31,NOP,20251029,20251030,160,-2.893758745278159,1.884361215999251,4.77811996127741,6.662481177276661
KXNBAGAME-25OCT31NOPLAC,2025-10-31,LAC,20251029,20251030,124,-0.06668735919499663,3.2285113107473697,3.295198669942366,6.523709980689736
KXNBAGAME-25OCT31NYKCHI,2025-10-31,NYK,20251029,20251030,155,0.21724240610903175,3.232934520173296,3.0156921140642647,6.248626634237562
KXNBAGAME-25OCT31NYKCHI,2025-10-31,CHI,20251029,20251030,142,-0.22864453000736043,2.8083725537277084,3.0370170837350687,5.845389637462778
KXNBAGAME-25OCT31TORCLE,2025-10-31,TOR,20251029,20251030,89,-0.9236005554051974,2.5887426963891285,3.5123432517943263,6.101085948183455
KXNBAGAME-25OCT31TORCLE,2025-10-31,CLE,20251029,20251030,130,-0.8743264259152732,2.917952318452403,3.7922787443676764,6.71023106282008
KXNBAGAME-25OCT31UTAPHX,2025-10-31,UTA,20251029,20251030,103,-0.39480157100046726,3.175208222564152,3.5700097935646187,6.745218016128771
KXNBAGAME-25OCT31UTAPHX,2025-10-31,PHX,20251029,20251030,127,-1.4741332077475569,2.670759403753585,4.144892611501142,6.815652015254727
KXNBAGAME-26APR01ATLORL,2026-04-01,ATL,20260330,20260331,141,0.7425082783092779,3.1003134421111946,2.3578051638019177,5.458118605913114
KXNBAGAME-26APR01ATLORL,2026-04-01,ORL,20260330,20260331,147,-0.1469821203837779,3.0274955101935808,3.174477630577358,6.201973140770939
KXNBAGAME-26APR01BOSMIA,2026-04-01,BOS,20260330,20260331,303,0.2707550726353953,2.9100923372033676,2.6393372645679722,5.54942960177134
KXNBAGAME-26APR01BOSMIA,2026-04-01,MIA,20260330,20260331,175,-0.12232148010831664,2.167492887672658,2.2898143677809726,4.457307255453633
KXNBAGAME-26APR01DENUTA,2026-04-01,DEN,20260330,20260331,110,-0.20025691972975093,2.526500101824107,2.7267570215538584,5.253257123377965
KXNBAGAME-26APR01DENUTA,2026-04-01,UTA,20260330,20260331,137,-0.9376445420950431,2.2866576815088235,3.2243022236038668,5.51095990511269
KXNBAGAME-26APR01INDCHI,2026-04-01,IND,20260330,20260331,55,-0.25536167106389795,2.616279632619666,2.871641303683565,5.487920936303231
KXNBAGAME-26APR01INDCHI,2026-04-01,CHI,20260330,20260331,265,-0.4174471467463521,2.63091174086669,3.0483588876130407,5.679270628479731
KXNBAGAME-26APR01MILHOU,2026-04-01,MIL,20260330,20260331,133,0.03629333339161858,2.605976980766088,2.56968364737447,5.175660628140557
KXNBAGAME-26APR01MILHOU,2026-04-01,HOU,20260330,20260331,88,0.2138859127216562,2.778995639999116,2.565109727277462,5.344105367276579
KXNBAGAME-26APR01NYKMEM,2026-04-01,NYK,20260330,20260331,180,-0.6582240333708416,2.454266695973251,3.1124907293440938,5.566757425317344
KXNBAGAME-26APR01NYKMEM,2026-04-01,MEM,20260330,20260331,48,-1.0660762899029115,2.3565359262777887,3.422612216180697,5.779148142458485
KXNBAGAME-26APR01PHIWAS,2026-04-01,PHI,20260330,20260331,0,,,,
KXNBAGAME-26APR01PHIWAS,2026-04-01,WAS,20260330,20260331,156,-0.23153575893997197,3.2532023604412426,3.4847381193812144,6.7379404798224565
KXNBAGAME-26APR01SACTOR,2026-04-01,SAC,20260330,20260331,52,0.6662367697647825,3.44020397829097,2.7739672085261855,6.214171186817159
KXNBAGAME-26APR01SACTOR,2026-04-01,TOR,20260330,20260331,146,0.04202496935528044,3.077168043692595,3.035143074337314,6.112311118029908
KXNBAGAME-26APR01SASGSW,2026-04-01,SAS,20260330,20260331,169,-0.1494823755395988,2.7425045705736917,2.891986946113291,5.634491516686984
KXNBAGAME-26APR01SASGSW,2026-04-01,GSW,20260330,20260331,131,-0.3536640549218756,2.6998657575304676,3.0535298124523447,5.753395569982812
KXNBAGAME-26APR02CLEGSW,2026-04-02,CLE,20260331,20260401,245,-0.17135566636782618,2.948593144472843,3.1199488108406683,6.068541955313513
KXNBAGAME-26APR02CLEGSW,2026-04-02,GSW,20260331,20260401,145,-0.19523063380925998,2.777009693994867,2.9722403278041285,5.7492500217989955
KXNBAGAME-26APR02MINDET,2026-04-02,MIN,20260331,20260401,160,-0.09445474101628999,3.0971420260698816,3.191596767086171,6.288738793156051
KXNBAGAME-26APR02MINDET,2026-04-02,DET,20260331,20260401,244,-0.6704175835733115,2.440593426839694,3.111011010413006,5.551604437252701
KXNBAGAME-26APR02NOPPOR,2026-04-02,NOP,20260331,20260401,50,0.6259343410603924,3.000044500334313,2.374110159273922,5.3741546596082355
KXNBAGAME-26APR02NOPPOR,2026-04-02,POR,20260331,20260401,126,0.04751502293781151,2.9901767562037005,2.9426617332658904,5.932838489469592
KXNBAGAME-26APR02PHXCHA,2026-04-02,PHX,20260331,20260401,309,0.16079796858979678,3.2144980999756636,3.0537001313858667,6.2681982313615325
KXNBAGAME-26APR02PHXCHA,2026-04-02,CHA,20260331,20260401,109,-0.08982363142630423,2.731879897140211,2.8217035285665166,5.553583425706727
KXNBAGAME-26APR02SASLAC,2026-04-02,SAS,20260331,20260401,166,0.5646597745198274,3.138753322074069,2.5740935475542415,5.7128468696283115
KXNBAGAME-26APR02SASLAC,2026-04-02,LAC,20260331,20260401,119,0.048429903156691906,3.104930216089183,3.056500312932492,6.1614305290216755
KXNBAGAME-26APR03BOSMIL,2026-04-03,BOS,20260401,20260402,163,0.05382512072067233,2.812940164335671,2.759115043614999,5.57205520795067
KXNBAGAME-26APR03BOSMIL,2026-04-03,MIL,20260401,20260402,147,0.2228400155029364,3.1838050389978907,2.9609650234949543,6.144770062492848
KXNBAGAME-26APR03INDCHA,2026-04-03,IND,20260401,20260402,96,-0.33686044822138106,2.61942471210444,2.956285160325822,5.575709872430261
KXNBAGAME-26APR03INDCHA,2026-04-03,CHA,20260401,20260402,114,0.23030375998642522,2.6081310876786796,2.377827327692255,4.985958415370934
KXNBAGAME-26APR03NOPSAC,2026-04-03,NOP,20260401,20260402,54,0.0422006284058922,2.76015252138206,2.717951892976168,5.478104414358228
KXNBAGAME-26APR03NOPSAC,2026-04-03,SAC,20260401,20260402,107,-1.4935274052736423,1.937750091839486,3.431277497113129,5.369027588952616
KXNBAGAME-26APR03ORLDAL,2026-04-03,ORL,20260401,20260402,163,-0.028895951654114023,3.120242882363221,3.149138834017336,6.269381716380556
KXNBAGAME-26APR03ORLDAL,2026-04-03,DAL,20260401,20260402,104,-0.6753342782169438,2.7949176919247893,3.4702519701417343,6.2651696620665245
KXNBAGAME-26APR03TORMEM,2026-04-03,TOR,20260401,20260402,137,-0.5051939476339763,2.5759847612555546,3.0811787088895315,5.657163470145086
KXNBAGAME-26APR03TORMEM,2026-04-03,MEM,20260401,20260402,124,-2.7653930358206624,1.8353626720473022,4.600755707867965,6.436118379915266
KXNBAGAME-26APR03UTAHOU,2026-04-03,UTA,20260401,20260402,96,-0.34029825055613705,2.5850160058295377,2.9253142563856755,5.510330262215215
KXNBAGAME-26APR03UTAHOU,2026-04-03,HOU,20260401,20260402,212,-0.5172370894289495,2.808517853358668,3.3257549427876167,6.134272796146284
KXNBAGAME-26APR04DETPHI,2026-04-04,DET,20260402,20260403,314,0.3770943397789521,3.070241243401478,2.693146903622525,5.763388147024001
KXNBAGAME-26APR04DETPHI,2026-04-04,PHI,20260402,20260403,0,,,,
KXNBAGAME-26APR04SASDEN,2026-04-04,SAS,20260402,20260403,288,0.17140053178317433,2.946102660826268,2.774702129043093,5.720804789869359
KXNBAGAME-26APR04SASDEN,2026-04-04,DEN,20260402,20260403,102,-0.698308099733243,2.6428608719578093,3.341168971691051,5.984029843648861
KXNBAGAME-26APR04WASMIA,2026-04-04,WAS,20260402,20260403,140,0.06296048730817982,3.307646865202271,3.2446863778940904,6.552333243096362
KXNBAGAME-26APR04WASMIA,2026-04-04,MIA,20260402,20260403,77,-0.2065492500797727,2.7023425861392054,2.9088918362189764,5.61123442235818
KXNBAGAME-26APR05HOUGSW,2026-04-05,HOU,20260403,20260404,244,0.5405649146832316,3.161017912154064,2.6204529974708324,5.781470909624897
KXNBAGAME-26APR05HOUGSW,2026-04-05,GSW,20260403,20260404,106,-0.06693979299469731,3.2997985534851706,3.3667383464798704,6.666536899965042
KXNBAGAME-26APR05INDCLE,2026-04-05,IND,20260403,20260404,123,-1.0472035226050391,2.1956844800587656,3.2428880026638045,5.43857248272257
KXNBAGAME-26APR05INDCLE,2026-04-05,CLE,20260403,20260404,271,-1.6268432459274391,2.3127801312213716,3.9396233771488145,6.252403508370184
KXNBAGAME-26APR05LACSAC,2026-04-05,LAC,20260403,20260404,262,0.27458293327910294,3.0242194707128363,2.749636537433733,5.773856008146568
KXNBAGAME-26APR05LACSAC,2026-04-05,SAC,20260403,20260404,288,-0.29851985466627284,2.6187769663746225,2.9172968210408956,5.536073787415518
KXNBAGAME-26APR05LALDAL,2026-04-05,LAL,20260403,20260404,652,-0.5153046276126133,2.860965989022638,3.3762706166352525,6.237236605657889
KXNBAGAME-26APR05LALDAL,2026-04-05,DAL,20260403,20260404,215,-0.805005862524871,2.9003082193369583,3.7053140818618315,6.605622301198789
KXNBAGAME-26APR05MEMMIL,2026-04-05,MEM,20260403,20260404,108,-1.2380663606302105,2.3025482335730305,3.5406145942032388,5.84316282777627
KXNBAGAME-26APR05MEMMIL,2026-04-05,MIL,20260403,20260404,223,-0.4382605827001844,2.9041247932674192,3.342385375967604,6.246510169235023
KXNBAGAME-26APR05ORLNOP,2026-04-05,ORL,20260403,20260404,208,-0.7458675770198656,2.831180796134837,3.5770483731547027,6.40822916928954
KXNBAGAME-26APR05ORLNOP,2026-04-05,NOP,20260403,20260404,86,-1.952988919654865,2.5530463364076135,4.506035256062477,7.05908159247009
KXNBAGAME-26APR05PHXCHI,2026-04-05,PHX,20260403,20260404,85,0.6156102189057182,2.6862964551689785,2.0706862362632608,4.756982691432239
KXNBAGAME-26APR05PHXCHI,2026-04-05,CHI,20260403,20260404,135,-0.6855293494722845,2.5267204229137605,3.212249772386044,5.738970195299805
KXNBAGAME-26APR05TORBOS,2026-04-05,TOR,20260403,20260404,178,-0.8665593779375368,2.5203412236880585,3.3869006016255945,5.907241825313653
KXNBAGAME-26APR05TORBOS,2026-04-05,BOS,20260403,20260404,217,0.7323763481739831,3.1351899279460405,2.4028135797720567,5.538003507718097
KXNBAGAME-26APR05UTAOKC,2026-04-05,UTA,20260403,20260404,76,-0.6270151607735814,2.8404259624462673,3.4674411232198494,6.307867085666118
KXNBAGAME-26APR05UTAOKC,2026-04-05,OKC,20260403,20260404,297,-1.904234715466822,2.444577399333527,4.348812114800349,6.7933895141338745
KXNBAGAME-26APR05WASBKN,2026-04-05,WAS,20260403,20260404,139,-0.6797593030000997,2.7059031455786675,3.385662448578767,6.091565594157435
KXNBAGAME-26APR05WASBKN,2026-04-05,BKN,20260403,20260404,114,-0.2573004542335747,2.763779198562075,3.021079652795649,5.784858851357724
KXNBAGAME-26APR06CLEMEM,2026-04-06,CLE,20260404,20260405,63,-1.1056930819622082,2.7197533406475296,3.8254464226097395,6.545199763257271
KXNBAGAME-26APR06CLEMEM,2026-04-06,MEM,20260404,20260405,130,-1.003938443133083,2.3831017869353905,3.387040230068472,5.770142017003863
KXNBAGAME-26APR06DETORL,2026-04-06,DET,20260404,20260405,123,-0.25416671593424195,2.4223558319206253,2.676522547854868,5.0988783797754955
KXNBAGAME-26APR06DETORL,2026-04-06,ORL,20260404,20260405,174,-0.41209921902142527,3.1601034207867027,3.5722026398081272,6.732306060594832
KXNBAGAME-26APR06NYKATL,2026-04-06,NYK,20260404,20260405,96,-0.05506763343428683,2.5695316441360685,2.624599277570355,5.194130921706423
KXNBAGAME-26APR06NYKATL,2026-04-06,ATL,20260404,20260405,146,-0.12629390163149512,2.8488625675583226,2.975156469189818,5.824019036748139
KXNBAGAME-26APR06PHISAS,2026-04-06,PHI,20260404,20260405,0,,,,
KXNBAGAME-26APR06PHISAS,2026-04-06,SAS,20260404,20260405,78,-0.1103853372869722,2.8257691426555223,2.9361544799424957,5.761923622598018
KXNBAGAME-26APR06PORDEN,2026-04-06,POR,20260404,20260405,48,-0.6800207159090315,2.6006778245358313,3.2806985404448668,5.881376364980699
KXNBAGAME-26APR06PORDEN,2026-04-06,DEN,20260404,20260405,159,-0.551470637725618,2.5559842507036175,3.1074548884292343,5.663439139132853
KXNBAGAME-26APR07CHABOS,2026-04-07,CHA,20260405,20260406,132,-0.586431755855661,2.4669953460742726,3.053427101929934,5.520422448004206
KXNBAGAME-26APR07CHABOS,2026-04-07,BOS,20260405,20260406,101,-0.20321578151902964,2.3132611812275075,2.5164769627465384,4.829738143974046
KXNBAGAME-26APR07CHIWAS,2026-04-07,CHI,20260405,20260406,179,-0.6693991407361704,2.074366659146208,2.7437657998823783,4.818132459028587
KXNBAGAME-26APR07CHIWAS,2026-04-07,WAS,20260405,20260406,89,-0.5941978018420824,2.7898329186583704,3.384030720500453,6.173863639158824
KXNBAGAME-26APR07HOUPHX,2026-04-07,HOU,20260405,20260406,169,-0.3839049416698365,2.698152056173648,3.082056997843485,5.780209054017133
KXNBAGAME-26APR07HOUPHX,2026-04-07,PHX,20260405,20260406,73,-1.0230833400446424,2.149525861520104,3.172609201564747,5.322135063084852
KXNBAGAME-26APR07MIATOR,2026-04-07,MIA,20260405,20260406,114,-0.3389927238651762,2.726306648824221,3.065299372689398,5.791606021513619
KXNBAGAME-26APR07MIATOR,2026-04-07,TOR,20260405,20260406,102,-0.23264515779426506,2.5986335092607904,2.8312786670550563,5.429912176315847
KXNBAGAME-26APR07MILBKN,2026-04-07,MIL,20260405,20260406,113,-1.2504557478047102,2.484180084525569,3.7346358323302784,6.21881591685585
KXNBAGAME-26APR07MILBKN,2026-04-07,BKN,20260405,20260406,93,0.1623579744791077,3.0625390763749163,2.9001811018958077,5.9627201782707235
KXNBAGAME-26APR07MININD,2026-04-07,MIN,20260405,20260406,89,-0.7261740962203393,2.17931406046831,2.9054881566886506,5.084802217156962
KXNBAGAME-26APR07MININD,2026-04-07,IND,20260405,20260406,96,-1.481471508149229,2.247950848211482,3.7294223563607116,5.977373204572194
KXNBAGAME-26APR07SACGSW,2026-04-07,SAC,20260405,20260406,89,-0.6151485063701952,2.212408040357493,2.8275565467276897,5.039964587085184
KXNBAGAME-26APR07SACGSW,2026-04-07,GSW,20260405,20260406,162,-0.33574832382619774,2.769223644994393,3.10497196882059,5.874195613814983
KXNBAGAME-26APR07UTANOP,2026-04-07,UTA,20260405,20260406,91,-0.39366209262477986,2.3016829874978257,2.6953450801226055,4.997028067620434
KXNBAGAME-26APR07UTANOP,2026-04-07,NOP,20260405,20260406,78,-0.9678926290303185,2.8853762381804176,3.8532688672107365,6.7386451053911545
KXNBAGAME-26APR08ATLCLE,2026-04-08,ATL,20260406,20260407,138,-0.6997988383607536,2.287905004497408,2.9877038428581617,5.275608847355573
KXNBAGAME-26APR08ATLCLE,2026-04-08,CLE,20260406,20260407,192,-1.21180063018294,2.7204915931909612,3.9322922233739,6.652783816564861
KXNBAGAME-26APR08DALPHX,2026-04-08,DAL,20260406,20260407,194,-0.9603236008403496,2.4457045756206433,3.406028176460995,5.851732752081638
KXNBAGAME-26APR08DALPHX,2026-04-08,PHX,20260406,20260407,88,-0.9835949503206471,2.095235610533121,3.078830560853768,5.17406617138689
KXNBAGAME-26APR08MEMDEN,2026-04-08,MEM,20260406,20260407,151,-2.0177944116886954,2.6632451965243638,4.681039608213057,7.344284804737423
KXNBAGAME-26APR08MEMDEN,2026-04-08,DEN,20260406,20260407,426,-0.24176954246681498,2.48161062815747,2.723380170624284,5.204990798781754
KXNBAGAME-26APR08MILDET,2026-04-08,MIL,20260406,20260407,151,-0.5583664609742229,2.8290681574679786,3.3874346184422013,6.216502775910181
KXNBAGAME-26APR08MILDET,2026-04-08,DET,20260406,20260407,129,-0.36154159203329833,2.8120010331880456,3.173542625221344,5.98554365840939
KXNBAGAME-26APR08MINORL,2026-04-08,MIN,20260406,20260407,82,-0.40292759206800555,2.3611727857435154,2.7641003778115216,5.125273163555038
KXNBAGAME-26APR08MINORL,2026-04-08,ORL,20260406,20260407,221,-0.790699729752985,2.788077107982202,3.578776837735188,6.366853945717392
KXNBAGAME-26APR08OKCLAC,2026-04-08,OKC,20260406,20260407,270,-0.7575014457918184,2.0969373126884734,2.854438758480293,4.951376071168769
KXNBAGAME-26APR08OKCLAC,2026-04-08,LAC,20260406,20260407,153,-0.42169806888413913,2.4593353237879105,2.881033392672051,5.340368716459962
KXNBAGAME-26APR08PORSAS,2026-04-08,POR,20260406,20260407,154,-1.1951265145150822,2.2710123728718585,3.4661388873869408,5.737151260258801
KXNBAGAME-26APR08PORSAS,2026-04-08,SAS,20260406,20260407,100,-0.3445505791674775,2.827685663117273,3.17223624228475,5.999921905402024
KXNBAGAME-26APR09BOSNYK,2026-04-09,BOS,20260407,20260408,155,0.3245978501975785,2.4392174773267836,2.1146196271292053,4.553837104455988
KXNBAGAME-26APR09BOSNYK,2026-04-09,NYK,20260407,20260408,100,-0.3150439614830448,2.736727166014586,3.051771127497631,5.78849829351222
KXNBAGAME-26APR09CHIWAS,2026-04-09,CHI,20260407,20260408,120,0.028844363742766777,2.607210748070915,2.578366384328147,5.185577132399064
KXNBAGAME-26APR09CHIWAS,2026-04-09,WAS,20260407,20260408,113,0.427133143887718,2.9221314847810236,2.4949983408933054,5.417129825674328
KXNBAGAME-26APR09INDBKN,2026-04-09,IND,20260407,20260408,156,-0.37498013378786543,2.5851246142603763,2.9601047480482414,5.545229362308618
KXNBAGAME-26APR09INDBKN,2026-04-09,BKN,20260407,20260408,66,-0.33690381871587916,2.4357734391083845,2.772677257824264,5.208450696932649
KXNBAGAME-26APR09LALGSW,2026-04-09,LAL,20260407,20260408,373,-0.8474293039822207,2.4490043658770997,3.296433669859321,5.745438035736422
KXNBAGAME-26APR09LALGSW,2026-04-09,GSW,20260407,20260408,144,-0.10288612594878734,3.0155051985423587,3.118391324491146,6.133896523033503
KXNBAGAME-26APR09MIATOR,2026-04-09,MIA,20260407,20260408,91,-0.3537257505213791,2.128633729572813,2.482359480094192,4.610993209667004
KXNBAGAME-26APR09MIATOR,2026-04-09,TOR,20260407,20260408,177,-0.3087520031830136,2.40723502631967,2.715987029502684,5.123222055822353
KXNBAGAME-26APR09PHIHOU,2026-04-09,PHI,20260407,20260408,0,,,,
KXNBAGAME-26APR09PHIHOU,2026-04-09,HOU,20260407,20260408,193,-0.6524852701121405,2.3440908080061416,2.9965760781182826,5.340666886124426
KXNBAGAME-26APR10BKNMIL,2026-04-10,BKN,20260408,20260409,53,-0.26813776239117,2.6312480360570536,2.8993857984482228,5.530633834505279
KXNBAGAME-26APR10BKNMIL,2026-04-10,MIL,20260408,20260409,149,-0.09316071857042901,2.498448988865557,2.5916097074359863,5.090058696301545
KXNBAGAME-26APR10DALSAS,2026-04-10,DAL,20260408,20260409,170,-0.8948137153293494,2.4072742207408533,3.3020879360702025,5.70936215681106
KXNBAGAME-26APR10DALSAS,2026-04-10,SAS,20260408,20260409,183,-0.21418603267590675,2.852721467227383,3.06690749990329,5.919628967130672
KXNBAGAME-26APR10DETCHA,2026-04-10,DET,20260408,20260409,133,-0.6246527748897045,2.2358476573476747,2.86050043223738,5.096348089585057
KXNBAGAME-26APR10DETCHA,2026-04-10,CHA,20260408,20260409,140,-0.20319151090034265,2.3923094758667327,2.595500986767076,4.987810462633811
KXNBAGAME-26APR10GSWSAC,2026-04-10,GSW,20260408,20260409,100,-0.3077014462959099,2.979082406165282,3.2867838524611903,6.265866258626472
KXNBAGAME-26APR10GSWSAC,2026-04-10,SAC,20260408,20260409,89,-1.4099507183922302,2.7496962159844154,4.159646934376644,6.9093431503610585
KXNBAGAME-26APR10LACPOR,2026-04-10,LAC,20260408,20260409,249,-0.2596125425511683,2.50686828270428,2.7664808252554485,5.27334910795973
KXNBAGAME-26APR10LACPOR,2026-04-10,POR,20260408,20260409,167,-0.37361809634629684,2.858026407496138,3.2316445038424355,6.089670911338573
KXNBAGAME-26APR10MINHOU,2026-04-10,MIN,20260408,20260409,172,-0.18604113925493246,2.9454620908686193,3.131503230123552,6.076965320992171
KXNBAGAME-26APR10MINHOU,2026-04-10,HOU,20260408,20260409,191,-0.6209482218085008,2.1983878949407725,2.8193361167492745,5.017724011690048
KXNBAGAME-26APR10NOPBOS,2026-04-10,NOP,20260408,20260409,39,-1.5448320092470742,2.0152712145037155,3.5601032237507915,5.57537443825451
KXNBAGAME-26APR10NOPBOS,2026-04-10,BOS,20260408,20260409,162,0.7331657460053609,2.763212249575319,2.030046503569959,4.793258753145279
KXNBAGAME-26APR10OKCDEN,2026-04-10,OKC,20260408,20260409,210,-0.11769541954564705,2.710305233107749,2.828000652653396,5.5383058857611465
KXNBAGAME-26APR10OKCDEN,2026-04-10,DEN,20260408,20260409,208,-0.5108227940790825,2.6415751749776915,3.152397969056774,5.7939731440344655
KXNBAGAME-26APR10ORLCHI,2026-04-10,ORL,20260408,20260409,170,0.49758935915432584,3.0928894800439006,2.595300120889575,5.688189600933475
KXNBAGAME-26APR10ORLCHI,2026-04-10,CHI,20260408,20260409,99,1.0841012800011738,3.4086282343822134,2.3245269543810383,5.733155188763252
KXNBAGAME-26APR10PHIIND,2026-04-10,PHI,20260408,20260409,0,,,,
KXNBAGAME-26APR10PHIIND,2026-04-10,IND,20260408,20260409,132,-0.6615158475392824,2.5589498114546294,3.2204656589939114,5.779415470448544
KXNBAGAME-26APR10PHXLAL,2026-04-10,PHX,20260408,20260409,199,-0.6548635614011329,2.5374630215792724,3.1923265829804053,5.72978960455968
KXNBAGAME-26APR10PHXLAL,2026-04-10,LAL,20260408,20260409,303,-0.6377412602707776,2.4906348595453216,3.1283761198160995,5.619010979361422
KXNBAGAME-26APR10TORNYK,2026-04-10,TOR,20260408,20260409,144,-0.41313246659356,2.2104675465055266,2.6236000130990864,4.8340675596046125
KXNBAGAME-26APR10TORNYK,2026-04-10,NYK,20260408,20260409,90,-0.2190106145091269,2.664995803236103,2.88400641774523,5.549002220981334
KXNBAGAME-26APR12ATLMIA,2026-04-12,ATL,20260410,20260411,237,0.1377185897027959,2.857571557217491,2.719852967514695,5.577424524732187
KXNBAGAME-26APR12ATLMIA,2026-04-12,MIA,20260410,20260411,188,-0.10196634065535354,2.7821008957838673,2.884067236439221,5.6661681322230875
KXNBAGAME-26APR12BKNTOR,2026-04-12,BKN,20260410,20260411,120,-0.21257017077544296,2.6902821445452236,2.9028523153206667,5.593134459865891
KXNBAGAME-26APR12BKNTOR,2026-04-12,TOR,20260410,20260411,228,-0.09861242795221492,2.7880562678002567,2.8866686957524714,5.674724963552728
KXNBAGAME-26APR12CHANYK,2026-04-12,CHA,20260410,20260411,140,-1.3407401022995593,2.340261370918752,3.6810014732183114,6.021262844137062
KXNBAGAME-26APR12CHANYK,2026-04-12,NYK,20260410,20260411,217,0.44037771631921013,2.8492069009064505,2.4088291845872396,5.258036085493691
KXNBAGAME-26APR12CHIDAL,2026-04-12,CHI,20260410,20260411,101,0.5442687015017877,3.549875131965459,3.005606430463671,6.555481562429133
KXNBAGAME-26APR12CHIDAL,2026-04-12,DAL,20260410,20260411,111,-0.20471352605659035,2.914693256793198,3.119406782849789,6.034100039642988
KXNBAGAME-26APR12DENSAS,2026-04-12,DEN,20260410,20260411,267,0.15679904463401606,2.5957950836396018,2.4389960390055863,5.03479112264519
KXNBAGAME-26APR12DENSAS,2026-04-12,SAS,20260410,20260411,124,0.09113820484519261,3.1148788458903036,3.0237406410451118,6.138619486935415
KXNBAGAME-26APR12DETIND,2026-04-12,DET,20260410,20260411,143,-0.3833742525109601,2.5825132813536658,2.965887533864626,5.54840081521829
KXNBAGAME-26APR12DETIND,2026-04-12,IND,20260410,20260411,119,-1.0425952405946015,2.24814955485495,3.290744795449552,5.538894350304503
KXNBAGAME-26APR12MEMHOU,2026-04-12,MEM,20260410,20260411,111,-0.9016723751823724,2.8265724491808157,3.728244824363188,6.554817273544005
KXNBAGAME-26APR12MEMHOU,2026-04-12,HOU,20260410,20260411,218,0.05918514334288466,3.014405235035772,2.9552200916928877,5.969625326728661
KXNBAGAME-26APR12MILPHI,2026-04-12,MIL,20260410,20260411,119,-0.2298551474911325,2.6403553959876636,2.8702105434787963,5.51056593946646
KXNBAGAME-26APR12MILPHI,2026-04-12,PHI,20260410,20260411,0,,,,
KXNBAGAME-26APR12NOPMIN,2026-04-12,NOP,20260410,20260411,91,-0.6453341472109371,2.011914932374504,2.6572490795854393,4.669164011959944
KXNBAGAME-26APR12NOPMIN,2026-04-12,MIN,20260410,20260411,140,-0.1346957862142364,2.9018545750390534,3.0365503612532905,5.938404936292345
KXNBAGAME-26APR12ORLBOS,2026-04-12,ORL,20260410,20260411,233,0.2907241548824821,3.0327905555641035,2.7420664006816216,5.774856956245726
KXNBAGAME-26APR12ORLBOS,2026-04-12,BOS,20260410,20260411,246,0.26137152941468184,2.7208886368473273,2.459517107432645,5.180405744279973
KXNBAGAME-26APR12PHXOKC,2026-04-12,PHX,20260410,20260411,138,0.09290873883542415,2.810974059389693,2.718065320554271,5.529039379943965
KXNBAGAME-26APR12PHXOKC,2026-04-12,OKC,20260410,20260411,128,0.14711227500060717,2.8364537690405216,2.6893414940399154,5.525795263080438
KXNBAGAME-26APR12SACPOR,2026-04-12,SAC,20260410,20260411,74,-1.3331269666103702,2.6117178145205373,3.944844781130906,6.556562595651446
KXNBAGAME-26APR12SACPOR,2026-04-12,POR,20260410,20260411,153,-0.7124773724915614,2.4510083131194436,3.1634856856110063,5.614493998730449
KXNBAGAME-26APR12UTALAL,2026-04-12,UTA,20260410,20260411,154,0.2723847649381494,3.533267264698775,3.2608824997606245,6.794149764459401
KXNBAGAME-26APR12UTALAL,2026-04-12,LAL,20260410,20260411,279,0.3114812857448041,2.997606036141577,2.686124750396774,5.6837307865383515
KXNBAGAME-26APR12WASCLE,2026-04-12,WAS,20260410,20260411,122,-0.014544890852799017,3.193436259012306,3.2079811498651054,6.401417408877412
KXNBAGAME-26APR12WASCLE,2026-04-12,CLE,20260410,20260411,154,-0.7168602688793787,2.850413617694441,3.56727388657382,6.41768750426826
KXNBAGAME-26APR14MIACHA,2026-04-14,MIA,20260412,20260413,211,0.22985732324834035,2.490803952986374,2.2609466297380334,4.751750582724407
KXNBAGAME-26APR14MIACHA,2026-04-14,CHA,20260412,20260413,234,0.3092163681317469,2.6139898434860136,2.3047734753542666,4.9187633188402815
KXNBAGAME-26APR14PORPHX,2026-04-14,POR,20260412,20260413,230,-0.09399566685671196,3.0996663532809214,3.1936620201376322,6.293328373418555
KXNBAGAME-26APR14PORPHX,2026-04-14,PHX,20260412,20260413,202,0.004858564601464055,2.961538249315451,2.9566796847139862,5.918217934029439
KXNBAGAME-26APR15GSWLAC,2026-04-15,GSW,20260413,20260414,232,-0.11845162498439697,3.165615636737103,3.2840672617215,6.449682898458603
KXNBAGAME-26APR15GSWLAC,2026-04-15,LAC,20260413,20260414,326,0.6629924663449633,3.231979852525522,2.5689873861805586,5.80096723870608
KXNBAGAME-26APR17CHAORL,2026-04-17,CHA,20260415,20260416,210,-1.1475063692667236,2.8922905012916176,4.039796870558339,6.932087371849957
KXNBAGAME-26APR17CHAORL,2026-04-17,ORL,20260415,20260416,256,0.04956688509444218,3.2109710136478586,3.161404128553418,6.372375142201276
KXNBAGAME-26APR17GSWPHX,2026-04-17,GSW,20260415,20260416,216,0.32218690512301634,3.304757268277189,2.9825703631541725,6.287327631431363
KXNBAGAME-26APR17GSWPHX,2026-04-17,PHX,20260415,20260416,186,0.011973020798260079,2.984526818997571,2.9725537981993106,5.9570806171968815
KXNBAGAME-26APR18ATLNYK,2026-04-18,ATL,20260416,20260417,55,0.12393824609652276,2.865915215620184,2.7419769695236615,5.607892185143845
KXNBAGAME-26APR18ATLNYK,2026-04-18,NYK,20260416,20260417,62,0.18792847632609092,2.88097248026748,2.693044003941389,5.574016484208869
KXNBAGAME-26APR18MINDEN,2026-04-18,MIN,20260416,20260417,93,0.7129831063888186,3.5547588938590255,2.8417757874702056,6.39653468132923
KXNBAGAME-26APR18MINDEN,2026-04-18,DEN,20260416,20260417,99,1.1210727411792654,3.522660246222282,2.401587505043016,5.924247751265298
KXNBAGAME-26APR19ORLDET,2026-04-19,ORL,20260417,20260418,207,0.810730082229109,3.7208459451546405,2.910115862925532,6.6309618080801735
KXNBAGAME-26APR19ORLDET,2026-04-19,DET,20260417,20260418,118,0.6798427371863647,3.5577453695216255,2.8779026323352612,6.435648001856887
KXNBAGAME-26APR19PHXOKC,2026-04-19,PHX,20260417,20260418,244,0.14845213375001357,3.1345239359952104,2.9860718022451973,6.120595738240407
KXNBAGAME-26APR19PHXOKC,2026-04-19,OKC,20260417,20260418,216,0.11175614587552596,3.127468074723535,3.0157119288480088,6.143180003571542
KXNBAGAME-26APR19PORSAS,2026-04-19,POR,20260417,20260418,132,-1.1120391482710412,2.601738290300572,3.7137774385716136,6.315515728872186
KXNBAGAME-26APR19PORSAS,2026-04-19,SAS,20260417,20260418,97,0.7867529188720244,3.0924098928986643,2.30565697402664,5.398066866925304
KXNBAGAME-26APR20ATLNYK,2026-04-20,ATL,20260418,20260419,213,0.03472887885510538,2.4145431196086995,2.3798142407535954,4.794357360362296
KXNBAGAME-26APR20ATLNYK,2026-04-20,NYK,20260418,20260419,152,-0.04497917453930456,2.3805672512513874,2.4255464257906922,4.806113677042079
KXNBAGAME-26APR20TORCLE,2026-04-20,TOR,20260418,20260419,144,-0.557731265414489,2.399197332484487,2.956928597898976,5.356125930383463
KXNBAGAME-26APR20TORCLE,2026-04-20,CLE,20260418,20260419,211,-0.43025913106651836,2.7470804480504967,3.1773395791170147,5.9244200271675105
KXNBAGAME-26APR21HOULAL,2026-04-21,HOU,20260419,20260420,194,0.24500323811213973,2.9889081598101903,2.74390492169805,5.73281308150824
KXNBAGAME-26APR21HOULAL,2026-04-21,LAL,20260419,20260420,274,0.06146803554733771,3.14393352715979,3.082465491612453,6.226399018772242
KXNBAGAME-26APR21PHIBOS,2026-04-21,PHI,20260419,20260420,0,,,,
KXNBAGAME-26APR21PHIBOS,2026-04-21,BOS,20260419,20260420,168,0.2926365394808208,3.1528882040153663,2.8602516645345446,6.013139868549911
KXNBAGAME-26APR21PORSAS,2026-04-21,POR,20260419,20260420,145,0.44847613638820427,3.288876492186298,2.840400355798094,6.129276847984391
KXNBAGAME-26APR21PORSAS,2026-04-21,SAS,20260419,20260420,199,0.35197661170097067,3.2799754149334754,2.9279988032325037,6.207974218165978
KXNBAGAME-26FEB01BKNDET,2026-02-01,BKN,20260130,20260131,168,-1.3504017905687948,2.5066665492402977,3.857068339809091,6.36373488904939
KXNBAGAME-26FEB01BKNDET,2026-02-01,DET,20260130,20260131,189,0.42498354472009287,3.2395549822873844,2.8145714375672926,6.054126419854677
KXNBAGAME-26FEB01CHIMIA,2026-02-01,CHI,20260130,20260131,81,-0.6158483147354537,2.723471956978255,3.33932027171371,6.062792228691965
KXNBAGAME-26FEB01CHIMIA,2026-02-01,MIA,20260130,20260131,99,-0.5470814492161378,2.6437857727741063,3.1908672219902448,5.834652994764351
KXNBAGAME-26FEB01CLEPOR,2026-02-01,CLE,20260130,20260131,128,-1.1817911915162906,2.536765335422168,3.7185565269384586,6.255321862360626
KXNBAGAME-26FEB01CLEPOR,2026-02-01,POR,20260130,20260131,104,-1.264993162053995,2.7467312128155656,4.01172437486956,6.758455587685128
KXNBAGAME-26FEB01LACPHX,2026-02-01,LAC,20260130,20260131,204,-1.0969931129063462,2.7437058534414556,3.8406989663478024,6.584404819789257
KXNBAGAME-26FEB01LACPHX,2026-02-01,PHX,20260130,20260131,155,-0.4326500604930399,2.917727527061624,3.3503775875546644,6.268105114616288
KXNBAGAME-26FEB01LALNYK,2026-02-01,LAL,20260130,20260131,208,-0.6330082143578403,3.119813565610273,3.7528217799681127,6.872635345578387
KXNBAGAME-26FEB01LALNYK,2026-02-01,NYK,20260130,20260131,210,-0.7035168443900207,2.904259504872084,3.607776349262105,6.512035854134189
KXNBAGAME-26FEB01MILBOS,2026-02-01,MIL,20260130,20260131,177,-0.5500924194081601,2.7511678718746193,3.30126029128278,6.0524281631573995
KXNBAGAME-26FEB01MILBOS,2026-02-01,BOS,20260130,20260131,165,-1.1793199966208003,2.441557071087269,3.620877067708071,6.062434138795341
KXNBAGAME-26FEB01OKCDEN,2026-02-01,OKC,20260130,20260131,223,-1.3349777758092736,2.7150389470823084,4.050016722891584,6.765055669973892
KXNBAGAME-26FEB01OKCDEN,2026-02-01,DEN,20260130,20260131,146,-1.1969815742924732,2.291546059209113,3.4885276335015867,5.780073692710698
KXNBAGAME-26FEB01ORLSAS,2026-02-01,ORL,20260130,20260131,59,-0.037199029911124615,3.1551533538728345,3.19235238378396,6.347505737656793
KXNBAGAME-26FEB01ORLSAS,2026-02-01,SAS,20260130,20260131,106,0.5653968078266585,3.187510599384732,2.622113791558073,5.809624390942806
KXNBAGAME-26FEB01SACWAS,2026-02-01,SAC,20260130,20260131,195,-1.1517321288747704,2.362348753642098,3.5140808825168692,5.876429636158967
KXNBAGAME-26FEB01SACWAS,2026-02-01,WAS,20260130,20260131,105,-0.05693161876919621,3.728444376916357,3.785375995685554,7.513820372601915
KXNBAGAME-26FEB01UTATOR,2026-02-01,UTA,20260130,20260131,101,-1.270599601732731,2.5906832458093305,3.8612828475420597,6.451966093351392
KXNBAGAME-26FEB01UTATOR,2026-02-01,TOR,20260130,20260131,115,0.0910541979402738,3.4283252502227994,3.3372710522825257,6.765596302505325
KXNBAGAME-26FEB02HOUIND,2026-02-02,HOU,20260131,20260201,174,-0.37966644471565625,2.5573397091150882,2.937006153830744,5.494345862945833
KXNBAGAME-26FEB02HOUIND,2026-02-02,IND,20260131,20260201,68,-0.6905691433959851,2.6355773469475885,3.3261464903435747,5.961723837291164
KXNBAGAME-26FEB02MINMEM,2026-02-02,MIN,20260131,20260201,119,-1.0596890370128786,2.9384081890796656,3.9980972260925443,6.936505415172209
KXNBAGAME-26FEB02MINMEM,2026-02-02,MEM,20260131,20260201,111,-1.5191883943283666,2.8945130771206635,4.413701471449029,7.3082145485696905
KXNBAGAME-26FEB02NOPCHA,2026-02-02,NOP,20260131,20260201,120,-0.8533391662965206,2.2219940009844743,3.0753331672809945,5.297327168265468
KXNBAGAME-26FEB02NOPCHA,2026-02-02,CHA,20260131,20260201,123,-0.05899838480974115,2.574904444531745,2.633902829341486,5.208807273873232
KXNBAGAME-26FEB02PHILAC,2026-02-02,PHI,20260131,20260201,0,,,,
KXNBAGAME-26FEB02PHILAC,2026-02-02,LAC,20260131,20260201,149,-0.5723343894236457,2.8848870531207327,3.4572214425443795,6.34210849566511
KXNBAGAME-26FEB03ATLMIA,2026-02-03,ATL,20260201,20260202,149,-0.36461756990853966,2.473930630327885,2.838548200236424,5.312478830564311
KXNBAGAME-26FEB03ATLMIA,2026-02-03,MIA,20260201,20260202,180,-1.5887206820583204,2.5086713349825778,4.097392017040899,6.606063352023474
KXNBAGAME-26FEB03BOSDAL,2026-02-03,BOS,20260201,20260202,167,-0.540765582055853,2.5879677515256643,3.1287333335815166,5.7167010851071804
KXNBAGAME-26FEB03BOSDAL,2026-02-03,DAL,20260201,20260202,173,-1.163474777545714,2.2738443131554495,3.4373190907011635,5.711163403856615
KXNBAGAME-26FEB03CHIMIL,2026-02-03,CHI,20260201,20260202,189,-1.0493343849341126,2.2421914730449783,3.2915258579790905,5.533717331024068
KXNBAGAME-26FEB03CHIMIL,2026-02-03,MIL,20260201,20260202,190,-0.24859954122085318,2.784850682730655,3.033450223951508,5.818300906682164
KXNBAGAME-26FEB03DENDET,2026-02-03,DEN,20260201,20260202,135,0.15748153372345694,2.95386157034748,2.796380036624023,5.750241606971503
KXNBAGAME-26FEB03DENDET,2026-02-03,DET,20260201,20260202,103,0.10739536651520123,2.719029532633983,2.611634166118781,5.330663698752762
KXNBAGAME-26FEB03LALBKN,2026-02-03,LAL,20260201,20260202,248,0.069549643225293,3.0732495706875733,3.0036999274622804,6.076949498149854
KXNBAGAME-26FEB03LALBKN,2026-02-03,BKN,20260201,20260202,121,-0.7339121389803775,2.51069512808892,3.2446072670692976,5.755302395158216
KXNBAGAME-26FEB03NYKWAS,2026-02-03,NYK,20260201,20260202,185,-0.3903391007273027,2.957735993759422,3.3480750944867252,6.3058110882461476
KXNBAGAME-26FEB03NYKWAS,2026-02-03,WAS,20260201,20260202,98,-0.6688606606832829,2.9867359007681653,3.655596561451449,6.642332462219615
KXNBAGAME-26FEB03ORLOKC,2026-02-03,ORL,20260201,20260202,97,-0.26911187876329173,3.0758533743626097,3.344965253125902,6.4208186274885115
KXNBAGAME-26FEB03ORLOKC,2026-02-03,OKC,20260201,20260202,171,-0.328475357386288,2.600037093314784,2.9285124507010707,5.5285495440158545
KXNBAGAME-26FEB03PHIGSW,2026-02-03,PHI,20260201,20260202,0,,,,
KXNBAGAME-26FEB03PHIGSW,2026-02-03,GSW,20260201,20260202,103,-0.14525445801137638,2.801450533075533,2.946704991086907,5.7481555241624385
KXNBAGAME-26FEB03PHXPOR,2026-02-03,PHX,20260201,20260202,151,-1.341185859040051,2.433410186919296,3.7745960459593473,6.208006232878644
KXNBAGAME-26FEB03PHXPOR,2026-02-03,POR,20260201,20260202,269,-1.7227570427882086,2.5162862670715915,4.239043309859801,6.755329576931392
KXNBAGAME-26FEB03UTAIND,2026-02-03,UTA,20260201,20260202,59,-1.1826674796429906,2.478944344079645,3.6616118237226356,6.140556167802281
KXNBAGAME-26FEB03UTAIND,2026-02-03,IND,20260201,20260202,74,0.08147553218924572,2.965951860780117,2.8844763285908708,5.850428189370988
KXNBAGAME-26FEB04BOSHOU,2026-02-04,BOS,20260202,20260203,222,-0.5837380292559603,2.6266075933326665,3.210345622588626,5.836953215921293
KXNBAGAME-26FEB04BOSHOU,2026-02-04,HOU,20260202,20260203,150,-1.044524649650066,2.5919013657832233,3.6364260154332895,6.228327381216513
KXNBAGAME-26FEB04CLELAC,2026-02-04,CLE,20260202,20260203,267,-1.184850532286419,2.606658435996233,3.7915089682826517,6.398167404278887
KXNBAGAME-26FEB04CLELAC,2026-02-04,LAC,20260202,20260203,331,-0.1912162201062208,3.0189757998962987,3.210192020002519,6.229167819898818
KXNBAGAME-26FEB04DENNYK,2026-02-04,DEN,20260202,20260203,172,0.0021664663856819644,2.9944681451571,2.992301678771417,5.986769823928519
KXNBAGAME-26FEB04DENNYK,2026-02-04,NYK,20260202,20260203,177,0.05677689312243686,3.0997323045250704,3.042955411402634,6.142687715927705
KXNBAGAME-26FEB04MEMSAC,2026-02-04,MEM,20260202,20260203,182,-1.7155363510788126,2.532466535748678,4.24800288682749,6.780469422576169
KXNBAGAME-26FEB04MEMSAC,2026-02-04,SAC,20260202,20260203,79,0.2114797616966722,3.31275296368678,3.101273201990108,6.414026165676887
KXNBAGAME-26FEB04MINTOR,2026-02-04,MIN,20260202,20260203,193,-0.343576920083828,3.033553681954703,3.3771306020385294,6.410684283993232
KXNBAGAME-26FEB04MINTOR,2026-02-04,TOR,20260202,20260203,123,0.07616803774356065,2.874051152024797,2.797883114281237,5.6719342663060335
KXNBAGAME-26FEB04NOPMIL,2026-02-04,NOP,20260202,20260203,106,-0.4509851248149068,2.7717748374285804,3.222759962243487,5.994534799672067
KXNBAGAME-26FEB04NOPMIL,2026-02-04,MIL,20260202,20260203,247,-0.3964417769426357,2.5910850580755205,2.9875268350181563,5.578611893093676
KXNBAGAME-26FEB04OKCSAS,2026-02-04,OKC,20260202,20260203,182,0.44356824940939726,3.0303724229260194,2.5868041735166214,5.61717659644264
KXNBAGAME-26FEB04OKCSAS,2026-02-04,SAS,20260202,20260203,120,0.7596678317624752,2.9113286221207058,2.1516607903582314,5.062989412478935
KXNBAGAME-26FEB05BKNORL,2026-02-05,BKN,20260203,20260204,180,-0.8685532579581872,2.6225367611424333,3.4910900191006204,6.113626780243055
KXNBAGAME-26FEB05BKNORL,2026-02-05,ORL,20260203,20260204,137,-0.20080620493380347,2.9992368858468526,3.200043090780655,6.199279976627507
KXNBAGAME-26FEB05CHAHOU,2026-02-05,CHA,20260203,20260204,140,-0.62986719503264,2.836730189110489,3.4665973841431263,6.303327573253615
KXNBAGAME-26FEB05CHAHOU,2026-02-05,HOU,20260203,20260204,188,0.05279603486943521,3.147246096173885,3.094450061304449,6.241696157478334
KXNBAGAME-26FEB05CHITOR,2026-02-05,CHI,20260203,20260204,377,-0.692038105924164,2.4404992515291175,3.132537357453281,5.573036608982399
KXNBAGAME-26FEB05CHITOR,2026-02-05,TOR,20260203,20260204,162,-0.19000229001645932,2.7354912931176214,2.925493583134081,5.660984876251701
KXNBAGAME-26FEB05GSWPHX,2026-02-05,GSW,20260203,20260204,155,-0.033225722193825746,3.1646605208455805,3.197886243039407,6.362546763884987
KXNBAGAME-26FEB05GSWPHX,2026-02-05,PHX,20260203,20260204,253,0.7323701042913823,3.518405448465884,2.7860353441745023,6.3044407926403885
KXNBAGAME-26FEB05PHILAL,2026-02-05,PHI,20260203,20260204,0,,,,
KXNBAGAME-26FEB05PHILAL,2026-02-05,LAL,20260203,20260204,450,0.11808337985328343,3.3098971303915334,3.1918137505382482,6.501710880929783
KXNBAGAME-26FEB05SASDAL,2026-02-05,SAS,20260203,20260204,160,0.7106209975813198,2.9017713483105196,2.1911503507292003,5.092921699039721
KXNBAGAME-26FEB05SASDAL,2026-02-05,DAL,20260203,20260204,411,0.11093260050412923,3.347289636961322,3.236357036457192,6.583646673418514
KXNBAGAME-26FEB05UTAATL,2026-02-05,UTA,20260203,20260204,534,-0.08814755877534286,3.1260672387448594,3.2142147975202002,6.3402820362650605
KXNBAGAME-26FEB05UTAATL,2026-02-05,ATL,20260203,20260204,121,-0.36183525155584906,2.936521344506116,3.298356596061966,6.234877940568083
KXNBAGAME-26FEB05WASDET,2026-02-05,WAS,20260203,20260204,372,-0.08287977758196574,3.3513171954484866,3.43419697303045,6.7855141684789375
KXNBAGAME-26FEB05WASDET,2026-02-05,DET,20260203,20260204,277,-0.1569052900853527,2.5372787914251727,2.6941840815105262,5.231462872935699
KXNBAGAME-26FEB06INDMIL,2026-02-06,IND,20260204,20260205,168,-0.13466682340004707,2.620031978247627,2.754698801647674,5.374730779895302
KXNBAGAME-26FEB06INDMIL,2026-02-06,MIL,20260204,20260205,452,-0.34136872105512694,2.49579024773682,2.8371589687919476,5.3329492165287675
KXNBAGAME-26FEB06LACSAC,2026-02-06,LAC,20260204,20260205,634,0.1161463166554072,2.883786158839354,2.7676398421839457,5.6514260010233
KXNBAGAME-26FEB06LACSAC,2026-02-06,SAC,20260204,20260205,111,-1.5550822364369328,2.3880462183442797,3.9431284547812124,6.331174673125492
KXNBAGAME-26FEB06MEMPOR,2026-02-06,MEM,20260204,20260205,242,-1.2471724106850377,2.5197672000069136,3.766939610691951,6.286706810698865
KXNBAGAME-26FEB06MEMPOR,2026-02-06,POR,20260204,20260205,122,-0.07637386670305035,3.2466213260786705,3.322995192781722,6.569616518860395
KXNBAGAME-26FEB06MIABOS,2026-02-06,MIA,20260204,20260205,137,-0.8097719732732455,2.5221708422135167,3.331942815486763,5.85411365770028
KXNBAGAME-26FEB06MIABOS,2026-02-06,BOS,20260204,20260205,353,-0.07400652767095849,2.62026768544984,2.6942742131207984,5.3145418985706385
KXNBAGAME-26FEB06NOPMIN,2026-02-06,NOP,20260204,20260205,314,1.0648975395565592,3.6390046253368427,2.5741070857802786,6.213111711117121
KXNBAGAME-26FEB06NOPMIN,2026-02-06,MIN,20260204,20260205,310,-0.5009630780558756,2.405185633573847,2.906148711629723,5.311334345203571
KXNBAGAME-26FEB06NYKDET,2026-02-06,NYK,20260204,20260205,319,0.1409893015617328,2.8991197611390134,2.7581304595772793,5.657250220716293
KXNBAGAME-26FEB06NYKDET,2026-02-06,DET,20260204,20260205,235,-0.004124514994043163,2.624453678906958,2.6285781939010016,5.253031872807961
KXNBAGAME-26FEB07CHAATL,2026-02-07,CHA,20260205,20260206,272,-0.16101743098056262,2.895678041534901,3.0566954725154645,5.952373514050365
KXNBAGAME-26FEB07CHAATL,2026-02-07,ATL,20260205,20260206,301,-0.2290841977717656,2.9768297031204045,3.2059139008921704,6.1827436040125745
KXNBAGAME-26FEB07CLESAC,2026-02-07,CLE,20260205,20260206,417,-0.7196448962574731,2.3189420550375353,3.0385869512950094,5.357529006332545
KXNBAGAME-26FEB07CLESAC,2026-02-07,SAC,20260205,20260206,135,-1.2029220846846531,2.4429368195043963,3.6458589041890495,6.088795723693445
KXNBAGAME-26FEB07DALSAS,2026-02-07,DAL,20260205,20260206,361,0.2666042902646289,3.0970560006241272,2.8304517103594993,5.927507710983626
KXNBAGAME-26FEB07DALSAS,2026-02-07,SAS,20260205,20260206,212,0.2326093449264472,3.019935339916331,2.7873259949898834,5.807261334906213
KXNBAGAME-26FEB07DENCHI,2026-02-07,DEN,20260205,20260206,144,-1.0423386692160612,2.57404279263935,3.6163814618554113,6.19042425449476
KXNBAGAME-26FEB07DENCHI,2026-02-07,CHI,20260205,20260206,577,-0.24098376134092514,2.519437873311132,2.760421634652058,5.27985950796319
KXNBAGAME-26FEB07GSWLAL,2026-02-07,GSW,20260205,20260206,454,-0.2660779749906954,2.6577634766372906,2.923841451627987,5.581604928265277
KXNBAGAME-26FEB07GSWLAL,2026-02-07,LAL,20260205,20260206,539,-0.37261751978612584,2.682240560215494,3.0548580800016207,5.737098640217116
KXNBAGAME-26FEB07HOUOKC,2026-02-07,HOU,20260205,20260206,179,-0.4517513723898321,2.631178205184482,3.0829295775743146,5.714107782758797
KXNBAGAME-26FEB07HOUOKC,2026-02-07,OKC,20260205,20260206,346,-0.4483821266801643,2.7480392772230005,3.196421403903166,5.944460681126166
KXNBAGAME-26FEB07MEMPOR,2026-02-07,MEM,20260205,20260206,300,-1.139769974907671,2.6525989389563236,3.7923689138639958,6.444967852820319
KXNBAGAME-26FEB07MEMPOR,2026-02-07,POR,20260205,20260206,86,-1.3857999187258878,2.822352588578086,4.208152507303975,7.030505095882063
KXNBAGAME-26FEB07PHIPHX,2026-02-07,PHI,20260205,20260206,0,,,,
KXNBAGAME-26FEB07PHIPHX,2026-02-07,PHX,20260205,20260206,216,0.0771395212941052,2.8728913433912027,2.795751822097099,5.668643165488302
KXNBAGAME-26FEB07UTAORL,2026-02-07,UTA,20260205,20260206,407,-0.46566490982752806,2.5299246418155397,2.9955895516430693,5.5255141934586085
KXNBAGAME-26FEB07UTAORL,2026-02-07,ORL,20260205,20260206,152,0.8916466440165585,3.709052189148389,2.817405545131831,6.526457734280221
KXNBAGAME-26FEB07WASBKN,2026-02-07,WAS,20260205,20260206,357,0.5378110220671539,3.2460603489479487,2.708249326880795,5.9543096758287435
KXNBAGAME-26FEB07WASBKN,2026-02-07,BKN,20260205,20260206,325,-0.32561330612578404,2.9287742764823284,3.2543875826081132,6.18316185909044
KXNBAGAME-26FEB08INDTOR,2026-02-08,IND,20260206,20260207,212,-0.48860655021551985,2.4974308655500517,2.986037415765572,5.483468281315622
KXNBAGAME-26FEB08INDTOR,2026-02-08,TOR,20260206,20260207,134,-0.478010140717237,2.708190224293693,3.18620036501093,5.894390589304624
KXNBAGAME-26FEB08LACMIN,2026-02-08,LAC,20260206,20260207,269,-0.9272613341819953,2.2202605425897497,3.147521876771745,5.367782419361494
KXNBAGAME-26FEB08LACMIN,2026-02-08,MIN,20260206,20260207,209,-0.541443651889309,2.3861801542963867,2.927623806185697,5.313803960482083
KXNBAGAME-26FEB08MIAWAS,2026-02-08,MIA,20260206,20260207,153,-0.33689596890390827,2.6882756271703823,3.025171596074289,5.713447223244673
KXNBAGAME-26FEB08MIAWAS,2026-02-08,WAS,20260206,20260207,249,0.3480436970485051,3.2049439225886003,2.8569002255400955,6.061844148128695
KXNBAGAME-26FEB08NYKBOS,2026-02-08,NYK,20260206,20260207,227,-0.20671257034166302,2.821450459545644,3.028163029887307,5.849613489432951
KXNBAGAME-26FEB08NYKBOS,2026-02-08,BOS,20260206,20260207,408,1.290284526772118,3.880641674372714,2.5903571476005944,6.470998821973309
KXNBAGAME-26FEB09ATLMIN,2026-02-09,ATL,20260207,20260208,223,-0.19978328404775517,2.8074365968562756,3.0072198809040334,5.814656477760309
KXNBAGAME-26FEB09ATLMIN,2026-02-09,MIN,20260207,20260208,95,-0.1359230643393824,2.5557812068853893,2.691704271224772,5.247485478110162
KXNBAGAME-26FEB09CHIBKN,2026-02-09,CHI,20260207,20260208,192,-0.09711492858512767,2.809116422134154,2.906231350719281,5.715347772853434
KXNBAGAME-26FEB09CHIBKN,2026-02-09,BKN,20260207,20260208,117,0.1030633786124055,3.1165091942594723,3.013445815647067,6.129955009906544
KXNBAGAME-26FEB09CLEDEN,2026-02-09,CLE,20260207,20260208,89,-0.12808546967694195,3.345698039427079,3.473783509104022,6.819481548531101
KXNBAGAME-26FEB09CLEDEN,2026-02-09,DEN,20260207,20260208,78,-1.111804115355127,2.6274815513166345,3.739285666671762,6.366767217988395
KXNBAGAME-26FEB09DETCHA,2026-02-09,DET,20260207,20260208,92,0.020301226224431493,2.677676152545266,2.6573749263208337,5.335051078866102
KXNBAGAME-26FEB09DETCHA,2026-02-09,CHA,20260207,20260208,87,0.0939655179308079,2.7504582969437363,2.656492779012928,5.406951075956667
KXNBAGAME-26FEB09MEMGSW,2026-02-09,MEM,20260207,20260208,204,-1.2157189633137446,2.642983946704635,3.8587029100183816,6.5016868567230155
KXNBAGAME-26FEB09MEMGSW,2026-02-09,GSW,20260207,20260208,255,-0.01975182848694812,3.139309648658222,3.159061477145169,6.298371125803394
KXNBAGAME-26FEB09MILORL,2026-02-09,MIL,20260207,20260208,161,0.01603811754723651,2.8229339191751883,2.8068958016279506,5.629829720803139
KXNBAGAME-26FEB09MILORL,2026-02-09,ORL,20260207,20260208,76,0.631183801848519,3.910927367879842,3.2797435660313248,7.190670933911166
KXNBAGAME-26FEB09OKCLAL,2026-02-09,OKC,20260207,20260208,165,-0.8975775065608884,2.819886619760495,3.717464126321381,6.537350746081879
KXNBAGAME-26FEB09OKCLAL,2026-02-09,LAL,20260207,20260208,225,0.25258850211617356,3.127751160586813,2.8751626584706402,6.0029138190574525
KXNBAGAME-26FEB09PHIPOR,2026-02-09,PHI,20260207,20260208,0,,,,
KXNBAGAME-26FEB09PHIPOR,2026-02-09,POR,20260207,20260208,118,-1.1654509183568962,2.9740014158106707,4.139452334167567,7.113453749978236
KXNBAGAME-26FEB09SACNOP,2026-02-09,SAC,20260207,20260208,150,-0.3221239694242447,2.8185475291740896,3.1406714985983357,5.959219027772424
KXNBAGAME-26FEB09SACNOP,2026-02-09,NOP,20260207,20260208,74,-0.0739274999189935,2.6738276148719127,2.7477551147909063,5.42158272966282
KXNBAGAME-26FEB09UTAMIA,2026-02-09,UTA,20260207,20260208,107,-0.25000801378342585,3.355555107087757,3.6055631208711834,6.961118227958939
KXNBAGAME-26FEB09UTAMIA,2026-02-09,MIA,20260207,20260208,166,-0.08639494804289363,3.1257582946980853,3.212153242740977,6.337911537439064
KXNBAGAME-26FEB10DALPHX,2026-02-10,DAL,20260208,20260209,110,-0.034637023326836616,2.8962804246372027,2.930917447964039,5.8271978726012446
KXNBAGAME-26FEB10DALPHX,2026-02-10,PHX,20260208,20260209,76,0.47674009199157874,3.030066587542804,2.5533264955512247,5.583393083094028
KXNBAGAME-26FEB10INDNYK,2026-02-10,IND,20260208,20260209,66,-0.8305357818750259,2.3414566490058264,3.1719924308808523,5.513449079886678
KXNBAGAME-26FEB10INDNYK,2026-02-10,NYK,20260208,20260209,123,-0.12170483718054458,2.784121497631694,2.9058263348122386,5.689947832443933
KXNBAGAME-26FEB10LACHOU,2026-02-10,LAC,20260208,20260209,186,-0.6834771919364955,2.4913621182844805,3.1748393102209764,5.666201428505456
KXNBAGAME-26FEB10LACHOU,2026-02-10,HOU,20260208,20260209,111,-0.014744880621870016,3.3865387473208024,3.4012836279426715,6.787822375263476
KXNBAGAME-26FEB10SASLAL,2026-02-10,SAS,20260208,20260209,123,-0.2100922304174508,3.1450522451177463,3.355144475535197,6.500196720652944
KXNBAGAME-26FEB10SASLAL,2026-02-10,LAL,20260208,20260209,239,0.27675640057138684,3.180548817376311,2.903792416804925,6.084341234181236
KXNBAGAME-26FEB11ATLCHA,2026-02-11,ATL,20260209,20260210,135,-0.6771207445614238,2.4918536818002472,3.1689744263616717,5.660828108161919
KXNBAGAME-26FEB11ATLCHA,2026-02-11,CHA,20260209,20260210,239,-1.8863361561758498,2.27618364021882,4.162519796394668,6.438703436613487
KXNBAGAME-26FEB11CHIBOS,2026-02-11,CHI,20260209,20260210,99,-0.31583778275363733,2.4656982665931646,2.7815360493468027,5.247234315939966
KXNBAGAME-26FEB11CHIBOS,2026-02-11,BOS,20260209,20260210,311,-1.0998290635590116,2.493803019787114,3.5936320833461255,6.087435103133242
KXNBAGAME-26FEB11DETTOR,2026-02-11,DET,20260209,20260210,339,-1.1347277410872911,2.325102464136557,3.4598302052238474,5.784932669360405
KXNBAGAME-26FEB11DETTOR,2026-02-11,TOR,20260209,20260210,167,-1.10669003052849,2.328845860466589,3.4355358909950797,5.76438175146167
KXNBAGAME-26FEB11INDBKN,2026-02-11,IND,20260209,20260210,116,-1.0894418407601405,2.004351485157697,3.0937933259178383,5.098144811075537
KXNBAGAME-26FEB11INDBKN,2026-02-11,BKN,20260209,20260210,130,-0.732522467094127,2.6150571320087397,3.347579599102867,5.962636731111605
KXNBAGAME-26FEB11LACHOU,2026-02-11,LAC,20260209,20260210,183,-0.5557780735504384,2.719961642115668,3.2757397156661057,5.9957013577817735
KXNBAGAME-26FEB11LACHOU,2026-02-11,HOU,20260209,20260210,58,0.5045454437914563,3.514480422229871,3.009934978438415,6.524415400668287
KXNBAGAME-26FEB11MEMDEN,2026-02-11,MEM,20260209,20260210,134,-0.94540187015768,2.6606555831821077,3.606057453339787,6.266713036521894
KXNBAGAME-26FEB11MEMDEN,2026-02-11,DEN,20260209,20260210,88,-0.9256901562246592,2.8683604060000323,3.794050562224692,6.662410968224725
KXNBAGAME-26FEB11MIANOP,2026-02-11,MIA,20260209,20260210,143,-0.8217539842130654,2.6212085506017684,3.442962534814834,6.064171085416602
KXNBAGAME-26FEB11MIANOP,2026-02-11,NOP,20260209,20260210,101,-1.632178751028356,1.8895517608426398,3.521730511870995,5.4112822727136365
KXNBAGAME-26FEB11MILORL,2026-02-11,MIL,20260209,20260210,156,-0.48303628835255674,3.00057946991648,3.4836157582690364,6.484195228185515
KXNBAGAME-26FEB11MILORL,2026-02-11,ORL,20260209,20260210,80,-0.30005756273337447,3.26168273374698,3.561740296480355,6.823423030227335
KXNBAGAME-26FEB11NYKPHI,2026-02-11,NYK,20260209,20260210,301,-1.341593032947564,2.438221748912748,3.7798147818603116,6.218036530773061
KXNBAGAME-26FEB11NYKPHI,2026-02-11,PHI,20260209,20260210,0,,,,
KXNBAGAME-26FEB11OKCPHX,2026-02-11,OKC,20260209,20260210,261,0.053543477861729444,3.224586902823737,3.171043424962009,6.395630327785747
KXNBAGAME-26FEB11OKCPHX,2026-02-11,PHX,20260209,20260210,78,-0.2764934597083377,2.827372073570417,3.1038655332787544,5.93123760684917
KXNBAGAME-26FEB11PORMIN,2026-02-11,POR,20260209,20260210,115,-0.6769880365774786,2.6055826613453084,3.2825706979227887,5.888153359268097
KXNBAGAME-26FEB11PORMIN,2026-02-11,MIN,20260209,20260210,152,-0.5239602712101774,2.4920202099619355,3.0159804811721127,5.508000691134049
KXNBAGAME-26FEB11SACUTA,2026-02-11,SAC,20260209,20260210,127,-0.7521358315104637,2.4100585064908784,3.162194338001342,5.572252844492223
KXNBAGAME-26FEB11SACUTA,2026-02-11,UTA,20260209,20260210,135,-1.1671486591436822,2.2861786009161293,3.4533272600598117,5.739505860975941
KXNBAGAME-26FEB11SASGSW,2026-02-11,SAS,20260209,20260210,154,0.2612397117335169,3.314677913409755,3.0534382016762387,6.368116115085993
KXNBAGAME-26FEB11SASGSW,2026-02-11,GSW,20260209,20260210,282,-0.43886150724789563,3.013197944327107,3.4520594515750025,6.4652573959021105
KXNBAGAME-26FEB11WASCLE,2026-02-11,WAS,20260209,20260210,97,-0.3151690849114622,2.9618461441886423,3.2770152291001042,6.238861373288747
KXNBAGAME-26FEB11WASCLE,2026-02-11,CLE,20260209,20260210,317,-0.10028971668386055,3.059244106484979,3.1595338231688417,6.218777929653821
KXNBAGAME-26FEB12DALLAL,2026-02-12,DAL,20260210,20260211,238,1.302541080007826,3.736197464798618,2.4336563847907904,6.169853849589408
KXNBAGAME-26FEB12DALLAL,2026-02-12,LAL,20260210,20260211,359,0.27349365622238575,3.090380183480742,2.8168865272583563,5.907266710739098
KXNBAGAME-26FEB12MILOKC,2026-02-12,MIL,20260210,20260211,118,-0.26190007617778693,3.0591072833193387,3.321007359497126,6.380114642816464
KXNBAGAME-26FEB12MILOKC,2026-02-12,OKC,20260210,20260211,273,-0.43151655028592845,2.9111712106362004,3.3426877609221295,6.253858971558331
KXNBAGAME-26FEB12PORUTA,2026-02-12,POR,20260210,20260211,115,-0.9903895493199157,2.4394366118864106,3.4298261612063268,5.869262773092737
KXNBAGAME-26FEB12PORUTA,2026-02-12,UTA,20260210,20260211,119,-0.982556247142647,2.6528479660114117,3.6354042131540587,6.288252179165472
KXNBAGAME-26FEB19ATLPHI,2026-02-19,ATL,20260217,20260218,33,0.38909669075383374,3.1296221801221407,2.7405254893683075,5.870147669490449
KXNBAGAME-26FEB19ATLPHI,2026-02-19,PHI,20260217,20260218,0,,,,
KXNBAGAME-26FEB19BKNCLE,2026-02-19,BKN,20260217,20260218,54,0.06953325261329138,3.2030623526585447,3.133529100045254,6.3365914527038
KXNBAGAME-26FEB19BKNCLE,2026-02-19,CLE,20260217,20260218,101,0.6480870833386476,3.6561570986077254,3.0080700152690794,6.664227113876807
KXNBAGAME-26FEB19BOSGSW,2026-02-19,BOS,20260217,20260218,93,0.8390063063459026,3.631329871338429,2.7923235649925267,6.423653436330957
KXNBAGAME-26FEB19BOSGSW,2026-02-19,GSW,20260217,20260218,67,1.15528851818275,3.383889553711095,2.2286010355283468,5.612490589239442
KXNBAGAME-26FEB19DENLAC,2026-02-19,DEN,20260217,20260218,77,1.4837326022152082,3.8607861684983398,2.3770535662831307,6.237839734781471
KXNBAGAME-26FEB19DENLAC,2026-02-19,LAC,20260217,20260218,145,2.259104487765492,4.3786990275057,2.1195945397402087,6.498293567245908
KXNBAGAME-26FEB19DETNYK,2026-02-19,DET,20260217,20260218,55,0.7792905174489676,3.350840258163907,2.57154974071494,5.922389998878849
KXNBAGAME-26FEB19DETNYK,2026-02-19,NYK,20260217,20260218,117,0.9170228753653504,3.1964982872474996,2.279475411882151,5.475973699129651
KXNBAGAME-26FEB19HOUCHA,2026-02-19,HOU,20260217,20260218,36,0.9152207676507778,3.238762070507579,2.323541302856802,5.562303373364381
KXNBAGAME-26FEB19HOUCHA,2026-02-19,CHA,20260217,20260218,35,0.29759420994156605,2.88988579436728,2.5922915844257144,5.4821773787929935
KXNBAGAME-26FEB19INDWAS,2026-02-19,IND,20260217,20260218,110,0.09785380273299786,3.229883242361129,3.132029439628133,6.3619126819892635
KXNBAGAME-26FEB19INDWAS,2026-02-19,WAS,20260217,20260218,44,1.57337380112234,4.32597587185228,2.7526020707299392,7.0785779425822195
KXNBAGAME-26FEB19ORLSAC,2026-02-19,ORL,20260217,20260218,37,1.0546724630533584,3.382120603003707,2.3274481399503495,5.709568742954058
KXNBAGAME-26FEB19ORLSAC,2026-02-19,SAC,20260217,20260218,28,-0.18514101964697877,3.4011025152444123,3.586243534891394,6.987346050135807
KXNBAGAME-26FEB19PHXSAS,2026-02-19,PHX,20260217,20260218,78,0.6390768262365896,3.098262395375067,2.45918556913848,5.557447964513547
KXNBAGAME-26FEB19PHXSAS,2026-02-19,SAS,20260217,20260218,89,1.452892354644557,3.7521061753707152,2.299213820726157,6.051319996096873
KXNBAGAME-26FEB19TORCHI,2026-02-19,TOR,20260217,20260218,22,0.1028871244337738,3.2312187008294164,3.128331576395645,6.359550277225062
KXNBAGAME-26FEB19TORCHI,2026-02-19,CHI,20260217,20260218,77,0.334286025915181,3.1658104126714735,2.831524386756294,5.997334799427769
KXNBAGAME-26FEB20BKNOKC,2026-02-20,BKN,20260218,20260219,137,0.6232726507480464,3.4861227192589577,2.8628500685109115,6.3489727877698705
KXNBAGAME-26FEB20BKNOKC,2026-02-20,OKC,20260218,20260219,161,0.8714690349542691,3.264474894909734,2.3930058599554673,5.657480754865201
KXNBAGAME-26FEB20CLECHA,2026-02-20,CLE,20260218,20260219,181,0.4433218448778483,3.2574271763902,2.8141053315123523,6.071532507902553
KXNBAGAME-26FEB20CLECHA,2026-02-20,CHA,20260218,20260219,132,-0.7869047541348455,2.4912252663490158,3.2781300204838613,5.7693552868328775
KXNBAGAME-26FEB20DALMIN,2026-02-20,DAL,20260218,20260219,166,1.0685962123569719,4.158747750613382,3.09015153825641,7.248899288869792
KXNBAGAME-26FEB20DALMIN,2026-02-20,MIN,20260218,20260219,117,0.29038804269947577,3.193654080578428,2.903266037878952,6.09692011845738
KXNBAGAME-26FEB20DENPOR,2026-02-20,DEN,20260218,20260219,94,0.6207918644015709,3.1874734432000222,2.5666815787984514,5.754155021998473
KXNBAGAME-26FEB20DENPOR,2026-02-20,POR,20260218,20260219,91,-0.0529143666758691,2.8314924316661925,2.884406798342061,5.715899230008251
KXNBAGAME-26FEB20INDWAS,2026-02-20,IND,20260218,20260219,181,-0.06077547526476351,3.262244110663953,3.3230195859287175,6.58526369659267
KXNBAGAME-26FEB20INDWAS,2026-02-20,WAS,20260218,20260219,89,1.2655889031542533,4.09063463976484,2.825045736610586,6.915680376375429
KXNBAGAME-26FEB20MIAATL,2026-02-20,MIA,20260218,20260219,40,0.22699032900460792,2.9679183175559682,2.7409279885513587,5.708846306107326
KXNBAGAME-26FEB20MIAATL,2026-02-20,ATL,20260218,20260219,84,0.31094976146387143,3.245766162599468,2.9348164011355964,6.180582563735066
KXNBAGAME-26FEB20MILNOP,2026-02-20,MIL,20260218,20260219,108,0.5967354721502534,3.259582055345743,2.6628465831954897,5.922428638541234
KXNBAGAME-26FEB20MILNOP,2026-02-20,NOP,20260218,20260219,20,-9.277482561381722e-06,2.7775362292067305,2.7775455066892936,5.5550817358960245
KXNBAGAME-26FEB20UTAMEM,2026-02-20,UTA,20260218,20260219,83,-1.2181483738396746,2.74728481017503,3.965433184014705,6.712717994189735
KXNBAGAME-26FEB20UTAMEM,2026-02-20,MEM,20260218,20260219,59,-0.3675140426776292,3.216550150530754,3.5840641932083823,6.80061434373914
KXNBAGAME-26FEB21DETCHI,2026-02-21,DET,20260219,20260220,178,0.2606933227657028,3.0192887183185015,2.758595395552798,5.7778841138713
KXNBAGAME-26FEB21DETCHI,2026-02-21,CHI,20260219,20260220,153,-0.4282008465059815,2.9475892236104118,3.3757900701163948,6.323379293726807
KXNBAGAME-26FEB21HOUNYK,2026-02-21,HOU,20260219,20260220,110,-1.2870644073407087,2.5474622703629626,3.8345266777036704,6.381988948066635
KXNBAGAME-26FEB21HOUNYK,2026-02-21,NYK,20260219,20260220,171,-0.2995323472157818,2.866096048768002,3.1656283959837834,6.031724444751784
KXNBAGAME-26FEB21MEMMIA,2026-02-21,MEM,20260219,20260220,89,-0.5766128663335106,3.0434237744188164,3.6200366407523266,6.663460415171144
KXNBAGAME-26FEB21MEMMIA,2026-02-21,MIA,20260219,20260220,76,0.15903373561183284,2.8092435261190745,2.6502097905072395,5.459453316626314
KXNBAGAME-26FEB21ORLPHX,2026-02-21,ORL,20260219,20260220,132,-0.2689386260428176,3.131681575149732,3.400620201192549,6.532301776342283
KXNBAGAME-26FEB21ORLPHX,2026-02-21,PHX,20260219,20260220,169,-0.1299686063642218,3.0727681558579416,3.2027367622221625,6.275504918080106
KXNBAGAME-26FEB21PHINOP,2026-02-21,PHI,20260219,20260220,0,,,,
KXNBAGAME-26FEB21PHINOP,2026-02-21,NOP,20260219,20260220,52,-0.32097330258815016,2.06792948624023,2.388902788828382,4.456832275068612
KXNBAGAME-26FEB21SACSAS,2026-02-21,SAC,20260219,20260220,81,-0.21370882142679065,3.082230715344658,3.2959395367714484,6.378170252116107
KXNBAGAME-26FEB21SACSAS,2026-02-21,SAS,20260219,20260220,183,0.10727088482098845,3.021685350579858,2.9144144657588695,5.936099816338729
KXNBAGAME-26FEB22BKNATL,2026-02-22,BKN,20260220,20260221,175,-1.0810529221822458,2.8207788882396287,3.9018318104218768,6.722610698661506
KXNBAGAME-26FEB22BKNATL,2026-02-22,ATL,20260220,20260221,165,-0.3837460020477357,2.290398983826802,2.674144985874538,4.9645439697013405
KXNBAGAME-26FEB22BOSLAL,2026-02-22,BOS,20260220,20260221,113,0.053152371836564793,3.3106491581248987,3.2574967862883337,6.568145944413233
KXNBAGAME-26FEB22BOSLAL,2026-02-22,LAL,20260220,20260221,207,0.3390744911229483,3.22714406116027,2.888069570037324,6.115213631197594
KXNBAGAME-26FEB22CHAWAS,2026-02-22,CHA,20260220,20260221,212,-0.9748820042920809,2.8145466302553404,3.7894286345474217,6.603975264802763
KXNBAGAME-26FEB22CHAWAS,2026-02-22,WAS,20260220,20260221,76,0.17349893869598643,3.449260999236554,3.275762060540567,6.725023059777122
KXNBAGAME-26FEB22CLEOKC,2026-02-22,CLE,20260220,20260221,286,-0.8467793167082389,2.8712353734212894,3.7180146901295297,6.589250063550819
KXNBAGAME-26FEB22CLEOKC,2026-02-22,OKC,20260220,20260221,178,-0.6551921706718948,2.784376136937702,3.4395683076095986,6.223944444547302
KXNBAGAME-26FEB22DALIND,2026-02-22,DAL,20260220,20260221,172,-0.6990735726947295,2.8950262312276136,3.5940998039223455,6.489126035149959
KXNBAGAME-26FEB22DALIND,2026-02-22,IND,20260220,20260221,187,-0.7592569911481788,2.8311833094066463,3.5904403005548255,6.421623609961472
KXNBAGAME-26FEB22DENGSW,2026-02-22,DEN,20260220,20260221,204,-0.33545708246076034,2.920456161297488,3.2559132437582488,6.176369405055737
KXNBAGAME-26FEB22DENGSW,2026-02-22,GSW,20260220,20260221,91,-0.056644882851583256,3.189455000614956,3.246099883466539,6.435554884081494
KXNBAGAME-26FEB22NYKCHI,2026-02-22,NYK,20260220,20260221,189,-0.4807653590742614,2.579438780985565,3.0602041400598265,5.639642921045391
KXNBAGAME-26FEB22NYKCHI,2026-02-22,CHI,20260220,20260221,109,-0.546915600923388,2.535619096486738,3.0825346974101278,5.618153793896867
KXNBAGAME-26FEB22ORLLAC,2026-02-22,ORL,20260220,20260221,82,-0.26334925571628165,3.318491252994068,3.58184050871035,6.900331761704421
KXNBAGAME-26FEB22ORLLAC,2026-02-22,LAC,20260220,20260221,247,-0.3387612676453146,3.246791165451919,3.5855524330972353,6.832343598549153
KXNBAGAME-26FEB22PHIMIN,2026-02-22,PHI,20260220,20260221,0,,,,
KXNBAGAME-26FEB22PHIMIN,2026-02-22,MIN,20260220,20260221,163,-1.5851703597807276,2.0947965318845063,3.6799668916652353,5.774763423549741
KXNBAGAME-26FEB22PORPHX,2026-02-22,POR,20260220,20260221,153,-0.5387774674556897,2.813834598611477,3.3526120660671666,6.166446664678644
KXNBAGAME-26FEB22PORPHX,2026-02-22,PHX,20260220,20260221,132,-0.39150266208541734,2.764701302079252,3.156203964164669,5.920905266243922
KXNBAGAME-26FEB22TORMIL,2026-02-22,TOR,20260220,20260221,61,-0.0203065958962223,2.8335142115023,2.8538208073985247,5.687335018900825
KXNBAGAME-26FEB22TORMIL,2026-02-22,MIL,20260220,20260221,129,-0.6961954032335849,2.314247363406947,3.010442766640531,5.324690130047479
KXNBAGAME-26FEB23SACMEM,2026-02-23,SAC,20260221,20260222,161,-1.454234388769557,2.288181882055346,3.7424162708249042,6.030598152880251
KXNBAGAME-26FEB23SACMEM,2026-02-23,MEM,20260221,20260222,124,-2.205048416632192,2.430789967666208,4.635838384298397,7.066628351964606
KXNBAGAME-26FEB23SASDET,2026-02-23,SAS,20260221,20260222,118,-2.1587984024279008,2.3293887084282785,4.48818711085618,6.8175758192844595
KXNBAGAME-26FEB23SASDET,2026-02-23,DET,20260221,20260222,112,-2.0375472687941305,1.7867130472035848,3.824260315997716,5.6109733632013
KXNBAGAME-26FEB23UTAHOU,2026-02-23,UTA,20260221,20260222,88,-0.8054339693192641,2.9995345411180763,3.804968510437338,6.8045030515554155
KXNBAGAME-26FEB23UTAHOU,2026-02-23,HOU,20260221,20260222,112,-0.9847731226193104,3.098183594024243,4.082956716643552,7.181140310667795
KXNBAGAME-26FEB24BOSPHX,2026-02-24,BOS,20260222,20260223,194,-0.1022205374369703,3.1795610262329355,3.281781563669907,6.461342589902842
KXNBAGAME-26FEB24BOSPHX,2026-02-24,PHX,20260222,20260223,198,-1.7922908802766644,2.264171582891544,4.0564624631682085,6.320634046059752
KXNBAGAME-26FEB24CHACHI,2026-02-24,CHA,20260222,20260223,56,0.06628426996797197,3.4586024434678038,3.392318173499831,6.850920616967635
KXNBAGAME-26FEB24CHACHI,2026-02-24,CHI,20260222,20260223,101,-1.279737174165148,2.420557021775018,3.700294195940166,6.120851217715183
KXNBAGAME-26FEB24DALBKN,2026-02-24,DAL,20260222,20260223,89,-1.9778271348223113,2.4430922650855145,4.420919399907826,6.864011664993339
KXNBAGAME-26FEB24DALBKN,2026-02-24,BKN,20260222,20260223,38,-0.8760066080974058,3.079086213324313,3.95509282142172,7.034179034746034
KXNBAGAME-26FEB24GSWNOP,2026-02-24,GSW,20260222,20260223,97,0.26832114547835456,3.490963276105716,3.222642130627362,6.713605406733079
KXNBAGAME-26FEB24GSWNOP,2026-02-24,NOP,20260222,20260223,53,-0.45597135665508187,2.5122434273704317,2.9682147840255144,5.480458211395947
KXNBAGAME-26FEB24MIAMIL,2026-02-24,MIA,20260222,20260223,127,-0.9878361627494214,2.9577780075940416,3.9456141703434624,6.903392177937506
KXNBAGAME-26FEB24MIAMIL,2026-02-24,MIL,20260222,20260223,65,-0.5180445221273545,2.8288818883948803,3.3469264105222347,6.175808298917117
KXNBAGAME-26FEB24MINPOR,2026-02-24,MIN,20260222,20260223,119,-1.8793084166919294,2.320581742111844,4.199890158803774,6.5204719009156165
KXNBAGAME-26FEB24MINPOR,2026-02-24,POR,20260222,20260223,103,-2.202111538131364,1.8236339089328264,4.02574544706419,5.849379355997015
KXNBAGAME-26FEB24NYKCLE,2026-02-24,NYK,20260222,20260223,165,-1.1336325245944414,2.4555158511250434,3.589148375719485,6.044664226844528
KXNBAGAME-26FEB24NYKCLE,2026-02-24,CLE,20260222,20260223,145,-0.9485981387654673,2.9188116523742567,3.867409791139724,6.7862214435139805
KXNBAGAME-26FEB24OKCTOR,2026-02-24,OKC,20260222,20260223,135,-1.53539910186687,2.613143106904037,4.148542208770909,6.761685315674944
KXNBAGAME-26FEB24OKCTOR,2026-02-24,TOR,20260222,20260223,79,-0.01898273293940267,2.8871520678131417,2.906134800752544,5.793286868565687
KXNBAGAME-26FEB24PHIIND,2026-02-24,PHI,20260222,20260223,0,,,,
KXNBAGAME-26FEB24PHIIND,2026-02-24,IND,20260222,20260223,129,-1.0590495456779885,2.9424012360970053,4.001450781774992,6.943852017871998
KXNBAGAME-26FEB24WASATL,2026-02-24,WAS,20260222,20260223,50,-0.2559057492378341,3.384858894718964,3.640764643956797,7.025623538675761
KXNBAGAME-26FEB24WASATL,2026-02-24,ATL,20260222,20260223,56,-0.6745077498707632,2.6014778337629934,3.2759855836337564,5.877463417396751
KXNBAGAME-26FEB25BOSDEN,2026-02-25,BOS,20260223,20260224,187,0.4602771867932167,3.3497453271732973,2.8894681403800817,6.239213467553377
KXNBAGAME-26FEB25BOSDEN,2026-02-25,DEN,20260223,20260224,107,-0.6606279873769737,3.0702825061653476,3.7309104935423214,6.801192999707668
KXNBAGAME-26FEB25CLEMIL,2026-02-25,CLE,20260223,20260224,113,-0.20571310238658308,3.1400643933784247,3.3457774957650086,6.485841889143434
KXNBAGAME-26FEB25CLEMIL,2026-02-25,MIL,20260223,20260224,100,-0.9355172344600091,2.6508075384565597,3.5863247729165675,6.237132311373129
KXNBAGAME-26FEB25GSWMEM,2026-02-25,GSW,20260223,20260224,121,-0.20523573093288666,3.2544012777810307,3.4596370087139174,6.714038286494949
KXNBAGAME-26FEB25GSWMEM,2026-02-25,MEM,20260223,20260224,200,-1.7689251994658837,2.5914253808382135,4.360350580304096,6.9517759611423084
KXNBAGAME-26FEB25OKCDET,2026-02-25,OKC,20260223,20260224,142,-1.1487140546768082,2.6978539588612485,3.846568013538057,6.544421972399306
KXNBAGAME-26FEB25OKCDET,2026-02-25,DET,20260223,20260224,141,-0.27187986041938406,2.665351998468086,2.9372318588874684,5.602583857355555
KXNBAGAME-26FEB25SACHOU,2026-02-25,SAC,20260223,20260224,127,-1.4837278558237752,2.9278713505428,4.4115992063665725,7.339470556909372
KXNBAGAME-26FEB25SACHOU,2026-02-25,HOU,20260223,20260224,130,-0.8560289219114874,2.641021908929048,3.4970508308405357,6.138072739769582
KXNBAGAME-26FEB25SASTOR,2026-02-25,SAS,20260223,20260224,108,0.613472148373227,3.3990857598564266,2.7856136114831984,6.184699371339626
KXNBAGAME-26FEB25SASTOR,2026-02-25,TOR,20260223,20260224,103,-0.30569973187369925,2.883770964601939,3.189470696475637,6.073241661077578
KXNBAGAME-26FEB26CHAIND,2026-02-26,CHA,20260224,20260225,100,-0.8607850295175331,2.5958437609560816,3.456628790473615,6.052472551429696
KXNBAGAME-26FEB26CHAIND,2026-02-26,IND,20260224,20260225,120,-0.42630709262068645,3.1760178962156607,3.6023249888363478,6.778342885052009
KXNBAGAME-26FEB26HOUORL,2026-02-26,HOU,20260224,20260225,135,-1.6230591997239583,2.3967630472531507,4.019822246977109,6.41658529423026
KXNBAGAME-26FEB26HOUORL,2026-02-26,ORL,20260224,20260225,153,0.0944759630259075,3.3109235941496227,3.2164476311237156,6.527371225273338
KXNBAGAME-26FEB26LALPHX,2026-02-26,LAL,20260224,20260225,354,0.2742918961604622,3.495602877825287,3.2213109816648253,6.716913859490113
KXNBAGAME-26FEB26LALPHX,2026-02-26,PHX,20260224,20260225,128,-0.77318708366925,2.8227927262544057,3.595979809923657,6.418772536178061
KXNBAGAME-26FEB26MIAPHI,2026-02-26,MIA,20260224,20260225,97,-0.41543217579188385,2.3102164187625958,2.725648594554479,5.035865013317073
KXNBAGAME-26FEB26MIAPHI,2026-02-26,PHI,20260224,20260225,0,,,,
KXNBAGAME-26FEB26MINLAC,2026-02-26,MIN,20260224,20260225,161,-1.0778587593730862,2.796545996531909,3.874404755904996,6.670950752436905
KXNBAGAME-26FEB26MINLAC,2026-02-26,LAC,20260224,20260225,160,-0.5584273255884571,3.1723638255969835,3.730791151185443,6.903154976782426
KXNBAGAME-26FEB26NOPUTA,2026-02-26,NOP,20260224,20260225,57,-0.3999649079644272,3.2799730573310955,3.6799379652955233,6.959911022626619
KXNBAGAME-26FEB26NOPUTA,2026-02-26,UTA,20260224,20260225,151,-1.6186808686766008,2.496312501262382,4.114993369938983,6.611305871201366
KXNBAGAME-26FEB26PORCHI,2026-02-26,POR,20260224,20260225,125,-1.26752728984781,2.8057075609142927,4.073234850762104,6.878942411676396
KXNBAGAME-26FEB26PORCHI,2026-02-26,CHI,20260224,20260225,128,-0.5741338564662525,2.8711615427904986,3.445295399256751,6.316456942047249
KXNBAGAME-26FEB26SACDAL,2026-02-26,SAC,20260224,20260225,130,-2.0632880754709704,2.8138430432130908,4.87713111868406,7.6909741618971506
KXNBAGAME-26FEB26SACDAL,2026-02-26,DAL,20260224,20260225,99,-0.273080682328211,2.5474329919895955,2.820513674317807,5.367946666307404
KXNBAGAME-26FEB26SASBKN,2026-02-26,SAS,20260224,20260225,136,-0.07200833892836833,3.1726882259403517,3.2446965648687196,6.417384790809073
KXNBAGAME-26FEB26SASBKN,2026-02-26,BKN,20260224,20260225,89,-1.400683696073604,2.3325517250372565,3.7332354211108614,6.065787146148121
KXNBAGAME-26FEB26WASATL,2026-02-26,WAS,20260224,20260225,102,-0.0615489427119969,3.2930392185294375,3.354588161241435,6.647627379770874
KXNBAGAME-26FEB26WASATL,2026-02-26,ATL,20260224,20260225,71,0.0506873609034586,3.4930732567229956,3.4423858958195384,6.935459152542534
KXNBAGAME-26FEB27BKNBOS,2026-02-27,BKN,20260225,20260226,94,-1.5158820473019379,2.190356074959939,3.7062381222618783,5.89659419722182
KXNBAGAME-26FEB27BKNBOS,2026-02-27,BOS,20260225,20260226,227,-0.8021916269073115,2.66723872151364,3.4694303484209534,6.136669069934594
KXNBAGAME-26FEB27MEMDAL,2026-02-27,MEM,20260225,20260226,192,-1.7400146331558302,2.6885590954996066,4.428573728655437,7.1171328241550444
KXNBAGAME-26FEB27MEMDAL,2026-02-27,DAL,20260225,20260226,116,-0.383273038731044,2.4326061868215154,2.8158792255525595,5.248485412374075
KXNBAGAME-26FEB28HOUMIA,2026-02-28,HOU,20260226,20260227,163,-0.41471250307533997,2.783792095540623,3.198504598615963,5.9822966941565845
KXNBAGAME-26FEB28HOUMIA,2026-02-28,MIA,20260226,20260227,131,-0.3425055247833298,2.7707826578273798,3.1132881826107095,5.884070840438088
KXNBAGAME-26FEB28LALGSW,2026-02-28,LAL,20260226,20260227,747,-0.23570039426632736,3.3393454791384993,3.575045873404827,6.914391352543326
KXNBAGAME-26FEB28LALGSW,2026-02-28,GSW,20260226,20260227,125,-0.8239761956247148,2.987611210075453,3.8115874057001666,6.7991986157756195
KXNBAGAME-26FEB28NOPUTA,2026-02-28,NOP,20260226,20260227,89,-1.8653225426615603,2.2693798213103484,4.134702363971908,6.404082185282258
KXNBAGAME-26FEB28NOPUTA,2026-02-28,UTA,20260226,20260227,167,-0.9462284793435198,2.893762747583884,3.8399912269274035,6.733753974511289
KXNBAGAME-26FEB28PORCHA,2026-02-28,POR,20260226,20260227,133,-1.1213935073718961,2.53027229195579,3.6516657993276853,6.181938091283473
KXNBAGAME-26FEB28PORCHA,2026-02-28,CHA,20260226,20260227,205,-0.6599114907492274,2.675411213530756,3.3353227042799825,6.010733917810738
KXNBAGAME-26FEB28TORWAS,2026-02-28,TOR,20260226,20260227,166,0.12103067459517719,3.220061484453905,3.0990308098587276,6.319092294312633
KXNBAGAME-26FEB28TORWAS,2026-02-28,WAS,20260226,20260227,127,0.6751227008473712,3.091975624561168,2.4168529237137975,5.508828548274963
KXNBAGAME-26JAN01BOSSAC,2026-01-01,BOS,20251230,20251231,184,0.24676952740669988,3.2558841894102746,3.0091146620035754,6.264998851413849
KXNBAGAME-26JAN01BOSSAC,2026-01-01,SAC,20251230,20251231,139,-0.6699062153192065,2.582164038330639,3.252070253649845,5.8342342919804855
KXNBAGAME-26JAN01HOUBKN,2026-01-01,HOU,20251230,20251231,129,-1.1650689779851242,2.5896286551181182,3.754697633103242,6.344326288221362
KXNBAGAME-26JAN01HOUBKN,2026-01-01,BKN,20251230,20251231,53,0.1729402216200496,3.636003024259656,3.4630628026396053,7.099065826899259
KXNBAGAME-26JAN01MIADET,2026-01-01,MIA,20251230,20251231,160,-1.767789339286817,2.760872648351561,4.528661987638379,7.289534635989941
KXNBAGAME-26JAN01MIADET,2026-01-01,DET,20251230,20251231,228,-0.5177695367325084,2.924448847456285,3.442218384188794,6.366667231645081
KXNBAGAME-26JAN01PHIDAL,2026-01-01,PHI,20251230,20251231,0,,,,
KXNBAGAME-26JAN01PHIDAL,2026-01-01,DAL,20251230,20251231,113,-0.10177828705056385,3.1202788861568798,3.2220571732074443,6.342336059364326
KXNBAGAME-26JAN01UTALAC,2026-01-01,UTA,20251230,20251231,100,-0.11403154024946895,3.181849942250075,3.295881482499544,6.477731424749619
KXNBAGAME-26JAN01UTALAC,2026-01-01,LAC,20251230,20251231,126,-0.465568288024509,2.8063704461917416,3.2719387342162505,6.078309180407995
KXNBAGAME-26JAN02ATLNYK,2026-01-02,ATL,20251231,20260101,111,-0.7807464108263136,2.67877401331073,3.459520424137045,6.138294437447777
KXNBAGAME-26JAN02ATLNYK,2026-01-02,NYK,20251231,20260101,241,-0.6007379358050244,3.0225988385661218,3.623336774371147,6.6459356129372695
KXNBAGAME-26JAN02BKNWAS,2026-01-02,BKN,20251231,20260101,24,-0.651775071478173,3.0517015628770774,3.7034766343552503,6.7551781972323255
KXNBAGAME-26JAN02BKNWAS,2026-01-02,WAS,20251231,20260101,101,0.03809817029142208,3.6745082083299003,3.6364100380384787,7.310918246368377
KXNBAGAME-26JAN02CHAMIL,2026-01-02,CHA,20251231,20260101,68,0.1532966500824513,3.717011080980856,3.563714430898405,7.280725511879262
KXNBAGAME-26JAN02CHAMIL,2026-01-02,MIL,20251231,20260101,82,0.36645989137005613,3.602923127790648,3.236463236420592,6.839386364211238
KXNBAGAME-26JAN02DENCLE,2026-01-02,DEN,20251231,20260101,110,-0.8694844650365887,2.775411578137697,3.6448960431742865,6.420307621311985
KXNBAGAME-26JAN02DENCLE,2026-01-02,CLE,20251231,20260101,97,-0.79339682700927,2.7883924509911107,3.5817892780003797,6.37018172899149
KXNBAGAME-26JAN02MEMLAL,2026-01-02,MEM,20251231,20260101,109,-1.5494592915756806,2.994925997020255,4.544385288595935,7.539311285616192
KXNBAGAME-26JAN02MEMLAL,2026-01-02,LAL,20251231,20260101,212,-0.32048539248789837,3.032673391485462,3.353158783973359,6.385832175458821
KXNBAGAME-26JAN02OKCGSW,2026-01-02,OKC,20251231,20260101,162,-0.951318326100006,2.785841809206315,3.7371601353063224,6.523001944512638
KXNBAGAME-26JAN02OKCGSW,2026-01-02,GSW,20251231,20260101,139,-0.00876696260317232,3.2866922269520966,3.2954591895552703,6.582151416507369
KXNBAGAME-26JAN02ORLCHI,2026-01-02,ORL,20251231,20260101,118,0.1783670434138619,3.7369951407800284,3.55862809736617,7.295623238146199
KXNBAGAME-26JAN02ORLCHI,2026-01-02,CHI,20251231,20260101,66,-1.608762212127955,2.0447763353721866,3.6535385475001445,5.698314882872332
KXNBAGAME-26JAN02PORNOP,2026-01-02,POR,20251231,20260101,73,-0.6972493168147882,3.3214585019182636,4.018707818733055,7.340166320651319
KXNBAGAME-26JAN02PORNOP,2026-01-02,NOP,20251231,20260101,48,-0.9713306589314283,2.3502901854028675,3.3216208443342987,5.671911029737165
KXNBAGAME-26JAN02SACPHX,2026-01-02,SAC,20251231,20260101,104,-1.002205555735978,2.6696178377508497,3.671823393486827,6.341441231237678
KXNBAGAME-26JAN02SACPHX,2026-01-02,PHX,20251231,20260101,108,-0.7954803920550506,2.565327012426609,3.3608074044816583,5.926134416908266
KXNBAGAME-26JAN02SASIND,2026-01-02,SAS,20251231,20260101,200,-1.052350353347592,2.522429811320162,3.5747801646677546,6.0972099759879175
KXNBAGAME-26JAN02SASIND,2026-01-02,IND,20251231,20260101,98,-0.020904803626725227,3.384015558677156,3.4049203623038826,6.788935920981039
KXNBAGAME-26JAN03ATLTOR,2026-01-03,ATL,20260101,20260102,115,-0.5588149275341024,2.9705780179246277,3.5293929454587296,6.499970963383358
KXNBAGAME-26JAN03ATLTOR,2026-01-03,TOR,20260101,20260102,58,-0.511752375978022,2.815335760699176,3.3270881366771974,6.142423897376376
KXNBAGAME-26JAN03BOSLAC,2026-01-03,BOS,20260101,20260102,163,-0.26162477380509563,2.85094246402976,3.1125672378348552,5.963509701864615
KXNBAGAME-26JAN03BOSLAC,2026-01-03,LAC,20260101,20260102,150,-0.9442758300039343,2.6644879332202045,3.608763763224139,6.273251696444345
KXNBAGAME-26JAN03CHACHI,2026-01-03,CHA,20260101,20260102,73,-0.22411543899619235,3.322204437607563,3.5463198766037562,6.86852431421132
KXNBAGAME-26JAN03CHACHI,2026-01-03,CHI,20260101,20260102,84,-0.7399076225408967,2.580514478629488,3.3204221011703874,5.900936579799874
KXNBAGAME-26JAN03HOUDAL,2026-01-03,HOU,20260101,20260102,94,-0.9266267711530738,2.5580086782310736,3.4846354493841476,6.0426441276152225
KXNBAGAME-26JAN03HOUDAL,2026-01-03,DAL,20260101,20260102,103,-0.769874437787506,2.949098558758017,3.7189729965455225,6.66807155530354
KXNBAGAME-26JAN03MINMIA,2026-01-03,MIN,20260101,20260102,117,-0.6631060775443806,2.736277235325028,3.399383312869409,6.135660548194437
KXNBAGAME-26JAN03MINMIA,2026-01-03,MIA,20260101,20260102,123,-0.6186092862368949,2.449700882182643,3.068310168419539,5.5180110506021816
KXNBAGAME-26JAN03PHINYK,2026-01-03,PHI,20260101,20260102,0,,,,
KXNBAGAME-26JAN03PHINYK,2026-01-03,NYK,20260101,20260102,180,-1.1312233560649825,2.7755670254051097,3.9067903814700924,6.6823574068752
KXNBAGAME-26JAN03PORSAS,2026-01-03,POR,20260101,20260102,119,-0.3533513922908684,3.4328828681512733,3.786234260442143,7.219117128593416
KXNBAGAME-26JAN03PORSAS,2026-01-03,SAS,20260101,20260102,217,-1.413659020127389,2.4894315384266203,3.90309055855401,6.3925220969806285
KXNBAGAME-26JAN03UTAGSW,2026-01-03,UTA,20260101,20260102,128,-1.1882379735803916,2.4842368067188927,3.672474780299284,6.156711587018176
KXNBAGAME-26JAN03UTAGSW,2026-01-03,GSW,20260101,20260102,159,0.25500237489387423,3.3213177851720515,3.066315410278178,6.387633195450231
KXNBAGAME-26JAN04DENBKN,2026-01-04,DEN,20260102,20260103,202,-1.0102601930499928,2.4530619108428233,3.4633221038928172,5.91638401473564
KXNBAGAME-26JAN04DENBKN,2026-01-04,BKN,20260102,20260103,96,-0.16988206828077929,3.2892957467084254,3.4591778149892054,6.748473561697633
KXNBAGAME-26JAN04DETCLE,2026-01-04,DET,20260102,20260103,182,-0.9030208254173343,2.4329738617752414,3.3359946871925756,5.768968548967821
KXNBAGAME-26JAN04DETCLE,2026-01-04,CLE,20260102,20260103,114,-1.582179366180024,2.2802073982583795,3.862386764438405,6.142594162696781
KXNBAGAME-26JAN04INDORL,2026-01-04,IND,20260102,20260103,120,-0.17188327586448404,3.0215055010020375,3.193388776866521,6.214894277868558
KXNBAGAME-26JAN04INDORL,2026-01-04,ORL,20260102,20260103,122,0.5218995493659907,3.549250329805402,3.0273507804394093,6.576601110244811
KXNBAGAME-26JAN04MEMLAL,2026-01-04,MEM,20260102,20260103,142,-1.340784460326851,2.4145150486475027,3.7552995089743533,6.169814557621855
KXNBAGAME-26JAN04MEMLAL,2026-01-04,LAL,20260102,20260103,226,-0.6696442747635565,2.843095140214478,3.5127394149780353,6.355834555192514
KXNBAGAME-26JAN04MILSAC,2026-01-04,MIL,20260102,20260103,188,0.4295317924287555,3.2492047004605467,2.8196729080317917,6.06887760849234
KXNBAGAME-26JAN04MILSAC,2026-01-04,SAC,20260102,20260103,141,-0.5913574841800753,2.4786231492413497,3.069980633421425,5.548603782662776
KXNBAGAME-26JAN04MINWAS,2026-01-04,MIN,20260102,20260103,142,0.006496133582405528,2.7524526860120506,2.7459565524296443,5.498409238441695
KXNBAGAME-26JAN04MINWAS,2026-01-04,WAS,20260102,20260103,70,0.906603162369509,3.584759343464814,2.6781561810953054,6.262915524560121
KXNBAGAME-26JAN04NOPMIA,2026-01-04,NOP,20260102,20260103,75,-2.0249323678988684,2.58941777767378,4.614350145572649,7.203767923246429
KXNBAGAME-26JAN04NOPMIA,2026-01-04,MIA,20260102,20260103,129,-0.8520801614512843,2.188615105030781,3.040695266482069,5.22931037151285
KXNBAGAME-26JAN04OKCPHX,2026-01-04,OKC,20260102,20260103,178,0.23965309827074727,3.3711475641591613,3.1314944658884123,6.502642030047574
KXNBAGAME-26JAN04OKCPHX,2026-01-04,PHX,20260102,20260103,91,-0.24691910687977076,2.6116708798090023,2.858589986688771,5.470260866497774
KXNBAGAME-26JAN05ATLTOR,2026-01-05,ATL,20260103,20260104,166,-0.6187729281607608,2.2179410618179913,2.836713989978753,5.054655051796745
KXNBAGAME-26JAN05ATLTOR,2026-01-05,TOR,20260103,20260104,82,-1.6671993169497927,1.9799687588702335,3.647168075820025,5.627136834690261
KXNBAGAME-26JAN05CHAOKC,2026-01-05,CHA,20260103,20260104,149,-0.2956265326215154,2.821865953462984,3.117492486084501,5.939358439547483
KXNBAGAME-26JAN05CHAOKC,2026-01-05,OKC,20260103,20260104,211,-0.0500206179053187,3.0813299778622474,3.1313505957675645,6.212680573629812
KXNBAGAME-26JAN05CHIBOS,2026-01-05,CHI,20260103,20260104,106,-0.23223478473730247,2.80862035010818,3.0408551348454838,5.849475484953663
KXNBAGAME-26JAN05CHIBOS,2026-01-05,BOS,20260103,20260104,159,0.19718972316203376,3.2995310901330557,3.1023413669710225,6.40187245710408
KXNBAGAME-26JAN05DENPHI,2026-01-05,DEN,20260103,20260104,165,-0.8140363606531957,2.6152948281931385,3.4293311888463345,6.044626017039472
KXNBAGAME-26JAN05DENPHI,2026-01-05,PHI,20260103,20260104,0,,,,
KXNBAGAME-26JAN05GSWLAC,2026-01-05,GSW,20260103,20260104,227,-0.35839482007475376,2.962955421816221,3.3213502418909737,6.284305663707196
KXNBAGAME-26JAN05GSWLAC,2026-01-05,LAC,20260103,20260104,182,-0.33628331965879804,3.030443322430397,3.366726642089194,6.397169964519592
KXNBAGAME-26JAN05NYKDET,2026-01-05,NYK,20260103,20260104,213,-0.42730423907582504,2.569466480384018,2.9967707194598434,5.566237199843862
KXNBAGAME-26JAN05NYKDET,2026-01-05,DET,20260103,20260104,71,-0.8948371944457502,2.563061849944935,3.457899044390686,6.020960894335623
KXNBAGAME-26JAN05PHXHOU,2026-01-05,PHX,20260103,20260104,98,-0.8504632181913873,2.240856622981811,3.0913198411731964,5.3321764641550065
KXNBAGAME-26JAN05PHXHOU,2026-01-05,HOU,20260103,20260104,112,-1.5990301359727646,2.3654477090257338,3.964477844998498,6.329925554024232
KXNBAGAME-26JAN05UTAPOR,2026-01-05,UTA,20260103,20260104,190,-0.2420862977904858,3.202091452825008,3.444177750615493,6.646269203440502
KXNBAGAME-26JAN05UTAPOR,2026-01-05,POR,20260103,20260104,123,-0.3238899118297494,3.369950033137636,3.6938399449673853,7.063789978105022
KXNBAGAME-26JAN06CLEIND,2026-01-06,CLE,20260104,20260105,63,-1.2326373052464688,2.944362689650963,4.176999994897432,7.121362684548394
KXNBAGAME-26JAN06CLEIND,2026-01-06,IND,20260104,20260105,93,-0.2258653686740335,3.223223950022245,3.449089318696279,6.6723132687185265
KXNBAGAME-26JAN06DALSAC,2026-01-06,DAL,20260104,20260105,124,0.5774447578700455,3.9462672794278735,3.36882252155783,7.315089800985705
KXNBAGAME-26JAN06DALSAC,2026-01-06,SAC,20260104,20260105,100,-0.23397464876600224,2.8553819130787566,3.0893565618447574,5.944738474923517
KXNBAGAME-26JAN06LALNOP,2026-01-06,LAL,20260104,20260105,186,-0.6558340423929013,3.0901517923965223,3.7459858347894226,6.836137627185947
KXNBAGAME-26JAN06LALNOP,2026-01-06,NOP,20260104,20260105,81,-1.094580879406106,2.542154193028731,3.6367350724348393,6.178889265463569
KXNBAGAME-26JAN06MIAMIN,2026-01-06,MIA,20260104,20260105,96,-0.46208955802656326,2.6818101878045946,3.1438997458311597,5.825709933635753
KXNBAGAME-26JAN06MIAMIN,2026-01-06,MIN,20260104,20260105,142,-0.4387948320818055,3.004522774263428,3.443317606345235,6.447840380608663
KXNBAGAME-26JAN06ORLWAS,2026-01-06,ORL,20260104,20260105,87,-0.7846551796170589,3.171022962712414,3.9556781423294725,7.126701105041887
KXNBAGAME-26JAN06ORLWAS,2026-01-06,WAS,20260104,20260105,70,0.07317756759147614,3.060006500221162,2.9868289326296855,6.046835432850847
KXNBAGAME-26JAN06SASMEM,2026-01-06,SAS,20260104,20260105,78,0.1098500698126201,3.439986618769958,3.330136548957338,6.770123167727297
KXNBAGAME-26JAN06SASMEM,2026-01-06,MEM,20260104,20260105,121,-1.304341798312452,2.8145873990660535,4.118929197378505,6.933516596444559
KXNBAGAME-26JAN07CHIDET,2026-01-07,CHI,20260105,20260106,92,-0.2288678068952899,3.009293037256838,3.2381608441521283,6.247453881408967
KXNBAGAME-26JAN07CHIDET,2026-01-07,DET,20260105,20260106,134,-1.0077727671728254,2.5012210492151006,3.5089938163879255,6.010214865603029
KXNBAGAME-26JAN07DENBOS,2026-01-07,DEN,20260105,20260106,132,-0.5759966028590079,2.4654264769033993,3.0414230797624073,5.506849556665806
KXNBAGAME-26JAN07DENBOS,2026-01-07,BOS,20260105,20260106,132,-0.9876078858404643,2.457394406355105,3.44500229219557,5.902396698550676
KXNBAGAME-26JAN07HOUPOR,2026-01-07,HOU,20260105,20260106,145,0.9815982577618327,3.709334465978995,2.7277362082171637,6.4370706741961605
KXNBAGAME-26JAN07HOUPOR,2026-01-07,POR,20260105,20260106,119,-0.48396578371615673,3.197094637759035,3.6810604214751916,6.878155059234228
KXNBAGAME-26JAN07LACNYK,2026-01-07,LAC,20260105,20260106,164,-0.7617513067242263,2.85482875696659,3.616580063690817,6.471408820657407
KXNBAGAME-26JAN07LACNYK,2026-01-07,NYK,20260105,20260106,124,-0.4246928186346094,2.624319283266326,3.049012101900935,5.673331385167261
KXNBAGAME-26JAN07LALSAS,2026-01-07,LAL,20260105,20260106,228,-0.32520789550553475,3.1737934782540567,3.4990013737595915,6.6727948520136495
KXNBAGAME-26JAN07LALSAS,2026-01-07,SAS,20260105,20260106,80,-1.4973381471690337,2.7412688354099326,4.2386069825789665,6.9798758179889
KXNBAGAME-26JAN07MILGSW,2026-01-07,MIL,20260105,20260106,125,0.3060573034268975,2.9950841164231243,2.689026812996228,5.684110929419353
KXNBAGAME-26JAN07MILGSW,2026-01-07,GSW,20260105,20260106,171,-0.013646489059615408,3.1215870154119223,3.135233504471538,6.25682051988346
KXNBAGAME-26JAN07NOPATL,2026-01-07,NOP,20260105,20260106,84,-0.6681170701368572,2.521440267446712,3.1895573375835697,5.710997605030283
KXNBAGAME-26JAN07NOPATL,2026-01-07,ATL,20260105,20260106,143,-0.2853287544616888,2.9179575205456447,3.2032862750073345,6.121243795552979
KXNBAGAME-26JAN07ORLBKN,2026-01-07,ORL,20260105,20260106,105,-0.9648189108232161,3.2047768382066666,4.169595749029881,7.374372587236549
KXNBAGAME-26JAN07ORLBKN,2026-01-07,BKN,20260105,20260106,105,1.1408559985552462,3.8822156958585134,2.7413596973032677,6.623575393161781
KXNBAGAME-26JAN07PHXMEM,2026-01-07,PHX,20260105,20260106,261,0.6211962146779424,3.353701901008076,2.7325056863301347,6.086207587338213
KXNBAGAME-26JAN07PHXMEM,2026-01-07,MEM,20260105,20260106,141,-1.6578847034366444,2.830121785437216,4.48800648887386,7.318128274311077
KXNBAGAME-26JAN07TORCHA,2026-01-07,TOR,20260105,20260106,76,-0.3465258693833203,2.9378952578484276,3.2844211272317487,6.22231638508018
KXNBAGAME-26JAN07TORCHA,2026-01-07,CHA,20260105,20260106,115,-0.20050586746479207,2.780527709167952,2.9810335766327443,5.761561285800697
KXNBAGAME-26JAN07UTAOKC,2026-01-07,UTA,20260105,20260106,102,0.1430733683940414,3.0316318706415055,2.888558502247465,5.92019037288897
KXNBAGAME-26JAN07UTAOKC,2026-01-07,OKC,20260105,20260106,266,-0.2066257448856295,2.784744064085407,2.991369808971037,5.776113873056445
KXNBAGAME-26JAN07WASPHI,2026-01-07,WAS,20260105,20260106,117,-0.21110408569150022,3.2822882825687616,3.4933923682602623,6.775680650829025
KXNBAGAME-26JAN07WASPHI,2026-01-07,PHI,20260105,20260106,0,,,,
KXNBAGAME-26JAN08CLEMIN,2026-01-08,CLE,20260106,20260107,78,-1.4425580212874451,2.9223601494341658,4.364918170721612,7.287278320155776
KXNBAGAME-26JAN08CLEMIN,2026-01-08,MIN,20260106,20260107,149,0.44295550783997584,2.8626673149890762,2.419711807149101,5.2823791221381775
KXNBAGAME-26JAN08DALUTA,2026-01-08,DAL,20260106,20260107,224,0.5930358762824793,3.4046918034705334,2.811655927188051,6.216347730658583
KXNBAGAME-26JAN08DALUTA,2026-01-08,UTA,20260106,20260107,90,-0.48002328205229544,2.9105483689097777,3.390571650962073,6.301120019871853
KXNBAGAME-26JAN08INDCHA,2026-01-08,IND,20260106,20260107,93,-1.063296312526905,3.2257857131296825,4.289082025656587,7.514867738786268
KXNBAGAME-26JAN08INDCHA,2026-01-08,CHA,20260106,20260107,133,-0.41047223614185846,2.7642438332618413,3.1747160694036998,5.938959902665542
KXNBAGAME-26JAN09ATLDEN,2026-01-09,ATL,20260107,20260108,429,0.6517433340440599,3.4546187418111147,2.8028754077670515,6.257494149578166
KXNBAGAME-26JAN09ATLDEN,2026-01-09,DEN,20260107,20260108,151,0.2826089409502601,3.4153585620228224,3.132749621072562,6.548108183095385
KXNBAGAME-26JAN09HOUPOR,2026-01-09,HOU,20260107,20260108,143,-0.5188643803609683,3.4491867545477772,3.9680511349087433,7.417237889456523
KXNBAGAME-26JAN09HOUPOR,2026-01-09,POR,20260107,20260108,96,0.31075974009057944,3.5382582638785687,3.2274985237879896,6.765756787666558
KXNBAGAME-26JAN09LACBKN,2026-01-09,LAC,20260107,20260108,116,-0.2852559565130221,2.9559348560884224,3.2411908126014457,6.197125668689868
KXNBAGAME-26JAN09LACBKN,2026-01-09,BKN,20260107,20260108,118,-0.003326567429177474,3.0916432366308184,3.0949698040599953,6.186613040690814
KXNBAGAME-26JAN09MILLAL,2026-01-09,MIL,20260107,20260108,329,0.12646203854638885,2.7765437434877085,2.650081704941321,5.4266254484290295
KXNBAGAME-26JAN09MILLAL,2026-01-09,LAL,20260107,20260108,273,0.1309618225974818,3.2547867431234283,3.123824920525946,6.378611663649375
KXNBAGAME-26JAN09NOPWAS,2026-01-09,NOP,20260107,20260108,142,-0.7822248613121212,2.53120695729689,3.3134318186090113,5.844638775905899
KXNBAGAME-26JAN09NOPWAS,2026-01-09,WAS,20260107,20260108,414,1.2196310526279723,3.795289941922415,2.5756588892944388,6.370948831216854
KXNBAGAME-26JAN09NYKPHX,2026-01-09,NYK,20260107,20260108,106,0.030036988394661006,3.0647913501783766,3.0347543617837163,6.099545711962092
KXNBAGAME-26JAN09NYKPHX,2026-01-09,PHX,20260107,20260108,96,-1.6061034090662811,2.9597277096082895,4.565831118674569,7.525558828282861
KXNBAGAME-26JAN09OKCMEM,2026-01-09,OKC,20260107,20260108,164,-0.7746925513166038,3.1295293809613405,3.9042219322779452,7.0337513132392875
KXNBAGAME-26JAN09OKCMEM,2026-01-09,MEM,20260107,20260108,145,-1.9427130218481938,2.532492052696309,4.475205074544503,7.007697127240813
KXNBAGAME-26JAN09PHIORL,2026-01-09,PHI,20260107,20260108,0,,,,
KXNBAGAME-26JAN09PHIORL,2026-01-09,ORL,20260107,20260108,157,-0.12021982683651708,3.1814128086345503,3.3016326354710674,6.483045444105619
KXNBAGAME-26JAN09SACGSW,2026-01-09,SAC,20260107,20260108,93,-0.8758042023178418,2.375193446635355,3.2509976489531978,5.626191095588549
KXNBAGAME-26JAN09SACGSW,2026-01-09,GSW,20260107,20260108,181,0.32174869606658696,3.44700922519372,3.125260529127133,6.572269754320853
KXNBAGAME-26JAN09TORBOS,2026-01-09,TOR,20260107,20260108,80,0.0613120336805584,2.9766517260657586,2.915339692385201,5.8919914184509565
KXNBAGAME-26JAN09TORBOS,2026-01-09,BOS,20260107,20260108,122,0.13730427918149257,3.0926216592227163,2.9553173800412234,6.04793903926394
KXNBAGAME-26JAN10CHAUTA,2026-01-10,CHA,20260108,20260109,126,-0.2588684681499603,2.9873961436746272,3.246264611824587,6.233660755499212
KXNBAGAME-26JAN10CHAUTA,2026-01-10,UTA,20260108,20260109,147,-1.5164845342456954,2.4709023579014886,3.9873868921471862,6.458289250048674
KXNBAGAME-26JAN10DALCHI,2026-01-10,DAL,20260108,20260109,377,0.6511887034937511,3.702812566405039,3.0516238629112875,6.7544364293163275
KXNBAGAME-26JAN10DALCHI,2026-01-10,CHI,20260108,20260109,188,-0.8510297466050813,2.2656767794291692,3.11670652603425,5.382383305463421
KXNBAGAME-26JAN10LACDET,2026-01-10,LAC,20260108,20260109,133,-0.7360756432112212,2.7264384685953535,3.462514111806575,6.18895258040193
KXNBAGAME-26JAN10LACDET,2026-01-10,DET,20260108,20260109,68,0.07855605689083697,3.1189446031519124,3.0403885462610747,6.159333149412987
KXNBAGAME-26JAN10MIAIND,2026-01-10,MIA,20260108,20260109,141,-1.6629268442559308,2.087617545615907,3.7505443898718376,5.838161935487745
KXNBAGAME-26JAN10MIAIND,2026-01-10,IND,20260108,20260109,111,0.15712267743381575,3.3538585869239057,3.1967359094900907,6.550594496413998
KXNBAGAME-26JAN10MINCLE,2026-01-10,MIN,20260108,20260109,205,-1.0140299193546416,2.5079637018325824,3.5219936211872236,6.029957323019807
KXNBAGAME-26JAN10MINCLE,2026-01-10,CLE,20260108,20260109,120,-1.1700929062699696,2.3447144633510066,3.5148073696209767,5.859521832971983
KXNBAGAME-26JAN10SASBOS,2026-01-10,SAS,20260108,20260109,99,-0.30045809003399176,3.0373700279580476,3.33782811799204,6.375198145950088
KXNBAGAME-26JAN10SASBOS,2026-01-10,BOS,20260108,20260109,118,-0.07764660245671177,3.014861312192912,3.092507914649623,6.107369226842535
KXNBAGAME-26JAN11ATLGSW,2026-01-11,ATL,20260109,20260110,126,0.275309231148271,3.286004080882069,3.010694849733799,6.296698930615866
KXNBAGAME-26JAN11ATLGSW,2026-01-11,GSW,20260109,20260110,104,0.3643166718348374,3.3600007488911503,2.9956840770563127,6.355684825947464
KXNBAGAME-26JAN11BKNMEM,2026-01-11,BKN,20260109,20260110,82,-0.6992257406217381,2.872689077547354,3.5719148181690903,6.444603895716447
KXNBAGAME-26JAN11BKNMEM,2026-01-11,MEM,20260109,20260110,130,-1.7612986991999897,2.664709410100264,4.4260081093002555,7.0907175194005205
KXNBAGAME-26JAN11HOUSAC,2026-01-11,HOU,20260109,20260110,105,0.059921675141876934,2.990747596738779,2.9308259215969032,5.921573518335682
KXNBAGAME-26JAN11HOUSAC,2026-01-11,SAC,20260109,20260110,79,0.31646784030656716,3.3411296576075564,3.0246618173009905,6.365791474908547
KXNBAGAME-26JAN11MIAOKC,2026-01-11,MIA,20260109,20260110,182,-1.639429996947258,2.2071796678082736,3.8466096647555315,6.053789332563806
KXNBAGAME-26JAN11MIAOKC,2026-01-11,OKC,20260109,20260110,124,-1.79170137326909,2.7675912131084734,4.559292586377564,7.3268837994860405
KXNBAGAME-26JAN11MILDEN,2026-01-11,MIL,20260109,20260110,203,-0.4407676143845791,3.0192258814672996,3.4599934958518803,6.479219377319181
KXNBAGAME-26JAN11MILDEN,2026-01-11,DEN,20260109,20260110,53,-0.16757552953932414,2.8503696316602127,3.0179451611995374,5.868314792859747
KXNBAGAME-26JAN11NOPORL,2026-01-11,NOP,20260109,20260110,80,0.26831005263338514,3.8024668844640086,3.5341568318306225,7.336623716294632
KXNBAGAME-26JAN11NOPORL,2026-01-11,ORL,20260109,20260110,101,-0.7420947782356253,2.65078518896684,3.3928799672024645,6.043665156169307
KXNBAGAME-26JAN11NYKPOR,2026-01-11,NYK,20260109,20260110,127,-0.23299210542084675,2.8922215462100196,3.1252136516308666,6.017435197840886
KXNBAGAME-26JAN11NYKPOR,2026-01-11,POR,20260109,20260110,76,-0.18134129440615174,3.329031235776931,3.510372530183082,6.8394037659600135
KXNBAGAME-26JAN11PHITOR,2026-01-11,PHI,20260109,20260110,0,,,,
KXNBAGAME-26JAN11PHITOR,2026-01-11,TOR,20260109,20260110,103,-0.7782180782413389,2.7341715591124967,3.512389637353835,6.246561196466334
KXNBAGAME-26JAN11SASMIN,2026-01-11,SAS,20260109,20260110,74,-0.23341223860844146,2.7470607828578126,2.9804730214662545,5.727533804324068
KXNBAGAME-26JAN11SASMIN,2026-01-11,MIN,20260109,20260110,215,-1.0315166927223414,2.8587598440246196,3.8902765367469607,6.749036380771581
KXNBAGAME-26JAN11WASPHX,2026-01-11,WAS,20260109,20260110,89,1.2014158458181625,4.25669448333135,3.055278637513187,7.311973120844536
KXNBAGAME-26JAN11WASPHX,2026-01-11,PHX,20260109,20260110,78,-1.1293662104496167,2.471212980637592,3.600579191087209,6.0717921717248
KXNBAGAME-26JAN12BKNDAL,2026-01-12,BKN,20260110,20260111,55,-1.277222949287463,2.650648080441107,3.927871029728569,6.578519110169678
KXNBAGAME-26JAN12BKNDAL,2026-01-12,DAL,20260110,20260111,85,-1.640985494681674,2.4719147364030642,4.112900231084738,6.584814967487803
KXNBAGAME-26JAN12BOSIND,2026-01-12,BOS,20260110,20260111,125,-0.4865344909924485,2.382421107815055,2.8689555988075037,5.251376706622558
KXNBAGAME-26JAN12BOSIND,2026-01-12,IND,20260110,20260111,74,-0.4510360102254817,2.5381699919876324,2.9892060022131144,5.527375994200749
KXNBAGAME-26JAN12CHALAC,2026-01-12,CHA,20260110,20260111,74,-0.8966425867358068,2.6291696089845056,3.525812195720313,6.15498180470482
KXNBAGAME-26JAN12CHALAC,2026-01-12,LAC,20260110,20260111,102,-1.3685858186892714,2.557957159720309,3.92654297840958,6.484500138129894
KXNBAGAME-26JAN12LALSAC,2026-01-12,LAL,20260110,20260111,136,-1.33932961387175,2.4641214499451354,3.8034510638168855,6.267572513762022
KXNBAGAME-26JAN12LALSAC,2026-01-12,SAC,20260110,20260111,95,-0.32418363515630305,2.989102379365438,3.313286014521742,6.302388393887183
KXNBAGAME-26JAN12PHITOR,2026-01-12,PHI,20260110,20260111,0,,,,
KXNBAGAME-26JAN12PHITOR,2026-01-12,TOR,20260110,20260111,90,-0.8566684927295136,2.6954099632897477,3.5520784560192618,6.247488419309013
KXNBAGAME-26JAN12UTACLE,2026-01-12,UTA,20260110,20260111,111,-1.4008463572416132,2.532770046145986,3.9336164033876004,6.466386449533586
KXNBAGAME-26JAN12UTACLE,2026-01-12,CLE,20260110,20260111,104,-1.2121924402657616,2.231978423829113,3.4441708640948745,5.676149287923987
KXNBAGAME-26JAN13ATLLAL,2026-01-13,ATL,20260111,20260112,73,0.03705808825233753,3.3611505568725852,3.324092468620246,6.6852430254928334
KXNBAGAME-26JAN13ATLLAL,2026-01-13,LAL,20260111,20260112,108,-1.077128955095016,2.5544624684720696,3.6315914235670856,6.186053892039157
KXNBAGAME-26JAN13CHIHOU,2026-01-13,CHI,20260111,20260112,73,-1.0989371566588664,2.369732969631774,3.468670126290638,5.838403095922413
KXNBAGAME-26JAN13CHIHOU,2026-01-13,HOU,20260111,20260112,77,-0.3479677004310528,3.1448847519174237,3.492852452348476,6.6377372042659015
KXNBAGAME-26JAN13DENNOP,2026-01-13,DEN,20260111,20260112,71,-1.0421308793380666,2.2932403898759763,3.3353712692140425,5.628611659090019
KXNBAGAME-26JAN13DENNOP,2026-01-13,NOP,20260111,20260112,39,-0.19539199751527753,3.3468493722728985,3.5422413697881736,6.889090742061073
KXNBAGAME-26JAN13MINMIL,2026-01-13,MIN,20260111,20260112,142,-1.693780035134552,2.2519830079824192,3.945763043116977,6.197746051099397
KXNBAGAME-26JAN13MINMIL,2026-01-13,MIL,20260111,20260112,75,-0.13876737813491546,3.025133727787272,3.163901105922188,6.18903483370946
KXNBAGAME-26JAN13PHXMIA,2026-01-13,PHX,20260111,20260112,66,0.607597073312208,3.522484697766118,2.914887624453911,6.43737232222003
KXNBAGAME-26JAN13PHXMIA,2026-01-13,MIA,20260111,20260112,127,-0.05473031211102758,2.6133825967223325,2.6681129088333577,5.281495505555691
KXNBAGAME-26JAN13PORGSW,2026-01-13,POR,20260111,20260112,81,-0.5284626643428367,3.3343723942131422,3.862835058555979,7.197207452769121
KXNBAGAME-26JAN13PORGSW,2026-01-13,GSW,20260111,20260112,72,0.9892737955203206,3.670645778286789,2.681371982766466,6.352017761053258
KXNBAGAME-26JAN13SASOKC,2026-01-13,SAS,20260111,20260112,117,-0.9923157363825466,2.137282249793555,3.129597986176101,5.266880235969654
KXNBAGAME-26JAN13SASOKC,2026-01-13,OKC,20260111,20260112,83,-0.8326858241527746,2.3354146379311036,3.168100462083875,5.50351510001498
KXNBAGAME-26JAN14BKNNOP,2026-01-14,BKN,20260112,20260113,95,-1.6195628497247538,2.522754950446418,4.142317800171171,6.665072750617589
KXNBAGAME-26JAN14BKNNOP,2026-01-14,NOP,20260112,20260113,41,-0.5576565608235636,2.6637841872230195,3.2214407480465814,5.885224935269603
KXNBAGAME-26JAN14CLEPHI,2026-01-14,CLE,20260112,20260113,74,-0.9734555175832187,2.7856929540543565,3.759148471637574,6.5448414256919305
KXNBAGAME-26JAN14CLEPHI,2026-01-14,PHI,20260112,20260113,0,,,,
KXNBAGAME-26JAN14DENDAL,2026-01-14,DEN,20260112,20260113,89,-0.6441773371261084,2.62775259442249,3.2719299315485992,5.899682525971089
KXNBAGAME-26JAN14DENDAL,2026-01-14,DAL,20260112,20260113,109,-0.2844649739461991,2.875999332584378,3.160464306530577,6.036463639114956
KXNBAGAME-26JAN14NYKSAC,2026-01-14,NYK,20260112,20260113,129,-0.5232480690703281,3.1052324810980965,3.6284805501684234,6.733713031266521
KXNBAGAME-26JAN14NYKSAC,2026-01-14,SAC,20260112,20260113,129,-0.5248704142781548,2.947475743153149,3.4723461574313035,6.419821900584454
KXNBAGAME-26JAN14TORIND,2026-01-14,TOR,20260112,20260113,143,-0.18472103619993718,2.9811866248538506,3.1659076610537857,6.147094285907636
KXNBAGAME-26JAN14TORIND,2026-01-14,IND,20260112,20260113,123,-0.3115682550761775,3.0354348662904926,3.3470031213666687,6.382437987657163
KXNBAGAME-26JAN14UTACHI,2026-01-14,UTA,20260112,20260113,96,-0.8755186346176931,2.8864111269158714,3.7619297615335636,6.648340888449435
KXNBAGAME-26JAN14UTACHI,2026-01-14,CHI,20260112,20260113,67,-0.8690911761054902,2.358805053913736,3.2278962300192244,5.58670128393296
KXNBAGAME-26JAN14WASLAC,2026-01-14,WAS,20260112,20260113,107,0.5699056478678357,3.216028764692901,2.646123116825064,5.862151881517967
KXNBAGAME-26JAN14WASLAC,2026-01-14,LAC,20260112,20260113,133,0.06962851896667369,2.9795461754566985,2.909917656490024,5.889463831946722
KXNBAGAME-26JAN15ATLPOR,2026-01-15,ATL,20260113,20260114,137,-0.1173786832855769,2.965788135263392,3.083166818548968,6.048954953812361
KXNBAGAME-26JAN15ATLPOR,2026-01-15,POR,20260113,20260114,119,-0.43227523435758425,3.424474255561397,3.8567494899189803,7.281223745480377
KXNBAGAME-26JAN15BOSMIA,2026-01-15,BOS,20260113,20260114,108,0.14090803666051727,3.3462752310699546,3.205367194409437,6.551642425479395
KXNBAGAME-26JAN15BOSMIA,2026-01-15,MIA,20260113,20260114,97,-1.1707584410137222,2.445904587109479,3.616663028123199,6.062567615232678
KXNBAGAME-26JAN15CHALAL,2026-01-15,CHA,20260113,20260114,253,0.028723687351843663,2.731121836164397,2.7023981488125512,5.433519984976948
KXNBAGAME-26JAN15CHALAL,2026-01-15,LAL,20260113,20260114,223,-0.3227834315695012,2.9963576123597684,3.3191410439292692,6.315498656289039
KXNBAGAME-26JAN15MEMORL,2026-01-15,MEM,20260113,20260114,261,-1.025125607405904,3.1554135870735798,4.18053919447948,7.335952781553059
KXNBAGAME-26JAN15MEMORL,2026-01-15,ORL,20260113,20260114,204,-1.4276069081499763,2.9781556959704765,4.405762604120448,7.383918300090924
KXNBAGAME-26JAN15MILSAS,2026-01-15,MIL,20260113,20260114,202,-0.4177777583021447,2.5162366227037856,2.9340143810059303,5.450251003709715
KXNBAGAME-26JAN15MILSAS,2026-01-15,SAS,20260113,20260114,130,-0.5734591972374393,2.8739075815277335,3.447366778765173,6.3212743602929065
KXNBAGAME-26JAN15NYKGSW,2026-01-15,NYK,20260113,20260114,113,-0.05322494030754939,3.1332295282355958,3.1864544685431446,6.319683996778741
KXNBAGAME-26JAN15NYKGSW,2026-01-15,GSW,20260113,20260114,218,0.3373352891656031,3.5460967669630223,3.2087614777974185,6.754858244760442
KXNBAGAME-26JAN15OKCHOU,2026-01-15,OKC,20260113,20260114,150,-0.16205526887815558,2.896147514644434,3.0582027835225896,5.954350298167025
KXNBAGAME-26JAN15OKCHOU,2026-01-15,HOU,20260113,20260114,88,0.617215739645442,3.450419532084867,2.8332037924394244,6.283623324524291
KXNBAGAME-26JAN15PHXDET,2026-01-15,PHX,20260113,20260114,79,-0.673715991457363,2.909520241675653,3.5832362331330154,6.492756474808669
KXNBAGAME-26JAN15PHXDET,2026-01-15,DET,20260113,20260114,43,0.4016956495014886,3.184227016396751,2.7825313668952596,5.96675838329201
KXNBAGAME-26JAN15UTADAL,2026-01-15,UTA,20260113,20260114,108,-1.2898025224036362,2.6389874204413006,3.928789942844936,6.567777363286237
KXNBAGAME-26JAN15UTADAL,2026-01-15,DAL,20260113,20260114,173,-1.1564279700439788,2.46152952117471,3.6179574912186903,6.0794870123933995
KXNBAGAME-26JAN16CHIBKN,2026-01-16,CHI,20260114,20260115,147,0.17589165993300837,3.20627387287023,3.030382212937221,6.23665608580745
KXNBAGAME-26JAN16CHIBKN,2026-01-16,BKN,20260114,20260115,155,-0.4853530581593476,2.7090648136851194,3.1944178718444656,5.903482685529585
KXNBAGAME-26JAN16CLEPHI,2026-01-16,CLE,20260114,20260115,137,-1.2530100655902663,2.6803218680918226,3.933331933682089,6.613653801773911
KXNBAGAME-26JAN16CLEPHI,2026-01-16,PHI,20260114,20260115,0,,,,
KXNBAGAME-26JAN16LACTOR,2026-01-16,LAC,20260114,20260115,121,0.6179684045631055,3.4956987207573813,2.877730316194274,6.373429036951654
KXNBAGAME-26JAN16LACTOR,2026-01-16,TOR,20260114,20260115,82,-0.3209543480727252,2.7557307188420777,3.0766850669148034,5.83241578575688
KXNBAGAME-26JAN16MINHOU,2026-01-16,MIN,20260114,20260115,121,-0.4357869051211666,2.8602404445259095,3.296027349647077,6.1562677941729875
KXNBAGAME-26JAN16MINHOU,2026-01-16,HOU,20260114,20260115,93,-0.09954884100684686,2.875631057512158,2.975179898519005,5.850810956031163
KXNBAGAME-26JAN16NOPIND,2026-01-16,NOP,20260114,20260115,83,-1.777214700084682,1.9816094813688845,3.758824181453566,5.740433662822452
KXNBAGAME-26JAN16NOPIND,2026-01-16,IND,20260114,20260115,61,-0.24603878618969952,2.841440685936218,3.087479472125918,5.928920158062136
KXNBAGAME-26JAN16WASSAC,2026-01-16,WAS,20260114,20260115,136,0.8842072826906868,3.6693601365258335,2.785152853835144,6.454512990360977
KXNBAGAME-26JAN16WASSAC,2026-01-16,SAC,20260114,20260115,141,-0.39373852200974424,2.740073441694165,3.1338119637039092,5.873885405398074
KXNBAGAME-26JAN17BOSATL,2026-01-17,BOS,20260115,20260116,98,-1.4823602801859845,2.2384451126459743,3.7208053928319598,5.959250505477932
KXNBAGAME-26JAN17BOSATL,2026-01-17,ATL,20260115,20260116,168,0.020232949728979488,3.04856118069754,3.028328230968559,6.076889411666098
KXNBAGAME-26JAN17CHAGSW,2026-01-17,CHA,20260115,20260116,160,0.36167124974141024,2.9457691718634886,2.5840979221220794,5.529867093985566
KXNBAGAME-26JAN17CHAGSW,2026-01-17,GSW,20260115,20260116,172,-0.5076332166564641,2.998724823063177,3.5063580397196397,6.505082862782816
KXNBAGAME-26JAN17INDDET,2026-01-17,IND,20260115,20260116,73,-0.05970566657686577,3.004521130253126,3.0642267968299923,6.06874792708312
KXNBAGAME-26JAN17INDDET,2026-01-17,DET,20260115,20260116,120,0.005652000102774668,2.748086522237952,2.7424345221351762,5.490521044373127
KXNBAGAME-26JAN17LALPOR,2026-01-17,LAL,20260115,20260116,212,-0.5581638725732416,2.8603446755731343,3.418508548146376,6.2788532237195085
KXNBAGAME-26JAN17LALPOR,2026-01-17,POR,20260115,20260116,125,-0.672709414485263,2.955696012652676,3.6284054271379382,6.584101439790613
KXNBAGAME-26JAN17MINSAS,2026-01-17,MIN,20260115,20260116,83,-0.236256721095641,2.6707468345258096,2.90700355562145,5.57775039014726
KXNBAGAME-26JAN17MINSAS,2026-01-17,SAS,20260115,20260116,146,-0.37833099071802134,2.5375671813475402,2.9158981720655603,5.4534653534131
KXNBAGAME-26JAN17OKCMIA,2026-01-17,OKC,20260115,20260116,144,-0.1290162947780235,2.966936319972004,3.0959526147500283,6.062888934722032
KXNBAGAME-26JAN17OKCMIA,2026-01-17,MIA,20260115,20260116,96,-1.2839101138068754,2.38555700709363,3.6694671209005056,6.055024127994133
KXNBAGAME-26JAN17PHXNYK,2026-01-17,PHX,20260115,20260116,126,-0.7184572584824296,2.7127942676890084,3.431251526171437,6.144045793860444
KXNBAGAME-26JAN17PHXNYK,2026-01-17,NYK,20260115,20260116,201,-0.30333636961821964,2.8259093742141967,3.1292457438324157,5.955155118046612
KXNBAGAME-26JAN17UTADAL,2026-01-17,UTA,20260115,20260116,199,-1.2798701066547784,2.1717369096642454,3.4516070163190227,5.623343925983268
KXNBAGAME-26JAN17UTADAL,2026-01-17,DAL,20260115,20260116,185,-1.4573385695975447,2.405472291292286,3.86281086088983,6.268283152182116
KXNBAGAME-26JAN17WASDEN,2026-01-17,WAS,20260115,20260116,140,0.6844984763273712,3.5996737994143753,2.915175323087002,6.514849122501377
KXNBAGAME-26JAN17WASDEN,2026-01-17,DEN,20260115,20260116,90,-0.7050469640657904,3.0423733670833415,3.747420331149132,6.789793698232472
KXNBAGAME-26JAN18BKNCHI,2026-01-18,BKN,20260116,20260117,60,-0.6987509753499328,2.7454630919650276,3.4442140673149586,6.1896771592799835
KXNBAGAME-26JAN18BKNCHI,2026-01-18,CHI,20260116,20260117,127,-0.7307048068587503,2.451644568566265,3.182349375425014,5.633993943991278
KXNBAGAME-26JAN18CHADEN,2026-01-18,CHA,20260116,20260117,111,-0.543319336967955,2.679113369650565,3.2224327066185223,5.901546076269085
KXNBAGAME-26JAN18CHADEN,2026-01-18,DEN,20260116,20260117,36,-0.1579835290609857,3.2746215756244217,3.4326051046854076,6.707226680309828
KXNBAGAME-26JAN18NOPHOU,2026-01-18,NOP,20260116,20260117,90,-0.14253698367961048,2.784864449600537,2.9274014332801483,5.712265882880685
KXNBAGAME-26JAN18NOPHOU,2026-01-18,HOU,20260116,20260117,188,-0.4173235653566565,2.9664175255571683,3.3837410909138237,6.350158616470993
KXNBAGAME-26JAN18ORLMEM,2026-01-18,ORL,20260116,20260117,149,-0.10676059750072187,3.242882683323591,3.3496432808243113,6.592525964147901
KXNBAGAME-26JAN18ORLMEM,2026-01-18,MEM,20260116,20260117,206,-0.3690891376075625,2.9981222320107754,3.3672113696183352,6.36533360162911
KXNBAGAME-26JAN18PORSAC,2026-01-18,POR,20260116,20260117,136,-1.2619000511869047,2.617309285200695,3.8792093363875995,6.496518621588294
KXNBAGAME-26JAN18PORSAC,2026-01-18,SAC,20260116,20260117,109,-0.5375163665033799,3.068175283636691,3.6056916501400695,6.6738669337767575
KXNBAGAME-26JAN18TORLAL,2026-01-18,TOR,20260116,20260117,126,-0.7168932070313261,2.9800554237331425,3.69694863076447,6.677004054497614
KXNBAGAME-26JAN18TORLAL,2026-01-18,LAL,20260116,20260117,215,-1.215671419934164,2.7528671100974345,3.9685385300315996,6.721405640129033
KXNBAGAME-26JAN19BOSDET,2026-01-19,BOS,20260117,20260118,111,-0.863937243492878,2.4339156699296147,3.2978529134224916,5.731768583352105
KXNBAGAME-26JAN19BOSDET,2026-01-19,DET,20260117,20260118,171,-1.315599930558002,2.3438233845669063,3.6594233151249083,6.003246699691814
KXNBAGAME-26JAN19DALNYK,2026-01-19,DAL,20260117,20260118,83,-1.0601152506859721,2.376562558310512,3.4366778089964836,5.813240367306996
KXNBAGAME-26JAN19DALNYK,2026-01-19,NYK,20260117,20260118,180,-1.7919547875345279,2.163215187251587,3.9551699747861155,6.118385162037701
KXNBAGAME-26JAN19INDPHI,2026-01-19,IND,20260117,20260118,106,-1.0740249022086608,2.3169624269832623,3.3909873291919226,5.707949756175184
KXNBAGAME-26JAN19INDPHI,2026-01-19,PHI,20260117,20260118,0,,,,
KXNBAGAME-26JAN19LACWAS,2026-01-19,LAC,20260117,20260118,191,-1.0757030004544716,2.792936918535477,3.8686399189899516,6.66157683752543
KXNBAGAME-26JAN19LACWAS,2026-01-19,WAS,20260117,20260118,112,0.48544283894923834,3.565208538511721,3.0797656995624827,6.644974238074203
KXNBAGAME-26JAN19MIAGSW,2026-01-19,MIA,20260117,20260118,114,-1.0897986008208407,2.2740973623318617,3.3638959631527037,5.637993325484565
KXNBAGAME-26JAN19MIAGSW,2026-01-19,GSW,20260117,20260118,136,-0.056732372335418224,3.0212089689862607,3.07794134132168,6.099150310307941
KXNBAGAME-26JAN19MILATL,2026-01-19,MIL,20260117,20260118,86,-1.0470722945198903,2.40461577775139,3.45168807227128,5.856303850022673
KXNBAGAME-26JAN19MILATL,2026-01-19,ATL,20260117,20260118,106,-1.2212386055375188,2.527570972755842,3.7488095782933613,6.276380551049204
KXNBAGAME-26JAN19OKCCLE,2026-01-19,OKC,20260117,20260118,111,-0.88887994002412,2.553405056648063,3.4422849966721825,5.995690053320246
KXNBAGAME-26JAN19OKCCLE,2026-01-19,CLE,20260117,20260118,113,-1.4777447406545305,2.6111508892870425,4.088895629941573,6.700046519228618
KXNBAGAME-26JAN19PHXBKN,2026-01-19,PHX,20260117,20260118,80,-1.9085811069989815,2.0377575342438004,3.946338641242783,5.984096175486583
KXNBAGAME-26JAN19PHXBKN,2026-01-19,BKN,20260117,20260118,60,-0.5195273887132643,2.8257119325019,3.3452393212151637,6.170951253717064
KXNBAGAME-26JAN19UTASAS,2026-01-19,UTA,20260117,20260118,111,-0.18592038237722397,2.6319939505645413,2.817914332941764,5.449908283506305
KXNBAGAME-26JAN19UTASAS,2026-01-19,SAS,20260117,20260118,175,-0.15500038313472297,2.728518674645513,2.883519057780235,5.612037732425749
KXNBAGAME-26JAN20LACCHI,2026-01-20,LAC,20260118,20260119,105,-0.5857308927465509,2.927403232557487,3.51313412530404,6.440537357861526
KXNBAGAME-26JAN20LACCHI,2026-01-20,CHI,20260118,20260119,75,-0.8258382791408704,2.833416175966631,3.6592544551075026,6.492670631074134
KXNBAGAME-26JAN20LALDEN,2026-01-20,LAL,20260118,20260119,374,-1.0830805938729917,3.095324992822762,4.178405586695752,7.273730579518513
KXNBAGAME-26JAN20LALDEN,2026-01-20,DEN,20260118,20260119,157,0.5293497979520578,2.9472760212730984,2.4179262233210403,5.3652022445941405
KXNBAGAME-26JAN20MIASAC,2026-01-20,MIA,20260118,20260119,134,-0.7999484410772228,2.612676985588723,3.4126254266659464,6.0253024122546694
KXNBAGAME-26JAN20MIASAC,2026-01-20,SAC,20260118,20260119,81,-0.6397176395422426,3.057537906524057,3.697255546066299,6.7547934525903575
KXNBAGAME-26JAN20MINUTA,2026-01-20,MIN,20260118,20260119,121,-0.04545359123532172,2.798649207407082,2.8441027986424037,5.642752006049488
KXNBAGAME-26JAN20MINUTA,2026-01-20,UTA,20260118,20260119,133,-0.5265900374996324,2.4230633120710046,2.949653349570637,5.372716661641643
KXNBAGAME-26JAN20PHXPHI,2026-01-20,PHX,20260118,20260119,78,-1.197107560899901,2.3426674394678364,3.5397750003677375,5.882442439835575
KXNBAGAME-26JAN20PHXPHI,2026-01-20,PHI,20260118,20260119,0,,,,
KXNBAGAME-26JAN20SASHOU,2026-01-20,SAS,20260118,20260119,157,0.14069836411021797,2.9304658253746285,2.78976746126441,5.72023328663904
KXNBAGAME-26JAN20SASHOU,2026-01-20,HOU,20260118,20260119,104,-0.5730671235482411,2.762970355659787,3.336037479208029,6.099007834867816
KXNBAGAME-26JAN20TORGSW,2026-01-20,TOR,20260118,20260119,139,-0.9470557112755204,2.5785241210881127,3.5255798323636354,6.104103953451747
KXNBAGAME-26JAN20TORGSW,2026-01-20,GSW,20260118,20260119,141,1.0608756971785314,3.2308950171228146,2.1700193199442834,5.4009143370671
KXNBAGAME-26JAN21ATLMEM,2026-01-21,ATL,20260119,20260120,181,-0.10011223791230012,2.736980339806976,2.837092577719277,5.574072917526251
KXNBAGAME-26JAN21ATLMEM,2026-01-21,MEM,20260119,20260120,79,0.19758825936419055,3.443174210709288,3.245585951345098,6.688760162054384
KXNBAGAME-26JAN21BKNNYK,2026-01-21,BKN,20260119,20260120,119,-0.45177214222936,2.4007982717614578,2.8525704139908177,5.2533686857522754
KXNBAGAME-26JAN21BKNNYK,2026-01-21,NYK,20260119,20260120,141,0.10454589877127513,3.0710450628060286,2.9664991640347536,6.037544226840781
KXNBAGAME-26JAN21CLECHA,2026-01-21,CLE,20260119,20260120,126,-1.7495108925855773,2.3290908290205703,4.078601721606146,6.407692550626717
KXNBAGAME-26JAN21CLECHA,2026-01-21,CHA,20260119,20260120,77,-0.30936624596894774,2.4690121182587967,2.7783783642277444,5.247390482486541
KXNBAGAME-26JAN21DETNOP,2026-01-21,DET,20260119,20260120,173,0.5654426218905999,2.9440192419371076,2.378576620046509,5.322595861983618
KXNBAGAME-26JAN21DETNOP,2026-01-21,NOP,20260119,20260120,57,-0.15076933465425327,2.9991474629099875,3.149916797564241,6.149064260474231
KXNBAGAME-26JAN21INDBOS,2026-01-21,IND,20260119,20260120,79,-0.8150800627518963,2.129231197134223,2.9443112598861205,5.073542457020343
KXNBAGAME-26JAN21INDBOS,2026-01-21,BOS,20260119,20260120,170,1.0090261265750238,3.1123348635518284,2.103308736976805,5.215643600528634
KXNBAGAME-26JAN21OKCMIL,2026-01-21,OKC,20260119,20260120,197,-0.6713722878710449,2.6298498225119045,3.301222110382949,5.931071932894854
KXNBAGAME-26JAN21OKCMIL,2026-01-21,MIL,20260119,20260120,129,0.6400935109231733,3.220713359839822,2.5806198489166485,5.8013332087564695
KXNBAGAME-26JAN21TORSAC,2026-01-21,TOR,20260119,20260120,149,-0.8268139487781384,2.8661824529331135,3.6929964017112527,6.559178854644366
KXNBAGAME-26JAN21TORSAC,2026-01-21,SAC,20260119,20260120,71,-0.12782643408682398,2.7478841631400357,2.8757105972268597,5.623594760366896
KXNBAGAME-26JAN22CHAORL,2026-01-22,CHA,20260120,20260121,60,-0.14840938716057042,2.89893980936216,3.0473491965227293,5.946289005884889
KXNBAGAME-26JAN22CHAORL,2026-01-22,ORL,20260120,20260121,71,-0.7192545664581672,3.1469214524563265,3.8661760189144925,7.013097471370818
KXNBAGAME-26JAN22CHIMIN,2026-01-22,CHI,20260120,20260121,89,0.432271175653852,3.2380804462755286,2.805809270621677,6.043889716897205
KXNBAGAME-26JAN22CHIMIN,2026-01-22,MIN,20260120,20260121,124,-0.2350834883236772,2.854319161386789,3.0894026497104674,5.943721811097257
KXNBAGAME-26JAN22DENWAS,2026-01-22,DEN,20260120,20260121,151,0.5538192900012061,3.1424291914280964,2.5886099014268904,5.731039092854987
KXNBAGAME-26JAN22DENWAS,2026-01-22,WAS,20260120,20260121,67,0.6997103938190361,3.5656465347483195,2.865936140929284,6.431582675677603
KXNBAGAME-26JAN22GSWDAL,2026-01-22,GSW,20260120,20260121,264,-0.05877791979523446,3.1478609599933067,3.2066388797885406,6.354499839781848
KXNBAGAME-26JAN22GSWDAL,2026-01-22,DAL,20260120,20260121,128,-1.6258317572460164,2.41209680739314,4.037928564639157,6.450025372032295
KXNBAGAME-26JAN22HOUPHI,2026-01-22,HOU,20260120,20260121,99,-0.23406084788371068,2.844051501258252,3.0781123491419624,5.922163850400214
KXNBAGAME-26JAN22HOUPHI,2026-01-22,PHI,20260120,20260121,0,,,,
KXNBAGAME-26JAN22LALLAC,2026-01-22,LAL,20260120,20260121,235,0.4115910289542791,3.19790803275563,2.7863170038013516,5.984225036556982
KXNBAGAME-26JAN22LALLAC,2026-01-22,LAC,20260120,20260121,95,-0.8187937204434131,2.7319341981481444,3.5507279185915586,6.282662116739703
KXNBAGAME-26JAN22MIAPOR,2026-01-22,MIA,20260120,20260121,293,-0.9388080327778521,2.6540925887573965,3.5929006215352484,6.2469932102926435
KXNBAGAME-26JAN22MIAPOR,2026-01-22,POR,20260120,20260121,29,-0.15506093457580572,3.5764759861369573,3.7315369207127627,7.308012906849722
KXNBAGAME-26JAN22SASUTA,2026-01-22,SAS,20260120,20260121,177,0.5681626366530874,2.9964120681628073,2.428249431509721,5.424661499672526
KXNBAGAME-26JAN22SASUTA,2026-01-22,UTA,20260120,20260121,163,-0.0709809097797727,2.8380352203468133,2.9090161301265867,5.747051350473402
KXNBAGAME-26JAN23BOSBKN,2026-01-23,BOS,20260121,20260122,164,-0.31892730454192464,2.7166458952088544,3.0355731997507824,5.752219094959637
KXNBAGAME-26JAN23BOSBKN,2026-01-23,BKN,20260121,20260122,93,-1.8121910087895026,2.6009560261119953,4.413147034901498,7.014103061013495
KXNBAGAME-26JAN23DENMIL,2026-01-23,DEN,20260121,20260122,135,0.03324533133217748,3.2813525198993445,3.2481071885671673,6.529459708466511
KXNBAGAME-26JAN23DENMIL,2026-01-23,MIL,20260121,20260122,148,-0.947234165343908,2.3074162976618733,3.254650463005782,5.562066760667655
KXNBAGAME-26JAN23HOUDET,2026-01-23,HOU,20260121,20260122,118,-0.1092611053663834,2.930434171849001,3.0396952772153845,5.970129449064386
KXNBAGAME-26JAN23HOUDET,2026-01-23,DET,20260121,20260122,119,-0.9821993528149582,2.720655116155954,3.7028544689709126,6.423509585126867
KXNBAGAME-26JAN23INDOKC,2026-01-23,IND,20260121,20260122,88,-0.19659696363699128,2.2238979967999546,2.4204949604369475,4.644392957236905
KXNBAGAME-26JAN23INDOKC,2026-01-23,OKC,20260121,20260122,151,-0.6580873899839547,2.4667060664345257,3.1247934564184816,5.591499522853008
KXNBAGAME-26JAN23NOPMEM,2026-01-23,NOP,20260121,20260122,81,-0.8095080534272365,2.5873831992508407,3.3968912526780777,5.98427445192892
KXNBAGAME-26JAN23NOPMEM,2026-01-23,MEM,20260121,20260122,81,-1.070637659803831,2.669381180842047,3.7400188406458788,6.409400021487927
KXNBAGAME-26JAN23PHXATL,2026-01-23,PHX,20260121,20260122,108,-1.5212218462614864,2.0576082172580548,3.5788300635195407,5.636438280777596
KXNBAGAME-26JAN23PHXATL,2026-01-23,ATL,20260121,20260122,99,-0.11162298744206234,3.1712105833532362,3.2828335707952987,6.454044154148535
KXNBAGAME-26JAN23SACCLE,2026-01-23,SAC,20260121,20260122,135,0.24916238512944675,3.008796445138051,2.759634060008603,5.768430505146656
KXNBAGAME-26JAN23SACCLE,2026-01-23,CLE,20260121,20260122,147,-1.5236572800501957,2.4545974475601833,3.9782547276103797,6.432852175170561
KXNBAGAME-26JAN23TORPOR,2026-01-23,TOR,20260121,20260122,176,-0.882170688385735,2.8926698952502896,3.7748405836360237,6.667510478886312
KXNBAGAME-26JAN23TORPOR,2026-01-23,POR,20260121,20260122,59,-0.3495406706446754,3.6143673065264688,3.963907977171143,7.5782752836976135
KXNBAGAME-26JAN24BOSCHI,2026-01-24,BOS,20260122,20260123,146,-0.36431324792068337,2.7182758118988,3.0825890598194854,5.800864871718286
KXNBAGAME-26JAN24BOSCHI,2026-01-24,CHI,20260122,20260123,147,-0.5340585359163807,2.6902365364359806,3.224295072352362,5.914531608788343
KXNBAGAME-26JAN24CLEORL,2026-01-24,CLE,20260122,20260123,133,-1.0613149469833147,2.776454962408031,3.8377699093913478,6.614224871799378
KXNBAGAME-26JAN24CLEORL,2026-01-24,ORL,20260122,20260123,124,-1.3058947875703206,2.498189978253398,3.80408476582372,6.30227474407712
KXNBAGAME-26JAN24GSWMIN,2026-01-24,GSW,20260122,20260123,251,0.04430972775169413,3.2216048125767194,3.177295084825026,6.398899897401746
KXNBAGAME-26JAN24GSWMIN,2026-01-24,MIN,20260122,20260123,144,-0.25962730206307644,2.590220124029754,2.849847426092831,5.440067550122587
KXNBAGAME-26JAN24LALDAL,2026-01-24,LAL,20260122,20260123,280,-0.03912503482008434,3.1612353841056082,3.2003604189256922,6.3615958030313
KXNBAGAME-26JAN24LALDAL,2026-01-24,DAL,20260122,20260123,131,0.25848504501295216,3.4085743451955492,3.1500893001825965,6.558663645378145
KXNBAGAME-26JAN24MIAUTA,2026-01-24,MIA,20260122,20260123,234,-2.8490624806717557,2.310049893702692,5.159112374374452,7.469162268077138
KXNBAGAME-26JAN24MIAUTA,2026-01-24,UTA,20260122,20260123,167,-0.33476359058910177,2.6280574760630424,2.962821066652146,5.590878542715188
KXNBAGAME-26JAN24NYKPHI,2026-01-24,NYK,20260122,20260123,189,0.05653570408331812,3.13166124036887,3.075125536285552,6.206786776654422
KXNBAGAME-26JAN24NYKPHI,2026-01-24,PHI,20260122,20260123,0,,,,
KXNBAGAME-26JAN24WASCHA,2026-01-24,WAS,20260122,20260123,176,-0.3992693266733526,2.7677318936667836,3.1670012203401385,5.9347331140069235
KXNBAGAME-26JAN24WASCHA,2026-01-24,CHA,20260122,20260123,266,-1.3205603173348115,2.484065876529459,3.804626193864272,6.288692070393731
KXNBAGAME-26JAN25BKNLAC,2026-01-25,BKN,20260123,20260124,97,-0.8804904760197172,2.4546708035728972,3.335161279592613,5.789832083165512
KXNBAGAME-26JAN25BKNLAC,2026-01-25,LAC,20260123,20260124,122,-0.3834625150758701,2.8453175660954404,3.22878008117131,6.074097647266752
KXNBAGAME-26JAN25MIAPHX,2026-01-25,MIA,20260123,20260124,176,-0.47996034896645967,2.835745027645764,3.3157053766122235,6.151450404257988
KXNBAGAME-26JAN25MIAPHX,2026-01-25,PHX,20260123,20260124,67,-1.122260259403164,2.7915267521673295,3.913787011570494,6.705313763737824
KXNBAGAME-26JAN25NOPSAS,2026-01-25,NOP,20260123,20260124,112,-2.7029657189938767,2.2056192907109544,4.908585009704831,7.1142043004157856
KXNBAGAME-26JAN25NOPSAS,2026-01-25,SAS,20260123,20260124,122,0.3244120957401034,3.1157160371792108,2.7913039414391068,5.907019978618319
KXNBAGAME-26JAN25SACDET,2026-01-25,SAC,20260123,20260124,148,-0.9413394634955843,2.798650240248268,3.739989703743854,6.538639943992122
KXNBAGAME-26JAN25SACDET,2026-01-25,DET,20260123,20260124,124,-0.5382008917954328,3.091951525171652,3.6301524169670847,6.7221039421387365
KXNBAGAME-26JAN25TOROKC,2026-01-25,TOR,20260123,20260124,201,-0.4974235390803462,3.070023454832783,3.567446993913128,6.637470448745912
KXNBAGAME-26JAN25TOROKC,2026-01-25,OKC,20260123,20260124,170,-1.1535206779649492,2.6180880675087215,3.7716087454736704,6.389696812982392
KXNBAGAME-26JAN26GSWMIN,2026-01-26,GSW,20260124,20260125,205,-2.322538737305894,2.4866229717180444,4.809161709023938,7.295784680741982
KXNBAGAME-26JAN26GSWMIN,2026-01-26,MIN,20260124,20260125,372,-3.2711096480453667,2.132219704615056,5.403329352660425,7.53554905727548
KXNBAGAME-26JAN26INDATL,2026-01-26,IND,20260124,20260125,117,-1.5750915667034477,2.2434733106904696,3.818564877393916,6.062038188084386
KXNBAGAME-26JAN26INDATL,2026-01-26,ATL,20260124,20260125,97,-2.6461574518914213,2.1031622977006172,4.749319749592038,6.852482047292657
KXNBAGAME-26JAN26LALCHI,2026-01-26,LAL,20260124,20260125,162,-0.7444151092603319,2.6025716103097585,3.34698671957009,5.949558329879848
KXNBAGAME-26JAN26LALCHI,2026-01-26,CHI,20260124,20260125,110,0.7521186311771624,3.3430965460506106,2.5909779148734478,5.9340744609240605
KXNBAGAME-26JAN26MEMHOU,2026-01-26,MEM,20260124,20260125,181,-3.0588325522593007,1.868669527593933,4.927502079853234,6.796171607447167
KXNBAGAME-26JAN26MEMHOU,2026-01-26,HOU,20260124,20260125,47,-0.8288262048494696,2.9730503663261656,3.801876571175635,6.7749269375017995
KXNBAGAME-26JAN26ORLCLE,2026-01-26,ORL,20260124,20260125,122,-1.5829557552479068,3.2989603156114047,4.881916070859312,8.180876386470716
KXNBAGAME-26JAN26ORLCLE,2026-01-26,CLE,20260124,20260125,116,-1.3443583486111512,3.0286951874144474,4.3730535360255995,7.401748723440048
KXNBAGAME-26JAN26PHICHA,2026-01-26,PHI,20260124,20260125,0,,,,
KXNBAGAME-26JAN26PHICHA,2026-01-26,CHA,20260124,20260125,105,-0.5620005794284528,2.986299716191782,3.548300295620237,6.534600011812019
KXNBAGAME-26JAN26PORBOS,2026-01-26,POR,20260124,20260125,68,-0.7746647339969992,2.9509080724072962,3.7255728064042954,6.676480878811594
KXNBAGAME-26JAN26PORBOS,2026-01-26,BOS,20260124,20260125,159,-0.3595960807626676,2.9111103018961018,3.27070638265877,6.181816684554873
KXNBAGAME-26JAN27BKNPHX,2026-01-27,BKN,20260125,20260126,121,-0.9621622088459395,2.513540193063589,3.4757024019095284,5.989242594973116
KXNBAGAME-26JAN27BKNPHX,2026-01-27,PHX,20260125,20260126,141,-1.8292450535725129,2.1331488501698113,3.962393903742324,6.095542753912138
KXNBAGAME-26JAN27DETDEN,2026-01-27,DET,20260125,20260126,148,-1.2000397576774704,2.503535795507916,3.703575553185387,6.207111348693303
KXNBAGAME-26JAN27DETDEN,2026-01-27,DEN,20260125,20260126,164,-3.452424190751826,1.5884945952444718,5.040918785996297,6.629413381240768
KXNBAGAME-26JAN27LACUTA,2026-01-27,LAC,20260125,20260126,106,-1.0184553506909668,2.4394691415395693,3.4579244922305383,5.8973936337701085
KXNBAGAME-26JAN27LACUTA,2026-01-27,UTA,20260125,20260126,70,-0.44580779420058214,3.0113093653594456,3.4571171595600267,6.468426524919472
KXNBAGAME-26JAN27MILPHI,2026-01-27,MIL,20260125,20260126,119,-2.923864562421559,1.8735181119468847,4.797382674368444,6.670900786315329
KXNBAGAME-26JAN27MILPHI,2026-01-27,PHI,20260125,20260126,0,,,,
KXNBAGAME-26JAN27NOPOKC,2026-01-27,NOP,20260125,20260126,108,-0.8183658605881818,2.322060741840385,3.140426602428568,5.462487344268956
KXNBAGAME-26JAN27NOPOKC,2026-01-27,OKC,20260125,20260126,95,-1.3357787179696037,2.2278395399225532,3.563618257892156,5.791457797814708
KXNBAGAME-26JAN27PORWAS,2026-01-27,POR,20260125,20260126,54,-1.1505166423488142,2.7867133808136266,3.937230023162442,6.723943403976069
KXNBAGAME-26JAN27PORWAS,2026-01-27,WAS,20260125,20260126,38,-0.4878651284394352,3.3957278356077722,3.883592964047208,7.279320799654979
KXNBAGAME-26JAN27SACNYK,2026-01-27,SAC,20260125,20260126,59,-0.6130228405869211,2.4606691020392537,3.073691942626175,5.534361044665428
KXNBAGAME-26JAN27SACNYK,2026-01-27,NYK,20260125,20260126,154,-1.0761630605714543,2.7411126802041066,3.817275740775561,6.558388420979665
KXNBAGAME-26JAN28ATLBOS,2026-01-28,ATL,20260126,20260127,105,-1.4303495474939159,2.2646377385914227,3.6949872860853388,5.959625024676761
KXNBAGAME-26JAN28ATLBOS,2026-01-28,BOS,20260126,20260127,164,-0.11727698503523944,3.1801250542820223,3.2974020393172623,6.477527093599283
KXNBAGAME-26JAN28CHAMEM,2026-01-28,CHA,20260126,20260127,106,-1.54722400606035,2.541747865577599,4.0889718716379475,6.630719737215546
KXNBAGAME-26JAN28CHAMEM,2026-01-28,MEM,20260126,20260127,144,-2.466977572168954,2.396376256504949,4.863353828673903,7.25973008517885
KXNBAGAME-26JAN28CHIIND,2026-01-28,CHI,20260126,20260127,121,0.4282697777154854,3.4282541159981355,2.9999843382826503,6.428238454280784
KXNBAGAME-26JAN28CHIIND,2026-01-28,IND,20260126,20260127,126,-1.7625644688488402,2.0944616247140875,3.8570260935629292,5.951487718277015
KXNBAGAME-26JAN28GSWUTA,2026-01-28,GSW,20260126,20260127,257,-1.3228245062629296,2.8318319136783243,4.154656419941253,6.986488333619576
KXNBAGAME-26JAN28GSWUTA,2026-01-28,UTA,20260126,20260127,71,-0.9284940912723616,2.696594839673239,3.6250889309456005,6.32168377061884
KXNBAGAME-26JAN28LALCLE,2026-01-28,LAL,20260126,20260127,205,-0.22667147042399682,3.1401195802246713,3.3667910506486693,6.506910630873341
KXNBAGAME-26JAN28LALCLE,2026-01-28,CLE,20260126,20260127,178,-0.08345625422418307,3.929281999010583,4.012738253234765,7.942020252245346
KXNBAGAME-26JAN28MINDAL,2026-01-28,MIN,20260126,20260127,292,-1.4063111628468303,2.889804560009493,4.296115722856321,7.185920282865812
KXNBAGAME-26JAN28MINDAL,2026-01-28,DAL,20260126,20260127,164,-1.6544926402948699,2.1968906273638007,3.8513832676586697,6.04827389502247
KXNBAGAME-26JAN28NYKTOR,2026-01-28,NYK,20260126,20260127,157,-1.5911330499629575,2.5973614091222146,4.188494459085172,6.785855868207385
KXNBAGAME-26JAN28NYKTOR,2026-01-28,TOR,20260126,20260127,89,-0.48662021942292066,2.97031980791104,3.456940027333961,6.4272598352450006
KXNBAGAME-26JAN28ORLMIA,2026-01-28,ORL,20260126,20260127,112,0.27460969150440995,3.915950382261455,3.641340690757044,7.557291073018497
KXNBAGAME-26JAN28ORLMIA,2026-01-28,MIA,20260126,20260127,95,-0.8004263144075796,2.703454964463159,3.5038812788707387,6.207336243333898
KXNBAGAME-26JAN28SASHOU,2026-01-28,SAS,20260126,20260127,102,-0.3899238456188585,2.534898593356316,2.9248224389751734,5.459721032331491
KXNBAGAME-26JAN28SASHOU,2026-01-28,HOU,20260126,20260127,79,-2.461406963500736,2.683135046943729,5.144542010444464,7.827677057388193
KXNBAGAME-26JAN29BKNDEN,2026-01-29,BKN,20260127,20260128,137,-0.3780343348066504,3.2371073371097046,3.615141671916355,6.85224900902606
KXNBAGAME-26JAN29BKNDEN,2026-01-29,DEN,20260127,20260128,79,-0.5411633284220874,2.8485777773730447,3.389741105795132,6.238318883168178
KXNBAGAME-26JAN29CHADAL,2026-01-29,CHA,20260127,20260128,77,-1.663919894727444,2.7921175965344465,4.456037491261888,7.248155087796333
KXNBAGAME-26JAN29CHADAL,2026-01-29,DAL,20260127,20260128,154,-0.8177966601823022,2.587483563149112,3.405280223331416,5.992763786480527
KXNBAGAME-26JAN29DETPHX,2026-01-29,DET,20260127,20260128,136,-0.8781811662387136,2.7419149449830185,3.6200961112217325,6.362011056204751
KXNBAGAME-26JAN29DETPHX,2026-01-29,PHX,20260127,20260128,132,-1.8704344312946881,2.3748980928920504,4.245332524186738,6.6202306170787875
KXNBAGAME-26JAN29HOUATL,2026-01-29,HOU,20260127,20260128,102,-0.9119263750898547,3.035985948347439,3.9479123234372944,6.983898271784733
KXNBAGAME-26JAN29HOUATL,2026-01-29,ATL,20260127,20260128,76,-1.1330774196816433,2.469857076494841,3.6029344961764846,6.072791572671324
KXNBAGAME-26JAN29MIACHI,2026-01-29,MIA,20260127,20260128,99,-0.37504180349809896,3.074934779723852,3.44997658322195,6.524911362945803
KXNBAGAME-26JAN29MIACHI,2026-01-29,CHI,20260127,20260128,150,0.1643791771542451,3.1356311553612337,2.971251978206989,6.106883133568222
KXNBAGAME-26JAN29MILWAS,2026-01-29,MIL,20260127,20260128,184,-0.7952315986414904,2.510673280149313,3.3059048787908023,5.816578158940116
KXNBAGAME-26JAN29MILWAS,2026-01-29,WAS,20260127,20260128,109,-0.38715060121340494,3.366078095459133,3.753228696672537,7.119306792131672
KXNBAGAME-26JAN29OKCMIN,2026-01-29,OKC,20260127,20260128,155,-1.7765316133305196,2.2248067279084207,4.001338341238938,6.22614506914736
KXNBAGAME-26JAN29OKCMIN,2026-01-29,MIN,20260127,20260128,183,-1.5453262661131548,2.743473183488662,4.288799449601817,7.032272633090479
KXNBAGAME-26JAN29SACPHI,2026-01-29,SAC,20260127,20260128,54,-0.7365675689584064,2.4628159758439807,3.199383544802386,5.662199520646366
KXNBAGAME-26JAN29SACPHI,2026-01-29,PHI,20260127,20260128,0,,,,
KXNBAGAME-26JAN30BKNUTA,2026-01-30,BKN,20260128,20260129,116,-1.4113828678838312,2.569588748249503,3.980971616133334,6.550560364382838
KXNBAGAME-26JAN30BKNUTA,2026-01-30,UTA,20260128,20260129,166,-0.32553029900495156,3.237874789049231,3.563405088054183,6.801279877103413
KXNBAGAME-26JAN30CLEPHX,2026-01-30,CLE,20260128,20260129,211,-0.5352388575048095,3.0916332076856725,3.626872065190482,6.718505272876152
KXNBAGAME-26JAN30CLEPHX,2026-01-30,PHX,20260128,20260129,129,-0.8772615753959683,2.6650988256189176,3.542360401014885,6.2074592266338025
KXNBAGAME-26JAN30DETGSW,2026-01-30,DET,20260128,20260129,100,-0.5070004501458215,2.5913520528334395,3.0983525029792602,5.6897045558127
KXNBAGAME-26JAN30DETGSW,2026-01-30,GSW,20260128,20260129,249,-0.48550159382377345,3.2973675014914083,3.7828690953151836,7.080236596806591
KXNBAGAME-26JAN30LACDEN,2026-01-30,LAC,20260128,20260129,122,-1.4549343712386993,2.332634905446448,3.78756927668515,6.120204182131596
KXNBAGAME-26JAN30LACDEN,2026-01-30,DEN,20260128,20260129,91,-1.5975352608219369,1.9428399990094831,3.5403752598314195,5.483215258840902
KXNBAGAME-26JAN30LALWAS,2026-01-30,LAL,20260128,20260129,328,0.023579465835230698,3.2881972847023215,3.2646178188670927,6.552815103569413
KXNBAGAME-26JAN30LALWAS,2026-01-30,WAS,20260128,20260129,115,-0.1362214447138766,3.2571651222160747,3.3933865669299488,6.650551689146024
KXNBAGAME-26JAN30MEMNOP,2026-01-30,MEM,20260128,20260129,186,-1.7840413282825045,2.1443768757110915,3.9284182039935964,6.072795079704688
KXNBAGAME-26JAN30MEMNOP,2026-01-30,NOP,20260128,20260129,121,-1.984003343895099,2.2184439114263084,4.202447255321408,6.420891166747717
KXNBAGAME-26JAN30PORNYK,2026-01-30,POR,20260128,20260129,101,-1.105701513353237,2.8828306276421256,3.9885321409953614,6.871362768637488
KXNBAGAME-26JAN30PORNYK,2026-01-30,NYK,20260128,20260129,289,-1.0855286305648557,2.6568656715225707,3.742394302087427,6.399259973609998
KXNBAGAME-26JAN30SACBOS,2026-01-30,SAC,20260128,20260129,80,-1.2865881770171552,2.248220399177689,3.5348085761948456,5.7830289753725355
KXNBAGAME-26JAN30SACBOS,2026-01-30,BOS,20260128,20260129,110,0.10144205384575203,3.026225263568043,2.924783209722292,5.9510084732903366
KXNBAGAME-26JAN30TORORL,2026-01-30,TOR,20260128,20260129,116,1.5075290529232976,4.002527415569525,2.4949983626462284,6.4975257782157545
KXNBAGAME-26JAN30TORORL,2026-01-30,ORL,20260128,20260129,98,-0.44424695294235284,3.0379544248874923,3.4822013778298455,6.520155802717335
KXNBAGAME-26JAN31ATLIND,2026-01-31,ATL,20260129,20260130,124,-1.0682020482340389,2.4284156090736726,3.496617657307712,5.925033266381385
KXNBAGAME-26JAN31ATLIND,2026-01-31,IND,20260129,20260130,55,-0.42477811399619547,2.848709172863758,3.2734872868599556,6.122196459723715
KXNBAGAME-26JAN31CHIMIA,2026-01-31,CHI,20260129,20260130,102,-0.20802518975819567,2.6906957338833015,2.8987209236414984,5.5894166575248025
KXNBAGAME-26JAN31CHIMIA,2026-01-31,MIA,20260129,20260130,114,-0.4358461880054194,2.973896450537489,3.4097426385429093,6.383639089080399
KXNBAGAME-26JAN31DALHOU,2026-01-31,DAL,20260129,20260130,236,-0.6928073351585501,2.54362959986293,3.236436935021482,5.780066534884413
KXNBAGAME-26JAN31DALHOU,2026-01-31,HOU,20260129,20260130,147,-0.7949150018562894,2.6596319521284277,3.454546953984718,6.114178906113145
KXNBAGAME-26JAN31MINMEM,2026-01-31,MIN,20260129,20260130,257,-1.2273213586259706,2.555644334597379,3.782965693223351,6.33861002782073
KXNBAGAME-26JAN31MINMEM,2026-01-31,MEM,20260129,20260130,126,-1.5172257089148111,2.3374820150016116,3.8547077239164236,6.192189738918035
KXNBAGAME-26JAN31NOPPHI,2026-01-31,NOP,20260129,20260130,83,-2.1518415746722432,2.2429616031391566,4.3948031778114,6.637764780950556
KXNBAGAME-26JAN31NOPPHI,2026-01-31,PHI,20260129,20260130,0,,,,
KXNBAGAME-26JAN31SASCHA,2026-01-31,SAS,20260129,20260130,144,0.060711038656541316,2.9357896706556783,2.875078631999137,5.810868302654814
KXNBAGAME-26JAN31SASCHA,2026-01-31,CHA,20260129,20260130,185,-0.9924619325194357,2.5755284208189106,3.567990353338348,6.143518774157259
KXNBAGAME-26MAR01CLEBKN,2026-03-01,CLE,20260227,20260228,194,-2.7682315261410375,1.9858952905428162,4.754126816683856,6.7400221072266735
KXNBAGAME-26MAR01CLEBKN,2026-03-01,BKN,20260227,20260228,127,0.47487653965484034,2.954530386721609,2.479653847066769,5.434184233788377
KXNBAGAME-26MAR01DETORL,2026-03-01,DET,20260227,20260228,171,-2.0201834083494377,2.2489430627048645,4.269126471054305,6.518069533759169
KXNBAGAME-26MAR01DETORL,2026-03-01,ORL,20260227,20260228,115,0.17299407919167303,3.436657450106882,3.2636633709152085,6.700320821022091
KXNBAGAME-26MAR01MEMIND,2026-03-01,MEM,20260227,20260228,127,-1.9713964174177456,2.5776280180443925,4.5490244354621385,7.12665245350653
KXNBAGAME-26MAR01MEMIND,2026-03-01,IND,20260227,20260228,64,-0.6803936202836592,2.6194100207168223,3.299803641000482,5.919213661717304
KXNBAGAME-26MAR01MILCHI,2026-03-01,MIL,20260227,20260228,152,-0.7942921317779292,2.5063596205515837,3.3006517523295145,5.807011372881099
KXNBAGAME-26MAR01MILCHI,2026-03-01,CHI,20260227,20260228,88,-1.5902935936242117,2.328389509151102,3.918683102775314,6.247072611926415
KXNBAGAME-26MAR01MINDEN,2026-03-01,MIN,20260227,20260228,168,-1.2285150951268173,2.2013167599328325,3.4298318550596507,5.631148614992482
KXNBAGAME-26MAR01MINDEN,2026-03-01,DEN,20260227,20260228,204,-0.8903432701466824,2.5817206394422305,3.4720639095889125,6.0537845490311435
KXNBAGAME-26MAR01NOPLAC,2026-03-01,NOP,20260227,20260228,62,-1.9289557745253092,2.0500448527099904,3.979000627235297,6.029045479945287
KXNBAGAME-26MAR01NOPLAC,2026-03-01,LAC,20260227,20260228,133,1.7395468263421945,4.02239585961985,2.282849033277655,6.305244892897504
KXNBAGAME-26MAR01OKCDAL,2026-03-01,OKC,20260227,20260228,253,-1.3276330122439959,2.474056933563993,3.80168994580799,6.275746879371982
KXNBAGAME-26MAR01OKCDAL,2026-03-01,DAL,20260227,20260228,154,-1.5877594567014497,2.6026085156805214,4.1903679723819725,6.792976488062493
KXNBAGAME-26MAR01PHIBOS,2026-03-01,PHI,20260227,20260228,0,,,,
KXNBAGAME-26MAR01PHIBOS,2026-03-01,BOS,20260227,20260228,155,-0.6182661048957767,2.6924486531302323,3.310714758026008,6.003163411156242
KXNBAGAME-26MAR01PORATL,2026-03-01,POR,20260227,20260228,117,-1.8623666416994813,2.1579235117436624,4.020290153443143,6.178213665186806
KXNBAGAME-26MAR01PORATL,2026-03-01,ATL,20260227,20260228,109,1.1111159118265053,4.050342492501047,2.9392265806745415,6.989569073175588
KXNBAGAME-26MAR01SASNYK,2026-03-01,SAS,20260227,20260228,240,-0.8936806790511225,2.6517126609667527,3.5453933400178768,6.197106000984631
KXNBAGAME-26MAR01SASNYK,2026-03-01,NYK,20260227,20260228,215,-0.6875959740689431,2.3129633367813947,3.0005593108503374,5.31352264763173
KXNBAGAME-26MAR02DENUTA,2026-03-02,DEN,20260228,20260301,196,-1.1987094230096051,2.427581435730417,3.6262908587400218,6.0538722944704375
KXNBAGAME-26MAR02DENUTA,2026-03-02,UTA,20260228,20260301,115,-1.8777143499887212,2.097010331021779,3.9747246810104992,6.071735012032276
KXNBAGAME-26MAR02HOUWAS,2026-03-02,HOU,20260228,20260301,103,-0.1527453990754773,2.8215314403817504,2.9742768394572283,5.795808279838979
KXNBAGAME-26MAR02HOUWAS,2026-03-02,WAS,20260228,20260301,28,0.29407506140776163,3.475847179933689,3.1817721185259273,6.657619298459616
KXNBAGAME-26MAR02LACGSW,2026-03-02,LAC,20260228,20260301,111,1.9373636936172849,4.128582108324813,2.191218414707525,6.319800523032335
KXNBAGAME-26MAR02LACGSW,2026-03-02,GSW,20260228,20260301,214,0.34133791215406156,3.642942866954489,3.301604954800427,6.944547821754915
KXNBAGAME-26MAR03BKNMIA,2026-03-03,BKN,20260301,20260302,57,-2.2054681442478588,2.3242186629608517,4.52968680720871,6.853905470169564
KXNBAGAME-26MAR03BKNMIA,2026-03-03,MIA,20260301,20260302,103,-0.5151627635485394,2.3969418534331055,2.9121046169816447,5.309046470414751
KXNBAGAME-26MAR03DALCHA,2026-03-03,DAL,20260301,20260302,118,-0.9427551646627539,2.423755408756641,3.3665105734193954,5.790265982176035
KXNBAGAME-26MAR03DALCHA,2026-03-03,CHA,20260301,20260302,102,-1.0446859482121154,2.692564509894679,3.737250458106791,6.429814968001471
KXNBAGAME-26MAR03DETCLE,2026-03-03,DET,20260301,20260302,112,-0.8433067997041742,3.1654526460356553,4.0087594457398295,7.174212091775482
KXNBAGAME-26MAR03DETCLE,2026-03-03,CLE,20260301,20260302,119,-1.5734451490266907,2.683640882419705,4.257086031446397,6.940726913866101
KXNBAGAME-26MAR03MEMMIN,2026-03-03,MEM,20260301,20260302,74,-2.273182497428344,2.252428424225313,4.525610921653657,6.77803934587897
KXNBAGAME-26MAR03MEMMIN,2026-03-03,MIN,20260301,20260302,134,-1.1962629781672494,2.279458717445764,3.4757216956130144,5.755180413058778
KXNBAGAME-26MAR03NOPLAL,2026-03-03,NOP,20260301,20260302,120,-1.1889935708929764,2.167750806547552,3.35674437744053,5.524495183988081
KXNBAGAME-26MAR03NOPLAL,2026-03-03,LAL,20260301,20260302,257,-0.3139518621384181,3.238074595228546,3.5520264573669644,6.790101052595512
KXNBAGAME-26MAR03NYKTOR,2026-03-03,NYK,20260301,20260302,171,-0.9365618179162949,2.8894579521395523,3.8260197700558445,6.7154777221953985
KXNBAGAME-26MAR03NYKTOR,2026-03-03,TOR,20260301,20260302,34,0.6635435855514359,3.826113771566991,3.162570186015555,6.988683957582543
KXNBAGAME-26MAR03PHXSAC,2026-03-03,PHX,20260301,20260302,84,-0.07406644832514686,2.853915427809323,2.9279818761344703,5.781897303943793
KXNBAGAME-26MAR03PHXSAC,2026-03-03,SAC,20260301,20260302,118,-0.3461500931598068,3.0737113156745837,3.419861408834392,6.493572724508974
KXNBAGAME-26MAR03SASPHI,2026-03-03,SAS,20260301,20260302,125,-0.3419430185896166,2.826652398871647,3.1685954174612636,5.9952478163329115
KXNBAGAME-26MAR03SASPHI,2026-03-03,PHI,20260301,20260302,0,,,,
KXNBAGAME-26MAR03WASORL,2026-03-03,WAS,20260301,20260302,58,1.0658540259986624,3.7587081551752695,2.692854129176607,6.451562284351875
KXNBAGAME-26MAR03WASORL,2026-03-03,ORL,20260301,20260302,105,-0.22007519493458408,3.5772853048601077,3.7973604997946935,7.374645804654801
KXNBAGAME-26MAR04ATLMIL,2026-03-04,ATL,20260302,20260303,144,-0.24038415543004332,3.702853954349563,3.943238109779606,7.646092064129168
KXNBAGAME-26MAR04ATLMIL,2026-03-04,MIL,20260302,20260303,281,-0.7643351270887431,2.400850848651533,3.165185975740275,5.566036824391809
KXNBAGAME-26MAR04CHABOS,2026-03-04,CHA,20260302,20260303,139,-0.9580753053760125,2.5500328133336385,3.50810811870965,6.05814093204329
KXNBAGAME-26MAR04CHABOS,2026-03-04,BOS,20260302,20260303,302,-0.27159017846724093,2.6891371262273633,2.960727304694603,5.649864430921967
KXNBAGAME-26MAR04INDLAC,2026-03-04,IND,20260302,20260303,76,-1.455294791677833,2.6761542995278957,4.131449091205728,6.807603390733625
KXNBAGAME-26MAR04INDLAC,2026-03-04,LAC,20260302,20260303,209,-0.6881798816811437,2.8482005284842957,3.5363804101654397,6.384580938649736
KXNBAGAME-26MAR04OKCNYK,2026-03-04,OKC,20260302,20260303,148,-0.3191559963423352,2.881041440264625,3.2001974366069605,6.081238876871584
KXNBAGAME-26MAR04OKCNYK,2026-03-04,NYK,20260302,20260303,198,-1.0812690973168355,2.9566900774610394,4.037959174777874,6.994649252238917
KXNBAGAME-26MAR04PORMEM,2026-03-04,POR,20260302,20260303,102,-1.1798076600847236,2.50972127906112,3.6895289391458426,6.199250218206963
KXNBAGAME-26MAR04PORMEM,2026-03-04,MEM,20260302,20260303,96,-1.856013506666943,2.481809695059561,4.337823201726504,6.819632896786064
KXNBAGAME-26MAR04UTAPHI,2026-03-04,UTA,20260302,20260303,128,-1.514018004009283,2.8462410542482117,4.360259058257494,7.206500112505706
KXNBAGAME-26MAR04UTAPHI,2026-03-04,PHI,20260302,20260303,0,,,,
KXNBAGAME-26MAR05BKNMIA,2026-03-05,BKN,20260303,20260304,68,-0.2550836935903707,2.247516331321917,2.5026000249122875,4.750116356234205
KXNBAGAME-26MAR05BKNMIA,2026-03-05,MIA,20260303,20260304,89,-1.9233434314076336,1.7672452132693057,3.690588644676939,5.457833857946247
KXNBAGAME-26MAR05DETSAS,2026-03-05,DET,20260303,20260304,188,-1.7154779105407671,2.7690663415553747,4.484544252096139,7.253610593651517
KXNBAGAME-26MAR05DETSAS,2026-03-05,SAS,20260303,20260304,233,0.1809445666256046,3.235089998135032,3.054145431509425,6.289235429644457
KXNBAGAME-26MAR05GSWHOU,2026-03-05,GSW,20260303,20260304,143,0.22594211633955066,3.209970163237493,2.9840280468979423,6.193998210135436
KXNBAGAME-26MAR05GSWHOU,2026-03-05,HOU,20260303,20260304,83,-0.37035268889164524,3.1813302515766555,3.551682940468302,6.7330131920449565
KXNBAGAME-26MAR05LALDEN,2026-03-05,LAL,20260303,20260304,232,0.12456109742376802,2.8231899797236806,2.6986288822999125,5.5218188620235935
KXNBAGAME-26MAR05LALDEN,2026-03-05,DEN,20260303,20260304,134,-1.2653789046088704,2.620009693404482,3.8853885980133516,6.505398291417835
KXNBAGAME-26MAR05NOPSAC,2026-03-05,NOP,20260303,20260304,155,-0.45800789533883157,2.6558976389155493,3.11390553425438,5.76980317316993
KXNBAGAME-26MAR05NOPSAC,2026-03-05,SAC,20260303,20260304,88,-0.42558350395298866,2.1447847515920646,2.5703682555450538,4.7151530071371175
KXNBAGAME-26MAR05TORMIN,2026-03-05,TOR,20260303,20260304,91,-0.1436837656588876,2.76525192024335,2.908935685902237,5.674187606145587
KXNBAGAME-26MAR05TORMIN,2026-03-05,MIN,20260303,20260304,115,-0.9272109999675944,2.765833141732589,3.6930441417001814,6.458877283432772
KXNBAGAME-26MAR05UTAWAS,2026-03-05,UTA,20260303,20260304,153,-1.715869094350178,2.634927592028605,4.350796686378782,6.985724278407385
KXNBAGAME-26MAR05UTAWAS,2026-03-05,WAS,20260303,20260304,147,-0.1488777096494277,3.5429265153719873,3.6918042250214156,7.2347307403934025
KXNBAGAME-26MAR06DALBOS,2026-03-06,DAL,20260304,20260305,148,-0.511959543781123,3.040654657045767,3.55261420082689,6.593268857872658
KXNBAGAME-26MAR06DALBOS,2026-03-06,BOS,20260304,20260305,197,0.13792510070420197,2.7421794512445152,2.6042543505403124,5.34643380178483
KXNBAGAME-26MAR06INDLAL,2026-03-06,IND,20260304,20260305,72,-1.3445517742075914,1.8820008857142325,3.2265526599218246,5.108553545636056
KXNBAGAME-26MAR06INDLAL,2026-03-06,LAL,20260304,20260305,199,0.2794203915117048,2.875123846485236,2.595703454973531,5.470827301458767
KXNBAGAME-26MAR06LACSAS,2026-03-06,LAC,20260304,20260305,111,-1.0744442964472647,2.536775474382276,3.6112197708295417,6.147995245211816
KXNBAGAME-26MAR06LACSAS,2026-03-06,SAS,20260304,20260305,206,-0.49177073526046744,2.5607438476159685,3.052514582876436,5.6132584304924045
KXNBAGAME-26MAR06MIACHA,2026-03-06,MIA,20260304,20260305,97,-2.079495804566198,1.8516794255615516,3.9311752301277503,5.782854655689302
KXNBAGAME-26MAR06MIACHA,2026-03-06,CHA,20260304,20260305,158,-0.7832320889947848,2.500842092568332,3.284074181563116,5.784916274131452
KXNBAGAME-26MAR06NOPPHX,2026-03-06,NOP,20260304,20260305,130,0.30068325927145195,2.9679478375097212,2.667264578238269,5.635212415747991
KXNBAGAME-26MAR06NOPPHX,2026-03-06,PHX,20260304,20260305,92,-0.6450990192815067,2.051101088800358,2.6962001080818654,4.74730119688222
KXNBAGAME-26MAR06NYKDEN,2026-03-06,NYK,20260304,20260305,463,-0.60955762807039,2.670160446219214,3.279718074289606,5.949878520508818
KXNBAGAME-26MAR06NYKDEN,2026-03-06,DEN,20260304,20260305,108,-1.0005225044743924,2.5401712003516383,3.5406937048260305,6.080864905177671
KXNBAGAME-26MAR06PORHOU,2026-03-06,POR,20260304,20260305,134,-3.981027800383044,2.1683133302619946,6.149341130645047,8.31765446090704
KXNBAGAME-26MAR06PORHOU,2026-03-06,HOU,20260304,20260305,68,-0.5290799123708949,3.0229426272638804,3.5520225396347755,6.574965166898655
KXNBAGAME-26MAR07BKNDET,2026-03-07,BKN,20260305,20260306,65,-0.5941673468326011,2.0743291277036113,2.6684964745362145,4.742825602239825
KXNBAGAME-26MAR07BKNDET,2026-03-07,DET,20260305,20260306,184,0.10426313009095489,2.763596498169036,2.659333368078082,5.4229298662471175
KXNBAGAME-26MAR07GSWOKC,2026-03-07,GSW,20260305,20260306,91,0.11390584872975135,3.290443132985233,3.1765372842554833,6.466980417240717
KXNBAGAME-26MAR07GSWOKC,2026-03-07,OKC,20260305,20260306,174,-0.1535383276802893,2.5488122968769478,2.702350624557238,5.251162921434185
KXNBAGAME-26MAR07LACMEM,2026-03-07,LAC,20260305,20260306,179,-1.0055258255984652,2.388349452125079,3.393875277723544,5.782224729848622
KXNBAGAME-26MAR07LACMEM,2026-03-07,MEM,20260305,20260306,136,-1.0171188555792199,2.6786434677447586,3.6957623233239794,6.374405791068737
KXNBAGAME-26MAR07ORLMIN,2026-03-07,ORL,20260305,20260306,113,-0.326117961657039,3.150613805410262,3.476731767067301,6.627345572477562
KXNBAGAME-26MAR07ORLMIN,2026-03-07,MIN,20260305,20260306,119,-0.7327220216583061,2.5247867644922133,3.2575087861505194,5.782295550642734
KXNBAGAME-26MAR07PHIATL,2026-03-07,PHI,20260305,20260306,0,,,,
KXNBAGAME-26MAR07PHIATL,2026-03-07,ATL,20260305,20260306,92,-0.1898683245682034,3.249366514188043,3.4392348387562457,6.688601352944289
KXNBAGAME-26MAR07UTAMIL,2026-03-07,UTA,20260305,20260306,140,-0.5193773670541787,2.9544752505491214,3.473852617603301,6.428327868152422
KXNBAGAME-26MAR07UTAMIL,2026-03-07,MIL,20260305,20260306,78,-0.7007201153497067,2.6215095924801437,3.32222970782985,5.943739300309996
KXNBAGAME-26MAR08BOSCLE,2026-03-08,BOS,20260306,20260307,241,-0.13747604497265553,2.857870108200223,2.9953461531728784,5.853216261373102
KXNBAGAME-26MAR08BOSCLE,2026-03-08,CLE,20260306,20260307,59,-0.3880426115738803,2.6131322948006463,3.001174906374527,5.614307201175173
KXNBAGAME-26MAR08CHAPHX,2026-03-08,CHA,20260306,20260307,115,-0.38127743624175464,2.5728416907273277,2.9541191269690814,5.526960817696409
KXNBAGAME-26MAR08CHAPHX,2026-03-08,PHX,20260306,20260307,172,-1.6947033787506594,1.9813988648869425,3.6761022436376014,5.657501108524543
KXNBAGAME-26MAR08CHISAC,2026-03-08,CHI,20260306,20260307,147,-1.1764219406991605,2.1376271594579,3.3140491001570602,5.451676259614959
KXNBAGAME-26MAR08CHISAC,2026-03-08,SAC,20260306,20260307,90,-0.4555320406485559,2.6734699606549146,3.1290020013034723,5.802471961958386
KXNBAGAME-26MAR08DALTOR,2026-03-08,DAL,20260306,20260307,311,0.07692058447486247,3.0061737471157337,2.9292531626408715,5.935426909756605
KXNBAGAME-26MAR08DALTOR,2026-03-08,TOR,20260306,20260307,82,-0.37527231732037714,2.694233871910895,3.0695061892312703,5.763740061142165
KXNBAGAME-26MAR08DETMIA,2026-03-08,DET,20260306,20260307,224,0.05318922107818061,3.030493075328353,2.9773038542501724,6.007796929578525
KXNBAGAME-26MAR08DETMIA,2026-03-08,MIA,20260306,20260307,96,-0.8429182985105085,2.209383898855632,3.052302197366139,5.261686096221773
KXNBAGAME-26MAR08HOUSAS,2026-03-08,HOU,20260306,20260307,134,-0.9367299851655619,2.7411535309518333,3.6778835161173955,6.419037047069228
KXNBAGAME-26MAR08HOUSAS,2026-03-08,SAS,20260306,20260307,151,-0.23255318722492171,2.862189566440133,3.094742753665055,5.956932320105189
KXNBAGAME-26MAR08INDPOR,2026-03-08,IND,20260306,20260307,175,-0.4053212267852624,2.679578685696111,3.084899912481373,5.764478598177481
KXNBAGAME-26MAR08INDPOR,2026-03-08,POR,20260306,20260307,93,-0.6161614825858159,3.0528418310250007,3.6690033136108187,6.721845144635819
KXNBAGAME-26MAR08NYKLAL,2026-03-08,NYK,20260306,20260307,201,-0.4665680992956936,2.6568909570432213,3.1234590563389144,5.780350013382137
KXNBAGAME-26MAR08NYKLAL,2026-03-08,LAL,20260306,20260307,299,-0.26694099545187366,2.8050102064078932,3.0719512018597666,5.876961408267659
KXNBAGAME-26MAR08ORLMIL,2026-03-08,ORL,20260306,20260307,175,0.692324785865116,3.493761917426032,2.801437131560917,6.295199048986949
KXNBAGAME-26MAR08ORLMIL,2026-03-08,MIL,20260306,20260307,99,1.0649720478667488,3.682854272196039,2.617882224329289,6.300736496525328
KXNBAGAME-26MAR08WASNOP,2026-03-08,WAS,20260306,20260307,116,1.3269895204714743,3.989229618677178,2.6622400982057046,6.6514697168828825
KXNBAGAME-26MAR08WASNOP,2026-03-08,NOP,20260306,20260307,68,-1.1318277587686967,1.88298618579886,3.014813944567557,4.8978001303664165
KXNBAGAME-26MAR09DENOKC,2026-03-09,DEN,20260307,20260308,157,-1.0775765717467491,2.4624859728473223,3.5400625445940728,6.0025485174413955
KXNBAGAME-26MAR09DENOKC,2026-03-09,OKC,20260307,20260308,93,-0.9325925960436581,2.763487178855903,3.6960797748995615,6.4595669537554645
KXNBAGAME-26MAR09GSWUTA,2026-03-09,GSW,20260307,20260308,148,0.5890914995367208,3.6983860094360543,3.1092945098993323,6.807680519335386
KXNBAGAME-26MAR09GSWUTA,2026-03-09,UTA,20260307,20260308,113,-0.6450128406003636,2.5176546937897957,3.1626675343901587,5.6803222281799535
KXNBAGAME-26MAR09NYKLAC,2026-03-09,NYK,20260307,20260308,223,-0.3136269637017657,2.7932501177145954,3.106877081416361,5.900127199130956
KXNBAGAME-26MAR09NYKLAC,2026-03-09,LAC,20260307,20260308,197,-0.8534485352242451,2.760620256723805,3.6140687919480494,6.374689048671854
KXNBAGAME-26MAR09PHICLE,2026-03-09,PHI,20260307,20260308,0,,,,
KXNBAGAME-26MAR09PHICLE,2026-03-09,CLE,20260307,20260308,75,-0.9651856851182584,2.628172412309554,3.5933580974278128,6.221530509737367
KXNBAGAME-26MAR10BOSSAS,2026-03-10,BOS,20260308,20260309,250,-0.5896278519478815,2.824260159445214,3.4138880113930963,6.238148170838311
KXNBAGAME-26MAR10BOSSAS,2026-03-10,SAS,20260308,20260309,141,-0.9275731060997667,2.3677127636356,3.2952858697353675,5.662998633370968
KXNBAGAME-26MAR10CHAPOR,2026-03-10,CHA,20260308,20260309,116,-1.128489185857153,2.4587585243827412,3.587247710239895,6.046006234622637
KXNBAGAME-26MAR10CHAPOR,2026-03-10,POR,20260308,20260309,105,-1.5447505507603567,2.4094413795348526,3.9541919302952095,6.363633309830064
KXNBAGAME-26MAR10CHIGSW,2026-03-10,CHI,20260308,20260309,134,-0.2578281826522748,3.0216585955763673,3.2794867782286428,6.30114537380501
KXNBAGAME-26MAR10CHIGSW,2026-03-10,GSW,20260308,20260309,104,-0.27955361151174696,3.184296823808833,3.463850435320581,6.648147259129411
KXNBAGAME-26MAR10DALATL,2026-03-10,DAL,20260308,20260309,102,-0.3831714419127566,2.693360982458853,3.0765324243716115,5.769893406830464
KXNBAGAME-26MAR10DALATL,2026-03-10,ATL,20260308,20260309,107,-1.7301014392293,2.4072865486485826,4.137387987877882,6.544674536526463
KXNBAGAME-26MAR10DETBKN,2026-03-10,DET,20260308,20260309,149,-1.2699274912388105,2.4335816736340323,3.7035091648728455,6.137090838506877
KXNBAGAME-26MAR10DETBKN,2026-03-10,BKN,20260308,20260309,110,-2.1385627026272864,2.228476885833829,4.367039588461118,6.595516474294945
KXNBAGAME-26MAR10INDSAC,2026-03-10,IND,20260308,20260309,89,-1.0239433747204627,2.601945840119913,3.6258892148403756,6.227835054960289
KXNBAGAME-26MAR10INDSAC,2026-03-10,SAC,20260308,20260309,51,-0.0745175770171907,3.0138402109696383,3.088357787986829,6.102197998956468
KXNBAGAME-26MAR10MEMPHI,2026-03-10,MEM,20260308,20260309,123,-1.689254048570605,2.223648803006567,3.912902851577172,6.13655165458374
KXNBAGAME-26MAR10MEMPHI,2026-03-10,PHI,20260308,20260309,0,,,,
KXNBAGAME-26MAR10MINLAL,2026-03-10,MIN,20260308,20260309,85,-0.23396567813601027,3.053170894760394,3.2871365728964053,6.3403074676568
KXNBAGAME-26MAR10MINLAL,2026-03-10,LAL,20260308,20260309,200,-0.31637329658534463,2.882418437294036,3.198791733879381,6.081210171173417
KXNBAGAME-26MAR10TORHOU,2026-03-10,TOR,20260308,20260309,137,-1.214401615145382,2.239709406671291,3.454111021816675,5.693820428487966
KXNBAGAME-26MAR10TORHOU,2026-03-10,HOU,20260308,20260309,110,-0.3103724804692181,2.555991370763852,2.86636385123307,5.422355221996922
KXNBAGAME-26MAR10WASMIA,2026-03-10,WAS,20260308,20260309,52,0.16436127513728888,3.5142774951793863,3.349916220042099,6.864193715221484
KXNBAGAME-26MAR10WASMIA,2026-03-10,MIA,20260308,20260309,113,-1.5659969734144534,2.0361655155795884,3.602162488994044,5.638328004573632
KXNBAGAME-26MAR11CHASAC,2026-03-11,CHA,20260309,20260310,98,-1.0908398664265355,2.6957916926084877,3.7866315590350226,6.482423251643512
KXNBAGAME-26MAR11CHASAC,2026-03-11,SAC,20260309,20260310,63,-0.3508891197483864,3.0474273662180273,3.3983164859664114,6.445743852184439
KXNBAGAME-26MAR11CLEORL,2026-03-11,CLE,20260309,20260310,187,-1.1589486330773644,2.8638045953928195,4.022753228470184,6.886557823863004
KXNBAGAME-26MAR11CLEORL,2026-03-11,ORL,20260309,20260310,152,-0.4300485147391988,3.1408814568446193,3.5709299715838183,6.711811428428438
KXNBAGAME-26MAR11HOUDEN,2026-03-11,HOU,20260309,20260310,98,-0.20591669901302836,2.9832677230873235,3.1891844221003502,6.172452145187675
KXNBAGAME-26MAR11HOUDEN,2026-03-11,DEN,20260309,20260310,215,-0.9241834825484567,2.6153190333914393,3.5395025159398976,6.154821549331337
KXNBAGAME-26MAR11MINLAC,2026-03-11,MIN,20260309,20260310,112,0.3377744181036333,3.275722065782032,2.937947647678401,6.213669713460432
KXNBAGAME-26MAR11MINLAC,2026-03-11,LAC,20260309,20260310,123,-0.7575320917748783,2.5651452712720055,3.3226773630468855,5.887822634318891
KXNBAGAME-26MAR11NYKUTA,2026-03-11,NYK,20260309,20260310,248,-0.9355491460761476,2.462343701742343,3.3978928478184924,5.860236549560835
KXNBAGAME-26MAR11NYKUTA,2026-03-11,UTA,20260309,20260310,105,0.5795163696238085,3.6901203872766413,3.1106040176528333,6.800724404929474
KXNBAGAME-26MAR11TORNOP,2026-03-11,TOR,20260309,20260310,125,-0.39713569119153785,2.7650210989685644,3.162156790160103,5.927177889128668
KXNBAGAME-26MAR11TORNOP,2026-03-11,NOP,20260309,20260310,37,-0.14857147065470566,3.0336594637463543,3.18223093440106,6.215890398147419
KXNBAGAME-26MAR12BKNATL,2026-03-12,BKN,20260310,20260311,89,-0.7524926395670812,2.906427945009566,3.658920584576647,6.565348529586213
KXNBAGAME-26MAR12BKNATL,2026-03-12,ATL,20260310,20260311,241,-0.03324913296059491,3.119629455564504,3.152878588525101,6.272508044089604
KXNBAGAME-26MAR12CHILAL,2026-03-12,CHI,20260310,20260311,172,-0.5883264645345508,2.665291499336349,3.2536179638708993,5.918909463207248
KXNBAGAME-26MAR12CHILAL,2026-03-12,LAL,20260310,20260311,193,0.00808864328411901,2.6765752787417156,2.668486635457597,5.345061914199315
KXNBAGAME-26MAR12DALMEM,2026-03-12,DAL,20260310,20260311,150,-1.1167421986312656,2.263793867522412,3.380536066153676,5.644329933676088
KXNBAGAME-26MAR12DALMEM,2026-03-12,MEM,20260310,20260311,141,-1.899288952371807,2.3313598912248996,4.230648843596708,6.562008734821608
KXNBAGAME-26MAR12DENSAS,2026-03-12,DEN,20260310,20260311,180,-0.7732772949906821,2.5890779535725725,3.362355248563256,5.95143320213583
KXNBAGAME-26MAR12DENSAS,2026-03-12,SAS,20260310,20260311,239,-0.06571989671860345,3.2843392071614357,3.3500591038800396,6.634398311041474
KXNBAGAME-26MAR12MILMIA,2026-03-12,MIL,20260310,20260311,102,-0.18274816871920976,2.767806746854608,2.9505549155738175,5.718361662428424
KXNBAGAME-26MAR12MILMIA,2026-03-12,MIA,20260310,20260311,153,0.2747934059321793,3.172828872549588,2.8980354666174093,6.070864339166997
KXNBAGAME-26MAR12PHIDET,2026-03-12,PHI,20260310,20260311,0,,,,
KXNBAGAME-26MAR12PHIDET,2026-03-12,DET,20260310,20260311,147,-1.31522682549101,2.7889746861316973,4.1042015116227075,6.893176197754405
KXNBAGAME-26MAR12PHXIND,2026-03-12,PHX,20260310,20260311,119,-0.8162318513979452,2.2692601624214124,3.0854920138193576,5.354752176240769
KXNBAGAME-26MAR12PHXIND,2026-03-12,IND,20260310,20260311,108,-0.8722503158766114,2.6620090366686955,3.5342593525453063,6.196268389214001
KXNBAGAME-26MAR13CHILAC,2026-03-13,CHI,20260311,20260312,128,-0.2628183543337026,2.957829913167009,3.220648267500712,6.178478180667721
KXNBAGAME-26MAR13CHILAC,2026-03-13,LAC,20260311,20260312,205,-0.8045470562524049,2.3410639239880404,3.145610980240444,5.486674904228484
KXNBAGAME-26MAR13CLEDAL,2026-03-13,CLE,20260311,20260312,146,-0.5656557320916863,3.350824538015848,3.9164802701075363,7.267304808123384
KXNBAGAME-26MAR13CLEDAL,2026-03-13,DAL,20260311,20260312,125,-1.1359545074722535,2.3625323349809744,3.498486842453228,5.861019177434205
KXNBAGAME-26MAR13MEMDET,2026-03-13,MEM,20260311,20260312,92,-2.950173827613244,2.0980527169493417,5.048226544562585,7.146279261511929
KXNBAGAME-26MAR13MEMDET,2026-03-13,DET,20260311,20260312,150,-0.2054603051973318,3.041987576892594,3.2474478820899257,6.2894354589825205
KXNBAGAME-26MAR13MINGSW,2026-03-13,MIN,20260311,20260312,277,-0.3082825851263978,2.566071145258614,2.8743537303850104,5.440424875643624
KXNBAGAME-26MAR13MINGSW,2026-03-13,GSW,20260311,20260312,118,-0.09710720638690218,3.2176157074903946,3.3147229138772976,6.532338621367692
KXNBAGAME-26MAR13NOPHOU,2026-03-13,NOP,20260311,20260312,18,-0.4220478911482095,2.053171548316686,2.4752194394648965,4.528390987781583
KXNBAGAME-26MAR13NOPHOU,2026-03-13,HOU,20260311,20260312,94,-0.29083067535705437,2.7426418713395937,3.033472546696648,5.776114418036242
KXNBAGAME-26MAR13PHXTOR,2026-03-13,PHX,20260311,20260312,84,-0.9790971144503806,2.2560645388368545,3.2351616532872356,5.491226192124088
KXNBAGAME-26MAR13PHXTOR,2026-03-13,TOR,20260311,20260312,108,-0.22696228255884118,2.581157287993693,2.8081195705525346,5.389276858546227
KXNBAGAME-26MAR13UTAPOR,2026-03-13,UTA,20260311,20260312,109,-0.7933268021296884,2.3716242835122454,3.164951085641935,5.53657536915418
KXNBAGAME-26MAR13UTAPOR,2026-03-13,POR,20260311,20260312,67,-0.9568848256998927,2.50505446757849,3.461939293278384,5.966993760856875
KXNBAGAME-26MAR14BKNPHI,2026-03-14,BKN,20260312,20260313,102,-0.6493207528279267,2.7516543148789046,3.4009750677068302,6.152629382585735
KXNBAGAME-26MAR14BKNPHI,2026-03-14,PHI,20260312,20260313,0,,,,
KXNBAGAME-26MAR14CHASAS,2026-03-14,CHA,20260312,20260313,105,-0.26271123529529233,2.623105856126973,2.8858170914222674,5.508922947549241
KXNBAGAME-26MAR14CHASAS,2026-03-14,SAS,20260312,20260313,155,-0.2840207382664826,2.868171500785949,3.1521922390524315,6.020363739838381
KXNBAGAME-26MAR14DENLAL,2026-03-14,DEN,20260312,20260313,150,-0.12264018141474452,2.803693225675797,2.926333407090542,5.730026632766338
KXNBAGAME-26MAR14DENLAL,2026-03-14,LAL,20260312,20260313,160,-0.09229044242309084,3.0333807371417265,3.125671179564816,6.159051916706543
KXNBAGAME-26MAR14MILATL,2026-03-14,MIL,20260312,20260313,125,-0.8648918105247885,2.554638403288841,3.419530213813629,5.974168617102471
KXNBAGAME-26MAR14MILATL,2026-03-14,ATL,20260312,20260313,119,0.3458477022150681,3.3781213447882585,3.0322736425731907,6.410394987361448
KXNBAGAME-26MAR14ORLMIA,2026-03-14,ORL,20260312,20260313,166,-0.046631472582651934,3.8960388454673938,3.942670318050048,7.83870916351744
KXNBAGAME-26MAR14ORLMIA,2026-03-14,MIA,20260312,20260313,106,0.2146319438875662,3.147247133741491,2.9326151898539243,6.079862323595416
KXNBAGAME-26MAR14SACLAC,2026-03-14,SAC,20260312,20260313,73,-0.9887595910658901,2.0981322412626557,3.0868918323285452,5.1850240735912
KXNBAGAME-26MAR14SACLAC,2026-03-14,LAC,20260312,20260313,260,-1.1866518841779676,2.4064000200250657,3.5930519042030338,5.999451924228099
KXNBAGAME-26MAR14WASBOS,2026-03-14,WAS,20260312,20260313,139,0.35190435050686114,3.7554439976725513,3.4035396471656925,7.158983644838243
KXNBAGAME-26MAR14WASBOS,2026-03-14,BOS,20260312,20260313,274,-0.4072410996448518,2.6842384283169998,3.0914795279618508,5.77571795627885
KXNBAGAME-26MAR15DALCLE,2026-03-15,DAL,20260313,20260314,152,-2.0483246335113563,2.573496077189574,4.6218207107009315,7.195316787890505
KXNBAGAME-26MAR15DALCLE,2026-03-15,CLE,20260313,20260314,146,-1.9268163499501818,2.4522186209937313,4.3790349709439145,6.831253591937646
KXNBAGAME-26MAR15DETTOR,2026-03-15,DET,20260313,20260314,89,-0.9878441070715537,2.6684961815377384,3.656340288609295,6.324836470147032
KXNBAGAME-26MAR15DETTOR,2026-03-15,TOR,20260313,20260314,123,-1.2009024385543017,2.4671805991102946,3.668083037664596,6.1352636367748925
KXNBAGAME-26MAR15GSWNYK,2026-03-15,GSW,20260313,20260314,163,0.013855834761167501,2.857597332747128,2.8437414979859605,5.701338830733089
KXNBAGAME-26MAR15GSWNYK,2026-03-15,NYK,20260313,20260314,154,-1.0143412421279425,2.4083155257318154,3.422656767859758,5.830972293591574
KXNBAGAME-26MAR15INDMIL,2026-03-15,IND,20260313,20260314,200,-0.2877012419673358,2.5712338174187948,2.8589350593861287,5.430168876804924
KXNBAGAME-26MAR15INDMIL,2026-03-15,MIL,20260313,20260314,125,-0.5679891212861317,2.8087619250323295,3.3767510463184607,6.185512971350791
KXNBAGAME-26MAR15MINOKC,2026-03-15,MIN,20260313,20260314,155,-0.45332161482963174,2.7017201870785628,3.155041801908194,5.856761988986756
KXNBAGAME-26MAR15MINOKC,2026-03-15,OKC,20260313,20260314,205,0.7354580183437532,3.1950867498377216,2.459628731493969,5.65471548133169
KXNBAGAME-26MAR15PORPHI,2026-03-15,POR,20260313,20260314,88,-1.0595066755802984,2.4015915977937192,3.4610982733740183,5.86268987116774
KXNBAGAME-26MAR15PORPHI,2026-03-15,PHI,20260313,20260314,0,,,,
KXNBAGAME-26MAR15UTASAC,2026-03-15,UTA,20260313,20260314,132,-1.4114253372874719,2.1035987679383723,3.5150241052258444,5.618622873164218
KXNBAGAME-26MAR15UTASAC,2026-03-15,SAC,20260313,20260314,102,-0.921809781313664,2.1782449450828776,3.1000547263965412,5.278299671479418
KXNBAGAME-26MAR16DALNOP,2026-03-16,DAL,20260314,20260315,112,-1.8413179592688342,2.313261138050523,4.154579097319358,6.467840235369881
KXNBAGAME-26MAR16DALNOP,2026-03-16,NOP,20260314,20260315,50,-1.6114428602113136,2.412942239508485,4.024385099719799,6.437327339228286
KXNBAGAME-26MAR16LALHOU,2026-03-16,LAL,20260314,20260315,192,-0.019361877989124615,3.195833388887269,3.215195266876393,6.411028655763664
KXNBAGAME-26MAR16LALHOU,2026-03-16,HOU,20260314,20260315,61,-0.18404710407522756,2.796117889557099,2.980164993632327,5.776282883189424
KXNBAGAME-26MAR16MEMCHI,2026-03-16,MEM,20260314,20260315,127,-1.5591196720338707,2.3230973316814847,3.8822170037153554,6.205314335396841
KXNBAGAME-26MAR16MEMCHI,2026-03-16,CHI,20260314,20260315,106,0.31572983902558704,2.8189215132205705,2.5031916741949836,5.322113187415555
KXNBAGAME-26MAR16ORLATL,2026-03-16,ORL,20260314,20260315,112,-0.2456431437726967,3.3601910158926844,3.6058341596653825,6.966025175558069
KXNBAGAME-26MAR16ORLATL,2026-03-16,ATL,20260314,20260315,145,-0.7457988124514168,2.714337268292722,3.46013608074414,6.1744733490368615
KXNBAGAME-26MAR16PHXBOS,2026-03-16,PHX,20260314,20260315,79,-0.9393468290462894,2.5302974066822825,3.469644235728571,5.999941642410857
KXNBAGAME-26MAR16PHXBOS,2026-03-16,BOS,20260314,20260315,141,-0.765951525266791,2.7752366166570472,3.541188141923837,6.316424758580886
KXNBAGAME-26MAR16PORBKN,2026-03-16,POR,20260314,20260315,115,-0.8968361839970318,2.514776110297101,3.4116122942941325,5.9263884045912345
KXNBAGAME-26MAR16PORBKN,2026-03-16,BKN,20260314,20260315,77,-0.6509888426032032,2.428673843237979,3.07966268584118,5.508336529079159
KXNBAGAME-26MAR16SASLAC,2026-03-16,SAS,20260314,20260315,107,0.07731420289004469,2.683320992386224,2.6060067894961794,5.289327781882403
KXNBAGAME-26MAR16SASLAC,2026-03-16,LAC,20260314,20260315,136,-0.5462752829479954,2.473091260757562,3.0193665437055563,5.492457804463117
KXNBAGAME-26MAR17CLEMIL,2026-03-17,CLE,20260315,20260316,109,-1.7788149564100282,2.4439267291564817,4.22274168556651,6.666668414722993
KXNBAGAME-26MAR17CLEMIL,2026-03-17,MIL,20260315,20260316,100,-1.584873780033241,2.020129169049891,3.6050029490831332,5.625132118133023
KXNBAGAME-26MAR17INDNYK,2026-03-17,IND,20260315,20260316,150,-1.935814145823544,1.9472175313514617,3.883031677175005,5.830249208526467
KXNBAGAME-26MAR17INDNYK,2026-03-17,NYK,20260315,20260316,159,-1.5363086136620874,2.2039650544294624,3.7402736680915503,5.944238722521012
KXNBAGAME-26MAR17MIACHA,2026-03-17,MIA,20260315,20260316,120,-1.0618488264425494,2.666616580997247,3.7284654074397956,6.3950819884370445
KXNBAGAME-26MAR17MIACHA,2026-03-17,CHA,20260315,20260316,100,-0.10518868137561274,2.671782198582512,2.7769708799581254,5.448753078540635
KXNBAGAME-26MAR17OKCORL,2026-03-17,OKC,20260315,20260316,332,0.46613757228521324,2.6082244282430063,2.1420868559577926,4.7503112842008015
KXNBAGAME-26MAR17OKCORL,2026-03-17,ORL,20260315,20260316,139,-0.694475678346406,3.264196046521594,3.9586717248679997,7.222867771389595
KXNBAGAME-26MAR17PHXMIN,2026-03-17,PHX,20260315,20260316,91,0.20207241632253595,2.9099776856396806,2.707905269317144,5.617882954956826
KXNBAGAME-26MAR17PHXMIN,2026-03-17,MIN,20260315,20260316,195,-0.706072335609434,2.536130778944401,3.2422031145538357,5.778333893498237
KXNBAGAME-26MAR17SASSAC,2026-03-17,SAS,20260315,20260316,139,-0.3836223261077137,2.6970828286165913,3.0807051547243054,5.777787983340897
KXNBAGAME-26MAR17SASSAC,2026-03-17,SAC,20260315,20260316,106,-0.3641928714655089,2.617689961710544,2.981882833176052,5.599572794886596
KXNBAGAME-26MAR18ATLDAL,2026-03-18,ATL,20260316,20260317,123,-0.8760825513782754,2.809007752366915,3.68509030374519,6.494098056112105
KXNBAGAME-26MAR18ATLDAL,2026-03-18,DAL,20260316,20260317,126,-1.4375960433602537,2.3069968208356064,3.7445928641958597,6.051589685031467
KXNBAGAME-26MAR18DENMEM,2026-03-18,DEN,20260316,20260317,133,-0.6087635860428408,2.7813596886107703,3.390123274653612,6.171482963264383
KXNBAGAME-26MAR18DENMEM,2026-03-18,MEM,20260316,20260317,95,-0.8162350430855292,2.661663995795884,3.477899038881413,6.139563034677298
KXNBAGAME-26MAR18GSWBOS,2026-03-18,GSW,20260316,20260317,208,-0.4049289568491158,3.0827076308450545,3.487636587694171,6.570344218539227
KXNBAGAME-26MAR18GSWBOS,2026-03-18,BOS,20260316,20260317,170,0.08762410316979573,2.9628275583814334,2.8752034552116386,5.838031013593072
KXNBAGAME-26MAR18LACNOP,2026-03-18,LAC,20260316,20260317,124,-1.0219336394439957,2.46187317577829,3.4838068152222856,5.945679991000576
KXNBAGAME-26MAR18LACNOP,2026-03-18,NOP,20260316,20260317,277,0.5979341116293683,2.6893932449855726,2.0914591333562034,4.780852378341778
KXNBAGAME-26MAR18LALHOU,2026-03-18,LAL,20260316,20260317,226,1.2456700703600316,4.194998249578127,2.949328179218095,7.1443264287962265
KXNBAGAME-26MAR18LALHOU,2026-03-18,HOU,20260316,20260317,200,1.416573511549359,4.344266399658013,2.927692888108653,7.271959287766672
KXNBAGAME-26MAR18OKCBKN,2026-03-18,OKC,20260316,20260317,367,0.32091155159301077,2.7084213954819534,2.387509843888942,5.095931239370897
KXNBAGAME-26MAR18OKCBKN,2026-03-18,BKN,20260316,20260317,89,-1.7884942297537076,2.2029374604399377,3.9914316901936457,6.194369150633584
KXNBAGAME-26MAR18PORIND,2026-03-18,POR,20260316,20260317,132,-1.7210554002611593,2.2219553006814063,3.9430107009425654,6.164966001623972
KXNBAGAME-26MAR18PORIND,2026-03-18,IND,20260316,20260317,142,-1.5220396240036982,2.238061384020159,3.7601010080238564,5.998162392044016
KXNBAGAME-26MAR18UTAMIN,2026-03-18,UTA,20260316,20260317,102,-1.5667787019173907,2.1271076901220436,3.693886392039433,5.820994082161476
KXNBAGAME-26MAR18UTAMIN,2026-03-18,MIN,20260316,20260317,167,-0.717591809867768,2.42872604210809,3.1463178519758594,5.57504389408395
KXNBAGAME-26MAR19CLECHI,2026-03-19,CLE,20260317,20260318,113,-0.3677448340032702,3.15859442239598,3.526339256399248,6.684933678795228
KXNBAGAME-26MAR19CLECHI,2026-03-19,CHI,20260317,20260318,126,1.3908943469212054,4.04321109417022,2.6523167472490106,6.69552784141923
KXNBAGAME-26MAR19DETWAS,2026-03-19,DET,20260317,20260318,141,-0.2975063679121568,2.999133417800471,3.296639785712628,6.2957732035131
KXNBAGAME-26MAR19DETWAS,2026-03-19,WAS,20260317,20260318,172,0.5577469775960473,3.4530508726052216,2.895303895009175,6.348354767614397
KXNBAGAME-26MAR19LACNOP,2026-03-19,LAC,20260317,20260318,141,-1.5336066835995212,2.3513108960061455,3.8849175796056645,6.236228475611809
KXNBAGAME-26MAR19LACNOP,2026-03-19,NOP,20260317,20260318,111,-0.6122481593833867,2.319558927888342,2.9318070872717286,5.251366015160071
KXNBAGAME-26MAR19LALMIA,2026-03-19,LAL,20260317,20260318,213,-0.4208219067440742,2.8752569824801486,3.296078889224222,6.17133587170437
KXNBAGAME-26MAR19LALMIA,2026-03-19,MIA,20260317,20260318,76,0.7654801516473961,3.268595959123949,2.503115807476553,5.771711766600501
KXNBAGAME-26MAR19MILUTA,2026-03-19,MIL,20260317,20260318,123,-2.0092466265512416,2.113858224184256,4.123104850735497,6.236963074919753
KXNBAGAME-26MAR19MILUTA,2026-03-19,UTA,20260317,20260318,115,-1.028126789977874,2.1255954899291205,3.1537222799069946,5.279317769836116
KXNBAGAME-26MAR19ORLCHA,2026-03-19,ORL,20260317,20260318,214,0.3055799058138917,3.3637416579568904,3.0581617521429982,6.421903410099891
KXNBAGAME-26MAR19ORLCHA,2026-03-19,CHA,20260317,20260318,162,-2.3338788504672885,1.7892516353812058,4.123130485848495,5.912382121229701
KXNBAGAME-26MAR19PHISAC,2026-03-19,PHI,20260317,20260318,0,,,,
KXNBAGAME-26MAR19PHISAC,2026-03-19,SAC,20260317,20260318,180,-0.1641449735462756,2.779094775759099,2.9432397493053752,5.7223345250644755
KXNBAGAME-26MAR19PHXSAS,2026-03-19,PHX,20260317,20260318,188,-0.7161782741517533,2.2125921438372447,2.9287704179889973,5.141362561826243
KXNBAGAME-26MAR19PHXSAS,2026-03-19,SAS,20260317,20260318,182,0.011708014751474979,2.7628932069403866,2.7511851921889114,5.514078399129298
KXNBAGAME-26MAR20ATLHOU,2026-03-20,ATL,20260318,20260319,164,-1.1113841416797252,2.3743480916620356,3.485732233341762,5.860080325003798
KXNBAGAME-26MAR20ATLHOU,2026-03-20,HOU,20260318,20260319,147,0.21887661253296872,2.930079793297515,2.7112031807645463,5.641282974062061
KXNBAGAME-26MAR20BOSMEM,2026-03-20,BOS,20260318,20260319,127,1.2634578610354323,3.4430339096464087,2.1795760486109765,5.622609958257384
KXNBAGAME-26MAR20BOSMEM,2026-03-20,MEM,20260318,20260319,77,-0.9754668947065626,2.918502550079293,3.8939694447858564,6.812471994865147
KXNBAGAME-26MAR20GSWDET,2026-03-20,GSW,20260318,20260319,94,1.0208779257603617,3.501481610990518,2.4806036852301556,5.982085296220674
KXNBAGAME-26MAR20GSWDET,2026-03-20,DET,20260318,20260319,306,0.16162969361669333,3.2112339575325657,3.049604263915872,6.260838221448438
KXNBAGAME-26MAR20NYKBKN,2026-03-20,NYK,20260318,20260319,121,0.7784186659323474,3.4213383847456353,2.642919718813288,6.064258103558923
KXNBAGAME-26MAR20NYKBKN,2026-03-20,BKN,20260318,20260319,116,-0.8728354301854138,2.6368426997846797,3.5096781299700908,6.146520829754771
KXNBAGAME-26MAR20PORMIN,2026-03-20,POR,20260318,20260319,162,-0.6901933772839154,2.55244231119007,3.242635688473984,5.795077999664054
KXNBAGAME-26MAR20PORMIN,2026-03-20,MIN,20260318,20260319,157,-0.7232274169632732,2.2972786083901036,3.0205060253533764,5.31778463374348
KXNBAGAME-26MAR20TORDEN,2026-03-20,TOR,20260318,20260319,54,-0.5734973698793604,2.4626146035922925,3.0361119734716526,5.498726577063945
KXNBAGAME-26MAR20TORDEN,2026-03-20,DEN,20260318,20260319,140,-1.1527596416028671,2.7136009706387734,3.866360612241641,6.579961582880411
KXNBAGAME-26MAR21CLENOP,2026-03-21,CLE,20260319,20260320,143,-0.4001759740428481,2.790325772089787,3.190501746132636,5.980827518222424
KXNBAGAME-26MAR21CLENOP,2026-03-21,NOP,20260319,20260320,50,-0.5364672485869082,2.0963163902194575,2.632783638806365,4.7291000290258225
KXNBAGAME-26MAR21GSWATL,2026-03-21,GSW,20260319,20260320,142,0.37176126713740004,3.033284828056231,2.6615235609188312,5.694808388975061
KXNBAGAME-26MAR21GSWATL,2026-03-21,ATL,20260319,20260320,147,-0.4287969001633722,2.7235320850689217,3.1523289852322947,5.875861070301214
KXNBAGAME-26MAR21INDSAS,2026-03-21,IND,20260319,20260320,236,-1.7082019145194367,2.253296007050578,3.9614979215700155,6.214793928620594
KXNBAGAME-26MAR21INDSAS,2026-03-21,SAS,20260319,20260320,152,0.5034774560014338,2.9708775289002087,2.467400072898773,5.438277601798982
KXNBAGAME-26MAR21LACDAL,2026-03-21,LAC,20260319,20260320,111,-1.4572022109444462,2.225939296430201,3.683141507374648,5.909080803804849
KXNBAGAME-26MAR21LACDAL,2026-03-21,DAL,20260319,20260320,152,-0.13862639394719256,2.8540541542390327,2.9926805481862253,5.846734702425257
KXNBAGAME-26MAR21LALORL,2026-03-21,LAL,20260319,20260320,348,0.7081998471163188,3.018502245804574,2.3103023986882545,5.328804644492829
KXNBAGAME-26MAR21LALORL,2026-03-21,ORL,20260319,20260320,179,0.21994168122803082,2.92582019929774,2.705878518069709,5.631698717367451
KXNBAGAME-26MAR21MIAHOU,2026-03-21,MIA,20260319,20260320,182,0.06361855882056565,2.7096711960797286,2.6460526372591624,5.355723833338892
KXNBAGAME-26MAR21MIAHOU,2026-03-21,HOU,20260319,20260320,149,0.463596098282267,2.907768222055993,2.4441721237737264,5.3519403458297194
KXNBAGAME-26MAR21MILPHX,2026-03-21,MIL,20260319,20260320,116,0.19591618627255547,3.1635974144788936,2.967681228206338,6.131278642685233
KXNBAGAME-26MAR21MILPHX,2026-03-21,PHX,20260319,20260320,144,0.23343984688729458,2.693967448843302,2.4605276019560067,5.154495050799309
KXNBAGAME-26MAR21OKCWAS,2026-03-21,OKC,20260319,20260320,115,0.9248914472278488,3.292660222048544,2.367768774820696,5.66042899686924
KXNBAGAME-26MAR21OKCWAS,2026-03-21,WAS,20260319,20260320,125,0.7989977199190157,3.79316325654552,2.994165536626504,6.787328793172023
KXNBAGAME-26MAR21PHIUTA,2026-03-21,PHI,20260319,20260320,0,,,,
KXNBAGAME-26MAR21PHIUTA,2026-03-21,UTA,20260319,20260320,135,-0.09936469748877427,2.7614885002332876,2.8608531977220615,5.622341697955351
KXNBAGAME-26MAR22BKNSAC,2026-03-22,BKN,20260320,20260321,97,-0.9898940768215259,2.325995613479142,3.3158896903006703,5.641885303779814
KXNBAGAME-26MAR22BKNSAC,2026-03-22,SAC,20260320,20260321,103,-0.736478230753868,2.6893713999959297,3.4258496307497985,6.11522103074573
KXNBAGAME-26MAR22MINBOS,2026-03-22,MIN,20260320,20260321,144,-0.33163247973869536,2.8912095639572377,3.2228420436959335,6.1140516076531695
KXNBAGAME-26MAR22MINBOS,2026-03-22,BOS,20260320,20260321,163,0.2837024773237776,3.418234829987539,3.1345323526637623,6.5527671826513
KXNBAGAME-26MAR22PORDEN,2026-03-22,POR,20260320,20260321,98,-1.1982908477442205,2.508195977444628,3.7064868251888488,6.214682802633477
KXNBAGAME-26MAR22PORDEN,2026-03-22,DEN,20260320,20260321,116,-1.6697473346950806,2.0414702827995717,3.711217617494652,5.752687900294224
KXNBAGAME-26MAR22TORPHX,2026-03-22,TOR,20260320,20260321,59,-1.7379268470947906,2.0455795512360213,3.783506398330811,5.829085949566835
KXNBAGAME-26MAR22TORPHX,2026-03-22,PHX,20260320,20260321,100,-0.6253665784183609,2.3694798331757676,2.994846411594129,5.364326244769895
KXNBAGAME-26MAR22WASNYK,2026-03-22,WAS,20260320,20260321,145,-0.09749447485490403,3.6127962572014836,3.7102907320563885,7.323086989257872
KXNBAGAME-26MAR22WASNYK,2026-03-22,NYK,20260320,20260321,117,-1.0784305465599109,2.44046574238225,3.518896288942162,5.959362031324412
KXNBAGAME-26MAR23BKNPOR,2026-03-23,BKN,20260321,20260322,107,-1.1174469181644944,2.6821073165237763,3.7995542346882734,6.481661551212049
KXNBAGAME-26MAR23BKNPOR,2026-03-23,POR,20260321,20260322,86,-1.7453787441470419,2.2054694862379263,3.9508482303849686,6.156317716622894
KXNBAGAME-26MAR23GSWDAL,2026-03-23,GSW,20260321,20260322,228,-0.3813454357117586,2.907988731762149,3.289334167473908,6.197322899236057
KXNBAGAME-26MAR23GSWDAL,2026-03-23,DAL,20260321,20260322,90,-0.16289102490162544,2.873179647831116,3.0360706727327402,5.90925032056386
KXNBAGAME-26MAR23LALDET,2026-03-23,LAL,20260321,20260322,228,0.5357413254750715,3.4830069046845082,2.9472655792094358,6.430272483893944
KXNBAGAME-26MAR23LALDET,2026-03-23,DET,20260321,20260322,128,-0.7405005514097529,3.1973359741971468,3.9378365256068997,7.135172499804048
KXNBAGAME-26MAR23MEMATL,2026-03-23,MEM,20260321,20260322,92,-1.3951860697943848,2.2530759486151704,3.648262018409556,5.901337967024727
KXNBAGAME-26MAR23MEMATL,2026-03-23,ATL,20260321,20260322,182,-0.33682668052995995,3.3686669418902246,3.7054936224201853,7.074160564310411
KXNBAGAME-26MAR23MILLAC,2026-03-23,MIL,20260321,20260322,132,-1.0860188085461981,2.5200150201760634,3.606033828722262,6.126048848898323
KXNBAGAME-26MAR23MILLAC,2026-03-23,LAC,20260321,20260322,121,-0.9876614278881979,2.327837283816394,3.315498711704591,5.643335995520987
KXNBAGAME-26MAR23OKCPHI,2026-03-23,OKC,20260321,20260322,150,-0.8780205149576836,3.527126114393452,4.405146629351136,7.932272743744586
KXNBAGAME-26MAR23OKCPHI,2026-03-23,PHI,20260321,20260322,0,,,,
KXNBAGAME-26MAR23SASMIA,2026-03-23,SAS,20260321,20260322,119,-0.7898873611003654,2.540363390311749,3.330250751412115,5.870614141723864
KXNBAGAME-26MAR23SASMIA,2026-03-23,MIA,20260321,20260322,176,0.3596690923768253,3.164253262895743,2.8045841705189165,5.968837433414659
KXNBAGAME-26MAR23TORUTA,2026-03-23,TOR,20260321,20260322,75,-1.2993492949767562,2.131827338719315,3.4311766336960714,5.563003972415386
KXNBAGAME-26MAR23TORUTA,2026-03-23,UTA,20260321,20260322,82,-1.161819338696358,2.5886864510910392,3.7505057897873977,6.339192240878434
KXNBAGAME-26MAR24DENPHX,2026-03-24,DEN,20260322,20260323,117,-1.6067168669969405,2.233452050929011,3.8401689179259533,6.0736209688549625
KXNBAGAME-26MAR24DENPHX,2026-03-24,PHX,20260322,20260323,161,-1.2528204715987712,2.530773973489392,3.7835944450881644,6.314368418577555
KXNBAGAME-26MAR24NOPNYK,2026-03-24,NOP,20260322,20260323,51,-0.08220696650957718,3.438336121399429,3.520543087909008,6.958879209308439
KXNBAGAME-26MAR24NOPNYK,2026-03-24,NYK,20260322,20260323,110,-0.9389964320162831,2.9874473513172886,3.926443783333573,6.913891134650862
KXNBAGAME-26MAR24ORLCLE,2026-03-24,ORL,20260322,20260323,164,0.031141590498715413,3.5796909778191686,3.548549387320454,7.128240365139622
KXNBAGAME-26MAR24ORLCLE,2026-03-24,CLE,20260322,20260323,67,-0.6884851173850786,3.1133345454154435,3.801819662800523,6.9151542082159665
KXNBAGAME-26MAR24SACCHA,2026-03-24,SAC,20260322,20260323,97,-1.5155924158733132,2.541848941123453,4.05744135699677,6.599290298120221
KXNBAGAME-26MAR24SACCHA,2026-03-24,CHA,20260322,20260323,58,-0.22357118888669644,2.4582251766598207,2.681796365546517,5.140021542206338
KXNBAGAME-26MAR25ATLDET,2026-03-25,ATL,20260323,20260324,159,-0.7672478108797682,3.1441330013922855,3.9113808122720526,7.055513813664338
KXNBAGAME-26MAR25ATLDET,2026-03-25,DET,20260323,20260324,156,-0.2117029041215498,3.1739690576428807,3.385671961764431,6.559641019407312
KXNBAGAME-26MAR25BKNGSW,2026-03-25,BKN,20260323,20260324,101,-0.9785465696761941,2.63562123446073,3.6141678041369234,6.249789038597651
KXNBAGAME-26MAR25BKNGSW,2026-03-25,GSW,20260323,20260324,136,-0.9003577807980474,3.0326689134938443,3.9330266942918906,6.965695607785735
KXNBAGAME-26MAR25CHIPHI,2026-03-25,CHI,20260323,20260324,131,-0.557238651575461,3.0531325266693594,3.6103711782448182,6.663503704914176
KXNBAGAME-26MAR25CHIPHI,2026-03-25,PHI,20260323,20260324,0,,,,
KXNBAGAME-26MAR25DALDEN,2026-03-25,DAL,20260323,20260324,129,-0.5728177306165374,3.0776836297742447,3.650501360390781,6.728184990165024
KXNBAGAME-26MAR25DALDEN,2026-03-25,DEN,20260323,20260324,120,-1.2832984400315495,2.2620019580217856,3.545300398053336,5.807302356075121
KXNBAGAME-26MAR25HOUMIN,2026-03-25,HOU,20260323,20260324,69,-0.25851510771295394,2.7280235737515497,2.986538681464502,5.714562255216051
KXNBAGAME-26MAR25HOUMIN,2026-03-25,MIN,20260323,20260324,124,-0.9931163423167407,2.3776001818688055,3.3707165241855463,5.748316706054352
KXNBAGAME-26MAR25LALIND,2026-03-25,LAL,20260323,20260324,149,-0.2069032757039542,3.4060919526404234,3.6129952283443783,7.0190871809848
KXNBAGAME-26MAR25LALIND,2026-03-25,IND,20260323,20260324,229,-2.353176915747057,2.2911236804021717,4.644300596149227,6.9354242765514
KXNBAGAME-26MAR25MIACLE,2026-03-25,MIA,20260323,20260324,117,-0.4284926771075199,2.89444118386795,3.3229338609754686,6.217375044843418
KXNBAGAME-26MAR25MIACLE,2026-03-25,CLE,20260323,20260324,65,-1.077817796985029,3.1303785917579603,4.20819638874299,7.338574980500948
KXNBAGAME-26MAR25MILPOR,2026-03-25,MIL,20260323,20260324,296,-1.6834108920366613,2.2803843480270074,3.963795240063668,6.244179588090675
KXNBAGAME-26MAR25MILPOR,2026-03-25,POR,20260323,20260324,147,-1.0622299987243324,2.3715677220720766,3.43379772079641,5.805365442868486
KXNBAGAME-26MAR25OKCBOS,2026-03-25,OKC,20260323,20260324,157,-0.2768627456922257,2.784164555209672,3.0610273009018973,5.84519185611157
KXNBAGAME-26MAR25OKCBOS,2026-03-25,BOS,20260323,20260324,133,-0.8629093114878974,2.8857000906785544,3.7486094021664513,6.634309492845007
KXNBAGAME-26MAR25SASMEM,2026-03-25,SAS,20260323,20260324,81,0.058134108627104636,3.0324039509796634,2.9742698423525598,6.006673793332223
KXNBAGAME-26MAR25SASMEM,2026-03-25,MEM,20260323,20260324,109,-0.7209037243160072,2.9172407371818507,3.6381444614978586,6.5553851986797085
KXNBAGAME-26MAR25WASUTA,2026-03-25,WAS,20260323,20260324,58,-0.9426579494726507,3.0002580441808506,3.942915993653501,6.94317403783435
KXNBAGAME-26MAR25WASUTA,2026-03-25,UTA,20260323,20260324,115,-1.1293676427040895,2.467378077350075,3.5967457200541637,6.064123797404237
KXNBAGAME-26MAR26NOPDET,2026-03-26,NOP,20260324,20260325,49,-0.567470836450661,2.303135692354267,2.8706065288049274,5.173742221159191
KXNBAGAME-26MAR26NOPDET,2026-03-26,DET,20260324,20260325,138,0.08744765033785054,3.418983503161234,3.331535852823384,6.7505193559846175
KXNBAGAME-26MAR26NYKCHA,2026-03-26,NYK,20260324,20260325,143,-0.6799139346470028,2.84283301108343,3.522746945730431,6.3655799568138605
KXNBAGAME-26MAR26NYKCHA,2026-03-26,CHA,20260324,20260325,272,-3.545375865275242,1.6834252952756898,5.22880116055093,6.912226455826623
KXNBAGAME-26MAR26SACORL,2026-03-26,SAC,20260324,20260325,94,-1.2287805953928077,2.33079798127316,3.5595785766659667,5.890376557939128
KXNBAGAME-26MAR26SACORL,2026-03-26,ORL,20260324,20260325,165,-0.09594058842067052,3.647338117987148,3.743278706407817,7.390616824394964
KXNBAGAME-26MAR27ATLBOS,2026-03-27,ATL,20260325,20260326,219,-0.5711653178607312,2.9101129757499176,3.481278293610648,6.3913912693605655
KXNBAGAME-26MAR27ATLBOS,2026-03-27,BOS,20260325,20260326,257,0.16678356235254102,2.8486391243938414,2.6818555620413003,5.5304946864351425
KXNBAGAME-26MAR27BKNLAL,2026-03-27,BKN,20260325,20260326,125,-1.0921620608086497,2.5713625166915066,3.663524577500156,6.234887094191661
KXNBAGAME-26MAR27BKNLAL,2026-03-27,LAL,20260325,20260326,292,1.0485242387856457,3.3505728049249006,2.302048566139255,5.652621371064155
KXNBAGAME-26MAR27CHIOKC,2026-03-27,CHI,20260325,20260326,175,-0.8891963950517645,2.222939353919299,3.1121357489710633,5.335075102890362
KXNBAGAME-26MAR27CHIOKC,2026-03-27,OKC,20260325,20260326,192,0.37065840697500985,2.868439543110926,2.4977811361359157,5.366220679246842
KXNBAGAME-26MAR27DALPOR,2026-03-27,DAL,20260325,20260326,115,-0.9072085312356906,2.638483905505465,3.545692436741156,6.184176342246621
KXNBAGAME-26MAR27DALPOR,2026-03-27,POR,20260325,20260326,100,-1.806106020843351,2.3310720121249098,4.13717803296826,6.4682500450931695
KXNBAGAME-26MAR27HOUMEM,2026-03-27,HOU,20260325,20260326,105,-1.1736194577158314,2.4375544345144244,3.611173892230256,6.048728326744682
KXNBAGAME-26MAR27HOUMEM,2026-03-27,MEM,20260325,20260326,111,-0.8378854341552868,3.0367723942240734,3.8746578283793607,6.911430222603435
KXNBAGAME-26MAR27LACIND,2026-03-27,LAC,20260325,20260326,163,-1.0246383410892883,2.382877467621575,3.407515808710862,5.790393276332437
KXNBAGAME-26MAR27LACIND,2026-03-27,IND,20260325,20260326,253,-1.5199541868034685,2.6466597219748254,4.166613908778292,6.813273630753119
KXNBAGAME-26MAR27MIACLE,2026-03-27,MIA,20260325,20260326,135,-0.915738056695617,2.5842911630871708,3.500029219782788,6.084320382869959
KXNBAGAME-26MAR27MIACLE,2026-03-27,CLE,20260325,20260326,165,-0.9197122909029075,2.907585480659427,3.8272977715623324,6.734883252221762
KXNBAGAME-26MAR27NOPTOR,2026-03-27,NOP,20260325,20260326,71,-0.5144566367588407,2.1130089062563426,2.627465543015181,4.740474449271526
KXNBAGAME-26MAR27NOPTOR,2026-03-27,TOR,20260325,20260326,130,-0.7402975699153013,2.4301603472011957,3.1704579171164964,5.600618264317692
KXNBAGAME-26MAR27UTADEN,2026-03-27,UTA,20260325,20260326,157,0.250327218614794,2.906242065449849,2.655914846835053,5.562156912284901
KXNBAGAME-26MAR27UTADEN,2026-03-27,DEN,20260325,20260326,136,-0.15939096268213454,2.677173699632453,2.8365646623145873,5.5137383619470395
KXNBAGAME-26MAR27WASGSW,2026-03-27,WAS,20260325,20260326,71,0.3099820649528411,3.571517220438794,3.261535155485954,6.833052375924748
KXNBAGAME-26MAR27WASGSW,2026-03-27,GSW,20260325,20260326,117,-1.144650836046498,2.8249645138471173,3.9696153498936146,6.794579863740733
KXNBAGAME-26MAR28CHIMEM,2026-03-28,CHI,20260326,20260327,149,-0.7666908911263666,2.278694896934971,3.0453857880613366,5.324080684996307
KXNBAGAME-26MAR28CHIMEM,2026-03-28,MEM,20260326,20260327,88,-0.5319151286405371,3.1268618197433593,3.6587769483838968,6.785638768127258
KXNBAGAME-26MAR28DETMIN,2026-03-28,DET,20260326,20260327,115,-0.7537024470672979,2.780088992983044,3.533791440050342,6.313880433033386
KXNBAGAME-26MAR28DETMIN,2026-03-28,MIN,20260326,20260327,75,-1.2109049719345597,2.799784464679338,4.010689436613896,6.810473901293236
KXNBAGAME-26MAR28PHICHA,2026-03-28,PHI,20260326,20260327,0,,,,
KXNBAGAME-26MAR28PHICHA,2026-03-28,CHA,20260326,20260327,112,0.17319892756189287,2.8355899129770368,2.6623909854151453,5.497980898392184
KXNBAGAME-26MAR28SACATL,2026-03-28,SAC,20260326,20260327,81,0.6767756508928954,3.511980657428751,2.8352050065358543,6.347185663964604
KXNBAGAME-26MAR28SACATL,2026-03-28,ATL,20260326,20260327,168,-0.608716870214037,2.896561017687838,3.5052778879018716,6.40183890558971
KXNBAGAME-26MAR28SASMIL,2026-03-28,SAS,20260326,20260327,74,0.6653545215751218,3.4871430575432307,2.8217885359681114,6.30893159351134
KXNBAGAME-26MAR28SASMIL,2026-03-28,MIL,20260326,20260327,169,0.10529755602180557,3.119806695375928,3.0145091393541223,6.134315834730051
KXNBAGAME-26MAR28UTAPHX,2026-03-28,UTA,20260326,20260327,146,-0.08455791390420647,3.0492672267905676,3.1338251406947712,6.183092367485338
KXNBAGAME-26MAR28UTAPHX,2026-03-28,PHX,20260326,20260327,115,-1.202340269690831,2.5340599492487126,3.7364002189395396,6.270460168188251
KXNBAGAME-26MAR29BOSCHA,2026-03-29,BOS,20260327,20260328,107,0.6647195762067097,3.0168274900535756,2.3521079138468632,5.368935403900439
KXNBAGAME-26MAR29BOSCHA,2026-03-29,CHA,20260327,20260328,156,-0.2276005211726286,2.6141170607336006,2.841717581906229,5.45583464263983
KXNBAGAME-26MAR29GSWDEN,2026-03-29,GSW,20260327,20260328,112,0.30731410846468316,3.4434155567683815,3.1361014483036986,6.579517005072079
KXNBAGAME-26MAR29GSWDEN,2026-03-29,DEN,20260327,20260328,103,-0.07362068871581966,2.3825951589471273,2.456215847662946,4.838811006610073
KXNBAGAME-26MAR29HOUNOP,2026-03-29,HOU,20260327,20260328,141,-0.8461141502479418,2.5109584855479854,3.357072635795924,5.868031121343909
KXNBAGAME-26MAR29HOUNOP,2026-03-29,NOP,20260327,20260328,65,-0.8466626884585902,1.9511041854937181,2.7977668739523076,4.748871059446024
KXNBAGAME-26MAR29LACMIL,2026-03-29,LAC,20260327,20260328,166,-0.7303994254954986,2.655953965283474,3.386353390778973,6.042307356062448
KXNBAGAME-26MAR29LACMIL,2026-03-29,MIL,20260327,20260328,136,0.45503283588325283,2.8660824096159363,2.411049573732684,5.277131983348619
KXNBAGAME-26MAR29MIAIND,2026-03-29,MIA,20260327,20260328,202,-0.330567528031638,2.6388915755432576,2.969459103574896,5.608350679118155
KXNBAGAME-26MAR29MIAIND,2026-03-29,IND,20260327,20260328,145,-0.05590996492646538,3.1140858501270134,3.169995815053478,6.284081665180492
KXNBAGAME-26MAR29NYKOKC,2026-03-29,NYK,20260327,20260328,123,-0.5130110642343682,2.507273020445293,3.0202840846796604,5.527557105124953
KXNBAGAME-26MAR29NYKOKC,2026-03-29,OKC,20260327,20260328,177,0.3268745611390568,2.92106607153503,2.5941915103959747,5.515257581931004
KXNBAGAME-26MAR29ORLTOR,2026-03-29,ORL,20260327,20260328,137,-0.05822254258507692,3.121081202076428,3.1793037446615044,6.300384946737932
KXNBAGAME-26MAR29ORLTOR,2026-03-29,TOR,20260327,20260328,132,-0.432368618596353,2.510449320112839,2.942817938709191,5.453267258822029
KXNBAGAME-26MAR29SACBKN,2026-03-29,SAC,20260327,20260328,56,0.8800211975713482,3.4188864042947715,2.538865206723421,5.957751611018192
KXNBAGAME-26MAR29SACBKN,2026-03-29,BKN,20260327,20260328,111,-0.023807545813201325,3.214677634719882,3.238485180533082,6.453162815252964
KXNBAGAME-26MAR29WASPOR,2026-03-29,WAS,20260327,20260328,163,0.04045338520649555,3.0445016677826993,3.0040482825762034,6.048549950358902
KXNBAGAME-26MAR29WASPOR,2026-03-29,POR,20260327,20260328,133,-0.6594572959348441,2.649002681332805,3.30845997726765,5.957462658600455
KXNBAGAME-26MAR30BOSATL,2026-03-30,BOS,20260328,20260329,93,0.017340649727334435,2.754043804400811,2.736703154673477,5.490746959074288
KXNBAGAME-26MAR30BOSATL,2026-03-30,ATL,20260328,20260329,111,-0.6657308394749031,2.1301594017406718,2.7958902412155746,4.926049642956248
KXNBAGAME-26MAR30CHISAS,2026-03-30,CHI,20260328,20260329,107,-0.6154496655863677,2.7281722866226614,3.3436219522090287,6.071794238831691
KXNBAGAME-26MAR30CHISAS,2026-03-30,SAS,20260328,20260329,158,-0.20106478391513577,2.549932614002837,2.750997397917973,5.300930011920811
KXNBAGAME-26MAR30CLEUTA,2026-03-30,CLE,20260328,20260329,149,-1.103462524861658,2.727517456284215,3.830979981145874,6.55849743743009
KXNBAGAME-26MAR30CLEUTA,2026-03-30,UTA,20260328,20260329,100,-0.8004466378567152,2.183315204028438,2.9837618418851535,5.16707704591359
KXNBAGAME-26MAR30DETOKC,2026-03-30,DET,20260328,20260329,108,-0.8192921273727056,2.0601234715524894,2.8794155989251955,4.939539070477684
KXNBAGAME-26MAR30DETOKC,2026-03-30,OKC,20260328,20260329,153,-0.510050865636096,2.53674140073774,3.0467922663738354,5.583533667111575
KXNBAGAME-26MAR30MINDAL,2026-03-30,MIN,20260328,20260329,128,-0.904981120212569,2.1056439773519635,3.0106250975645326,5.116269074916493
KXNBAGAME-26MAR30MINDAL,2026-03-30,DAL,20260328,20260329,84,-1.4323794603011446,2.409068392741144,3.841447853042288,6.25051624578343
KXNBAGAME-26MAR30PHIMIA,2026-03-30,PHI,20260328,20260329,0,,,,
KXNBAGAME-26MAR30PHIMIA,2026-03-30,MIA,20260328,20260329,151,-0.7929024225882975,2.082899960125867,2.8758023827141646,4.9587023428400325
KXNBAGAME-26MAR30PHXMEM,2026-03-30,PHX,20260328,20260329,100,-1.1685149763931366,2.051627793254429,3.2201427696475653,5.27177056290199
KXNBAGAME-26MAR30PHXMEM,2026-03-30,MEM,20260328,20260329,67,-1.254151178996937,2.926612501921043,4.1807636809179805,7.107376182839026
KXNBAGAME-26MAR30WASLAL,2026-03-30,WAS,20260328,20260329,166,-0.7893452483276443,3.037257629169198,3.8266028774968426,6.8638605066660405
KXNBAGAME-26MAR30WASLAL,2026-03-30,LAL,20260328,20260329,205,-0.6525031255081911,2.5189665950064293,3.1714697205146205,5.69043631552105
KXNBAGAME-26MAR31CLELAL,2026-03-31,CLE,20260329,20260330,86,-0.8892694571326423,2.798788806767263,3.688058263899906,6.48684707066717
KXNBAGAME-26MAR31CLELAL,2026-03-31,LAL,20260329,20260330,181,-0.9791500595080237,2.513405672000699,3.4925557315087232,6.005961403509423
KXNBAGAME-26MAR31DALMIL,2026-03-31,DAL,20260329,20260330,71,-1.4968579254014802,2.1713804630463236,3.668238388447804,5.839618851494123
KXNBAGAME-26MAR31DALMIL,2026-03-31,MIL,20260329,20260330,157,-0.12844745742417737,2.633633108442612,2.7620805658667904,5.395713674309404
KXNBAGAME-26MAR31NYKHOU,2026-03-31,NYK,20260329,20260330,123,-0.289923499079816,2.698882911723886,2.988806410803702,5.6876893225275875
KXNBAGAME-26MAR31NYKHOU,2026-03-31,HOU,20260329,20260330,72,-0.25114196131419114,2.3831148435613168,2.6342568048755073,5.017371648436825
KXNBAGAME-26MAR31PHXORL,2026-03-31,PHX,20260329,20260330,104,-1.178826753443626,2.23705427807036,3.4158810315139854,5.652935309584343
KXNBAGAME-26MAR31PHXORL,2026-03-31,ORL,20260329,20260330,143,-0.5749373256293506,3.1613104768122873,3.736247802441638,6.897558279253927
KXNBAGAME-26MAR31PORLAC,2026-03-31,POR,20260329,20260330,88,-1.4066537096238187,2.8462396366395426,4.25289334626336,7.099132982902901
KXNBAGAME-26MAR31PORLAC,2026-03-31,LAC,20260329,20260330,181,-0.5704701192064712,2.639038541501216,3.2095086607076864,5.848547202208903
KXNBAGAME-26MAR31TORDET,2026-03-31,TOR,20260329,20260330,104,-0.29379591351807044,3.0054694737918535,3.299265387309923,6.3047348611017755
KXNBAGAME-26MAR31TORDET,2026-03-31,DET,20260329,20260330,75,-0.8335784877683676,2.2073369502047404,3.040915437973109,5.248252388177848
