event_ticker,winner,loser,winner_implied_prob,loser_implied_prob,winner_trades,loser_trades,winner_contracts,loser_contracts
KXNBAGAME-25APR15ATLORL,ORL,ATL,0.7088,0.3198,205.0,259.0,40975.0,56049.0
KXNBAGAME-25APR15MEMGSW,GSW,MEM,0.703,0.3084,258.0,196.0,64124.0,39191.0
KXNBAGAME-25APR16DALSAC,DAL,SAC,0.3261,0.6881,171.0,156.0,46084.0,31823.0
KXNBAGAME-25APR16MIACHI,MIA,CHI,0.4654,0.5514,77.0,142.0,14455.0,28634.0
KXNBAGAME-25APR18DALMEM,MEM,DAL,0.684,0.3299,33.0,111.0,3932.0,19709.0
KXNBAGAME-25APR18MIAATL,MIA,ATL,0.6117,0.4342,237.0,154.0,34013.0,58202.0
KXNBAGAME-25APR19DETNYK,NYK,DET,0.7495,0.2686,66.0,44.0,21691.0,5241.0
KXNBAGAME-25APR19LACDEN,DEN,LAC,0.5179,0.5023,220.0,221.0,74176.0,38333.0
KXNBAGAME-25APR19MILIND,IND,MIL,0.727,0.3008,84.0,169.0,35068.0,37631.0
KXNBAGAME-25APR19MINLAL,MIN,LAL,0.3546,0.6647,86.0,95.0,21707.0,20336.0
KXNBAGAME-25APR20GSWHOU,GSW,HOU,0.4822,0.5332,167.0,103.0,30696.0,12587.0
KXNBAGAME-25APR20MEMOKC,OKC,MEM,0.8815,0.1309,68.0,118.0,21848.0,30043.0
KXNBAGAME-25APR20MIACLE,CLE,MIA,0.8645,0.1546,85.0,72.0,15185.0,23179.0
KXNBAGAME-25APR20ORLBOS,BOS,ORL,0.882,0.1371,45.0,35.0,17481.0,4960.0
KXNBAGAME-25APR21DETNYK,DET,NYK,0.3132,0.7103,141.0,94.0,18428.0,24323.0
KXNBAGAME-25APR21LACDEN,LAC,DEN,0.5116,0.5047,101.0,130.0,42621.0,33780.0
KXNBAGAME-25APR22MEMOKC,OKC,MEM,0.9025,0.1198,20.0,19.0,2088.0,6675.0
KXNBAGAME-25APR22MILIND,IND,MIL,0.6554,0.3318,82.0,168.0,19194.0,47947.0
KXNBAGAME-25APR22MINLAL,LAL,MIN,0.69,0.3227,242.0,300.0,59416.0,108713.0
KXNBAGAME-25APR23GSWHOU,HOU,GSW,0.6706,0.3299,144.0,360.0,54494.0,107653.0
KXNBAGAME-25APR23MIACLE,CLE,MIA,0.8518,0.1628,19.0,39.0,5125.0,5270.0
KXNBAGAME-25APR23ORLBOS,BOS,ORL,0.823,0.1876,74.0,91.0,16759.0,26945.0
KXNBAGAME-25APR24DENLAC,LAC,DEN,0.6924,0.3298,56.0,75.0,38779.0,20517.0
KXNBAGAME-25APR24NYKDET,NYK,DET,0.5965,0.4182,364.0,364.0,63870.0,89413.0
KXNBAGAME-25APR24OKCMEM,OKC,MEM,0.7917,0.2333,130.0,156.0,74646.0,29222.0
KXNBAGAME-25APR25BOSORL,ORL,BOS,0.3023,0.7236,210.0,311.0,50344.0,67765.0
KXNBAGAME-25APR25INDMIL,MIL,IND,0.654,0.3658,105.0,96.0,40011.0,38177.0
KXNBAGAME-25APR25LALMIN,MIN,LAL,0.6256,0.3888,121.0,317.0,38919.0,88198.0
KXNBAGAME-25APR26CLEMIA,CLE,MIA,0.6604,0.3515,49.0,44.0,10060.0,14036.0
KXNBAGAME-25APR26DENLAC,DEN,LAC,0.3399,0.68,146.0,73.0,39444.0,9033.0
KXNBAGAME-25APR26HOUGSW,GSW,HOU,0.5048,0.5322,359.0,286.0,55182.0,68510.0
KXNBAGAME-25APR26OKCMEM,OKC,MEM,0.8935,0.1118,86.0,172.0,50941.0,36535.0
KXNBAGAME-25APR27BOSORL,BOS,ORL,0.7406,0.2875,302.0,385.0,125102.0,82860.0
KXNBAGAME-25APR27INDMIL,IND,MIL,0.4023,0.6056,150.0,126.0,34703.0,24916.0
KXNBAGAME-25APR27LALMIN,MIN,LAL,0.5432,0.4746,216.0,459.0,34226.0,64327.0
KXNBAGAME-25APR27NYKDET,NYK,DET,0.4595,0.5478,163.0,117.0,32288.0,15028.0
KXNBAGAME-25APR28CLEMIA,CLE,MIA,0.7572,0.2469,81.0,71.0,52474.0,48564.0
KXNBAGAME-25APR28HOUGSW,GSW,HOU,0.6686,0.3349,506.0,433.0,144874.0,177068.0
KXNBAGAME-25APR29DETNYK,DET,NYK,0.3591,0.635,152.0,149.0,32985.0,21312.0
KXNBAGAME-25APR29LACDEN,DEN,LAC,0.5275,0.4784,212.0,181.0,50706.0,49145.0
KXNBAGAME-25APR29MILIND,IND,MIL,0.7055,0.3097,341.0,315.0,176752.0,144260.0
KXNBAGAME-25APR29ORLBOS,BOS,ORL,0.8577,0.1491,33.0,26.0,14939.0,2840.0
KXNBAGAME-25APR30GSWHOU,HOU,GSW,0.6602,0.3285,101.0,379.0,18364.0,98139.0
KXNBAGAME-25APR30MINLAL,MIN,LAL,0.4043,0.5673,556.0,422.0,81373.0,69821.0
KXNBAGAME-25DEC01ATLDET,DET,ATL,0.7712,0.2405,500.0,1243.0,100882.0,401082.0
KXNBAGAME-25DEC01CHABKN,BKN,CHA,0.3496,0.6645,180.0,275.0,50322.0,80234.0
KXNBAGAME-25DEC01CHIORL,ORL,CHI,0.7511,0.2576,396.0,1319.0,80576.0,241643.0
KXNBAGAME-25DEC01CLEIND,CLE,IND,0.6507,0.3592,1331.0,504.0,557883.0,177593.0
KXNBAGAME-25DEC01DALDEN,DAL,DEN,0.1855,0.8241,210.0,166.0,51328.0,64186.0
KXNBAGAME-25DEC01HOUUTA,UTA,HOU,0.1942,0.8237,1023.0,503.0,235357.0,211096.0
KXNBAGAME-25DEC01LACMIA,MIA,LAC,0.707,0.2994,379.0,352.0,113657.0,116761.0
KXNBAGAME-25DEC01MILWAS,WAS,MIL,0.2082,0.8096,88.0,284.0,8061.0,183642.0
KXNBAGAME-25DEC01PHXLAL,PHX,LAL,0.3353,0.6771,337.0,1238.0,219057.0,785319.0
KXNBAGAME-25DEC02MEMSAS,SAS,MEM,0.6386,0.3764,926.0,658.0,233423.0,158905.0
KXNBAGAME-25DEC02MINNOP,MIN,NOP,0.8628,0.1404,359.0,649.0,168046.0,181372.0
KXNBAGAME-25DEC02NYKBOS,BOS,NYK,0.3925,0.5914,1175.0,1257.0,447985.0,376502.0
KXNBAGAME-25DEC02OKCGSW,OKC,GSW,0.8236,0.1901,1616.0,2906.0,873802.0,1320068.0
KXNBAGAME-25DEC02PORTOR,TOR,POR,0.66,0.3656,989.0,675.0,344005.0,325958.0
KXNBAGAME-25DEC02WASPHI,PHI,WAS,0.869,0.145,378.0,713.0,58849.0,247243.0
KXNBAGAME-25DEC03BKNCHI,BKN,CHI,0.2594,0.751,118.0,105.0,21804.0,14312.0
KXNBAGAME-25DEC03CHANYK,NYK,CHA,0.7896,0.2266,330.0,152.0,115568.0,18476.0
KXNBAGAME-25DEC03DENIND,DEN,IND,0.7591,0.2606,1374.0,737.0,570604.0,111602.0
KXNBAGAME-25DEC03DETMIL,MIL,DET,0.344,0.7355,612.0,763.0,414335.0,418564.0
KXNBAGAME-25DEC03LACATL,LAC,ATL,0.4277,0.5554,548.0,818.0,547175.0,281383.0
KXNBAGAME-25DEC03MIADAL,DAL,MIA,0.3797,0.6375,328.0,268.0,63959.0,83885.0
KXNBAGAME-25DEC03PORCLE,POR,CLE,0.1971,0.8227,391.0,239.0,164062.0,137999.0
KXNBAGAME-25DEC03SACHOU,HOU,SAC,0.9105,0.1022,128.0,640.0,29475.0,164324.0
KXNBAGAME-25DEC03SASORL,SAS,ORL,0.2757,0.74,1600.0,372.0,558046.0,89060.0
KXNBAGAME-25DEC04BOSWAS,BOS,WAS,0.8212,0.1928,462.0,431.0,183999.0,97092.0
KXNBAGAME-25DEC04GSWPHI,PHI,GSW,0.62,0.3952,919.0,914.0,314039.0,205458.0
KXNBAGAME-25DEC04LALTOR,LAL,TOR,0.4559,0.5553,1885.0,604.0,420084.0,223549.0
KXNBAGAME-25DEC04MINNOP,MIN,NOP,0.8398,0.1698,283.0,257.0,112933.0,40285.0
KXNBAGAME-25DEC04UTABKN,UTA,BKN,0.644,0.3603,423.0,470.0,145913.0,163209.0
KXNBAGAME-25DEC05CHATOR,CHA,TOR,0.3027,0.7133,130.0,308.0,17384.0,114479.0
KXNBAGAME-25DEC05DALOKC,OKC,DAL,0.899,0.1108,267.0,840.0,107656.0,285567.0
KXNBAGAME-25DEC05DENATL,DEN,ATL,0.6009,0.4054,1118.0,319.0,496894.0,106842.0
KXNBAGAME-25DEC05INDCHI,IND,CHI,0.369,0.65,101.0,160.0,10281.0,57131.0
KXNBAGAME-25DEC05LACMEM,MEM,LAC,0.4676,0.5528,134.0,207.0,32528.0,57327.0
KXNBAGAME-25DEC05LALBOS,BOS,LAL,0.75,0.2653,617.0,2933.0,236643.0,496564.0
KXNBAGAME-25DEC05MIAORL,ORL,MIA,0.7023,0.3297,327.0,789.0,98430.0,258466.0
KXNBAGAME-25DEC05PHIMIL,PHI,MIL,0.5258,0.4704,363.0,127.0,127617.0,64232.0
KXNBAGAME-25DEC05PHXHOU,HOU,PHX,0.7898,0.2198,139.0,270.0,9419.0,59721.0
KXNBAGAME-25DEC05PORDET,DET,POR,0.7213,0.2946,571.0,806.0,187368.0,248079.0
KXNBAGAME-25DEC05SASCLE,CLE,SAS,0.6154,0.4013,311.0,953.0,69967.0,264225.0
KXNBAGAME-25DEC05UTANYK,NYK,UTA,0.8992,0.1117,201.0,665.0,62705.0,298950.0
KXNBAGAME-25DEC06ATLWAS,ATL,WAS,0.8046,0.2116,458.0,249.0,287282.0,71548.0
KXNBAGAME-25DEC06GSWCLE,GSW,CLE,0.2451,0.7708,790.0,535.0,213300.0,217172.0
KXNBAGAME-25DEC06HOUDAL,DAL,HOU,0.2978,0.7174,235.0,362.0,31411.0,57194.0
KXNBAGAME-25DEC06LACMIN,MIN,LAC,0.766,0.2463,326.0,286.0,122183.0,75300.0
KXNBAGAME-25DEC06MILDET,DET,MIL,0.8481,0.1629,252.0,653.0,145109.0,156164.0
KXNBAGAME-25DEC06NOPBKN,BKN,NOP,0.6197,0.39,430.0,235.0,186523.0,41128.0
KXNBAGAME-25DEC06SACMIA,SAC,MIA,0.2478,0.7704,210.0,274.0,34950.0,60783.0
KXNBAGAME-25DEC07BOSTOR,BOS,TOR,0.585,0.428,467.0,303.0,195982.0,64593.0
KXNBAGAME-25DEC07DENCHA,DEN,CHA,0.8215,0.1961,332.0,236.0,138712.0,44889.0
KXNBAGAME-25DEC07GSWCHI,GSW,CHI,0.5204,0.4899,496.0,208.0,94433.0,69319.0
KXNBAGAME-25DEC07LALPHI,LAL,PHI,0.5838,0.4317,1135.0,307.0,400930.0,59652.0
KXNBAGAME-25DEC07OKCUTA,OKC,UTA,0.83,0.1817,582.0,407.0,256984.0,181658.0
KXNBAGAME-25DEC07ORLNYK,NYK,ORL,0.5179,0.4898,963.0,610.0,508454.0,375241.0
KXNBAGAME-25DEC07PORMEM,MEM,POR,0.582,0.4311,552.0,642.0,266317.0,181521.0
KXNBAGAME-25DEC08PHXMIN,PHX,MIN,0.2648,0.7498,1359.0,699.0,431079.0,244161.0
KXNBAGAME-25DEC08SACIND,IND,SAC,0.6091,0.4081,605.0,997.0,183789.0,291986.0
KXNBAGAME-25DEC08SASNOP,SAS,NOP,0.7862,0.2225,740.0,349.0,363708.0,170913.0
KXNBAGAME-25DEC09MIAORL,ORL,MIA,0.4503,0.5476,1980.0,2748.0,636877.0,941427.0
KXNBAGAME-25DEC09NYKTOR,NYK,TOR,0.6969,0.3141,2023.0,3138.0,709168.0,1282300.0
KXNBAGAME-25DEC10PHXOKC,OKC,PHX,0.8993,0.1125,818.0,1666.0,428223.0,618416.0
KXNBAGAME-25DEC10SASLAL,SAS,LAL,0.2845,0.7382,2637.0,2868.0,1003622.0,1227129.0
KXNBAGAME-25DEC11BOSMIL,MIL,BOS,0.1416,0.8912,1820.0,818.0,287388.0,274641.0
KXNBAGAME-25DEC11DENSAC,DEN,SAC,0.8197,0.1911,155.0,176.0,88544.0,29900.0
KXNBAGAME-25DEC11LACHOU,HOU,LAC,0.717,0.2923,1912.0,2996.0,675398.0,759801.0
KXNBAGAME-25DEC11PORNOP,NOP,POR,0.4943,0.5266,1943.0,2442.0,562966.0,878981.0
KXNBAGAME-25DEC12ATLDET,DET,ATL,0.7241,0.2828,856.0,1199.0,283890.0,300124.0
KXNBAGAME-25DEC12BKNDAL,DAL,BKN,0.7395,0.2693,164.0,192.0,31021.0,27969.0
KXNBAGAME-25DEC12CHICHA,CHI,CHA,0.5711,0.4391,830.0,554.0,230883.0,153911.0
KXNBAGAME-25DEC12CLEWAS,CLE,WAS,0.8996,0.1073,343.0,1721.0,146038.0,566826.0
KXNBAGAME-25DEC12INDPHI,PHI,IND,0.6894,0.3255,1074.0,904.0,295690.0,339010.0
KXNBAGAME-25DEC12MINGSW,MIN,GSW,0.3831,0.6322,2122.0,2001.0,595532.0,549486.0
KXNBAGAME-25DEC12UTAMEM,UTA,MEM,0.3271,0.674,867.0,326.0,259287.0,85410.0
KXNBAGAME-25DEC13NYKORL,NYK,ORL,0.5973,0.4127,2267.0,1969.0,812722.0,729234.0
KXNBAGAME-25DEC13SASOKC,SAS,OKC,0.1814,0.8358,4724.0,2196.0,1474858.0,996693.0
KXNBAGAME-25DEC14CHACLE,CHA,CLE,0.206,0.8136,749.0,206.0,180259.0,49493.0
KXNBAGAME-25DEC14GSWPOR,POR,GSW,0.3787,0.6525,563.0,812.0,164803.0,283796.0
KXNBAGAME-25DEC14LALPHX,LAL,PHX,0.5062,0.4989,3497.0,1004.0,876674.0,298834.0
KXNBAGAME-25DEC14MILBKN,BKN,MIL,0.4743,0.5411,84.0,219.0,15201.0,66797.0
KXNBAGAME-25DEC14NOPCHI,NOP,CHI,0.34,0.652,262.0,272.0,68747.0,141095.0
KXNBAGAME-25DEC14PHIATL,ATL,PHI,0.6179,0.3946,126.0,544.0,62911.0,187549.0
KXNBAGAME-25DEC14SACMIN,MIN,SAC,0.8094,0.2009,107.0,377.0,52085.0,121377.0
KXNBAGAME-25DEC14WASIND,WAS,IND,0.233,0.7913,617.0,248.0,211594.0,70279.0
KXNBAGAME-25DEC15DALUTA,UTA,DAL,0.5321,0.4862,680.0,851.0,227328.0,323741.0
KXNBAGAME-25DEC15DETBOS,DET,BOS,0.5084,0.4954,2275.0,1432.0,781022.0,517113.0
KXNBAGAME-25DEC15HOUDEN,DEN,HOU,0.457,0.5501,3003.0,1398.0,1234627.0,576506.0
KXNBAGAME-25DEC15MEMLAC,MEM,LAC,0.3556,0.6542,1268.0,232.0,540131.0,151846.0
KXNBAGAME-25DEC15TORMIA,TOR,MIA,0.3678,0.6416,855.0,279.0,336913.0,34095.0
KXNBAGAME-25DEC17CLECHI,CHI,CLE,0.3497,0.6624,756.0,646.0,171878.0,140140.0
KXNBAGAME-25DEC17MEMMIN,MEM,MIN,0.3152,0.6958,2780.0,1586.0,761535.0,442174.0
KXNBAGAME-25DEC18ATLCHA,CHA,ATL,0.38,0.6366,338.0,449.0,62746.0,93202.0
KXNBAGAME-25DEC18DETDAL,DAL,DET,0.4423,0.5665,836.0,767.0,224267.0,297306.0
KXNBAGAME-25DEC18GSWPHX,PHX,GSW,0.3917,0.6052,941.0,945.0,275100.0,207640.0
KXNBAGAME-25DEC18HOUNOP,NOP,HOU,0.1946,0.8,379.0,294.0,60228.0,81878.0
KXNBAGAME-25DEC18LACOKC,OKC,LAC,0.9199,0.0936,149.0,436.0,85877.0,145552.0
KXNBAGAME-25DEC18LALUTA,LAL,UTA,0.7342,0.2798,360.0,457.0,153927.0,167773.0
KXNBAGAME-25DEC18MIABKN,MIA,BKN,0.7038,0.2946,192.0,325.0,64151.0,105535.0
KXNBAGAME-25DEC18NYKIND,NYK,IND,0.6135,0.4025,1266.0,521.0,324075.0,297996.0
KXNBAGAME-25DEC18ORLDEN,DEN,ORL,0.7091,0.2972,95.0,120.0,25805.0,36788.0
KXNBAGAME-25DEC18SACPOR,POR,SAC,0.6901,0.3249,257.0,1111.0,86521.0,374581.0
KXNBAGAME-25DEC18TORMIL,TOR,MIL,0.6733,0.3188,240.0,304.0,99568.0,166096.0
KXNBAGAME-25DEC18WASSAS,SAS,WAS,0.9075,0.103,173.0,682.0,53450.0,168871.0
KXNBAGAME-25DEC19CHICLE,CHI,CLE,0.3984,0.618,374.0,212.0,85725.0,22006.0
KXNBAGAME-25DEC19MIABOS,BOS,MIA,0.7273,0.285,454.0,1362.0,107491.0,469809.0
KXNBAGAME-25DEC19OKCMIN,MIN,OKC,0.3041,0.7077,2574.0,2464.0,748063.0,1037118.0
KXNBAGAME-25DEC19PHINYK,PHI,NYK,0.3356,0.6661,1475.0,1128.0,434923.0,312708.0
KXNBAGAME-25DEC19SASATL,SAS,ATL,0.6198,0.3983,505.0,176.0,98572.0,23972.0
KXNBAGAME-25DEC20BOSTOR,BOS,TOR,0.4801,0.5312,268.0,202.0,122254.0,112340.0
KXNBAGAME-25DEC20CHADET,DET,CHA,0.7977,0.2156,346.0,1049.0,77462.0,231466.0
KXNBAGAME-25DEC20DALPHI,PHI,DAL,0.5303,0.4876,347.0,314.0,142592.0,105683.0
KXNBAGAME-25DEC20HOUDEN,HOU,DEN,0.5341,0.4718,709.0,1741.0,436724.0,615180.0
KXNBAGAME-25DEC20INDNOP,NOP,IND,0.6892,0.3459,462.0,721.0,109206.0,248032.0
KXNBAGAME-25DEC20LALLAC,LAC,LAL,0.4755,0.5196,399.0,1903.0,526392.0,739111.0
KXNBAGAME-25DEC20ORLUTA,ORL,UTA,0.7249,0.2859,367.0,1499.0,159484.0,514619.0
KXNBAGAME-25DEC20PHXGSW,GSW,PHX,0.6593,0.3536,349.0,765.0,66312.0,337460.0
KXNBAGAME-25DEC20PORSAC,POR,SAC,0.6922,0.3414,573.0,768.0,198433.0,274464.0
KXNBAGAME-25DEC20WASMEM,WAS,MEM,0.1796,0.8246,400.0,93.0,169809.0,12972.0
KXNBAGAME-25DEC21CHIATL,CHI,ATL,0.4589,0.5339,645.0,488.0,95651.0,75713.0
KXNBAGAME-25DEC21HOUSAC,SAC,HOU,0.2034,0.8011,3308.0,1269.0,995037.0,491872.0
KXNBAGAME-25DEC21MIANYK,NYK,MIA,0.724,0.2864,235.0,403.0,93067.0,145539.0
KXNBAGAME-25DEC21MILMIN,MIN,MIL,0.8207,0.1995,106.0,479.0,20722.0,124582.0
KXNBAGAME-25DEC21SASWAS,SAS,WAS,0.9058,0.1083,173.0,764.0,109989.0,244654.0
KXNBAGAME-25DEC21TORBKN,BKN,TOR,0.4093,0.5999,116.0,255.0,8529.0,46844.0
KXNBAGAME-25DEC22CHACLE,CLE,CHA,0.7775,0.2459,752.0,2286.0,144658.0,845918.0
KXNBAGAME-25DEC22DALNOP,NOP,DAL,0.4864,0.5293,279.0,555.0,62426.0,100340.0
KXNBAGAME-25DEC22DETPOR,DET,POR,0.7139,0.2872,696.0,616.0,264565.0,184193.0
KXNBAGAME-25DEC22INDBOS,BOS,IND,0.8389,0.1777,214.0,421.0,72452.0,125107.0
KXNBAGAME-25DEC22MEMOKC,OKC,MEM,0.8965,0.1096,138.0,416.0,33572.0,141444.0
KXNBAGAME-25DEC22ORLGSW,GSW,ORL,0.6756,0.3407,387.0,706.0,126078.0,212084.0
KXNBAGAME-25DEC22UTADEN,DEN,UTA,0.851,0.1479,194.0,501.0,136927.0,271853.0
KXNBAGAME-25DEC23BKNPHI,BKN,PHI,0.2412,0.7729,1283.0,929.0,336629.0,323938.0
KXNBAGAME-25DEC23CHIATL,CHI,ATL,0.401,0.6062,528.0,323.0,77094.0,58563.0
KXNBAGAME-25DEC23DENDAL,DAL,DEN,0.3257,0.69,215.0,351.0,66169.0,79681.0
KXNBAGAME-25DEC23DETSAC,DET,SAC,0.8039,0.2013,345.0,990.0,134729.0,287272.0
KXNBAGAME-25DEC23HOULAC,LAC,HOU,0.2963,0.7163,384.0,444.0,87725.0,210866.0
KXNBAGAME-25DEC23LALPHX,PHX,LAL,0.5907,0.4227,141.0,615.0,79778.0,108614.0
KXNBAGAME-25DEC23MEMUTA,MEM,UTA,0.6554,0.3466,157.0,287.0,46388.0,72006.0
KXNBAGAME-25DEC23MILIND,MIL,IND,0.5306,0.4825,245.0,202.0,26887.0,28284.0
KXNBAGAME-25DEC23NOPCLE,CLE,NOP,0.7709,0.2348,182.0,376.0,27328.0,169979.0
KXNBAGAME-25DEC23NYKMIN,MIN,NYK,0.7132,0.2997,251.0,936.0,67380.0,219203.0
KXNBAGAME-25DEC23OKCSAS,SAS,OKC,0.3224,0.694,820.0,339.0,136998.0,70024.0
KXNBAGAME-25DEC23ORLPOR,ORL,POR,0.5298,0.4854,250.0,192.0,107985.0,74638.0
KXNBAGAME-25DEC23TORMIA,TOR,MIA,0.3504,0.6563,372.0,156.0,127516.0,98763.0
KXNBAGAME-25DEC23WASCHA,CHA,WAS,0.6988,0.3148,262.0,350.0,64185.0,74169.0
KXNBAGAME-25DEC25CLENYK,NYK,CLE,0.5159,0.4649,5110.0,3072.0,1738218.0,906844.0
KXNBAGAME-25DEC25DALGSW,GSW,DAL,0.7377,0.2769,1261.0,6098.0,445373.0,2060868.0
KXNBAGAME-25DEC25HOULAL,HOU,LAL,0.5411,0.4689,2753.0,7800.0,1005892.0,2627611.0
KXNBAGAME-25DEC25MINDEN,DEN,MIN,0.4951,0.502,11690.0,8167.0,3368303.0,2287393.0
KXNBAGAME-25DEC25SASOKC,SAS,OKC,0.2522,0.7602,2984.0,382.0,1126033.0,94452.0
KXNBAGAME-25DEC26BOSIND,BOS,IND,0.7482,0.2691,951.0,996.0,185820.0,172332.0
KXNBAGAME-25DEC26CHAORL,CHA,ORL,0.3337,0.6782,703.0,690.0,138176.0,125109.0
KXNBAGAME-25DEC26DETUTA,UTA,DET,0.2344,0.7878,1167.0,657.0,336845.0,295797.0
KXNBAGAME-25DEC26LACPOR,LAC,POR,0.508,0.4838,1664.0,1715.0,452766.0,579471.0
KXNBAGAME-25DEC26MIAATL,MIA,ATL,0.4177,0.5909,643.0,609.0,76830.0,100328.0
KXNBAGAME-25DEC26MILMEM,MEM,MIL,0.6351,0.3718,186.0,430.0,39347.0,58766.0
KXNBAGAME-25DEC26PHICHI,CHI,PHI,0.4403,0.5529,902.0,807.0,174726.0,420882.0
KXNBAGAME-25DEC26PHXNOP,PHX,NOP,0.6563,0.3636,534.0,514.0,122171.0,88532.0
KXNBAGAME-25DEC26TORWAS,WAS,TOR,0.2639,0.7482,344.0,339.0,41954.0,38441.0
KXNBAGAME-25DEC27BKNMIN,BKN,MIN,0.1699,0.8393,380.0,127.0,163064.0,35223.0
KXNBAGAME-25DEC27CLEHOU,HOU,CLE,0.5649,0.4466,429.0,326.0,87829.0,108204.0
KXNBAGAME-25DEC27DALSAC,SAC,DAL,0.4367,0.5792,331.0,516.0,91357.0,69763.0
KXNBAGAME-25DEC27DENORL,ORL,DEN,0.3773,0.6311,2083.0,3550.0,708028.0,872634.0
KXNBAGAME-25DEC27INDMIA,MIA,IND,0.7148,0.2954,213.0,264.0,25932.0,80092.0
KXNBAGAME-25DEC27MILCHI,MIL,CHI,0.4548,0.567,737.0,786.0,176665.0,190857.0
KXNBAGAME-25DEC27NYKATL,NYK,ATL,0.6606,0.3624,709.0,573.0,189203.0,139504.0
KXNBAGAME-25DEC27PHXNOP,PHX,NOP,0.6225,0.3929,1179.0,1660.0,294810.0,497004.0
KXNBAGAME-25DEC27UTASAS,UTA,SAS,0.1563,0.8588,935.0,278.0,326045.0,133614.0
KXNBAGAME-25DEC28BOSPOR,POR,BOS,0.2684,0.7314,643.0,650.0,286783.0,242419.0
KXNBAGAME-25DEC28DETLAC,LAC,DET,0.4919,0.5104,2845.0,2829.0,783369.0,822398.0
KXNBAGAME-25DEC28GSWTOR,TOR,GSW,0.3851,0.626,772.0,644.0,209351.0,103927.0
KXNBAGAME-25DEC28MEMWAS,WAS,MEM,0.301,0.7147,671.0,348.0,188218.0,96731.0
KXNBAGAME-25DEC28PHIOKC,OKC,PHI,0.8616,0.1457,181.0,475.0,50618.0,225402.0
KXNBAGAME-25DEC28SACLAL,LAL,SAC,0.8116,0.2007,432.0,1676.0,99945.0,497082.0
KXNBAGAME-25DEC29ATLOKC,OKC,ATL,0.9035,0.1033,203.0,1122.0,56045.0,295574.0
KXNBAGAME-25DEC29CLESAS,CLE,SAS,0.4701,0.5301,656.0,2255.0,173897.0,544727.0
KXNBAGAME-25DEC29DALPOR,POR,DAL,0.5713,0.4429,1380.0,2080.0,372143.0,534221.0
KXNBAGAME-25DEC29DENMIA,MIA,DEN,0.4695,0.5491,196.0,709.0,74897.0,235643.0
KXNBAGAME-25DEC29GSWBKN,GSW,BKN,0.6587,0.3419,383.0,452.0,142099.0,207816.0
KXNBAGAME-25DEC29INDHOU,HOU,IND,0.8542,0.1598,91.0,151.0,27180.0,46975.0
KXNBAGAME-25DEC29MILCHA,MIL,CHA,0.5892,0.424,577.0,396.0,195125.0,92696.0
KXNBAGAME-25DEC29MINCHI,MIN,CHI,0.6715,0.3436,178.0,221.0,27565.0,34249.0
KXNBAGAME-25DEC29NYKNOP,NYK,NOP,0.7454,0.2696,379.0,373.0,187449.0,117440.0
KXNBAGAME-25DEC29ORLTOR,TOR,ORL,0.3901,0.5635,356.0,257.0,78667.0,82237.0
KXNBAGAME-25DEC29PHXWAS,PHX,WAS,0.788,0.22,223.0,392.0,26389.0,158561.0
KXNBAGAME-25DEC30BOSUTA,BOS,UTA,0.7164,0.2926,359.0,769.0,82370.0,352793.0
KXNBAGAME-25DEC30DETLAL,DET,LAL,0.5715,0.4433,1219.0,2780.0,513274.0,755222.0
KXNBAGAME-25DEC30PHIMEM,PHI,MEM,0.4894,0.5215,1882.0,1365.0,667766.0,428979.0
KXNBAGAME-25DEC30SACLAC,LAC,SAC,0.7747,0.23,139.0,413.0,25325.0,121855.0
KXNBAGAME-25DEC31DENTOR,DEN,TOR,0.3111,0.7061,667.0,305.0,175596.0,230668.0
KXNBAGAME-25DEC31GSWCHA,GSW,CHA,0.7287,0.286,477.0,476.0,160938.0,141205.0
KXNBAGAME-25DEC31MINATL,ATL,MIN,0.3471,0.6658,152.0,189.0,53512.0,32527.0
KXNBAGAME-25DEC31NOPCHI,CHI,NOP,0.542,0.4718,797.0,811.0,215010.0,276624.0
KXNBAGAME-25DEC31NYKSAS,SAS,NYK,0.5821,0.4208,2047.0,3123.0,440330.0,775171.0
KXNBAGAME-25DEC31ORLIND,ORL,IND,0.6792,0.3047,746.0,366.0,260696.0,127041.0
KXNBAGAME-25DEC31PHXCLE,CLE,PHX,0.6922,0.3192,162.0,682.0,64178.0,345116.0
KXNBAGAME-25DEC31POROKC,OKC,POR,0.8846,0.12,195.0,404.0,64202.0,247383.0
KXNBAGAME-25DEC31WASMIL,WAS,MIL,0.1962,0.814,220.0,118.0,37696.0,15374.0
KXNBAGAME-25JUN05INDOKC,IND,OKC,0.1985,0.8167,3243.0,944.0,1490142.0,618925.0
KXNBAGAME-25JUN08INDOKC,OKC,IND,0.8184,0.1859,795.0,4117.0,466325.0,2041037.0
KXNBAGAME-25JUN11OKCIND,IND,OKC,0.3178,0.6958,3140.0,2709.0,1207267.0,1383500.0
KXNBAGAME-25JUN13OKCIND,OKC,IND,0.6041,0.3997,4151.0,5116.0,1806855.0,2218139.0
KXNBAGAME-25JUN16INDOKC,OKC,IND,0.7722,0.2372,1318.0,5435.0,1048912.0,2163925.0
KXNBAGAME-25JUN19OKCIND,IND,OKC,0.3427,0.6715,2764.0,2507.0,1173118.0,1108241.0
KXNBAGAME-25MAY01DENLAC,LAC,DEN,0.6761,0.3275,48.0,124.0,8558.0,27708.0
KXNBAGAME-25MAY01NYKDET,NYK,DET,0.5949,0.372,241.0,297.0,61662.0,70671.0
KXNBAGAME-25MAY02HOUGSW,HOU,GSW,0.337,0.6706,397.0,247.0,89573.0,76054.0
KXNBAGAME-25MAY04INDCLE,IND,CLE,0.2384,0.7657,123.0,100.0,30486.0,33322.0
KXNBAGAME-25MAY05DENOKC,DEN,OKC,0.2553,0.7532,628.0,163.0,151034.0,44462.0
KXNBAGAME-25MAY05NYKBOS,NYK,BOS,0.2384,0.7734,289.0,187.0,73056.0,51774.0
KXNBAGAME-25MAY06GSWMIN,GSW,MIN,0.3508,0.6586,466.0,166.0,104462.0,36933.0
KXNBAGAME-25MAY06INDCLE,IND,CLE,0.3443,0.6537,660.0,207.0,167687.0,75585.0
KXNBAGAME-25MAY07DENOKC,OKC,DEN,0.8036,0.2022,144.0,794.0,107995.0,341403.0
KXNBAGAME-25MAY07NYKBOS,NYK,BOS,0.1985,0.8059,276.0,129.0,89637.0,84373.0
KXNBAGAME-25MAY08GSWMIN,MIN,GSW,0.8174,0.1899,106.0,467.0,19652.0,96247.0
KXNBAGAME-25MAY09CLEIND,CLE,IND,0.7143,0.2707,275.0,507.0,90857.0,112744.0
KXNBAGAME-25MAY09OKCDEN,DEN,OKC,0.2986,0.7152,594.0,278.0,124507.0,75896.0
KXNBAGAME-25MAY10BOSNYK,BOS,NYK,0.6949,0.3144,155.0,395.0,43249.0,100832.0
KXNBAGAME-25MAY10MINGSW,MIN,GSW,0.7101,0.2905,311.0,536.0,62778.0,92321.0
KXNBAGAME-25MAY11CLEIND,IND,CLE,0.4191,0.5869,441.0,373.0,78566.0,96418.0
KXNBAGAME-25MAY11OKCDEN,OKC,DEN,0.7074,0.2903,103.0,363.0,27085.0,94457.0
KXNBAGAME-25MAY12BOSNYK,NYK,BOS,0.2982,0.7068,384.0,170.0,82528.0,54101.0
KXNBAGAME-25MAY12MINGSW,MIN,GSW,0.6425,0.3796,627.0,816.0,170016.0,165575.0
KXNBAGAME-25MAY13DENOKC,OKC,DEN,0.7952,0.2195,57.0,522.0,29020.0,246390.0
KXNBAGAME-25MAY13INDCLE,IND,CLE,0.2742,0.7313,688.0,147.0,150852.0,63248.0
KXNBAGAME-25MAY14GSWMIN,MIN,GSW,0.782,0.2333,103.0,426.0,29942.0,145811.0
KXNBAGAME-25MAY14NYKBOS,BOS,NYK,0.621,0.3886,148.0,855.0,44547.0,254181.0
KXNBAGAME-25MAY15OKCDEN,DEN,OKC,0.4195,0.556,700.0,355.0,161969.0,87006.0
KXNBAGAME-25MAY16BOSNYK,NYK,BOS,0.5838,0.4267,323.0,232.0,65628.0,109895.0
KXNBAGAME-25MAY20MINOKC,OKC,MIN,0.7169,0.2935,527.0,1485.0,314529.0,493249.0
KXNBAGAME-25MAY21INDNYK,IND,NYK,0.4054,0.6117,2742.0,2019.0,1477197.0,943819.0
KXNBAGAME-25MAY22MINOKC,OKC,MIN,0.7446,0.2756,669.0,2126.0,208604.0,857057.0
KXNBAGAME-25MAY23INDNYK,IND,NYK,0.3483,0.6352,1848.0,1207.0,739318.0,472105.0
KXNBAGAME-25MAY24OKCMIN,MIN,OKC,0.4301,0.5822,855.0,868.0,363064.0,338232.0
KXNBAGAME-25MAY25NYKIND,NYK,IND,0.498,0.5111,2190.0,1611.0,1032146.0,658133.0
KXNBAGAME-25MAY26OKCMIN,OKC,MIN,0.5894,0.4136,1701.0,2071.0,845764.0,904574.0
KXNBAGAME-25MAY27NYKIND,IND,NYK,0.6238,0.384,1335.0,2654.0,743617.0,1224817.0
KXNBAGAME-25MAY28MINOKC,OKC,MIN,0.7557,0.2496,435.0,1700.0,298270.0,849536.0
KXNBAGAME-25MAY29INDNYK,NYK,IND,0.6389,0.3782,737.0,2558.0,569247.0,1464077.0
KXNBAGAME-25MAY31NYKIND,IND,NYK,0.6274,0.384,1772.0,1858.0,789137.0,815340.0
KXNBAGAME-25NOV01DALDET,DET,DAL,0.7305,0.28,456.0,1524.0,174123.0,394492.0
KXNBAGAME-25NOV01GSWIND,IND,GSW,0.195,0.8108,297.0,215.0,85221.0,108926.0
KXNBAGAME-25NOV01HOUBOS,HOU,BOS,0.6466,0.3636,270.0,373.0,117888.0,106435.0
KXNBAGAME-25NOV01MINCHA,MIN,CHA,0.6201,0.386,283.0,280.0,57388.0,220632.0
KXNBAGAME-25NOV01ORLWAS,ORL,WAS,0.77,0.24,40.0,110.0,2207.0,27955.0
KXNBAGAME-25NOV01SACMIL,SAC,MIL,0.2352,0.7602,958.0,1052.0,356767.0,355184.0
KXNBAGAME-25NOV02ATLCLE,CLE,ATL,0.7896,0.2408,442.0,564.0,145522.0,170760.0
KXNBAGAME-25NOV02CHINYK,NYK,CHI,0.7047,0.2995,130.0,628.0,47644.0,120133.0
KXNBAGAME-25NOV02MEMTOR,TOR,MEM,0.6207,0.3871,183.0,161.0,34828.0,48527.0
KXNBAGAME-25NOV02MIALAL,LAL,MIA,0.6858,0.3294,2372.0,1327.0,1098002.0,627986.0
KXNBAGAME-25NOV02NOPOKC,OKC,NOP,0.8695,0.1496,175.0,275.0,49465.0,106641.0
KXNBAGAME-25NOV02PHIBKN,PHI,BKN,0.6517,0.3601,775.0,123.0,258597.0,35654.0
KXNBAGAME-25NOV02SASPHX,PHX,SAS,0.3303,0.6799,193.0,929.0,182726.0,393603.0
KXNBAGAME-25NOV02UTACHA,CHA,UTA,0.4972,0.5152,191.0,285.0,35938.0,77071.0
KXNBAGAME-25NOV03DALHOU,HOU,DAL,0.8253,0.1803,141.0,864.0,40844.0,160904.0
KXNBAGAME-25NOV03DETMEM,DET,MEM,0.6466,0.3696,370.0,278.0,80228.0,90943.0
KXNBAGAME-25NOV03LALPOR,LAL,POR,0.2399,0.7698,754.0,202.0,245242.0,256016.0
KXNBAGAME-25NOV03MIALAC,MIA,LAC,0.2739,0.7336,383.0,187.0,217183.0,138358.0
KXNBAGAME-25NOV03MILIND,MIL,IND,0.7108,0.295,1032.0,582.0,366638.0,131535.0
KXNBAGAME-25NOV03MINBKN,MIN,BKN,0.771,0.2627,543.0,1080.0,149299.0,277849.0
KXNBAGAME-25NOV03SACDEN,DEN,SAC,0.8534,0.1573,114.0,203.0,74623.0,87751.0
KXNBAGAME-25NOV03UTABOS,UTA,BOS,0.158,0.8634,588.0,359.0,184570.0,146287.0
KXNBAGAME-25NOV03WASNYK,NYK,WAS,0.8521,0.16,240.0,521.0,136134.0,126662.0
KXNBAGAME-25NOV04CHANOP,NOP,CHA,0.5814,0.4365,235.0,562.0,73371.0,112687.0
KXNBAGAME-25NOV04MILTOR,TOR,MIL,0.5419,0.4678,331.0,1427.0,197627.0,539742.0
KXNBAGAME-25NOV04OKCLAC,OKC,LAC,0.7448,0.2672,1657.0,1516.0,1183187.0,1074201.0
KXNBAGAME-25NOV04ORLATL,ATL,ORL,0.4616,0.5615,951.0,812.0,261036.0,280216.0
KXNBAGAME-25NOV04PHICHI,CHI,PHI,0.515,0.4896,440.0,823.0,75430.0,270093.0
KXNBAGAME-25NOV04PHXGSW,GSW,PHX,0.7932,0.2164,286.0,973.0,98180.0,273386.0
KXNBAGAME-25NOV05BKNIND,BKN,IND,0.365,0.6409,1129.0,651.0,324761.0,231935.0
KXNBAGAME-25NOV05GSWSAC,SAC,GSW,0.5413,0.4831,671.0,1439.0,247313.0,402743.0
KXNBAGAME-25NOV05HOUMEM,HOU,MEM,0.743,0.2713,210.0,115.0,89324.0,23969.0
KXNBAGAME-25NOV05MIADEN,DEN,MIA,0.7611,0.2541,264.0,750.0,71460.0,252794.0
KXNBAGAME-25NOV05MINNYK,NYK,MIN,0.6012,0.4068,652.0,735.0,268272.0,199031.0
KXNBAGAME-25NOV05NOPDAL,NOP,DAL,0.2683,0.74,84.0,99.0,43722.0,89835.0
KXNBAGAME-25NOV05OKCPOR,POR,OKC,0.3011,0.7289,796.0,2478.0,336468.0,951776.0
KXNBAGAME-25NOV05PHICLE,CLE,PHI,0.8127,0.1895,305.0,1824.0,228917.0,646143.0
KXNBAGAME-25NOV05SASLAL,LAL,SAS,0.4236,0.5751,3125.0,1950.0,983849.0,797632.0
KXNBAGAME-25NOV05UTADET,DET,UTA,0.7967,0.2186,421.0,641.0,76951.0,216331.0
KXNBAGAME-25NOV05WASBOS,BOS,WAS,0.8499,0.1599,138.0,169.0,34893.0,39309.0
KXNBAGAME-25NOV06LACPHX,PHX,LAC,0.5802,0.4321,734.0,500.0,287435.0,125965.0
KXNBAGAME-25NOV07BOSORL,ORL,BOS,0.6558,0.3332,854.0,2034.0,413902.0,640635.0
KXNBAGAME-25NOV07CHAMIA,MIA,CHA,0.7544,0.253,171.0,152.0,78302.0,46827.0
KXNBAGAME-25NOV07CHIMIL,MIL,CHI,0.6026,0.4042,239.0,473.0,98387.0,137548.0
KXNBAGAME-25NOV07CLEWAS,CLE,WAS,0.8866,0.1209,252.0,456.0,182581.0,155104.0
KXNBAGAME-25NOV07DALMEM,MEM,DAL,0.6343,0.3778,120.0,151.0,16764.0,25283.0
KXNBAGAME-25NOV07DETBKN,DET,BKN,0.7562,0.2763,602.0,701.0,272271.0,209763.0
KXNBAGAME-25NOV07GSWDEN,DEN,GSW,0.8065,0.2098,187.0,655.0,291048.0,247864.0
KXNBAGAME-25NOV07HOUSAS,SAS,HOU,0.3983,0.5979,1390.0,837.0,410323.0,353422.0
KXNBAGAME-25NOV07OKCSAC,OKC,SAC,0.84,0.1792,31.0,56.0,14615.0,15279.0
KXNBAGAME-25NOV07TORATL,TOR,ATL,0.4537,0.5608,513.0,283.0,287685.0,70710.0
KXNBAGAME-25NOV07UTAMIN,MIN,UTA,0.8488,0.1598,77.0,291.0,16361.0,123362.0
KXNBAGAME-25NOV08CHICLE,CLE,CHI,0.7727,0.2391,121.0,442.0,13710.0,107306.0
KXNBAGAME-25NOV08DALWAS,DAL,WAS,0.5776,0.4338,693.0,557.0,154211.0,174005.0
KXNBAGAME-25NOV08INDDEN,DEN,IND,0.8005,0.2136,280.0,160.0,177412.0,45883.0
KXNBAGAME-25NOV08LALATL,ATL,LAL,0.3357,0.6726,96.0,647.0,19646.0,191827.0
KXNBAGAME-25NOV08NOPSAS,SAS,NOP,0.8429,0.1583,219.0,129.0,58260.0,49242.0
KXNBAGAME-25NOV08PHXLAC,PHX,LAC,0.3914,0.6264,822.0,339.0,278872.0,115339.0
KXNBAGAME-25NOV08PORMIA,MIA,POR,0.3254,0.6471,529.0,297.0,152799.0,196583.0
KXNBAGAME-25NOV08TORPHI,PHI,TOR,0.6395,0.3647,483.0,398.0,175984.0,100911.0
KXNBAGAME-25NOV09BKNNYK,NYK,BKN,0.932,0.0789,264.0,634.0,175875.0,221313.0
KXNBAGAME-25NOV09BOSORL,BOS,ORL,0.3542,0.644,1188.0,695.0,464058.0,316775.0
KXNBAGAME-25NOV09DETPHI,DET,PHI,0.6709,0.3532,313.0,645.0,96041.0,239177.0
KXNBAGAME-25NOV09HOUMIL,HOU,MIL,0.6182,0.3813,418.0,778.0,128734.0,278863.0
KXNBAGAME-25NOV09INDGSW,GSW,IND,0.8562,0.1627,319.0,689.0,119676.0,220688.0
KXNBAGAME-25NOV09MINSAC,MIN,SAC,0.6476,0.3364,815.0,820.0,196202.0,287865.0
KXNBAGAME-25NOV09OKCMEM,OKC,MEM,0.823,0.1903,415.0,266.0,222471.0,109673.0
KXNBAGAME-25NOV10ATLLAC,ATL,LAC,0.3691,0.6404,340.0,205.0,116645.0,76463.0
KXNBAGAME-25NOV10CLEMIA,MIA,CLE,0.2322,0.759,1376.0,515.0,446865.0,117473.0
KXNBAGAME-25NOV10LALCHA,LAL,CHA,0.7698,0.2446,884.0,399.0,431088.0,99636.0
KXNBAGAME-25NOV10MILDAL,MIL,DAL,0.6366,0.3694,847.0,381.0,308944.0,143101.0
KXNBAGAME-25NOV10MINUTA,MIN,UTA,0.7303,0.2779,172.0,86.0,52497.0,9250.0
KXNBAGAME-25NOV10NOPPHX,PHX,NOP,0.7516,0.2644,184.0,148.0,67994.0,21878.0
KXNBAGAME-25NOV10PORORL,ORL,POR,0.5308,0.4837,828.0,1070.0,236590.0,263966.0
KXNBAGAME-25NOV10SASCHI,SAS,CHI,0.65,0.3639,323.0,229.0,134773.0,39130.0
KXNBAGAME-25NOV10WASDET,DET,WAS,0.8025,0.2058,914.0,1341.0,369311.0,410207.0
KXNBAGAME-25NOV11BOSPHI,PHI,BOS,0.4743,0.5384,1175.0,706.0,239296.0,168915.0
KXNBAGAME-25NOV11DENSAC,DEN,SAC,0.7722,0.2431,1832.0,1487.0,854290.0,671034.0
KXNBAGAME-25NOV11GSWOKC,OKC,GSW,0.7569,0.2595,910.0,2430.0,219159.0,733155.0
KXNBAGAME-25NOV11INDUTA,UTA,IND,0.3922,0.6088,1443.0,699.0,498826.0,204622.0
KXNBAGAME-25NOV11MEMNYK,NYK,MEM,0.8047,0.2088,678.0,515.0,249835.0,175968.0
KXNBAGAME-25NOV11TORBKN,TOR,BKN,0.7959,0.2186,380.0,321.0,178315.0,87743.0
KXNBAGAME-25NOV12ATLSAC,ATL,SAC,0.6288,0.3811,258.0,244.0,105072.0,80903.0
KXNBAGAME-25NOV12CHIDET,DET,CHI,0.4304,0.5769,950.0,697.0,181040.0,273643.0
KXNBAGAME-25NOV12CLEMIA,CLE,MIA,0.3276,0.6595,732.0,347.0,214520.0,127931.0
KXNBAGAME-25NOV12DENLAC,DEN,LAC,0.64,0.3663,2494.0,697.0,1347189.0,364192.0
KXNBAGAME-25NOV12GSWSAS,GSW,SAS,0.2894,0.6856,1112.0,1294.0,395797.0,430060.0
KXNBAGAME-25NOV12LALOKC,OKC,LAL,0.7472,0.2699,703.0,2659.0,190770.0,797529.0
KXNBAGAME-25NOV12MEMBOS,BOS,MEM,0.7502,0.2654,236.0,160.0,115382.0,35751.0
KXNBAGAME-25NOV12MILCHA,CHA,MIL,0.461,0.5473,522.0,1388.0,127661.0,375522.0
KXNBAGAME-25NOV12ORLNYK,ORL,NYK,0.4359,0.5725,751.0,2359.0,171681.0,680940.0
KXNBAGAME-25NOV12PHXDAL,PHX,DAL,0.486,0.5186,1221.0,638.0,494392.0,172194.0
KXNBAGAME-25NOV12PORNOP,POR,NOP,0.7287,0.2763,262.0,221.0,110175.0,37732.0
KXNBAGAME-25NOV12WASHOU,HOU,WAS,0.9263,0.0771,146.0,658.0,44665.0,190707.0
KXNBAGAME-25NOV13ATLUTA,ATL,UTA,0.5371,0.47,434.0,259.0,231741.0,95497.0
KXNBAGAME-25NOV13INDPHX,PHX,IND,0.6422,0.3662,2978.0,1318.0,1153705.0,357896.0
KXNBAGAME-25NOV13TORCLE,TOR,CLE,0.2878,0.7289,895.0,784.0,265164.0,261413.0
KXNBAGAME-25NOV14BKNORL,ORL,BKN,0.8861,0.127,408.0,1085.0,231613.0,322741.0
KXNBAGAME-25NOV14CHAMIL,MIL,CHA,0.8021,0.2137,301.0,269.0,44787.0,48731.0
KXNBAGAME-25NOV14GSWSAS,GSW,SAS,0.4519,0.5778,1120.0,999.0,416165.0,323610.0
KXNBAGAME-25NOV14LACDAL,LAC,DAL,0.6593,0.3361,957.0,1116.0,216991.0,302572.0
KXNBAGAME-25NOV14LALNOP,LAL,NOP,0.8178,0.1992,597.0,220.0,245004.0,50135.0
KXNBAGAME-25NOV14MIANYK,NYK,MIA,0.6568,0.3473,1407.0,2490.0,362250.0,843539.0
KXNBAGAME-25NOV14PHIDET,DET,PHI,0.5193,0.5008,680.0,897.0,200115.0,470179.0
KXNBAGAME-25NOV14PORHOU,HOU,POR,0.7407,0.2715,218.0,180.0,76602.0,27556.0
KXNBAGAME-25NOV14SACMIN,MIN,SAC,0.8411,0.17,160.0,301.0,70471.0,63629.0
KXNBAGAME-25NOV15DENMIN,DEN,MIN,0.6013,0.4052,1738.0,993.0,712260.0,422764.0
KXNBAGAME-25NOV15LALMIL,LAL,MIL,0.5947,0.404,2126.0,1490.0,717090.0,592251.0
KXNBAGAME-25NOV15MEMCLE,CLE,MEM,0.8128,0.1972,411.0,587.0,297457.0,664666.0
KXNBAGAME-25NOV15OKCCHA,OKC,CHA,0.9189,0.0897,313.0,817.0,115786.0,287906.0
KXNBAGAME-25NOV15TORIND,TOR,IND,0.6453,0.3738,1165.0,749.0,503180.0,279654.0
KXNBAGAME-25NOV16ATLPHX,ATL,PHX,0.5449,0.4721,691.0,1145.0,195011.0,363665.0
KXNBAGAME-25NOV16BKNWAS,BKN,WAS,0.4473,0.5684,224.0,276.0,56064.0,82879.0
KXNBAGAME-25NOV16CHIUTA,UTA,CHI,0.351,0.655,783.0,1004.0,157149.0,243066.0
KXNBAGAME-25NOV16GSWNOP,GSW,NOP,0.825,0.1847,473.0,163.0,249874.0,62353.0
KXNBAGAME-25NOV16LACBOS,BOS,LAC,0.7578,0.2605,697.0,652.0,245115.0,126117.0
KXNBAGAME-25NOV16ORLHOU,HOU,ORL,0.6615,0.3575,2604.0,2002.0,1019512.0,441862.0
KXNBAGAME-25NOV16PORDAL,DAL,POR,0.4106,0.5933,766.0,1175.0,229809.0,365122.0
KXNBAGAME-25NOV16SACSAS,SAS,SAC,0.7003,0.3109,593.0,268.0,186605.0,115749.0
KXNBAGAME-25NOV17CHATOR,TOR,CHA,0.7519,0.2552,254.0,327.0,44818.0,86397.0
KXNBAGAME-25NOV17CHIDEN,CHI,DEN,0.1461,0.8637,1128.0,526.0,246470.0,199609.0
KXNBAGAME-25NOV17DALMIN,MIN,DAL,0.8881,0.1292,119.0,402.0,38305.0,108357.0
KXNBAGAME-25NOV17INDDET,DET,IND,0.7655,0.2442,1690.0,1433.0,591525.0,429914.0
KXNBAGAME-25NOV17LACPHI,PHI,LAC,0.6338,0.3871,1148.0,621.0,268196.0,149924.0
KXNBAGAME-25NOV17MILCLE,CLE,MIL,0.698,0.3166,246.0,646.0,39485.0,138723.0
KXNBAGAME-25NOV17NYKMIA,MIA,NYK,0.4988,0.5086,465.0,546.0,183494.0,113061.0
KXNBAGAME-25NOV17OKCNOP,OKC,NOP,0.9439,0.0655,155.0,322.0,74336.0,104008.0
KXNBAGAME-25NOV18BOSBKN,BOS,BKN,0.8486,0.1696,393.0,378.0,98480.0,60523.0
KXNBAGAME-25NOV18DETATL,DET,ATL,0.5477,0.4618,1145.0,476.0,318378.0,97099.0
KXNBAGAME-25NOV18GSWORL,ORL,GSW,0.4313,0.5764,1059.0,2865.0,241294.0,908737.0
KXNBAGAME-25NOV18MEMSAS,SAS,MEM,0.6744,0.337,594.0,332.0,142667.0,82698.0
KXNBAGAME-25NOV18PHXPOR,PHX,POR,0.4812,0.5332,2144.0,880.0,1037692.0,606999.0
KXNBAGAME-25NOV18UTALAL,LAL,UTA,0.8218,0.2084,2608.0,4047.0,1261014.0,1401488.0
KXNBAGAME-25NOV19CHAIND,IND,CHA,0.4642,0.5421,416.0,864.0,268119.0,344860.0
KXNBAGAME-25NOV19CHIPOR,CHI,POR,0.6034,0.4146,1305.0,575.0,404743.0,210998.0
KXNBAGAME-25NOV19DENNOP,DEN,NOP,0.79,0.2116,1527.0,611.0,766404.0,174165.0
KXNBAGAME-25NOV19GSWMIA,MIA,GSW,0.7885,0.2219,362.0,1332.0,98682.0,260474.0
KXNBAGAME-25NOV19HOUCLE,HOU,CLE,0.5526,0.4568,1807.0,1291.0,473779.0,333729.0
KXNBAGAME-25NOV19NYKDAL,NYK,DAL,0.7618,0.2557,1967.0,1647.0,809834.0,560915.0
KXNBAGAME-25NOV19SACOKC,OKC,SAC,0.9446,0.066,183.0,607.0,37226.0,142942.0
KXNBAGAME-25NOV19TORPHI,TOR,PHI,0.571,0.4416,404.0,530.0,74208.0,99192.0
KXNBAGAME-25NOV19WASMIN,MIN,WAS,0.9247,0.082,161.0,424.0,36045.0,104456.0
KXNBAGAME-25NOV20ATLSAS,SAS,ATL,0.5003,0.5102,553.0,494.0,104937.0,139466.0
KXNBAGAME-25NOV20LACORL,ORL,LAC,0.6892,0.3287,787.0,772.0,411325.0,254491.0
KXNBAGAME-25NOV20PHIMIL,PHI,MIL,0.5863,0.397,946.0,450.0,297867.0,103000.0
KXNBAGAME-25NOV20SACMEM,MEM,SAC,0.5799,0.43,164.0,361.0,14905.0,103502.0
KXNBAGAME-25NOV21BKNBOS,BKN,BOS,0.1301,0.888,428.0,229.0,93248.0,72032.0
KXNBAGAME-25NOV21DENHOU,DEN,HOU,0.4785,0.5147,1731.0,1015.0,767110.0,318584.0
KXNBAGAME-25NOV21INDCLE,CLE,IND,0.8788,0.1345,817.0,1675.0,427279.0,586503.0
KXNBAGAME-25NOV21MIACHI,MIA,CHI,0.4478,0.5673,577.0,770.0,166541.0,225651.0
KXNBAGAME-25NOV21MINPHX,PHX,MIN,0.3604,0.6431,895.0,672.0,245748.0,250273.0
KXNBAGAME-25NOV21NOPDAL,DAL,NOP,0.5512,0.4758,760.0,361.0,200753.0,111994.0
KXNBAGAME-25NOV21OKCUTA,OKC,UTA,0.9099,0.1003,271.0,609.0,92390.0,242045.0
KXNBAGAME-25NOV21PORGSW,POR,GSW,0.2723,0.7485,1146.0,876.0,219624.0,289311.0
KXNBAGAME-25NOV21WASTOR,TOR,WAS,0.894,0.1067,317.0,593.0,256600.0,228770.0
KXNBAGAME-25NOV22ATLNOP,ATL,NOP,0.8099,0.2054,205.0,196.0,91982.0,19943.0
KXNBAGAME-25NOV22DETMIL,DET,MIL,0.7798,0.227,690.0,780.0,254921.0,293869.0
KXNBAGAME-25NOV22LACCHA,LAC,CHA,0.46,0.5332,1035.0,716.0,409041.0,243980.0
KXNBAGAME-25NOV22MEMDAL,MEM,DAL,0.5003,0.5062,238.0,753.0,121687.0,416191.0
KXNBAGAME-25NOV22NYKORL,ORL,NYK,0.4998,0.4933,1761.0,2744.0,649230.0,871060.0
KXNBAGAME-25NOV22SACDEN,SAC,DEN,0.1846,0.8281,450.0,589.0,207948.0,368165.0
KXNBAGAME-25NOV22WASCHI,CHI,WAS,0.8593,0.15,250.0,144.0,50394.0,31915.0
KXNBAGAME-25NOV23BKNTOR,TOR,BKN,0.8577,0.1516,235.0,420.0,109391.0,250478.0
KXNBAGAME-25NOV23CHAATL,ATL,CHA,0.7316,0.275,211.0,116.0,142435.0,73871.0
KXNBAGAME-25NOV23LACCLE,CLE,LAC,0.7461,0.2698,221.0,262.0,58954.0,114528.0
KXNBAGAME-25NOV23LALUTA,LAL,UTA,0.7949,0.2241,710.0,385.0,294609.0,112585.0
KXNBAGAME-25NOV23MIAPHI,MIA,PHI,0.5158,0.4953,369.0,386.0,132385.0,114046.0
KXNBAGAME-25NOV23ORLBOS,BOS,ORL,0.6331,0.3823,244.0,551.0,124739.0,124906.0
KXNBAGAME-25NOV23POROKC,OKC,POR,0.9109,0.0793,367.0,594.0,995437.0,517648.0
KXNBAGAME-25NOV23SASPHX,PHX,SAS,0.5469,0.4583,903.0,688.0,682509.0,234399.0
KXNBAGAME-25NOV24CHINOP,NOP,CHI,0.3408,0.6603,111.0,521.0,186479.0,102698.0
KXNBAGAME-25NOV24CLETOR,TOR,CLE,0.5423,0.4812,897.0,845.0,348194.0,324428.0
KXNBAGAME-25NOV24DALMIA,MIA,DAL,0.739,0.2903,738.0,513.0,246826.0,88604.0
KXNBAGAME-25NOV24DENMEM,DEN,MEM,0.7326,0.278,322.0,58.0,209979.0,25275.0
KXNBAGAME-25NOV24DETIND,DET,IND,0.8056,0.2103,923.0,840.0,368548.0,294797.0
KXNBAGAME-25NOV24HOUPHX,HOU,PHX,0.6876,0.3261,557.0,1246.0,144422.0,619400.0
KXNBAGAME-25NOV24MINSAC,SAC,MIN,0.1822,0.8326,810.0,430.0,231771.0,144930.0
KXNBAGAME-25NOV24NYKBKN,NYK,BKN,0.86,0.1507,180.0,323.0,45462.0,78452.0
KXNBAGAME-25NOV24PORMIL,POR,MIL,0.5813,0.4087,435.0,501.0,90925.0,158494.0
KXNBAGAME-25NOV24UTAGSW,GSW,UTA,0.8299,0.1868,451.0,1640.0,223151.0,545168.0
KXNBAGAME-25NOV25ATLWAS,WAS,ATL,0.1796,0.837,455.0,662.0,186345.0,754723.0
KXNBAGAME-25NOV25LACLAL,LAL,LAC,0.7057,0.306,2696.0,1392.0,1481934.0,667083.0
KXNBAGAME-25NOV25ORLPHI,ORL,PHI,0.6591,0.351,869.0,1644.0,434176.0,555658.0
KXNBAGAME-25NOV26DETBOS,BOS,DET,0.4273,0.5812,1691.0,3826.0,716574.0,1523508.0
KXNBAGAME-25NOV26HOUGSW,HOU,GSW,0.3426,0.6544,1960.0,1446.0,628450.0,562844.0
KXNBAGAME-25NOV26INDTOR,TOR,IND,0.8106,0.2005,226.0,179.0,69180.0,16584.0
KXNBAGAME-25NOV26MEMNOP,MEM,NOP,0.648,0.3841,649.0,513.0,292701.0,272571.0
KXNBAGAME-25NOV26MILMIA,MIA,MIL,0.7996,0.2054,171.0,304.0,125562.0,33371.0
KXNBAGAME-25NOV26MINOKC,OKC,MIN,0.7848,0.2346,1659.0,2684.0,821388.0,933538.0
KXNBAGAME-25NOV26NYKCHA,NYK,CHA,0.7164,0.299,628.0,182.0,337691.0,41719.0
KXNBAGAME-25NOV26PHXSAC,PHX,SAC,0.6769,0.3172,616.0,331.0,244561.0,83024.0
KXNBAGAME-25NOV26SASPOR,SAS,POR,0.5071,0.5023,387.0,181.0,116681.0,55306.0
KXNBAGAME-25NOV28CHICHA,CHA,CHI,0.4289,0.5836,241.0,698.0,103215.0,269314.0
KXNBAGAME-25NOV28CLEATL,ATL,CLE,0.2948,0.7157,503.0,284.0,80250.0,83834.0
KXNBAGAME-25NOV28DALLAL,LAL,DAL,0.8081,0.2039,511.0,358.0,224166.0,74694.0
KXNBAGAME-25NOV28MEMLAC,MEM,LAC,0.2752,0.7244,278.0,162.0,91240.0,90984.0
KXNBAGAME-25NOV28MILNYK,NYK,MIL,0.6992,0.3279,537.0,1448.0,150472.0,320573.0
KXNBAGAME-25NOV28ORLDET,ORL,DET,0.3872,0.6125,522.0,1099.0,86169.0,428910.0
KXNBAGAME-25NOV28PHIBKN,PHI,BKN,0.7272,0.2711,361.0,207.0,165189.0,29850.0
KXNBAGAME-25NOV28PHXOKC,OKC,PHX,0.8896,0.1198,112.0,427.0,23262.0,196175.0
KXNBAGAME-25NOV28SACUTA,UTA,SAC,0.5621,0.4621,188.0,207.0,96767.0,78663.0
KXNBAGAME-25NOV28SASDEN,SAS,DEN,0.2645,0.7378,387.0,240.0,98450.0,113022.0
KXNBAGAME-25NOV28WASIND,IND,WAS,0.7008,0.3141,108.0,405.0,9095.0,92761.0
KXNBAGAME-25NOV29BKNMIL,MIL,BKN,0.8377,0.1752,202.0,213.0,65724.0,46249.0
KXNBAGAME-25NOV29BOSMIN,MIN,BOS,0.6859,0.3215,240.0,718.0,154497.0,200416.0
KXNBAGAME-25NOV29CHIIND,IND,CHI,0.4292,0.5859,228.0,635.0,78543.0,217153.0
KXNBAGAME-25NOV29DALLAC,DAL,LAC,0.1859,0.8003,1233.0,270.0,432323.0,218372.0
KXNBAGAME-25NOV29DENPHX,DEN,PHX,0.6272,0.3849,292.0,194.0,110706.0,33370.0
KXNBAGAME-25NOV29DETMIA,DET,MIA,0.4248,0.5929,1034.0,380.0,290626.0,98568.0
KXNBAGAME-25NOV29NOPGSW,GSW,NOP,0.8247,0.1913,457.0,605.0,181831.0,189342.0
KXNBAGAME-25NOV29TORCHA,CHA,TOR,0.2295,0.8231,641.0,535.0,189424.0,128202.0
KXNBAGAME-25NOV30ATLPHI,ATL,PHI,0.404,0.6113,1048.0,1091.0,416701.0,427565.0
KXNBAGAME-25NOV30BOSCLE,BOS,CLE,0.2995,0.7188,448.0,150.0,103046.0,61990.0
KXNBAGAME-25NOV30HOUUTA,HOU,UTA,0.8375,0.18,323.0,476.0,120980.0,148140.0
KXNBAGAME-25NOV30MEMSAC,MEM,SAC,0.6341,0.381,1218.0,1536.0,421154.0,473958.0
KXNBAGAME-25NOV30NOPLAL,LAL,NOP,0.9196,0.0985,335.0,814.0,186323.0,267583.0
KXNBAGAME-25NOV30OKCPOR,OKC,POR,0.8509,0.16,393.0,277.0,146411.0,79805.0
KXNBAGAME-25NOV30SASMIN,MIN,SAS,0.6375,0.3842,350.0,628.0,120407.0,136092.0
KXNBAGAME-25NOV30TORNYK,NYK,TOR,0.7536,0.2647,169.0,658.0,123914.0,212171.0
KXNBAGAME-25OCT10BOSTOR,BOS,TOR,0.5,0.5274,50.0,12.0,4897.0,526.0
KXNBAGAME-25OCT10ORLPHI,PHI,ORL,0.3649,0.6641,57.0,54.0,1879.0,1933.0
KXNBAGAME-25OCT10PHXBKN,PHX,BKN,0.99,0.01,36.0,1.0,6604.0,108.0
KXNBAGAME-25OCT10SACPOR,POR,SAC,0.4747,0.5305,80.0,108.0,8683.0,18069.0
KXNBAGAME-25OCT10UTASAS,SAS,UTA,0.704,0.3262,60.0,161.0,4109.0,8376.0
KXNBAGAME-25OCT11ATLMEM,ATL,MEM,0.6598,0.3552,9.0,15.0,1380.0,1268.0
KXNBAGAME-25OCT11CHADAL,CHA,DAL,0.2986,0.72,8.0,4.0,597.0,31.0
KXNBAGAME-25OCT11OKCIND,IND,OKC,0.4944,0.5591,36.0,63.0,2182.0,5810.0
KXNBAGAME-25OCT12BKNPHX,BKN,PHX,0.3692,0.7306,188.0,99.0,10952.0,5430.0
KXNBAGAME-25OCT12CLEBOS,BOS,CLE,0.7063,0.336,52.0,122.0,1536.0,6910.0
KXNBAGAME-25OCT12DENLAC,DEN,LAC,0.4157,0.6124,48.0,34.0,3435.0,1913.0
KXNBAGAME-25OCT12GSWLAL,LAL,GSW,0.5443,0.478,49.0,48.0,2682.0,5283.0
KXNBAGAME-25OCT12MIAORL,ORL,MIA,0.6952,0.3614,100.0,254.0,5961.0,22100.0
KXNBAGAME-25OCT12MILCHI,MIL,CHI,0.5132,0.5097,28.0,25.0,7381.0,3224.0
KXNBAGAME-25OCT12TORWAS,TOR,WAS,0.6497,0.3626,17.0,17.0,4247.0,1264.0
KXNBAGAME-25OCT13DALUTA,DAL,UTA,0.6144,0.4106,48.0,74.0,2083.0,7548.0
KXNBAGAME-25OCT13GUAMIN,MIN,GUA,0.956,0.0669,101.0,250.0,9030.0,27555.0
KXNBAGAME-25OCT13MIAATL,ATL,MIA,0.4493,0.5105,654.0,271.0,75989.0,37645.0
KXNBAGAME-25OCT13SASIND,SAS,IND,0.4534,0.5793,31.0,17.0,2779.0,886.0
KXNBAGAME-25OCT13WASNYK,WAS,NYK,0.3598,0.6556,49.0,43.0,2383.0,6250.0
KXNBAGAME-25OCT14CHIDEN,DEN,CHI,0.7844,0.2471,110.0,137.0,7478.0,18241.0
KXNBAGAME-25OCT14DETCLE,CLE,DET,0.677,0.3096,128.0,236.0,18964.0,20105.0
KXNBAGAME-25OCT14GSWPOR,GSW,POR,0.3875,0.627,686.0,340.0,80845.0,31353.0
KXNBAGAME-25OCT14HOUNOP,HOU,NOP,0.7436,0.3117,70.0,57.0,4700.0,3290.0
KXNBAGAME-25OCT14LALPHX,PHX,LAL,0.1648,0.8663,865.0,257.0,127372.0,16015.0
KXNBAGAME-25OCT14OKCMIL,OKC,MIL,0.6553,0.3583,25.0,38.0,1611.0,4170.0
KXNBAGAME-25OCT15DALLAL,DAL,,0.99,,7.0,0.0,2025.0,0.0
KXNBAGAME-25OCT15LACSAC,LAC,,0.99,,1.0,0.0,24.0,0.0
KXNBAGAME-25OCT15MEMCHA,CHA,MEM,0.6046,0.4459,78.0,92.0,9746.0,8304.0
KXNBAGAME-25OCT15TORBOS,BOS,TOR,0.6757,0.3241,186.0,204.0,25689.0,20483.0
KXNBAGAME-25OCT16HOUATL,HOU,ATL,0.3211,0.6878,126.0,73.0,32592.0,7694.0
KXNBAGAME-25OCT16MINCHI,CHI,MIN,0.3208,0.6906,26.0,28.0,1369.0,1339.0
KXNBAGAME-25OCT16NOPORL,ORL,NOP,0.7273,0.3055,47.0,105.0,1791.0,7821.0
KXNBAGAME-25OCT16PORUTA,UTA,POR,0.4647,0.5138,52.0,56.0,10941.0,4655.0
KXNBAGAME-25OCT16WASDET,DET,WAS,0.6691,0.3414,38.0,50.0,1720.0,2881.0
KXNBAGAME-25OCT17BKNTOR,TOR,BKN,0.7298,0.2996,114.0,144.0,7815.0,12694.0
KXNBAGAME-25OCT17CHANYK,NYK,CHA,0.6713,0.3418,65.0,90.0,3691.0,6475.0
KXNBAGAME-25OCT17DENOKC,OKC,DEN,0.7556,0.257,25.0,77.0,1466.0,6049.0
KXNBAGAME-25OCT17INDSAS,SAS,IND,0.6973,0.3428,128.0,63.0,7662.0,5845.0
KXNBAGAME-25OCT17LACGSW,LAC,GSW,0.4537,0.6368,83.0,78.0,24256.0,7129.0
KXNBAGAME-25OCT17MEMMIA,MEM,MIA,0.4172,0.5906,66.0,62.0,10166.0,3658.0
KXNBAGAME-25OCT17MINPHI,PHI,MIN,0.6888,0.3291,27.0,137.0,1581.0,11512.0
KXNBAGAME-25OCT17SACLAL,SAC,LAL,0.3112,0.6782,172.0,86.0,26384.0,8307.0
KXNBAGAME-25OCT21GSWLAL,GSW,LAL,0.5743,0.4348,1330.0,1581.0,540505.0,467558.0
KXNBAGAME-25OCT21HOUOKC,OKC,HOU,0.5673,0.4222,4617.0,6646.0,1209610.0,1634476.0
KXNBAGAME-25OCT22BKNCHA,CHA,BKN,0.6613,0.3473,691.0,637.0,226783.0,200961.0
KXNBAGAME-25OCT22CLENYK,NYK,CLE,0.4718,0.5317,2056.0,1938.0,804231.0,692344.0
KXNBAGAME-25OCT22DETCHI,CHI,DET,0.446,0.5797,382.0,545.0,186777.0,185769.0
KXNBAGAME-25OCT22LACUTA,UTA,LAC,0.9881,0.0156,309.0,568.0,167951.0,414866.0
KXNBAGAME-25OCT22MIAORL,ORL,MIA,0.7298,0.2868,693.0,1600.0,173162.0,543814.0
KXNBAGAME-25OCT22MINPOR,MIN,POR,0.5538,0.4669,4488.0,3181.0,1644508.0,1029573.0
KXNBAGAME-25OCT22NOPMEM,MEM,NOP,0.4497,0.4915,516.0,467.0,161450.0,171024.0
KXNBAGAME-25OCT22PHIBOS,PHI,BOS,0.3645,0.6468,816.0,710.0,236818.0,116217.0
KXNBAGAME-25OCT22SACPHX,PHX,SAC,0.2987,0.7407,2918.0,2564.0,1063188.0,860990.0
KXNBAGAME-25OCT22SASDAL,SAS,DAL,0.8312,0.1808,3191.0,4658.0,1455278.0,1954524.0
KXNBAGAME-25OCT22TORATL,TOR,ATL,0.3894,0.65,323.0,342.0,85643.0,47748.0
KXNBAGAME-25OCT22WASMIL,MIL,WAS,0.8738,0.1514,407.0,477.0,123168.0,137242.0
KXNBAGAME-25OCT23DENGSW,GSW,DEN,0.5203,0.4824,1661.0,1723.0,941917.0,827621.0
KXNBAGAME-25OCT23OKCIND,OKC,IND,0.6713,0.3264,2962.0,3065.0,1146820.0,933707.0
KXNBAGAME-25OCT24ATLORL,ATL,ORL,0.3322,0.6784,740.0,461.0,277747.0,145959.0
KXNBAGAME-25OCT24BOSNYK,NYK,BOS,0.5994,0.399,928.0,784.0,284362.0,242113.0
KXNBAGAME-25OCT24CLEBKN,CLE,BKN,0.871,0.1071,535.0,1173.0,202256.0,316827.0
KXNBAGAME-25OCT24DETHOU,DET,HOU,0.315,0.6602,946.0,853.0,188200.0,280556.0
KXNBAGAME-25OCT24GSWPOR,POR,GSW,0.3973,0.6278,416.0,1543.0,197524.0,527591.0
KXNBAGAME-25OCT24MIAMEM,MIA,MEM,0.4134,0.5963,95.0,162.0,28103.0,28041.0
KXNBAGAME-25OCT24MILTOR,MIL,TOR,0.4732,0.5335,1898.0,959.0,661640.0,329164.0
KXNBAGAME-25OCT24MINLAL,LAL,MIN,0.4267,0.5893,953.0,1141.0,273726.0,465517.0
KXNBAGAME-25OCT24PHXLAC,LAC,PHX,0.7046,0.2782,701.0,1960.0,106922.0,463608.0
KXNBAGAME-25OCT24SASNOP,SAS,NOP,0.6745,0.3294,1733.0,1079.0,207313.0,170852.0
KXNBAGAME-25OCT24UTASAC,SAC,UTA,0.629,0.364,217.0,567.0,77489.0,222088.0
KXNBAGAME-25OCT24WASDAL,WAS,DAL,0.1701,0.8327,303.0,249.0,49883.0,70288.0
KXNBAGAME-25OCT25CHAPHI,PHI,CHA,0.6867,0.3142,461.0,486.0,153091.0,127770.0
KXNBAGAME-25OCT25CHIORL,CHI,ORL,0.3149,0.7024,928.0,466.0,241301.0,133387.0
KXNBAGAME-25OCT25INDMEM,MEM,IND,0.5389,0.4691,143.0,335.0,47556.0,90615.0
KXNBAGAME-25OCT25OKCATL,OKC,ATL,0.758,0.2528,288.0,280.0,86843.0,56349.0
KXNBAGAME-25OCT25PHXDEN,DEN,PHX,0.8784,0.1354,311.0,1110.0,104421.0,303039.0
KXNBAGAME-25OCT26BKNSAS,SAS,BKN,0.7777,0.2415,461.0,662.0,149769.0,147797.0
KXNBAGAME-25OCT26BOSDET,DET,BOS,0.4223,0.5632,1490.0,1482.0,360182.0,469668.0
KXNBAGAME-25OCT26CHAWAS,CHA,WAS,0.452,0.55,450.0,257.0,199558.0,174627.0
KXNBAGAME-25OCT26INDMIN,MIN,IND,0.8444,0.1734,353.0,874.0,99160.0,364971.0
KXNBAGAME-25OCT26LALSAC,LAL,SAC,0.4534,0.5623,1078.0,989.0,294413.0,538785.0
KXNBAGAME-25OCT26MILCLE,CLE,MIL,0.6602,0.342,628.0,2215.0,220025.0,904838.0
KXNBAGAME-25OCT26NYKMIA,MIA,NYK,0.3873,0.6212,639.0,1027.0,296776.0,379530.0
KXNBAGAME-25OCT26PORLAC,LAC,POR,0.7643,0.2622,170.0,470.0,34896.0,195409.0
KXNBAGAME-25OCT26TORDAL,DAL,TOR,0.5057,0.5073,430.0,260.0,194023.0,126104.0
KXNBAGAME-25OCT27ATLCHI,CHI,ATL,0.4474,0.5674,200.0,123.0,25235.0,41408.0
KXNBAGAME-25OCT27BKNHOU,HOU,BKN,0.8935,0.1094,182.0,1221.0,89448.0,355796.0
KXNBAGAME-25OCT27BOSNOP,BOS,NOP,0.6476,0.3637,181.0,191.0,45552.0,34416.0
KXNBAGAME-25OCT27CLEDET,CLE,DET,0.5343,0.4731,1027.0,559.0,386248.0,170470.0
KXNBAGAME-25OCT27DENMIN,DEN,MIN,0.7089,0.2677,395.0,450.0,249995.0,94849.0
KXNBAGAME-25OCT27MEMGSW,GSW,MEM,0.779,0.2098,386.0,554.0,129794.0,168766.0
KXNBAGAME-25OCT27OKCDAL,OKC,DAL,0.7686,0.2467,154.0,233.0,32061.0,51002.0
KXNBAGAME-25OCT27ORLPHI,PHI,ORL,0.3696,0.6345,2013.0,646.0,594660.0,236996.0
KXNBAGAME-25OCT27PHXUTA,UTA,PHX,0.7091,0.2548,637.0,511.0,198021.0,139862.0
KXNBAGAME-25OCT27PORLAL,POR,LAL,0.5753,0.44,310.0,820.0,173445.0,207070.0
KXNBAGAME-25OCT27TORSAS,SAS,TOR,0.6518,0.3322,575.0,120.0,199388.0,17687.0
KXNBAGAME-25OCT28CHAMIA,MIA,CHA,0.6234,0.3872,448.0,720.0,144183.0,229923.0
KXNBAGAME-25OCT28LACGSW,GSW,LAC,0.4906,0.5282,2744.0,814.0,1327102.0,658352.0
KXNBAGAME-25OCT28NYKMIL,MIL,NYK,0.4406,0.5619,755.0,691.0,200632.0,323896.0
KXNBAGAME-25OCT28PHIWAS,PHI,WAS,0.639,0.3532,2768.0,998.0,1038607.0,397044.0
KXNBAGAME-25OCT28SACOKC,OKC,SAC,0.7896,0.2277,287.0,244.0,60302.0,120193.0
KXNBAGAME-25OCT29ATLBKN,ATL,BKN,0.6092,0.3543,411.0,722.0,81331.0,197729.0
KXNBAGAME-25OCT29CLEBOS,BOS,CLE,0.4154,0.601,695.0,1547.0,185899.0,593387.0
KXNBAGAME-25OCT29HOUTOR,HOU,TOR,0.6895,0.3236,838.0,526.0,238126.0,184501.0
KXNBAGAME-25OCT29INDDAL,DAL,IND,0.6523,0.3597,417.0,434.0,182068.0,107035.0
KXNBAGAME-25OCT29LALMIN,LAL,MIN,0.2723,0.7347,1077.0,322.0,354193.0,189491.0
KXNBAGAME-25OCT29MEMPHX,MEM,PHX,0.5587,0.4473,385.0,165.0,148574.0,179266.0
KXNBAGAME-25OCT29NOPDEN,DEN,NOP,0.8571,0.1595,116.0,143.0,44904.0,36207.0
KXNBAGAME-25OCT29ORLDET,DET,ORL,0.4215,0.5838,1066.0,849.0,420435.0,199020.0
KXNBAGAME-25OCT29PORUTA,POR,UTA,0.5358,0.4835,404.0,869.0,116492.0,342702.0
KXNBAGAME-25OCT29SACCHI,CHI,SAC,0.6299,0.3824,246.0,265.0,73577.0,74607.0
KXNBAGAME-25OCT30GSWMIL,MIL,GSW,0.2686,0.7344,1809.0,980.0,629057.0,430611.0
KXNBAGAME-25OCT30MIASAS,SAS,MIA,0.6879,0.3281,411.0,248.0,86102.0,57958.0
KXNBAGAME-25OCT30ORLCHA,ORL,CHA,0.5845,0.4247,438.0,654.0,253454.0,406957.0
KXNBAGAME-25OCT30WASOKC,OKC,WAS,0.8998,0.1135,130.0,337.0,70447.0,150258.0
KXNBAGAME-25OCT31ATLIND,ATL,IND,0.4865,0.4969,839.0,1007.0,353828.0,481921.0
KXNBAGAME-25OCT31BOSPHI,BOS,PHI,0.5485,0.4539,910.0,2540.0,406826.0,856965.0
KXNBAGAME-25OCT31DENPOR,POR,DEN,0.2683,0.7363,654.0,701.0,234164.0,207544.0
KXNBAGAME-25OCT31LALMEM,LAL,MEM,0.5207,0.4795,1274.0,438.0,544032.0,584052.0
KXNBAGAME-25OCT31NOPLAC,LAC,NOP,0.8298,0.1932,148.0,261.0,106855.0,158150.0
KXNBAGAME-25OCT31NYKCHI,CHI,NYK,0.3255,0.6824,820.0,401.0,226372.0,172311.0
KXNBAGAME-25OCT31TORCLE,TOR,CLE,0.3653,0.6369,308.0,464.0,92658.0,165910.0
KXNBAGAME-25OCT31UTAPHX,PHX,UTA,0.5959,0.4122,152.0,324.0,67247.0,115433.0
KXNBAGAME-26APR01ATLORL,ATL,ORL,0.5597,0.4477,1882.0,1276.0,613809.0,349500.0
KXNBAGAME-26APR01BOSMIA,BOS,MIA,0.6448,0.3664,1501.0,579.0,708943.0,1014107.0
KXNBAGAME-26APR01DENUTA,DEN,UTA,0.9299,0.08,105.0,356.0,90420.0,117253.0
KXNBAGAME-26APR01INDCHI,IND,CHI,0.4075,0.5996,130.0,287.0,22747.0,55001.0
KXNBAGAME-26APR01MILHOU,HOU,MIL,0.9492,0.0599,96.0,606.0,29117.0,166256.0
KXNBAGAME-26APR01NYKMEM,NYK,MEM,0.8745,0.1291,90.0,167.0,16578.0,44386.0
KXNBAGAME-26APR01PHIWAS,PHI,WAS,0.9,0.1,188.0,367.0,59262.0,139108.0
KXNBAGAME-26APR01SACTOR,SAC,TOR,0.1453,0.8624,533.0,244.0,188823.0,97364.0
KXNBAGAME-26APR01SASGSW,SAS,GSW,0.9062,0.0948,1248.0,2052.0,859011.0,646664.0
KXNBAGAME-26APR02CLEGSW,CLE,GSW,0.7958,0.2171,762.0,1153.0,272668.0,249608.0
KXNBAGAME-26APR02MINDET,DET,MIN,0.6892,0.3275,1922.0,1629.0,543887.0,245596.0
KXNBAGAME-26APR02NOPPOR,POR,NOP,0.7058,0.3203,1180.0,574.0,298555.0,255647.0
KXNBAGAME-26APR02PHXCHA,CHA,PHX,0.6801,0.3312,475.0,799.0,101561.0,340899.0
KXNBAGAME-26APR02SASLAC,SAS,LAC,0.4565,0.5605,2686.0,989.0,701816.0,331371.0
KXNBAGAME-26APR03BOSMIL,BOS,MIL,0.94,0.0689,118.0,320.0,138108.0,53496.0
KXNBAGAME-26APR03INDCHA,CHA,IND,0.9198,0.0898,132.0,457.0,20879.0,95996.0
KXNBAGAME-26APR03NOPSAC,SAC,NOP,0.2778,0.731,2044.0,1817.0,724190.0,698505.0
KXNBAGAME-26APR03ORLDAL,ORL,DAL,0.7114,0.2978,742.0,600.0,869888.0,102555.0
KXNBAGAME-26APR03TORMEM,TOR,MEM,0.9218,0.1063,138.0,249.0,54275.0,78499.0
KXNBAGAME-26APR03UTAHOU,HOU,UTA,0.94,0.07,77.0,196.0,76583.0,31957.0
KXNBAGAME-26APR04DETPHI,DET,PHI,0.6197,0.3914,1067.0,1053.0,613183.0,228212.0
KXNBAGAME-26APR04SASDEN,DEN,SAS,0.3922,0.5935,3073.0,4671.0,736330.0,1513014.0
KXNBAGAME-26APR04WASMIA,MIA,WAS,0.9494,0.0602,157.0,582.0,95373.0,242321.0
KXNBAGAME-26APR05HOUGSW,HOU,GSW,0.6021,0.4099,4096.0,4479.0,1421022.0,1200871.0
KXNBAGAME-26APR05INDCLE,CLE,IND,0.9293,0.0815,127.0,379.0,78702.0,180555.0
KXNBAGAME-26APR05LACSAC,LAC,SAC,0.8698,0.1392,216.0,623.0,95032.0,175553.0
KXNBAGAME-26APR05LALDAL,DAL,LAL,0.7508,0.2894,4164.0,9381.0,1295415.0,2385053.0
KXNBAGAME-26APR05MEMMIL,MIL,MEM,0.6799,0.3177,398.0,482.0,158623.0,243559.0
KXNBAGAME-26APR05ORLNOP,ORL,NOP,0.6997,0.3002,603.0,214.0,316423.0,190857.0
KXNBAGAME-26APR05PHXCHI,PHX,CHI,0.8379,0.1875,451.0,732.0,249985.0,158304.0
KXNBAGAME-26APR05TORBOS,BOS,TOR,0.7999,0.2097,471.0,228.0,210299.0,43514.0
KXNBAGAME-26APR05UTAOKC,OKC,UTA,0.9804,0.0218,119.0,1287.0,36952.0,697557.0
KXNBAGAME-26APR05WASBKN,BKN,WAS,0.6134,0.4043,541.0,357.0,110880.0,54352.0
KXNBAGAME-26APR06CLEMEM,CLE,MEM,0.8899,0.12,143.0,325.0,31711.0,63588.0
KXNBAGAME-26APR06DETORL,ORL,DET,0.5275,0.4367,2071.0,3122.0,1647991.0,1118051.0
KXNBAGAME-26APR06NYKATL,NYK,ATL,0.4931,0.5154,2031.0,1746.0,498842.0,531149.0
KXNBAGAME-26APR06PHISAS,SAS,PHI,0.7644,0.2442,1021.0,830.0,361357.0,193510.0
KXNBAGAME-26APR06PORDEN,DEN,POR,0.6735,0.3311,1552.0,644.0,490424.0,137002.0
KXNBAGAME-26APR07CHABOS,BOS,CHA,0.6458,0.3612,1362.0,647.0,398375.0,1161565.0
KXNBAGAME-26APR07CHIWAS,CHI,WAS,0.6774,0.3386,553.0,453.0,131961.0,98306.0
KXNBAGAME-26APR07HOUPHX,HOU,PHX,0.4839,0.5083,5067.0,2198.0,1746165.0,707108.0
KXNBAGAME-26APR07MIATOR,TOR,MIA,0.5679,0.4419,410.0,368.0,185014.0,219594.0
KXNBAGAME-26APR07MILBKN,BKN,MIL,0.4596,0.5395,194.0,456.0,77202.0,172256.0
KXNBAGAME-26APR07MININD,MIN,IND,0.8747,0.138,272.0,404.0,122218.0,81195.0
KXNBAGAME-26APR07SACGSW,GSW,SAC,0.9055,0.105,261.0,622.0,129280.0,165703.0
KXNBAGAME-26APR07UTANOP,NOP,UTA,0.7099,0.2906,221.0,209.0,73736.0,26734.0
KXNBAGAME-26APR08ATLCLE,CLE,ATL,0.6129,0.3969,1707.0,1445.0,645289.0,535957.0
KXNBAGAME-26APR08DALPHX,PHX,DAL,0.8595,0.1499,238.0,634.0,77034.0,137002.0
KXNBAGAME-26APR08MEMDEN,DEN,MEM,0.9785,0.0319,73.0,810.0,10702.0,361976.0
KXNBAGAME-26APR08MILDET,DET,MIL,0.9596,0.0496,205.0,1100.0,401000.0,411118.0
KXNBAGAME-26APR08MINORL,ORL,MIN,0.8172,0.1873,373.0,814.0,347468.0,312493.0
KXNBAGAME-26APR08OKCLAC,OKC,LAC,0.7626,0.247,1100.0,431.0,509124.0,81647.0
KXNBAGAME-26APR08PORSAS,SAS,POR,0.593,0.4213,2549.0,1260.0,802067.0,499073.0
KXNBAGAME-26APR09BOSNYK,NYK,BOS,0.615,0.393,867.0,1481.0,288160.0,302736.0
KXNBAGAME-26APR09CHIWAS,CHI,WAS,0.7174,0.2937,753.0,210.0,289805.0,41593.0
KXNBAGAME-26APR09INDBKN,IND,BKN,0.6009,0.416,220.0,164.0,154087.0,32638.0
KXNBAGAME-26APR09LALGSW,LAL,GSW,0.4799,0.53,4516.0,2110.0,1436570.0,804156.0
KXNBAGAME-26APR09MIATOR,TOR,MIA,0.6027,0.4377,1104.0,784.0,476128.0,246119.0
KXNBAGAME-26APR09PHIHOU,HOU,PHI,0.6924,0.3151,999.0,528.0,306788.0,170283.0
KXNBAGAME-26APR10BKNMIL,MIL,BKN,0.8113,0.1948,83.0,98.0,9980.0,11014.0
KXNBAGAME-26APR10DALSAS,SAS,DAL,0.9392,0.0682,131.0,329.0,124849.0,84031.0
KXNBAGAME-26APR10DETCHA,DET,CHA,0.3496,0.6651,2021.0,966.0,674577.0,366813.0
KXNBAGAME-26APR10GSWSAC,SAC,GSW,0.1835,0.8292,1074.0,1062.0,328344.0,850005.0
KXNBAGAME-26APR10LACPOR,POR,LAC,0.5367,0.4735,511.0,1132.0,209446.0,504746.0
KXNBAGAME-26APR10MINHOU,MIN,HOU,0.2065,0.8105,1193.0,709.0,270617.0,419702.0
KXNBAGAME-26APR10NOPBOS,BOS,NOP,0.94,0.0612,145.0,254.0,114910.0,80078.0
KXNBAGAME-26APR10OKCDEN,DEN,OKC,0.5594,0.4401,558.0,1148.0,209338.0,415042.0
KXNBAGAME-26APR10ORLCHI,ORL,CHI,0.9095,0.0977,55.0,170.0,5592.0,27815.0
KXNBAGAME-26APR10PHIIND,PHI,IND,0.9,0.1099,90.0,153.0,49654.0,25182.0
KXNBAGAME-26APR10PHXLAL,LAL,PHX,0.4808,0.531,3410.0,951.0,1320538.0,385292.0
KXNBAGAME-26APR10TORNYK,NYK,TOR,0.7078,0.3021,425.0,148.0,168035.0,18862.0
KXNBAGAME-26APR12ATLMIA,MIA,ATL,0.7892,0.2196,261.0,326.0,159834.0,62079.0
KXNBAGAME-26APR12BKNTOR,TOR,BKN,0.9792,0.0284,23.0,422.0,9320.0,175430.0
KXNBAGAME-26APR12CHANYK,CHA,NYK,0.8844,0.1298,238.0,886.0,195497.0,265828.0
KXNBAGAME-26APR12CHIDAL,DAL,CHI,0.6735,0.3317,306.0,272.0,82359.0,45225.0
KXNBAGAME-26APR12DENSAS,DEN,SAS,0.2127,0.7899,1783.0,464.0,467721.0,219003.0
KXNBAGAME-26APR12DETIND,DET,IND,0.9082,0.1,113.0,137.0,135515.0,81284.0
KXNBAGAME-26APR12MEMHOU,HOU,MEM,0.8946,0.1115,103.0,264.0,6734.0,36373.0
KXNBAGAME-26APR12MILPHI,PHI,MIL,0.9194,0.088,55.0,160.0,20558.0,16133.0
KXNBAGAME-26APR12NOPMIN,MIN,NOP,0.6565,0.3418,1012.0,435.0,281458.0,148808.0
KXNBAGAME-26APR12ORLBOS,BOS,ORL,0.15,0.8599,2088.0,434.0,475352.0,286329.0
KXNBAGAME-26APR12PHXOKC,PHX,OKC,0.2674,0.7414,170.0,300.0,26778.0,39388.0
KXNBAGAME-26APR12SACPOR,POR,SAC,0.9536,0.0587,105.0,870.0,72113.0,253909.0
KXNBAGAME-26APR12UTALAL,LAL,UTA,0.8982,0.1121,234.0,381.0,142615.0,67696.0
KXNBAGAME-26APR12WASCLE,CLE,WAS,0.8192,0.1898,158.0,156.0,27286.0,77466.0
KXNBAGAME-26APR14MIACHA,CHA,MIA,0.6936,0.3204,2483.0,4507.0,817410.0,1159024.0
KXNBAGAME-26APR14PORPHX,POR,PHX,0.4218,0.5902,1762.0,3309.0,446861.0,1512694.0
KXNBAGAME-26APR15GSWLAC,GSW,LAC,0.3415,0.6708,5179.0,1822.0,1688624.0,569596.0
KXNBAGAME-26APR17CHAORL,ORL,CHA,0.4928,0.5351,4547.0,7591.0,1405922.7,2722084.8
KXNBAGAME-26APR17GSWPHX,PHX,GSW,0.5987,0.4171,3104.0,10639.0,1376587.82,2890513.61
KXNBAGAME-26APR18ATLNYK,NYK,ATL,0.6936,0.3159,3087.0,2732.0,1173000.96,793948.06
KXNBAGAME-26APR18MINDEN,DEN,MIN,0.7261,0.2863,2065.0,3492.0,784241.66,879873.97
KXNBAGAME-26APR19ORLDET,ORL,DET,0.2197,0.79,2634.0,2507.0,908692.59,1406590.8
KXNBAGAME-26APR19PHXOKC,OKC,PHX,0.9113,0.0991,1048.0,1979.0,876593.88,842236.69
KXNBAGAME-26APR19PORSAS,SAS,POR,0.8564,0.1479,2611.0,3748.0,2861675.4,1495124.59
KXNBAGAME-26APR20ATLNYK,ATL,NYK,0.3056,0.7022,2092.0,2692.0,652846.81,866662.41
KXNBAGAME-26APR20TORCLE,CLE,TOR,0.7999,0.2055,1167.0,1593.0,473451.48,472816.86
KXNBAGAME-26APR21HOULAL,LAL,HOU,0.3285,0.6823,8798.0,2590.0,2410076.22,1364203.44
KXNBAGAME-26APR21PHIBOS,PHI,BOS,0.13,0.8799,1944.0,930.0,570632.64,546900.55
KXNBAGAME-26APR21PORSAS,POR,SAS,0.195,0.822,1609.0,1076.0,422729.84,516127.28
KXNBAGAME-26FEB01BKNDET,DET,BKN,0.8623,0.1477,511.0,374.0,340983.0,100607.0
KXNBAGAME-26FEB01CHIMIA,MIA,CHI,0.6659,0.353,586.0,932.0,137487.0,321680.0
KXNBAGAME-26FEB01CLEPOR,CLE,POR,0.5906,0.4409,573.0,223.0,206884.0,114383.0
KXNBAGAME-26FEB01LACPHX,LAC,PHX,0.4292,0.5844,871.0,690.0,271157.0,149530.0
KXNBAGAME-26FEB01LALNYK,NYK,LAL,0.674,0.3445,850.0,2090.0,360407.0,603539.0
KXNBAGAME-26FEB01MILBOS,BOS,MIL,0.8483,0.1722,791.0,1024.0,336626.0,234355.0
KXNBAGAME-26FEB01OKCDEN,OKC,DEN,0.6874,0.3299,742.0,2539.0,149319.0,1041850.0
KXNBAGAME-26FEB01ORLSAS,SAS,ORL,0.6576,0.3575,1086.0,356.0,343959.0,106941.0
KXNBAGAME-26FEB01SACWAS,WAS,SAC,0.4847,0.5347,495.0,616.0,82715.0,205154.0
KXNBAGAME-26FEB01UTATOR,TOR,UTA,0.8101,0.1987,765.0,932.0,252683.0,229025.0
KXNBAGAME-26FEB02HOUIND,HOU,IND,0.7142,0.2976,1802.0,1732.0,362811.0,510363.0
KXNBAGAME-26FEB02MINMEM,MEM,MIN,0.2948,0.7065,2494.0,3023.0,398942.0,628640.0
KXNBAGAME-26FEB02NOPCHA,CHA,NOP,0.707,0.312,1092.0,561.0,370084.0,95318.0
KXNBAGAME-26FEB02PHILAC,PHI,LAC,0.5139,0.4942,2100.0,1637.0,1072631.0,595624.0
KXNBAGAME-26FEB03ATLMIA,ATL,MIA,0.7346,0.3727,1138.0,1677.0,334472.0,377150.0
KXNBAGAME-26FEB03BOSDAL,BOS,DAL,0.7098,0.3026,432.0,377.0,80924.0,41672.0
KXNBAGAME-26FEB03CHIMIL,MIL,CHI,0.479,0.5299,152.0,289.0,12648.0,29708.0
KXNBAGAME-26FEB03DENDET,DET,DEN,0.7361,0.3123,1471.0,2587.0,352070.0,661554.0
KXNBAGAME-26FEB03LALBKN,LAL,BKN,0.7465,0.2588,885.0,161.0,464780.0,14544.0
KXNBAGAME-26FEB03NYKWAS,NYK,WAS,0.8749,0.1424,520.0,470.0,397448.0,110233.0
KXNBAGAME-26FEB03ORLOKC,OKC,ORL,0.8134,0.1909,308.0,296.0,62656.0,63495.0
KXNBAGAME-26FEB03PHIGSW,PHI,GSW,0.3736,0.6339,2907.0,871.0,914321.0,233366.0
KXNBAGAME-26FEB03PHXPOR,PHX,POR,0.5652,0.4495,2147.0,1234.0,709723.0,254503.0
KXNBAGAME-26FEB03UTAIND,UTA,IND,0.5748,0.4346,702.0,561.0,340414.0,72695.0
KXNBAGAME-26FEB04BOSHOU,BOS,HOU,0.2917,0.723,709.0,455.0,74912.0,247916.0
KXNBAGAME-26FEB04CLELAC,CLE,LAC,0.5871,0.4256,913.0,413.0,355377.0,112650.0
KXNBAGAME-26FEB04DENNYK,NYK,DEN,0.6554,0.3628,3508.0,6059.0,900733.0,1183168.0
KXNBAGAME-26FEB04MEMSAC,MEM,SAC,0.3862,0.6094,1355.0,1199.0,343057.0,434030.0
KXNBAGAME-26FEB04MINTOR,MIN,TOR,0.577,0.4393,916.0,602.0,160759.0,94388.0
KXNBAGAME-26FEB04NOPMIL,MIL,NOP,0.3586,0.6465,660.0,354.0,128494.0,201223.0
KXNBAGAME-26FEB04OKCSAS,SAS,OKC,0.7857,0.2275,460.0,1324.0,370068.0,307686.0
KXNBAGAME-26FEB05BKNORL,ORL,BKN,0.7959,0.207,483.0,445.0,168466.0,47413.0
KXNBAGAME-26FEB05CHAHOU,CHA,HOU,0.3993,0.6158,1203.0,1150.0,254987.0,261963.0
KXNBAGAME-26FEB05CHITOR,TOR,CHI,0.74,0.2696,384.0,383.0,185470.0,63419.0
KXNBAGAME-26FEB05GSWPHX,GSW,PHX,0.3493,0.6575,729.0,829.0,151597.0,420504.0
KXNBAGAME-26FEB05PHILAL,LAL,PHI,0.5256,0.5016,3660.0,3198.0,1178692.0,1241675.0
KXNBAGAME-26FEB05SASDAL,SAS,DAL,0.7399,0.2692,410.0,315.0,149577.0,30930.0
KXNBAGAME-26FEB05UTAATL,ATL,UTA,0.744,0.2697,241.0,272.0,65873.0,39679.0
KXNBAGAME-26FEB05WASDET,WAS,DET,0.1096,0.8978,993.0,530.0,216686.0,356312.0
KXNBAGAME-26FEB06INDMIL,MIL,IND,0.4709,0.5393,623.0,315.0,70666.0,50848.0
KXNBAGAME-26FEB06LACSAC,LAC,SAC,0.5932,0.425,1913.0,1916.0,457408.0,473266.0
KXNBAGAME-26FEB06MEMPOR,POR,MEM,0.7227,0.2822,302.0,546.0,166963.0,143162.0
KXNBAGAME-26FEB06MIABOS,BOS,MIA,0.6504,0.3593,1761.0,1021.0,405952.0,238867.0
KXNBAGAME-26FEB06NOPMIN,NOP,MIN,0.2533,0.7598,313.0,618.0,38012.0,213260.0
KXNBAGAME-26FEB06NYKDET,DET,NYK,0.6575,0.3544,1554.0,3726.0,446525.0,906422.0
KXNBAGAME-26FEB07CHAATL,CHA,ATL,0.5361,0.475,1248.0,766.0,538917.0,254486.0
KXNBAGAME-26FEB07CLESAC,CLE,SAC,0.8396,0.1728,299.0,435.0,248357.0,79851.0
KXNBAGAME-26FEB07DALSAS,SAS,DAL,0.7991,0.2082,520.0,780.0,163168.0,143097.0
KXNBAGAME-26FEB07DENCHI,DEN,CHI,0.7566,0.2535,460.0,231.0,237297.0,22950.0
KXNBAGAME-26FEB07GSWLAL,LAL,GSW,0.556,0.44,2760.0,812.0,795442.0,125137.0
KXNBAGAME-26FEB07HOUOKC,HOU,OKC,0.4605,0.5478,3441.0,2523.0,969283.0,621395.0
KXNBAGAME-26FEB07MEMPOR,POR,MEM,0.7396,0.2711,136.0,239.0,19888.0,27339.0
KXNBAGAME-26FEB07PHIPHX,PHI,PHX,0.4763,0.5218,1199.0,764.0,175646.0,125401.0
KXNBAGAME-26FEB07UTAORL,ORL,UTA,0.7211,0.2908,689.0,1161.0,291351.0,382103.0
KXNBAGAME-26FEB07WASBKN,BKN,WAS,0.7178,0.3016,379.0,883.0,122304.0,325159.0
KXNBAGAME-26FEB08INDTOR,TOR,IND,0.7528,0.2602,1032.0,782.0,561923.0,215606.0
KXNBAGAME-26FEB08LACMIN,LAC,MIN,0.2565,0.7597,836.0,764.0,216398.0,230192.0
KXNBAGAME-26FEB08MIAWAS,MIA,WAS,0.8495,0.1595,323.0,592.0,61253.0,94293.0
KXNBAGAME-26FEB08NYKBOS,NYK,BOS,0.413,0.5996,1363.0,1039.0,451312.0,216645.0
KXNBAGAME-26FEB09ATLMIN,MIN,ATL,0.752,0.2523,495.0,413.0,88560.0,46793.0
KXNBAGAME-26FEB09CHIBKN,BKN,CHI,0.4189,0.5938,450.0,1286.0,663884.0,469915.0
KXNBAGAME-26FEB09CLEDEN,CLE,DEN,0.4496,0.5675,1275.0,1223.0,316371.0,305994.0
KXNBAGAME-26FEB09DETCHA,DET,CHA,0.5912,0.4269,4755.0,2744.0,1157019.0,489664.0
KXNBAGAME-26FEB09MEMGSW,GSW,MEM,0.7096,0.3382,1404.0,2511.0,395005.0,625096.0
KXNBAGAME-26FEB09MILORL,ORL,MIL,0.7808,0.2285,470.0,764.0,61017.0,76999.0
KXNBAGAME-26FEB09OKCLAL,OKC,LAL,0.6921,0.325,4121.0,8101.0,672503.0,1539248.0
KXNBAGAME-26FEB09PHIPOR,POR,PHI,0.5973,0.4046,1333.0,3194.0,316771.0,673903.0
KXNBAGAME-26FEB09SACNOP,NOP,SAC,0.7695,0.2388,210.0,787.0,54201.0,143964.0
KXNBAGAME-26FEB09UTAMIA,UTA,MIA,0.3096,0.711,801.0,1004.0,125195.0,177583.0
KXNBAGAME-26FEB10DALPHX,PHX,DAL,0.7398,0.2697,414.0,593.0,64710.0,74675.0
KXNBAGAME-26FEB10INDNYK,IND,NYK,0.2014,0.8305,4149.0,2287.0,465746.0,583111.0
KXNBAGAME-26FEB10LACHOU,HOU,LAC,0.7413,0.2699,714.0,963.0,113610.0,239898.0
KXNBAGAME-26FEB10SASLAL,SAS,LAL,0.8508,0.1595,1795.0,4260.0,779064.0,1026313.0
KXNBAGAME-26FEB11ATLCHA,CHA,ATL,0.5538,0.4597,1331.0,1269.0,302599.0,246583.0
KXNBAGAME-26FEB11CHIBOS,BOS,CHI,0.8626,0.1499,199.0,262.0,34048.0,22204.0
KXNBAGAME-26FEB11DETTOR,DET,TOR,0.519,0.4925,1131.0,945.0,358921.0,239555.0
KXNBAGAME-26FEB11INDBKN,IND,BKN,0.331,0.6797,477.0,231.0,56920.0,36906.0
KXNBAGAME-26FEB11LACHOU,LAC,HOU,0.2482,0.7503,403.0,238.0,47858.0,25677.0
KXNBAGAME-26FEB11MEMDEN,DEN,MEM,0.8571,0.1585,246.0,321.0,139923.0,115449.0
KXNBAGAME-26FEB11MIANOP,MIA,NOP,0.4736,0.5349,479.0,237.0,71202.0,97226.0
KXNBAGAME-26FEB11MILORL,MIL,ORL,0.1996,0.811,522.0,254.0,68049.0,50492.0
KXNBAGAME-26FEB11NYKPHI,NYK,PHI,0.5679,0.4479,2305.0,1309.0,394194.0,126927.0
KXNBAGAME-26FEB11OKCPHX,OKC,PHX,0.715,0.2977,606.0,476.0,88544.0,60206.0
KXNBAGAME-26FEB11PORMIN,MIN,POR,0.7298,0.2725,274.0,235.0,31689.0,18111.0
KXNBAGAME-26FEB11SACUTA,UTA,SAC,0.6599,0.3506,291.0,227.0,33404.0,40907.0
KXNBAGAME-26FEB11SASGSW,SAS,GSW,0.6637,0.381,7138.0,4382.0,2172312.0,460444.0
KXNBAGAME-26FEB11WASCLE,CLE,WAS,0.9302,0.0946,708.0,1830.0,351388.0,804250.0
KXNBAGAME-26FEB12DALLAL,LAL,DAL,0.6996,0.3101,2308.0,1777.0,472996.0,229043.0
KXNBAGAME-26FEB12MILOKC,MIL,OKC,0.176,0.8295,1568.0,907.0,264675.0,222923.0
KXNBAGAME-26FEB12PORUTA,POR,UTA,0.6893,0.3191,475.0,661.0,70677.0,98024.0
KXNBAGAME-26FEB19ATLPHI,ATL,PHI,0.4952,0.5183,878.0,1064.0,331342.0,288665.0
KXNBAGAME-26FEB19BKNCLE,CLE,BKN,0.8958,0.1141,270.0,358.0,134609.0,104993.0
KXNBAGAME-26FEB19BOSGSW,BOS,GSW,0.6746,0.3423,2114.0,1131.0,565907.0,215621.0
KXNBAGAME-26FEB19DENLAC,LAC,DEN,0.347,0.66,1043.0,2282.0,223464.0,529239.0
KXNBAGAME-26FEB19DETNYK,DET,NYK,0.406,0.609,1853.0,1396.0,333704.0,241838.0
KXNBAGAME-26FEB19HOUCHA,HOU,CHA,0.6325,0.3752,1057.0,869.0,277729.0,180447.0
KXNBAGAME-26FEB19INDWAS,WAS,IND,0.4112,0.5955,373.0,594.0,56545.0,98144.0
KXNBAGAME-26FEB19ORLSAC,ORL,SAC,0.7742,0.2411,769.0,651.0,353697.0,230491.0
KXNBAGAME-26FEB19PHXSAS,SAS,PHX,0.7299,0.2813,324.0,216.0,58314.0,20308.0
KXNBAGAME-26FEB19TORCHI,TOR,CHI,0.6757,0.3318,227.0,210.0,52670.0,18886.0
KXNBAGAME-26FEB20BKNOKC,OKC,BKN,0.9014,0.1059,279.0,681.0,133545.0,237358.0
KXNBAGAME-26FEB20CLECHA,CLE,CHA,0.6599,0.3489,1071.0,565.0,425037.0,101167.0
KXNBAGAME-26FEB20DALMIN,MIN,DAL,0.8631,0.1419,481.0,1075.0,123287.0,209212.0
KXNBAGAME-26FEB20DENPOR,DEN,POR,0.5264,0.4835,3601.0,851.0,1164593.0,402311.0
KXNBAGAME-26FEB20INDWAS,WAS,IND,0.5243,0.4898,381.0,432.0,93544.0,153281.0
KXNBAGAME-26FEB20MIAATL,MIA,ATL,0.5772,0.4399,332.0,369.0,60645.0,32661.0
KXNBAGAME-26FEB20MILNOP,MIL,NOP,0.39,0.6198,569.0,146.0,90475.0,45256.0
KXNBAGAME-26FEB20UTAMEM,MEM,UTA,0.5696,0.4394,281.0,334.0,69566.0,46993.0
KXNBAGAME-26FEB21DETCHI,DET,CHI,0.83,0.1799,233.0,202.0,92469.0,59662.0
KXNBAGAME-26FEB21HOUNYK,NYK,HOU,0.6435,0.3751,1402.0,1998.0,579287.0,585863.0
KXNBAGAME-26FEB21MEMMIA,MIA,MEM,0.8241,0.1704,235.0,304.0,95078.0,63423.0
KXNBAGAME-26FEB21ORLPHX,PHX,ORL,0.4957,0.5028,3182.0,4037.0,917798.0,919206.0
KXNBAGAME-26FEB21PHINOP,NOP,PHI,0.3881,0.6182,265.0,1211.0,34832.0,263322.0
KXNBAGAME-26FEB21SACSAS,SAS,SAC,0.9338,0.0788,337.0,1108.0,150007.0,325073.0
KXNBAGAME-26FEB22BKNATL,ATL,BKN,0.7872,0.2271,306.0,318.0,59803.0,69376.0
KXNBAGAME-26FEB22BOSLAL,BOS,LAL,0.5202,0.4897,2328.0,3985.0,882822.0,1416169.0
KXNBAGAME-26FEB22CHAWAS,CHA,WAS,0.8277,0.1958,181.0,422.0,50778.0,124161.0
KXNBAGAME-26FEB22CLEOKC,OKC,CLE,0.4443,0.5827,2630.0,3098.0,470091.0,1228877.0
KXNBAGAME-26FEB22DALIND,DAL,IND,0.5235,0.4871,339.0,264.0,57717.0,51109.0
KXNBAGAME-26FEB22DENGSW,GSW,DEN,0.3407,0.6808,2366.0,3585.0,361954.0,1514714.0
KXNBAGAME-26FEB22NYKCHI,NYK,CHI,0.7991,0.216,785.0,863.0,348516.0,217091.0
KXNBAGAME-26FEB22ORLLAC,ORL,LAC,0.4185,0.5952,3041.0,2030.0,745583.0,556459.0
KXNBAGAME-26FEB22PHIMIN,PHI,MIN,0.2497,0.7661,692.0,474.0,208274.0,59875.0
KXNBAGAME-26FEB22PORPHX,POR,PHX,0.5969,0.4147,577.0,782.0,537606.0,116078.0
KXNBAGAME-26FEB22TORMIL,TOR,MIL,0.606,0.4037,983.0,1204.0,224524.0,315099.0
KXNBAGAME-26FEB23SACMEM,SAC,MEM,0.4483,0.5732,643.0,1154.0,98740.0,247750.0
KXNBAGAME-26FEB23SASDET,SAS,DET,0.5106,0.5037,8371.0,7036.0,2118151.0,1616430.0
KXNBAGAME-26FEB23UTAHOU,HOU,UTA,0.8793,0.1378,357.0,1039.0,126579.0,215010.0
KXNBAGAME-26FEB24BOSPHX,BOS,PHX,0.6799,0.3388,354.0,155.0,87839.0,54848.0
KXNBAGAME-26FEB24CHACHI,CHA,CHI,0.7491,0.2598,149.0,189.0,37379.0,16971.0
KXNBAGAME-26FEB24DALBKN,DAL,BKN,0.567,0.4416,1187.0,626.0,183600.0,100033.0
KXNBAGAME-26FEB24GSWNOP,NOP,GSW,0.4987,0.5148,544.0,1122.0,195637.0,191885.0
KXNBAGAME-26FEB24MIAMIL,MIL,MIA,0.3284,0.6879,295.0,166.0,19975.0,64419.0
KXNBAGAME-26FEB24MINPOR,MIN,POR,0.6817,0.3228,1010.0,592.0,794727.0,160192.0
KXNBAGAME-26FEB24NYKCLE,CLE,NYK,0.6211,0.396,943.0,1814.0,233702.0,413014.0
KXNBAGAME-26FEB24OKCTOR,OKC,TOR,0.4847,0.5147,1725.0,985.0,722325.0,422212.0
KXNBAGAME-26FEB24PHIIND,PHI,IND,0.8205,0.18,487.0,584.0,304076.0,247567.0
KXNBAGAME-26FEB24WASATL,ATL,WAS,0.8915,0.1112,446.0,1018.0,226083.0,358588.0
KXNBAGAME-26FEB25BOSDEN,DEN,BOS,0.5838,0.4278,1725.0,2611.0,498683.0,692678.0
KXNBAGAME-26FEB25CLEMIL,MIL,CLE,0.4292,0.5806,904.0,901.0,295658.0,122299.0
KXNBAGAME-26FEB25GSWMEM,GSW,MEM,0.6298,0.3789,558.0,382.0,116606.0,63847.0
KXNBAGAME-26FEB25OKCDET,DET,OKC,0.7893,0.2185,860.0,3728.0,249817.0,719347.0
KXNBAGAME-26FEB25SACHOU,HOU,SAC,0.877,0.1231,362.0,819.0,252507.0,160403.0
KXNBAGAME-26FEB25SASTOR,SAS,TOR,0.688,0.3084,1794.0,571.0,500682.0,144260.0
KXNBAGAME-26FEB26CHAIND,CHA,IND,0.8527,0.1556,352.0,693.0,149271.0,121829.0
KXNBAGAME-26FEB26HOUORL,HOU,ORL,0.5826,0.4193,1327.0,772.0,359115.0,135094.0
KXNBAGAME-26FEB26LALPHX,PHX,LAL,0.3429,0.6694,359.0,1145.0,39543.0,418622.0
KXNBAGAME-26FEB26MIAPHI,PHI,MIA,0.5606,0.4511,1284.0,782.0,362240.0,195989.0
KXNBAGAME-26FEB26MINLAC,MIN,LAC,0.7459,0.2643,1450.0,1849.0,492396.0,381770.0
KXNBAGAME-26FEB26NOPUTA,NOP,UTA,0.682,0.3276,205.0,258.0,22655.0,88556.0
KXNBAGAME-26FEB26PORCHI,POR,CHI,0.6055,0.4024,291.0,293.0,21904.0,81694.0
KXNBAGAME-26FEB26SACDAL,SAC,DAL,0.2701,0.7444,203.0,266.0,24955.0,25817.0
KXNBAGAME-26FEB26SASBKN,SAS,BKN,0.8319,0.1799,541.0,228.0,297526.0,33264.0
KXNBAGAME-26FEB26WASATL,ATL,WAS,0.8199,0.1989,201.0,217.0,38994.0,20926.0
KXNBAGAME-26FEB27BKNBOS,BOS,BKN,0.9099,0.0997,353.0,692.0,201764.0,218216.0
KXNBAGAME-26FEB27MEMDAL,MEM,DAL,0.3592,0.6477,310.0,255.0,41851.0,90176.0
KXNBAGAME-26FEB28HOUMIA,MIA,HOU,0.3955,0.6161,1662.0,3477.0,487723.0,1077599.0
KXNBAGAME-26FEB28LALGSW,LAL,GSW,0.6022,0.4081,2334.0,1000.0,1187548.0,214760.0
KXNBAGAME-26FEB28NOPUTA,NOP,UTA,0.6807,0.3234,1147.0,1477.0,259327.0,533254.0
KXNBAGAME-26FEB28PORCHA,CHA,POR,0.7113,0.2976,917.0,960.0,403196.0,299874.0
KXNBAGAME-26FEB28TORWAS,TOR,WAS,0.8796,0.1299,591.0,1095.0,265817.0,385223.0
KXNBAGAME-26JAN01BOSSAC,BOS,SAC,0.7973,0.2126,459.0,598.0,93718.0,140134.0
KXNBAGAME-26JAN01HOUBKN,HOU,BKN,0.8291,0.184,419.0,653.0,121684.0,268891.0
KXNBAGAME-26JAN01MIADET,MIA,DET,0.3739,0.6404,1472.0,1740.0,501464.0,574926.0
KXNBAGAME-26JAN01PHIDAL,PHI,DAL,0.5695,0.4441,454.0,407.0,99779.0,66289.0
KXNBAGAME-26JAN01UTALAC,LAC,UTA,0.8588,0.1527,212.0,1528.0,99278.0,563769.0
KXNBAGAME-26JAN02ATLNYK,ATL,NYK,0.3428,0.6685,609.0,879.0,624037.0,113863.0
KXNBAGAME-26JAN02BKNWAS,WAS,BKN,0.6321,0.3771,861.0,1123.0,214095.0,199590.0
KXNBAGAME-26JAN02CHAMIL,MIL,CHA,0.6849,0.3255,228.0,326.0,98467.0,55123.0
KXNBAGAME-26JAN02DENCLE,CLE,DEN,0.8558,0.1529,196.0,1561.0,42655.0,614250.0
KXNBAGAME-26JAN02MEMLAL,LAL,MEM,0.697,0.3089,1902.0,1234.0,432597.0,429778.0
KXNBAGAME-26JAN02OKCGSW,OKC,GSW,0.8688,0.1382,666.0,2029.0,468595.0,618838.0
KXNBAGAME-26JAN02ORLCHI,CHI,ORL,0.3637,0.6499,213.0,125.0,58886.0,14169.0
KXNBAGAME-26JAN02PORNOP,POR,NOP,0.5899,0.4313,327.0,213.0,64341.0,36638.0
KXNBAGAME-26JAN02SACPHX,PHX,SAC,0.8666,0.1503,136.0,553.0,73696.0,92315.0
KXNBAGAME-26JAN02SASIND,SAS,IND,0.6189,0.3994,2622.0,1205.0,723787.0,451007.0
KXNBAGAME-26JAN03ATLTOR,TOR,ATL,0.6456,0.3672,245.0,393.0,43669.0,116208.0
KXNBAGAME-26JAN03BOSLAC,BOS,LAC,0.4825,0.5341,524.0,403.0,112295.0,194638.0
KXNBAGAME-26JAN03CHACHI,CHA,CHI,0.4747,0.5392,233.0,294.0,55284.0,76026.0
KXNBAGAME-26JAN03HOUDAL,DAL,HOU,0.2685,0.7484,237.0,182.0,35440.0,25896.0
KXNBAGAME-26JAN03MINMIA,MIN,MIA,0.593,0.4193,893.0,829.0,291146.0,268161.0
KXNBAGAME-26JAN03PHINYK,PHI,NYK,0.4011,0.6182,494.0,654.0,158641.0,176866.0
KXNBAGAME-26JAN03PORSAS,POR,SAS,0.3079,0.7028,591.0,681.0,196978.0,191219.0
KXNBAGAME-26JAN03UTAGSW,GSW,UTA,0.8052,0.2202,646.0,2666.0,259450.0,755987.0
KXNBAGAME-26JAN04DENBKN,BKN,DEN,0.4384,0.577,135.0,401.0,30741.0,90769.0
KXNBAGAME-26JAN04DETCLE,DET,CLE,0.4346,0.5963,926.0,580.0,169812.0,136714.0
KXNBAGAME-26JAN04INDORL,ORL,IND,0.7018,0.3117,223.0,131.0,142496.0,15756.0
KXNBAGAME-26JAN04MEMLAL,LAL,MEM,0.6463,0.3695,1306.0,512.0,331616.0,110965.0
KXNBAGAME-26JAN04MILSAC,MIL,SAC,0.6975,0.3156,1020.0,1029.0,229050.0,212728.0
KXNBAGAME-26JAN04MINWAS,MIN,WAS,0.7786,0.2225,283.0,247.0,105350.0,143926.0
KXNBAGAME-26JAN04NOPMIA,MIA,NOP,0.7398,0.2726,218.0,208.0,59856.0,63504.0
KXNBAGAME-26JAN04OKCPHX,PHX,OKC,0.2347,0.7831,671.0,989.0,269828.0,377467.0
KXNBAGAME-26JAN05ATLTOR,TOR,ATL,0.5762,0.4399,374.0,279.0,177283.0,33325.0
KXNBAGAME-26JAN05CHAOKC,CHA,OKC,0.1159,0.8998,411.0,206.0,101342.0,127160.0
KXNBAGAME-26JAN05CHIBOS,BOS,CHI,0.8096,0.2097,286.0,569.0,71302.0,108649.0
KXNBAGAME-26JAN05DENPHI,DEN,PHI,0.1669,0.851,2938.0,307.0,772037.0,201396.0
KXNBAGAME-26JAN05GSWLAC,LAC,GSW,0.3884,0.6216,1310.0,1501.0,444107.0,417873.0
KXNBAGAME-26JAN05NYKDET,DET,NYK,0.4767,0.53,1270.0,1275.0,340143.0,430666.0
KXNBAGAME-26JAN05PHXHOU,HOU,PHX,0.6726,0.3116,356.0,1204.0,70814.0,288540.0
KXNBAGAME-26JAN05UTAPOR,POR,UTA,0.6644,0.3444,195.0,458.0,19891.0,78765.0
KXNBAGAME-26JAN06CLEIND,CLE,IND,0.6869,0.3304,884.0,612.0,145711.0,77893.0
KXNBAGAME-26JAN06DALSAC,DAL,SAC,0.6351,0.3811,2266.0,2632.0,596871.0,903102.0
KXNBAGAME-26JAN06LALNOP,LAL,NOP,0.6796,0.332,689.0,219.0,176023.0,82846.0
KXNBAGAME-26JAN06MIAMIN,MIN,MIA,0.6519,0.359,315.0,508.0,71354.0,111637.0
KXNBAGAME-26JAN06ORLWAS,WAS,ORL,0.29,0.7279,426.0,431.0,74537.0,165954.0
KXNBAGAME-26JAN06SASMEM,MEM,SAS,0.2885,0.7258,533.0,701.0,153955.0,249224.0
KXNBAGAME-26JAN07CHIDET,DET,CHI,0.7507,0.2506,266.0,610.0,121941.0,260909.0
KXNBAGAME-26JAN07DENBOS,DEN,BOS,0.2513,0.7647,1367.0,433.0,398403.0,114299.0
KXNBAGAME-26JAN07HOUPOR,POR,HOU,0.2999,0.7166,600.0,402.0,169460.0,249430.0
KXNBAGAME-26JAN07LACNYK,NYK,LAC,0.6456,0.3705,349.0,303.0,118210.0,49470.0
KXNBAGAME-26JAN07LALSAS,SAS,LAL,0.7314,0.2782,676.0,3046.0,302792.0,818689.0
KXNBAGAME-26JAN07MILGSW,GSW,MIL,0.693,0.3159,314.0,860.0,156345.0,350356.0
KXNBAGAME-26JAN07NOPATL,ATL,NOP,0.7952,0.2185,72.0,220.0,4621.0,52002.0
KXNBAGAME-26JAN07ORLBKN,ORL,BKN,0.5519,0.4518,657.0,372.0,209527.0,151037.0
KXNBAGAME-26JAN07PHXMEM,PHX,MEM,0.6654,0.3439,157.0,167.0,20867.0,32299.0
KXNBAGAME-26JAN07TORCHA,TOR,CHA,0.5735,0.4444,592.0,560.0,146854.0,118350.0
KXNBAGAME-26JAN07UTAOKC,OKC,UTA,0.9056,0.1027,170.0,1423.0,60553.0,349976.0
KXNBAGAME-26JAN07WASPHI,PHI,WAS,0.8581,0.1427,119.0,504.0,85153.0,213135.0
KXNBAGAME-26JAN08CLEMIN,MIN,CLE,0.601,0.3936,646.0,532.0,116163.0,142400.0
KXNBAGAME-26JAN08DALUTA,UTA,DAL,0.3764,0.6358,356.0,166.0,80006.0,15208.0
KXNBAGAME-26JAN08INDCHA,IND,CHA,0.3833,0.633,730.0,1102.0,107843.0,264637.0
KXNBAGAME-26JAN09ATLDEN,ATL,DEN,0.5613,0.4494,171.0,515.0,38330.0,176964.0
KXNBAGAME-26JAN09HOUPOR,POR,HOU,0.3215,0.6954,518.0,289.0,187579.0,36331.0
KXNBAGAME-26JAN09LACBKN,LAC,BKN,0.6728,0.339,224.0,305.0,125591.0,32411.0
KXNBAGAME-26JAN09MILLAL,MIL,LAL,0.4199,0.5957,316.0,733.0,139147.0,301356.0
KXNBAGAME-26JAN09NOPWAS,NOP,WAS,0.5668,0.4435,234.0,483.0,73655.0,110201.0
KXNBAGAME-26JAN09NYKPHX,PHX,NYK,0.4851,0.5287,470.0,709.0,114523.0,209154.0
KXNBAGAME-26JAN09OKCMEM,OKC,MEM,0.6808,0.3433,501.0,352.0,109833.0,94031.0
KXNBAGAME-26JAN09PHIORL,PHI,ORL,0.5918,0.4287,558.0,644.0,104141.0,111641.0
KXNBAGAME-26JAN09SACGSW,GSW,SAC,0.8653,0.1466,188.0,741.0,48364.0,281907.0
KXNBAGAME-26JAN09TORBOS,BOS,TOR,0.7713,0.2419,422.0,1259.0,105322.0,411460.0
KXNBAGAME-26JAN10CHAUTA,CHA,UTA,0.6482,0.3588,231.0,390.0,36315.0,101851.0
KXNBAGAME-26JAN10DALCHI,CHI,DAL,0.5895,0.4119,142.0,183.0,116930.0,27917.0
KXNBAGAME-26JAN10LACDET,LAC,DET,0.3674,0.641,1618.0,1957.0,383574.0,435830.0
KXNBAGAME-26JAN10MIAIND,IND,MIA,0.3197,0.6906,200.0,339.0,40121.0,111810.0
KXNBAGAME-26JAN10MINCLE,CLE,MIN,0.5746,0.4478,341.0,1099.0,81165.0,283299.0
KXNBAGAME-26JAN10SASBOS,SAS,BOS,0.5124,0.5011,419.0,259.0,113291.0,73336.0
KXNBAGAME-26JAN11ATLGSW,ATL,GSW,0.2953,0.741,663.0,486.0,170672.0,64610.0
KXNBAGAME-26JAN11BKNMEM,MEM,BKN,0.7094,0.2915,107.0,195.0,6153.0,47900.0
KXNBAGAME-26JAN11HOUSAC,SAC,HOU,0.1763,0.8412,2121.0,342.0,476125.0,169527.0
KXNBAGAME-26JAN11MIAOKC,OKC,MIA,0.8645,0.1448,125.0,453.0,70429.0,124535.0
KXNBAGAME-26JAN11MILDEN,DEN,MIL,0.3625,0.5977,587.0,261.0,203373.0,71595.0
KXNBAGAME-26JAN11NOPORL,ORL,NOP,0.7105,0.2971,417.0,343.0,176057.0,186241.0
KXNBAGAME-26JAN11NYKPOR,NYK,POR,0.6694,0.3477,267.0,450.0,70689.0,147303.0
KXNBAGAME-26JAN11PHITOR,TOR,PHI,0.5201,0.4657,805.0,1543.0,224057.0,349755.0
KXNBAGAME-26JAN11SASMIN,MIN,SAS,0.5667,0.4497,178.0,488.0,19833.0,85677.0
KXNBAGAME-26JAN11WASPHX,PHX,WAS,0.8756,0.1363,75.0,275.0,12345.0,39063.0
KXNBAGAME-26JAN12BKNDAL,DAL,BKN,0.5927,0.4212,253.0,219.0,86747.0,48893.0
KXNBAGAME-26JAN12BOSIND,IND,BOS,0.3548,0.6565,390.0,627.0,104430.0,116485.0
KXNBAGAME-26JAN12CHALAC,LAC,CHA,0.6481,0.3697,285.0,662.0,106721.0,153820.0
KXNBAGAME-26JAN12LALSAC,SAC,LAL,0.2471,0.7637,1011.0,431.0,365277.0,134156.0
KXNBAGAME-26JAN12PHITOR,PHI,TOR,0.584,0.4277,232.0,378.0,52660.0,52858.0
KXNBAGAME-26JAN12UTACLE,UTA,CLE,0.1854,0.8249,887.0,281.0,320269.0,38200.0
KXNBAGAME-26JAN13ATLLAL,LAL,ATL,0.5193,0.4876,1344.0,612.0,636464.0,211118.0
KXNBAGAME-26JAN13CHIHOU,HOU,CHI,0.8291,0.18,173.0,682.0,24005.0,241977.0
KXNBAGAME-26JAN13DENNOP,DEN,NOP,0.552,0.4493,1034.0,449.0,193796.0,171060.0
KXNBAGAME-26JAN13MINMIL,MIN,MIL,0.477,0.5361,436.0,441.0,44711.0,103404.0
KXNBAGAME-26JAN13PHXMIA,MIA,PHX,0.5392,0.4699,825.0,1669.0,228532.0,315175.0
KXNBAGAME-26JAN13PORGSW,GSW,POR,0.8083,0.2027,594.0,2597.0,169611.0,1167884.0
KXNBAGAME-26JAN13SASOKC,OKC,SAS,0.7206,0.2832,489.0,4013.0,100754.0,1093282.0
KXNBAGAME-26JAN14BKNNOP,NOP,BKN,0.5164,0.4979,320.0,313.0,67510.0,77036.0
KXNBAGAME-26JAN14CLEPHI,CLE,PHI,0.5025,0.511,789.0,1152.0,204721.0,245717.0
KXNBAGAME-26JAN14DENDAL,DEN,DAL,0.4909,0.5234,1508.0,658.0,619301.0,227058.0
KXNBAGAME-26JAN14NYKSAC,SAC,NYK,0.2311,0.7587,1556.0,558.0,503472.0,129849.0
KXNBAGAME-26JAN14TORIND,TOR,IND,0.4745,0.5288,1466.0,456.0,371377.0,103544.0
KXNBAGAME-26JAN14UTACHI,CHI,UTA,0.6723,0.3421,311.0,606.0,70782.0,198764.0
KXNBAGAME-26JAN14WASLAC,LAC,WAS,0.8195,0.191,242.0,678.0,111935.0,230962.0
KXNBAGAME-26JAN15ATLPOR,POR,ATL,0.409,0.6094,409.0,282.0,121307.0,77299.0
KXNBAGAME-26JAN15BOSMIA,BOS,MIA,0.5852,0.4261,864.0,502.0,177518.0,102022.0
KXNBAGAME-26JAN15CHALAL,CHA,LAL,0.4061,0.6065,430.0,2277.0,213937.0,782323.0
KXNBAGAME-26JAN15MEMORL,ORL,MEM,0.6777,0.3391,1611.0,1063.0,523915.0,230751.0
KXNBAGAME-26JAN15MILSAS,SAS,MIL,0.6916,0.319,525.0,300.0,117928.0,30481.0
KXNBAGAME-26JAN15NYKGSW,GSW,NYK,0.6179,0.3742,2671.0,6240.0,916502.0,2021774.0
KXNBAGAME-26JAN15OKCHOU,OKC,HOU,0.6205,0.3941,2391.0,1433.0,475450.0,288200.0
KXNBAGAME-26JAN15PHXDET,DET,PHX,0.7301,0.2847,1897.0,3695.0,604804.0,847284.0
KXNBAGAME-26JAN15UTADAL,DAL,UTA,0.5575,0.4534,222.0,501.0,31639.0,99524.0
KXNBAGAME-26JAN16CHIBKN,BKN,CHI,0.5134,0.4989,301.0,599.0,98587.0,109598.0
KXNBAGAME-26JAN16CLEPHI,CLE,PHI,0.4473,0.5693,1463.0,1108.0,219150.0,202382.0
KXNBAGAME-26JAN16LACTOR,LAC,TOR,0.4283,0.5792,608.0,606.0,134560.0,169954.0
KXNBAGAME-26JAN16MINHOU,HOU,MIN,0.515,0.4781,4325.0,3056.0,1166913.0,793363.0
KXNBAGAME-26JAN16NOPIND,IND,NOP,0.639,0.38,424.0,879.0,70530.0,159036.0
KXNBAGAME-26JAN16WASSAC,SAC,WAS,0.7209,0.2918,938.0,2271.0,419028.0,625983.0
KXNBAGAME-26JAN17BOSATL,BOS,ATL,0.609,0.4084,261.0,148.0,43618.0,28097.0
KXNBAGAME-26JAN17CHAGSW,GSW,CHA,0.7183,0.2963,239.0,301.0,39142.0,55509.0
KXNBAGAME-26JAN17INDDET,DET,IND,0.8784,0.1314,164.0,505.0,32769.0,167722.0
KXNBAGAME-26JAN17LALPOR,POR,LAL,0.5783,0.439,486.0,1201.0,158234.0,207772.0
KXNBAGAME-26JAN17MINSAS,SAS,MIN,0.6416,0.3668,508.0,663.0,97951.0,144752.0
KXNBAGAME-26JAN17OKCMIA,MIA,OKC,0.1899,0.814,548.0,281.0,160728.0,114842.0
KXNBAGAME-26JAN17PHXNYK,PHX,NYK,0.4463,0.5585,652.0,496.0,158820.0,117501.0
KXNBAGAME-26JAN17UTADAL,DAL,UTA,0.6341,0.3631,546.0,738.0,79348.0,175894.0
KXNBAGAME-26JAN17WASDEN,DEN,WAS,0.8114,0.1909,234.0,195.0,223948.0,72623.0
KXNBAGAME-26JAN18BKNCHI,CHI,BKN,0.7005,0.3087,282.0,253.0,30625.0,22357.0
KXNBAGAME-26JAN18CHADEN,CHA,DEN,0.5565,0.4616,275.0,829.0,170312.0,160910.0
KXNBAGAME-26JAN18NOPHOU,HOU,NOP,0.8691,0.1399,232.0,516.0,39105.0,110963.0
KXNBAGAME-26JAN18ORLMEM,MEM,ORL,0.4204,0.5904,502.0,814.0,155839.0,308638.0
KXNBAGAME-26JAN18PORSAC,POR,SAC,0.5113,0.5018,620.0,524.0,110816.0,114873.0
KXNBAGAME-26JAN18TORLAL,LAL,TOR,0.5583,0.4536,800.0,499.0,164987.0,93554.0
KXNBAGAME-26JAN19BOSDET,DET,BOS,0.516,0.5129,2039.0,1923.0,455937.0,341965.0
KXNBAGAME-26JAN19DALNYK,DAL,NYK,0.177,0.834,792.0,302.0,183565.0,96738.0
KXNBAGAME-26JAN19INDPHI,PHI,IND,0.695,0.318,757.0,354.0,164619.0,80285.0
KXNBAGAME-26JAN19LACWAS,LAC,WAS,0.7198,0.2893,271.0,180.0,66987.0,52612.0
KXNBAGAME-26JAN19MIAGSW,GSW,MIA,0.6484,0.3677,1427.0,921.0,154956.0,271166.0
KXNBAGAME-26JAN19MILATL,MIL,ATL,0.4997,0.5171,1653.0,1397.0,517196.0,330144.0
KXNBAGAME-26JAN19OKCCLE,OKC,CLE,0.6722,0.3429,1363.0,1061.0,370062.0,273256.0
KXNBAGAME-26JAN19PHXBKN,PHX,BKN,0.7888,0.2248,304.0,415.0,45993.0,156115.0
KXNBAGAME-26JAN19UTASAS,SAS,UTA,0.895,0.1181,314.0,733.0,296591.0,221745.0
KXNBAGAME-26JAN20LACCHI,CHI,LAC,0.5729,0.4423,274.0,444.0,32941.0,53128.0
KXNBAGAME-26JAN20LALDEN,LAL,DEN,0.5922,0.4184,968.0,792.0,275634.0,388140.0
KXNBAGAME-26JAN20MIASAC,MIA,SAC,0.6268,0.3899,279.0,222.0,56033.0,38230.0
KXNBAGAME-26JAN20MINUTA,UTA,MIN,0.1583,0.8565,700.0,216.0,182086.0,76548.0
KXNBAGAME-26JAN20PHXPHI,PHX,PHI,0.5564,0.4778,1715.0,1563.0,608122.0,291005.0
KXNBAGAME-26JAN20SASHOU,HOU,SAS,0.615,0.3971,713.0,2342.0,90083.0,518403.0
KXNBAGAME-26JAN20TORGSW,TOR,GSW,0.5,0.526,1374.0,1146.0,435141.0,318063.0
KXNBAGAME-26JAN21ATLMEM,ATL,MEM,0.472,0.5477,765.0,1020.0,180183.0,271512.0
KXNBAGAME-26JAN21BKNNYK,NYK,BKN,0.8488,0.1636,340.0,798.0,145917.0,227280.0
KXNBAGAME-26JAN21CLECHA,CLE,CHA,0.6809,0.2985,2604.0,2214.0,732582.0,638872.0
KXNBAGAME-26JAN21DETNOP,DET,NOP,0.7038,0.2989,516.0,234.0,137957.0,42284.0
KXNBAGAME-26JAN21INDBOS,BOS,IND,0.8006,0.2125,400.0,303.0,82412.0,38403.0
KXNBAGAME-26JAN21OKCMIL,OKC,MIL,0.8249,0.1814,373.0,859.0,183118.0,353303.0
KXNBAGAME-26JAN21TORSAC,TOR,SAC,0.6457,0.3705,921.0,555.0,234682.0,187536.0
KXNBAGAME-26JAN22CHAORL,CHA,ORL,0.4099,0.5993,478.0,741.0,92494.0,140943.0
KXNBAGAME-26JAN22CHIMIN,CHI,MIN,0.2398,0.768,345.0,196.0,81131.0,40779.0
KXNBAGAME-26JAN22DENWAS,DEN,WAS,0.7019,0.3095,1128.0,300.0,370091.0,48596.0
KXNBAGAME-26JAN22GSWDAL,DAL,GSW,0.3598,0.6442,2555.0,1073.0,496552.0,218546.0
KXNBAGAME-26JAN22HOUPHI,PHI,HOU,0.4239,0.5818,1741.0,2016.0,540827.0,572982.0
KXNBAGAME-26JAN22LALLAC,LAC,LAL,0.5692,0.4427,867.0,3810.0,336970.0,1070755.0
KXNBAGAME-26JAN22MIAPOR,POR,MIA,0.5902,0.4194,425.0,400.0,182431.0,67452.0
KXNBAGAME-26JAN22SASUTA,SAS,UTA,0.8322,0.1771,247.0,481.0,95188.0,116205.0
KXNBAGAME-26JAN23BOSBKN,BOS,BKN,0.7736,0.237,1352.0,1919.0,473310.0,372554.0
KXNBAGAME-26JAN23DENMIL,DEN,MIL,0.3181,0.6994,2652.0,545.0,561263.0,109797.0
KXNBAGAME-26JAN23HOUDET,HOU,DET,0.4061,0.6104,3195.0,2684.0,613808.0,861720.0
KXNBAGAME-26JAN23INDOKC,IND,OKC,0.1414,0.8798,812.0,457.0,156133.0,249185.0
KXNBAGAME-26JAN23NOPMEM,NOP,MEM,0.3512,0.6766,303.0,318.0,55990.0,80356.0
KXNBAGAME-26JAN23PHXATL,ATL,PHX,0.4209,0.59,250.0,539.0,27891.0,146797.0
KXNBAGAME-26JAN23SACCLE,CLE,SAC,0.8299,0.1799,151.0,488.0,27223.0,87373.0
KXNBAGAME-26JAN23TORPOR,TOR,POR,0.611,0.4007,394.0,332.0,129135.0,56318.0
KXNBAGAME-26JAN24BOSCHI,CHI,BOS,0.42,0.59,507.0,814.0,177911.0,152788.0
KXNBAGAME-26JAN24CLEORL,CLE,ORL,0.4927,0.5157,2761.0,1305.0,986309.0,586617.0
KXNBAGAME-26JAN24GSWMIN,GSW,MIN,0.3565,0.6615,488.0,486.0,89917.0,124683.0
KXNBAGAME-26JAN24LALDAL,LAL,DAL,0.6061,0.4128,1781.0,1277.0,505498.0,303224.0
KXNBAGAME-26JAN24MIAUTA,MIA,UTA,0.6776,0.3391,455.0,954.0,154434.0,291407.0
KXNBAGAME-26JAN24NYKPHI,NYK,PHI,0.5404,0.4773,3091.0,3476.0,822029.0,847171.0
KXNBAGAME-26JAN24WASCHA,CHA,WAS,0.8195,0.1963,342.0,771.0,108278.0,228577.0
KXNBAGAME-26JAN25BKNLAC,LAC,BKN,0.8074,0.203,229.0,418.0,84414.0,73492.0
KXNBAGAME-26JAN25MIAPHX,MIA,PHX,0.4019,0.6186,1317.0,491.0,326399.0,129338.0
KXNBAGAME-26JAN25NOPSAS,NOP,SAS,0.1908,0.8225,248.0,373.0,122150.0,110643.0
KXNBAGAME-26JAN25SACDET,DET,SAC,0.8368,0.1938,726.0,2692.0,212061.0,614787.0
KXNBAGAME-26JAN25TOROKC,TOR,OKC,0.2181,0.809,3289.0,1155.0,784616.0,262268.0
KXNBAGAME-26JAN26GSWMIN,MIN,GSW,0.7289,0.2851,565.0,1676.0,210329.0,336424.0
KXNBAGAME-26JAN26INDATL,ATL,IND,0.6602,0.3579,1173.0,780.0,382649.0,417328.0
KXNBAGAME-26JAN26LALCHI,LAL,CHI,0.5382,0.4788,1968.0,985.0,294696.0,155357.0
KXNBAGAME-26JAN26MEMHOU,HOU,MEM,0.8198,0.1933,256.0,464.0,54654.0,83308.0
KXNBAGAME-26JAN26ORLCLE,CLE,ORL,0.6301,0.382,2313.0,2411.0,764879.0,634316.0
KXNBAGAME-26JAN26PHICHA,CHA,PHI,0.567,0.4405,1193.0,2033.0,616490.0,618695.0
KXNBAGAME-26JAN26PORBOS,BOS,POR,0.8226,0.2121,837.0,1278.0,171153.0,250964.0
KXNBAGAME-26JAN27BKNPHX,PHX,BKN,0.7697,0.2611,501.0,655.0,156259.0,96545.0
KXNBAGAME-26JAN27DETDEN,DET,DEN,0.7025,0.3031,209.0,471.0,76090.0,82950.0
KXNBAGAME-26JAN27LACUTA,LAC,UTA,0.7505,0.2567,556.0,545.0,233908.0,222369.0
KXNBAGAME-26JAN27MILPHI,PHI,MIL,0.7716,0.2324,302.0,372.0,126545.0,74475.0
KXNBAGAME-26JAN27NOPOKC,OKC,NOP,0.866,0.1428,274.0,461.0,112117.0,196445.0
KXNBAGAME-26JAN27PORWAS,WAS,POR,0.3178,0.701,548.0,1012.0,146870.0,267101.0
KXNBAGAME-26JAN27SACNYK,NYK,SAC,0.8713,0.1399,308.0,767.0,100091.0,185680.0
KXNBAGAME-26JAN28ATLBOS,ATL,BOS,0.3498,0.6596,194.0,628.0,27645.0,94939.0
KXNBAGAME-26JAN28CHAMEM,CHA,MEM,0.5499,0.4545,335.0,120.0,79415.0,11207.0
KXNBAGAME-26JAN28CHIIND,IND,CHI,0.4592,0.55,303.0,929.0,34588.0,296714.0
KXNBAGAME-26JAN28GSWUTA,GSW,UTA,0.734,0.2752,355.0,547.0,106467.0,162951.0
KXNBAGAME-26JAN28LALCLE,CLE,LAL,0.609,0.4099,754.0,3036.0,163144.0,682588.0
KXNBAGAME-26JAN28MINDAL,MIN,DAL,0.7492,0.2592,232.0,321.0,29839.0,60607.0
KXNBAGAME-26JAN28NYKTOR,NYK,TOR,0.458,0.5518,615.0,357.0,159150.0,77695.0
KXNBAGAME-26JAN28ORLMIA,ORL,MIA,0.4296,0.5875,216.0,220.0,35455.0,25671.0
KXNBAGAME-26JAN28SASHOU,SAS,HOU,0.4452,0.5637,2467.0,1317.0,841587.0,571713.0
KXNBAGAME-26JAN29BKNDEN,DEN,BKN,0.6988,0.3092,331.0,123.0,106421.0,24988.0
KXNBAGAME-26JAN29CHADAL,CHA,DAL,0.6467,0.3423,826.0,1017.0,242098.0,147788.0
KXNBAGAME-26JAN29DETPHX,PHX,DET,0.4276,0.5882,342.0,734.0,60045.0,268001.0
KXNBAGAME-26JAN29HOUATL,HOU,ATL,0.7017,0.3159,521.0,472.0,126152.0,131122.0
KXNBAGAME-26JAN29MIACHI,MIA,CHI,0.5694,0.447,499.0,467.0,145821.0,110629.0
KXNBAGAME-26JAN29MILWAS,WAS,MIL,0.5061,0.5137,1702.0,1673.0,324939.0,328465.0
KXNBAGAME-26JAN29OKCMIN,MIN,OKC,0.3749,0.6451,1430.0,1102.0,305368.0,229089.0
KXNBAGAME-26JAN29SACPHI,PHI,SAC,0.7817,0.2331,1034.0,1469.0,288907.0,255814.0
KXNBAGAME-26JAN30BKNUTA,BKN,UTA,0.411,0.6,152.0,267.0,30765.0,39374.0
KXNBAGAME-26JAN30CLEPHX,PHX,CLE,0.4586,0.5493,349.0,430.0,101069.0,131966.0
KXNBAGAME-26JAN30DETGSW,DET,GSW,0.492,0.5136,3970.0,2660.0,1276218.0,687681.0
KXNBAGAME-26JAN30LACDEN,DEN,LAC,0.4399,0.57,1138.0,373.0,230251.0,83873.0
KXNBAGAME-26JAN30LALWAS,LAL,WAS,0.8054,0.1964,655.0,580.0,274844.0,121469.0
KXNBAGAME-26JAN30MEMNOP,NOP,MEM,0.5889,0.428,235.0,254.0,77843.0,55459.0
KXNBAGAME-26JAN30PORNYK,NYK,POR,0.7075,0.3109,644.0,363.0,189796.0,84121.0
KXNBAGAME-26JAN30SACBOS,BOS,SAC,0.8216,0.1863,307.0,733.0,58267.0,250418.0
KXNBAGAME-26JAN30TORORL,ORL,TOR,0.5997,0.4203,1300.0,2541.0,284871.0,573006.0
KXNBAGAME-26JAN31ATLIND,IND,ATL,0.4784,0.532,621.0,1394.0,234001.0,609057.0
KXNBAGAME-26JAN31CHIMIA,CHI,MIA,0.4235,0.6066,965.0,752.0,248327.0,130713.0
KXNBAGAME-26JAN31DALHOU,HOU,DAL,0.79,0.2199,311.0,703.0,99226.0,166012.0
KXNBAGAME-26JAN31MINMEM,MIN,MEM,0.8099,0.1995,265.0,307.0,78460.0,43527.0
KXNBAGAME-26JAN31NOPPHI,PHI,NOP,0.68,0.3338,784.0,260.0,201363.0,28870.0
KXNBAGAME-26JAN31SASCHA,CHA,SAS,0.3981,0.615,938.0,2367.0,396636.0,862120.0
KXNBAGAME-26MAR01CLEBKN,CLE,BKN,0.8763,0.1254,1291.0,1122.0,521542.0,240172.0
KXNBAGAME-26MAR01DETORL,DET,ORL,0.6654,0.3464,992.0,402.0,215815.0,91061.0
KXNBAGAME-26MAR01MEMIND,MEM,IND,0.5089,0.4997,719.0,452.0,182048.0,151518.0
KXNBAGAME-26MAR01MILCHI,CHI,MIL,0.4169,0.5769,1243.0,1718.0,217916.0,319120.0
KXNBAGAME-26MAR01MINDEN,MIN,DEN,0.4125,0.5996,4132.0,4107.0,1064468.0,1044180.0
KXNBAGAME-26MAR01NOPLAC,LAC,NOP,0.7641,0.2409,1264.0,1034.0,414488.0,263625.0
KXNBAGAME-26MAR01OKCDAL,OKC,DAL,0.9082,0.1098,603.0,1362.0,267422.0,316085.0
KXNBAGAME-26MAR01PHIBOS,BOS,PHI,0.754,0.2663,1551.0,2299.0,218791.0,410414.0
KXNBAGAME-26MAR01PORATL,ATL,POR,0.6799,0.3304,272.0,205.0,33651.0,51061.0
KXNBAGAME-26MAR01SASNYK,NYK,SAS,0.4673,0.5525,2776.0,4703.0,963675.0,1389634.0
KXNBAGAME-26MAR02DENUTA,DEN,UTA,0.8466,0.1715,1784.0,2432.0,859509.0,734676.0
KXNBAGAME-26MAR02HOUWAS,HOU,WAS,0.894,0.1115,476.0,947.0,223438.0,255565.0
KXNBAGAME-26MAR02LACGSW,LAC,GSW,0.5156,0.4898,3431.0,1312.0,1432985.0,330936.0
KXNBAGAME-26MAR03BKNMIA,MIA,BKN,0.85,0.1466,163.0,182.0,60211.0,39129.0
KXNBAGAME-26MAR03DALCHA,CHA,DAL,0.8623,0.1461,405.0,724.0,289827.0,115016.0
KXNBAGAME-26MAR03DETCLE,CLE,DET,0.4361,0.5798,821.0,1310.0,302469.0,301586.0
KXNBAGAME-26MAR03MEMMIN,MIN,MEM,0.8687,0.1313,164.0,204.0,40958.0,114660.0
KXNBAGAME-26MAR03NOPLAL,LAL,NOP,0.7527,0.2525,3199.0,1037.0,1421335.0,311696.0
KXNBAGAME-26MAR03NYKTOR,NYK,TOR,0.57,0.4393,1133.0,236.0,422539.0,55744.0
KXNBAGAME-26MAR03PHXSAC,PHX,SAC,0.7803,0.2283,979.0,706.0,456177.0,139805.0
KXNBAGAME-26MAR03SASPHI,SAS,PHI,0.7903,0.1983,675.0,616.0,244179.0,194015.0
KXNBAGAME-26MAR03WASORL,ORL,WAS,0.9101,0.0999,168.0,484.0,39043.0,107000.0
KXNBAGAME-26MAR04ATLMIL,ATL,MIL,0.5022,0.5153,1282.0,1757.0,488406.0,472025.0
KXNBAGAME-26MAR04CHABOS,CHA,BOS,0.3099,0.6999,781.0,859.0,134734.0,262187.0
KXNBAGAME-26MAR04INDLAC,LAC,IND,0.8407,0.1683,1081.0,1812.0,436515.0,515400.0
KXNBAGAME-26MAR04OKCNYK,OKC,NYK,0.6575,0.3388,3615.0,3489.0,1032613.0,871180.0
KXNBAGAME-26MAR04PORMEM,POR,MEM,0.7696,0.2337,188.0,381.0,190656.0,305651.0
KXNBAGAME-26MAR04UTAPHI,PHI,UTA,0.7448,0.2628,479.0,313.0,139386.0,96303.0
KXNBAGAME-26MAR05BKNMIA,MIA,BKN,0.8701,0.136,319.0,428.0,158677.0,103571.0
KXNBAGAME-26MAR05DETSAS,SAS,DET,0.6037,0.401,1805.0,1485.0,684128.0,276316.0
KXNBAGAME-26MAR05GSWHOU,GSW,HOU,0.2807,0.7511,3083.0,1819.0,786778.0,855864.0
KXNBAGAME-26MAR05LALDEN,DEN,LAL,0.6084,0.3983,927.0,1762.0,161026.0,471720.0
KXNBAGAME-26MAR05NOPSAC,NOP,SAC,0.7027,0.312,289.0,345.0,126366.0,41734.0
KXNBAGAME-26MAR05TORMIN,MIN,TOR,0.646,0.3545,488.0,305.0,147049.0,191279.0
KXNBAGAME-26MAR05UTAWAS,UTA,WAS,0.39,0.6199,514.0,410.0,158596.0,57379.0
KXNBAGAME-26MAR06DALBOS,BOS,DAL,0.8995,0.1121,465.0,995.0,166073.0,260604.0
KXNBAGAME-26MAR06INDLAL,LAL,IND,0.7899,0.2143,704.0,459.0,135726.0,105477.0
KXNBAGAME-26MAR06LACSAS,SAS,LAC,0.7249,0.2828,974.0,459.0,395022.0,93294.0
KXNBAGAME-26MAR06MIACHA,MIA,CHA,0.2899,0.7189,836.0,565.0,149197.0,144984.0
KXNBAGAME-26MAR06NOPPHX,PHX,NOP,0.6471,0.3648,955.0,612.0,188209.0,136721.0
KXNBAGAME-26MAR06NYKDEN,NYK,DEN,0.4959,0.5205,985.0,908.0,362112.0,223924.0
KXNBAGAME-26MAR06PORHOU,HOU,POR,0.7192,0.2946,476.0,266.0,73419.0,22861.0
KXNBAGAME-26MAR07BKNDET,BKN,DET,0.1408,0.875,1205.0,771.0,400861.0,347392.0
KXNBAGAME-26MAR07GSWOKC,OKC,GSW,0.8417,0.1683,467.0,931.0,271898.0,215109.0
KXNBAGAME-26MAR07LACMEM,LAC,MEM,0.7274,0.2984,730.0,726.0,326549.0,137594.0
KXNBAGAME-26MAR07ORLMIN,ORL,MIN,0.3103,0.7091,836.0,969.0,271711.0,199054.0
KXNBAGAME-26MAR07PHIATL,ATL,PHI,0.7063,0.3023,577.0,1278.0,252653.0,287070.0
KXNBAGAME-26MAR07UTAMIL,MIL,UTA,0.7961,0.21,272.0,388.0,146415.0,69882.0
KXNBAGAME-26MAR08BOSCLE,BOS,CLE,0.5332,0.4151,6066.0,3709.0,2021167.0,1091907.0
KXNBAGAME-26MAR08CHAPHX,PHX,CHA,0.3591,0.6525,1367.0,1320.0,316136.0,412953.0
KXNBAGAME-26MAR08CHISAC,SAC,CHI,0.3635,0.6472,1075.0,1478.0,256653.0,517343.0
KXNBAGAME-26MAR08DALTOR,TOR,DAL,0.7895,0.2222,272.0,605.0,68097.0,144707.0
KXNBAGAME-26MAR08DETMIA,MIA,DET,0.5159,0.5007,1526.0,3627.0,648515.0,1839481.0
KXNBAGAME-26MAR08HOUSAS,SAS,HOU,0.7095,0.3125,3091.0,2690.0,844747.0,723933.0
KXNBAGAME-26MAR08INDPOR,POR,IND,0.7899,0.2192,201.0,261.0,38471.0,67897.0
KXNBAGAME-26MAR08NYKLAL,LAL,NYK,0.3879,0.6327,4271.0,2718.0,1018604.0,961063.0
KXNBAGAME-26MAR08ORLMIL,ORL,MIL,0.7038,0.2861,1107.0,877.0,759817.0,117999.0
KXNBAGAME-26MAR08WASNOP,NOP,WAS,0.7996,0.1981,454.0,2244.0,177885.0,607583.0
KXNBAGAME-26MAR09DENOKC,OKC,DEN,0.4778,0.5214,7652.0,6175.0,1765834.0,2022427.0
KXNBAGAME-26MAR09GSWUTA,UTA,GSW,0.3242,0.6861,735.0,834.0,130041.0,163165.0
KXNBAGAME-26MAR09NYKLAC,LAC,NYK,0.4892,0.5237,2621.0,4950.0,815554.0,1443312.0
KXNBAGAME-26MAR09PHICLE,CLE,PHI,0.8707,0.1328,440.0,850.0,267462.0,197684.0
KXNBAGAME-26MAR10BOSSAS,SAS,BOS,0.601,0.4042,2683.0,2871.0,568154.0,447339.0
KXNBAGAME-26MAR10CHAPOR,CHA,POR,0.582,0.431,771.0,300.0,226796.0,75707.0
KXNBAGAME-26MAR10CHIGSW,CHI,GSW,0.3202,0.698,705.0,774.0,125533.0,127438.0
KXNBAGAME-26MAR10DALATL,ATL,DAL,0.8568,0.1664,730.0,1069.0,274620.0,195521.0
KXNBAGAME-26MAR10DETBKN,DET,BKN,0.9139,0.0871,423.0,1275.0,350962.0,302506.0
KXNBAGAME-26MAR10INDSAC,SAC,IND,0.6054,0.4027,493.0,299.0,221193.0,60502.0
KXNBAGAME-26MAR10MEMPHI,PHI,MEM,0.5734,0.4353,2564.0,2484.0,709230.0,460249.0
KXNBAGAME-26MAR10MINLAL,LAL,MIN,0.4456,0.5729,2904.0,1984.0,982913.0,699112.0
KXNBAGAME-26MAR10TORHOU,HOU,TOR,0.6242,0.3725,535.0,266.0,152609.0,44139.0
KXNBAGAME-26MAR10WASMIA,MIA,WAS,0.9164,0.0989,359.0,1441.0,153135.0,369380.0
KXNBAGAME-26MAR11CHASAC,CHA,SAC,0.8824,0.1276,155.0,500.0,40895.0,125105.0
KXNBAGAME-26MAR11CLEORL,ORL,CLE,0.4008,0.6041,1528.0,2501.0,347332.0,966839.0
KXNBAGAME-26MAR11HOUDEN,DEN,HOU,0.7034,0.3099,354.0,970.0,131215.0,196534.0
KXNBAGAME-26MAR11MINLAC,LAC,MIN,0.5478,0.464,881.0,1861.0,339959.0,641683.0
KXNBAGAME-26MAR11NYKUTA,NYK,UTA,0.8893,0.1198,305.0,846.0,151641.0,143804.0
KXNBAGAME-26MAR11TORNOP,NOP,TOR,0.4496,0.5695,252.0,595.0,55504.0,74953.0
KXNBAGAME-26MAR12BKNATL,ATL,BKN,0.9103,0.095,95.0,261.0,65688.0,39313.0
KXNBAGAME-26MAR12CHILAL,LAL,CHI,0.8391,0.1792,700.0,716.0,435901.0,177277.0
KXNBAGAME-26MAR12DALMEM,DAL,MEM,0.6743,0.34,335.0,397.0,56371.0,81230.0
KXNBAGAME-26MAR12DENSAS,DEN,SAS,0.4288,0.5767,2638.0,1932.0,778118.0,477547.0
KXNBAGAME-26MAR12MILMIA,MIA,MIL,0.6871,0.3257,419.0,532.0,121784.0,110573.0
KXNBAGAME-26MAR12PHIDET,DET,PHI,0.9023,0.11,398.0,715.0,268801.0,169277.0
KXNBAGAME-26MAR12PHXIND,PHX,IND,0.7995,0.2082,327.0,309.0,65409.0,57551.0
KXNBAGAME-26MAR13CHILAC,LAC,CHI,0.87,0.14,162.0,608.0,98732.0,146378.0
KXNBAGAME-26MAR13CLEDAL,CLE,DAL,0.8601,0.1492,159.0,289.0,29748.0,74653.0
KXNBAGAME-26MAR13MEMDET,DET,MEM,0.92,0.0897,182.0,355.0,221893.0,84756.0
KXNBAGAME-26MAR13MINGSW,MIN,GSW,0.6677,0.3362,1871.0,1291.0,1072618.0,259667.0
KXNBAGAME-26MAR13NOPHOU,HOU,NOP,0.6873,0.3239,539.0,274.0,205746.0,130426.0
KXNBAGAME-26MAR13PHXTOR,TOR,PHX,0.6674,0.3516,808.0,1807.0,158741.0,465363.0
KXNBAGAME-26MAR13UTAPOR,POR,UTA,0.9025,0.1081,110.0,885.0,73198.0,296510.0
KXNBAGAME-26MAR14BKNPHI,PHI,BKN,0.7795,0.23,358.0,312.0,108489.0,141672.0
KXNBAGAME-26MAR14CHASAS,SAS,CHA,0.6968,0.3186,1231.0,754.0,507334.0,228709.0
KXNBAGAME-26MAR14DENLAL,LAL,DEN,0.5256,0.478,3982.0,3714.0,851844.0,1041338.0
KXNBAGAME-26MAR14MILATL,ATL,MIL,0.814,0.1986,293.0,353.0,144492.0,97039.0
KXNBAGAME-26MAR14ORLMIA,ORL,MIA,0.3863,0.6238,1365.0,819.0,376767.0,207486.0
KXNBAGAME-26MAR14SACLAC,SAC,LAC,0.1197,0.8899,625.0,277.0,119605.0,227068.0
KXNBAGAME-26MAR14WASBOS,BOS,WAS,0.9598,0.0499,137.0,489.0,69977.0,247593.0
KXNBAGAME-26MAR15DALCLE,DAL,CLE,0.1052,0.8997,897.0,273.0,268851.0,358647.0
KXNBAGAME-26MAR15DETTOR,TOR,DET,0.4161,0.5933,456.0,1511.0,218477.0,569009.0
KXNBAGAME-26MAR15GSWNYK,NYK,GSW,0.8742,0.1403,1202.0,5824.0,721920.0,1577988.0
KXNBAGAME-26MAR15INDMIL,MIL,IND,0.745,0.2673,312.0,215.0,83876.0,28805.0
KXNBAGAME-26MAR15MINOKC,OKC,MIN,0.802,0.2089,1173.0,2248.0,350339.0,536234.0
KXNBAGAME-26MAR15PORPHI,PHI,POR,0.2582,0.7554,988.0,285.0,244719.0,139258.0
KXNBAGAME-26MAR15UTASAC,SAC,UTA,0.5998,0.4139,607.0,849.0,136589.0,140533.0
KXNBAGAME-26MAR16DALNOP,NOP,DAL,0.7516,0.2582,163.0,860.0,7688.0,158008.0
KXNBAGAME-26MAR16LALHOU,LAL,HOU,0.514,0.4898,2576.0,1127.0,739442.0,211537.0
KXNBAGAME-26MAR16MEMCHI,CHI,MEM,0.7157,0.2971,138.0,128.0,19563.0,16224.0
KXNBAGAME-26MAR16ORLATL,ATL,ORL,0.6233,0.3873,1898.0,3262.0,417864.0,775258.0
KXNBAGAME-26MAR16PHXBOS,BOS,PHX,0.7501,0.254,796.0,1240.0,224272.0,407686.0
KXNBAGAME-26MAR16PORBKN,POR,BKN,0.8529,0.1794,305.0,585.0,112154.0,77651.0
KXNBAGAME-26MAR16SASLAC,SAS,LAC,0.6916,0.3443,2873.0,3306.0,1036453.0,716897.0
KXNBAGAME-26MAR17CLEMIL,CLE,MIL,0.8513,0.1606,221.0,441.0,48563.0,57006.0
KXNBAGAME-26MAR17INDNYK,NYK,IND,0.8795,0.1316,151.0,238.0,21157.0,76870.0
KXNBAGAME-26MAR17MIACHA,CHA,MIA,0.6538,0.3586,762.0,1137.0,170668.0,213537.0
KXNBAGAME-26MAR17OKCORL,OKC,ORL,0.8098,0.209,465.0,527.0,169841.0,108666.0
KXNBAGAME-26MAR17PHXMIN,MIN,PHX,0.5864,0.4348,625.0,902.0,134104.0,267938.0
KXNBAGAME-26MAR17SASSAC,SAS,SAC,0.8799,0.1395,355.0,422.0,191805.0,133499.0
KXNBAGAME-26MAR18ATLDAL,ATL,DAL,0.8278,0.2047,540.0,602.0,271097.0,122226.0
KXNBAGAME-26MAR18DENMEM,MEM,DEN,0.1584,0.8635,401.0,355.0,112620.0,261656.0
KXNBAGAME-26MAR18GSWBOS,BOS,GSW,0.8495,0.1662,767.0,1041.0,393877.0,345359.0
KXNBAGAME-26MAR18LACNOP,NOP,LAC,0.4607,0.5489,268.0,752.0,37117.0,192564.0
KXNBAGAME-26MAR18LALHOU,LAL,HOU,0.4712,0.5392,3739.0,1604.0,826443.0,632926.0
KXNBAGAME-26MAR18OKCBKN,OKC,BKN,0.9579,0.0546,218.0,585.0,39167.0,195162.0
KXNBAGAME-26MAR18PORIND,POR,IND,0.8583,0.1453,217.0,335.0,169679.0,139139.0
KXNBAGAME-26MAR18UTAMIN,MIN,UTA,0.88,0.1299,139.0,257.0,98125.0,34799.0
KXNBAGAME-26MAR19CLECHI,CLE,CHI,0.7857,0.2349,447.0,847.0,98118.0,183328.0
KXNBAGAME-26MAR19DETWAS,DET,WAS,0.9069,0.1043,256.0,667.0,89830.0,143855.0
KXNBAGAME-26MAR19LACNOP,NOP,LAC,0.6097,0.3975,279.0,357.0,120660.0,33508.0
KXNBAGAME-26MAR19LALMIA,LAL,MIA,0.4046,0.6211,4892.0,915.0,1130754.0,309922.0
KXNBAGAME-26MAR19MILUTA,UTA,MIL,0.3175,0.699,177.0,177.0,30170.0,18630.0
KXNBAGAME-26MAR19ORLCHA,CHA,ORL,0.622,0.3786,1083.0,1588.0,286895.0,466124.0
KXNBAGAME-26MAR19PHISAC,PHI,SAC,0.5689,0.4385,595.0,567.0,184539.0,162385.0
KXNBAGAME-26MAR19PHXSAS,SAS,PHX,0.8162,0.1804,488.0,376.0,282867.0,69161.0
KXNBAGAME-26MAR20ATLHOU,HOU,ATL,0.5848,0.4225,857.0,684.0,231357.0,200046.0
KXNBAGAME-26MAR20BOSMEM,BOS,MEM,0.9167,0.0908,225.0,401.0,377318.0,470731.0
KXNBAGAME-26MAR20GSWDET,DET,GSW,0.6719,0.3432,934.0,1012.0,352121.0,206023.0
KXNBAGAME-26MAR20NYKBKN,NYK,BKN,0.9374,0.0777,311.0,1140.0,295721.0,277153.0
KXNBAGAME-26MAR20PORMIN,POR,MIN,0.5129,0.4928,425.0,1061.0,154843.0,347551.0
KXNBAGAME-26MAR20TORDEN,DEN,TOR,0.7013,0.2949,399.0,312.0,68564.0,377494.0
KXNBAGAME-26MAR21CLENOP,CLE,NOP,0.6569,0.3522,313.0,111.0,82487.0,20721.0
KXNBAGAME-26MAR21GSWATL,ATL,GSW,0.7502,0.2591,248.0,307.0,97644.0,39516.0
KXNBAGAME-26MAR21INDSAS,SAS,IND,0.9124,0.0916,261.0,456.0,265881.0,371692.0
KXNBAGAME-26MAR21LACDAL,LAC,DAL,0.7184,0.3075,221.0,284.0,37263.0,35817.0
KXNBAGAME-26MAR21LALORL,LAL,ORL,0.6157,0.3939,2573.0,683.0,957396.0,203103.0
KXNBAGAME-26MAR21MIAHOU,HOU,MIA,0.5768,0.4147,958.0,227.0,1327070.0,66532.0
KXNBAGAME-26MAR21MILPHX,MIL,PHX,0.1703,0.8396,412.0,237.0,62386.0,131075.0
KXNBAGAME-26MAR21OKCWAS,OKC,WAS,0.9698,0.0406,149.0,526.0,73086.0,175116.0
KXNBAGAME-26MAR21PHIUTA,PHI,UTA,0.6848,0.3123,232.0,168.0,53436.0,106972.0
KXNBAGAME-26MAR22BKNSAC,SAC,BKN,0.7009,0.3194,361.0,333.0,86699.0,40848.0
KXNBAGAME-26MAR22MINBOS,MIN,BOS,0.2197,0.798,606.0,623.0,68169.0,1007291.0
KXNBAGAME-26MAR22PORDEN,DEN,POR,0.7635,0.2486,468.0,219.0,159444.0,27336.0
KXNBAGAME-26MAR22TORPHX,PHX,TOR,0.4571,0.5562,1441.0,1159.0,433745.0,380021.0
KXNBAGAME-26MAR22WASNYK,NYK,WAS,0.9589,0.0469,126.0,750.0,43712.0,248958.0
KXNBAGAME-26MAR23BKNPOR,POR,BKN,0.9102,0.1038,292.0,1418.0,177536.0,297138.0
KXNBAGAME-26MAR23GSWDAL,GSW,DAL,0.5485,0.4561,3467.0,4366.0,1260934.0,1295390.0
KXNBAGAME-26MAR23LALDET,DET,LAL,0.4775,0.5345,1332.0,4256.0,503430.0,1706588.0
KXNBAGAME-26MAR23MEMATL,ATL,MEM,0.8882,0.1274,117.0,284.0,9419.0,99072.0
KXNBAGAME-26MAR23MILLAC,LAC,MIL,0.8793,0.1246,215.0,1291.0,49819.0,334251.0
KXNBAGAME-26MAR23OKCPHI,OKC,PHI,0.9199,0.0899,182.0,447.0,132865.0,179907.0
KXNBAGAME-26MAR23SASMIA,SAS,MIA,0.6173,0.3938,2741.0,923.0,798174.0,225910.0
KXNBAGAME-26MAR23TORUTA,TOR,UTA,0.765,0.2189,297.0,766.0,75419.0,243757.0
KXNBAGAME-26MAR24DENPHX,DEN,PHX,0.6674,0.3383,3633.0,3757.0,1009058.0,1225037.0
KXNBAGAME-26MAR24NOPNYK,NYK,NOP,0.7699,0.2399,953.0,503.0,355317.0,148901.0
KXNBAGAME-26MAR24ORLCLE,CLE,ORL,0.7773,0.2366,687.0,1934.0,148563.0,611177.0
KXNBAGAME-26MAR24SACCHA,CHA,SAC,0.9336,0.077,280.0,1185.0,188632.0,407538.0
KXNBAGAME-26MAR25ATLDET,ATL,DET,0.4897,0.5225,2689.0,3807.0,926260.0,992383.0
KXNBAGAME-26MAR25BKNGSW,GSW,BKN,0.8654,0.1467,478.0,974.0,189592.0,184359.0
KXNBAGAME-26MAR25CHIPHI,PHI,CHI,0.7033,0.3113,345.0,413.0,86065.0,111140.0
KXNBAGAME-26MAR25DALDEN,DEN,DAL,0.8392,0.1884,869.0,852.0,271843.0,164742.0
KXNBAGAME-26MAR25HOUMIN,MIN,HOU,0.508,0.5118,3544.0,4525.0,975211.0,1704343.0
KXNBAGAME-26MAR25LALIND,LAL,IND,0.7902,0.2193,1057.0,358.0,355896.0,86771.0
KXNBAGAME-26MAR25MIACLE,MIA,CLE,0.4338,0.5762,213.0,448.0,274761.0,99125.0
KXNBAGAME-26MAR25MILPOR,POR,MIL,0.8981,0.1122,150.0,617.0,112034.0,155145.0
KXNBAGAME-26MAR25OKCBOS,BOS,OKC,0.441,0.5681,1106.0,1423.0,251130.0,479515.0
KXNBAGAME-26MAR25SASMEM,SAS,MEM,0.93,0.0702,242.0,360.0,159158.0,1093802.0
KXNBAGAME-26MAR25WASUTA,WAS,UTA,0.4095,0.5952,102.0,242.0,4364.0,33943.0
KXNBAGAME-26MAR26NOPDET,DET,NOP,0.6687,0.3499,648.0,261.0,222225.0,56896.0
KXNBAGAME-26MAR26NYKCHA,CHA,NYK,0.5565,0.456,713.0,1646.0,178516.0,550315.0
KXNBAGAME-26MAR26SACORL,ORL,SAC,0.9096,0.0999,192.0,487.0,124629.0,98322.0
KXNBAGAME-26MAR27ATLBOS,BOS,ATL,0.6703,0.3374,466.0,515.0,175992.0,195085.0
KXNBAGAME-26MAR27BKNLAL,LAL,BKN,0.9494,0.0598,213.0,563.0,65055.0,181391.0
KXNBAGAME-26MAR27CHIOKC,OKC,CHI,0.9502,0.06,104.0,401.0,51524.0,99623.0
KXNBAGAME-26MAR27DALPOR,DAL,POR,0.1904,0.8199,492.0,169.0,201922.0,39447.0
KXNBAGAME-26MAR27HOUMEM,HOU,MEM,0.89,0.12,48.0,101.0,4778.0,19025.0
KXNBAGAME-26MAR27LACIND,LAC,IND,0.6995,0.3382,1629.0,1764.0,519400.0,314764.0
KXNBAGAME-26MAR27MIACLE,CLE,MIA,0.7564,0.2725,617.0,564.0,299754.0,130246.0
KXNBAGAME-26MAR27NOPTOR,TOR,NOP,0.7598,0.2503,86.0,120.0,24308.0,24225.0
KXNBAGAME-26MAR27UTADEN,DEN,UTA,0.9524,0.0572,57.0,279.0,8524.0,75487.0
KXNBAGAME-26MAR27WASGSW,GSW,WAS,0.8672,0.1419,268.0,616.0,46824.0,167596.0
KXNBAGAME-26MAR28CHIMEM,MEM,CHI,0.3346,0.6688,308.0,481.0,95862.0,132098.0
KXNBAGAME-26MAR28DETMIN,DET,MIN,0.543,0.468,815.0,790.0,286999.0,231959.0
KXNBAGAME-26MAR28PHICHA,PHI,CHA,0.3145,0.7029,1368.0,519.0,394385.0,125553.0
KXNBAGAME-26MAR28SACATL,ATL,SAC,0.8716,0.1361,168.0,190.0,26096.0,27284.0
KXNBAGAME-26MAR28SASMIL,SAS,MIL,0.9398,0.0699,210.0,539.0,203251.0,178596.0
KXNBAGAME-26MAR28UTAPHX,PHX,UTA,0.9295,0.0799,121.0,927.0,73061.0,287040.0
KXNBAGAME-26MAR29BOSCHA,BOS,CHA,0.4542,0.5581,1079.0,791.0,301224.0,448372.0
KXNBAGAME-26MAR29GSWDEN,DEN,GSW,0.8389,0.1761,1667.0,4100.0,678135.0,1141325.0
KXNBAGAME-26MAR29HOUNOP,HOU,NOP,0.6971,0.3125,301.0,92.0,85123.0,6107.0
KXNBAGAME-26MAR29LACMIL,LAC,MIL,0.9227,0.0895,146.0,542.0,243099.0,138487.0
KXNBAGAME-26MAR29MIAIND,IND,MIA,0.2522,0.7637,169.0,303.0,30115.0,92378.0
KXNBAGAME-26MAR29NYKOKC,OKC,NYK,0.7552,0.2592,1704.0,2730.0,682909.0,895048.0
KXNBAGAME-26MAR29ORLTOR,TOR,ORL,0.5335,0.4705,293.0,377.0,168589.0,183958.0
KXNBAGAME-26MAR29SACBKN,BKN,SAC,0.5455,0.471,229.0,212.0,98843.0,27783.0
KXNBAGAME-26MAR29WASPOR,POR,WAS,0.9299,0.0799,70.0,427.0,71089.0,93141.0
KXNBAGAME-26MAR30BOSATL,ATL,BOS,0.5694,0.4421,710.0,1767.0,266816.0,422410.0
KXNBAGAME-26MAR30CHISAS,SAS,CHI,0.9475,0.06,167.0,706.0,200252.0,245473.0
KXNBAGAME-26MAR30CLEUTA,CLE,UTA,0.928,0.08,36.0,212.0,2360.0,45483.0
KXNBAGAME-26MAR30DETOKC,OKC,DET,0.8667,0.1426,1306.0,3305.0,686635.0,926708.0
KXNBAGAME-26MAR30MINDAL,MIN,DAL,0.7598,0.2487,293.0,237.0,114556.0,37506.0
KXNBAGAME-26MAR30PHIMIA,MIA,PHI,0.4491,0.5615,993.0,1932.0,346934.0,1116885.0
KXNBAGAME-26MAR30PHXMEM,PHX,MEM,0.8564,0.1482,159.0,350.0,53477.0,94623.0
KXNBAGAME-26MAR30WASLAL,LAL,WAS,0.9198,0.0897,268.0,400.0,143463.0,153806.0
KXNBAGAME-26MAR31CLELAL,LAL,CLE,0.5608,0.4455,2778.0,1277.0,1361264.0,378974.0
KXNBAGAME-26MAR31DALMIL,MIL,DAL,0.4865,0.5411,703.0,543.0,107356.0,169145.0
KXNBAGAME-26MAR31NYKHOU,HOU,NYK,0.4936,0.5199,579.0,705.0,167632.0,211914.0
KXNBAGAME-26MAR31PHXORL,ORL,PHX,0.6003,0.4265,1457.0,2722.0,405067.0,1187050.0
KXNBAGAME-26MAR31PORLAC,POR,LAC,0.3607,0.645,535.0,1160.0,80268.0,565101.0
KXNBAGAME-26MAR31TORDET,DET,TOR,0.6204,0.3993,698.0,300.0,157343.0,45700.0
