event_ticker,game_date,team1,team2,winner,team1_home,season,winner_implied_prob,t1_roll_win_pct,t1_roll_pts,t1_roll_opp_pts,t1_roll_pm,t1_roll_fg_pct,t1_roll_fg3_pct,t1_roll_ft_pct,t1_roll_reb,t1_roll_ast,t1_roll_tov,t1_roll_stl,t1_roll_blk,t1_rest_days,t2_roll_win_pct,t2_roll_pts,t2_roll_opp_pts,t2_roll_pm,t2_roll_fg_pct,t2_roll_fg3_pct,t2_roll_ft_pct,t2_roll_reb,t2_roll_ast,t2_roll_tov,t2_roll_stl,t2_roll_blk,t2_rest_days,diff_roll_win_pct,diff_roll_pts,diff_roll_opp_pts,diff_roll_pm,diff_roll_fg_pct,diff_roll_fg3_pct,diff_roll_ft_pct,diff_roll_reb,diff_roll_ast,diff_roll_tov,diff_roll_stl,diff_roll_blk,diff_rest_days,team1_won
KXNBAGAME-25DEC01ATLDET,2025-12-01,ATL,DET,DET,0,2025-26,0.7712,0.8921627955833576,1.6207569917420104,0.6187829364765194,0.5675030094939452,1.5696139470379693,1.1569837459415238,-0.7064630513291419,-0.7446756342525683,2.88160450808619,1.0254152263000589,0.8904187574996111,0.6121561414177037,-1.2164161539661753,1.3319185734116146,1.5365930771244438,0.31428620287175735,0.7522830584665745,1.567093440270896,0.648209283688065,-0.5837937185632245,0.6814743422899276,0.21923398832659594,1.4208599945373879,1.136667370764283,0.7787608183091705,-0.1512548160568486,-0.30067280763531784,0.06065518432425902,0.2239015533124282,-0.13864786454461467,0.008365381895090486,0.36797110366371044,-0.09082174650438479,-1.0014205300270629,1.8653848267052735,-0.2806909374134793,-0.17024213354586792,-0.123067247743077,-1.0704752598915837,0
KXNBAGAME-25DEC01CHABKN,2025-12-01,CHA,BKN,BKN,0,2025-26,0.3496,-0.8661056849155315,-0.4237513308506339,0.5708529473843988,-0.7330875679074369,-1.4914320244153878,-1.6769502355449575,1.560064900982307,-0.3235498745823065,-0.8766696793519324,-0.3249552571947546,-1.0071378248293055,-0.41108678839357415,-0.11527825568292054,-1.3704344873414982,-1.9109949676751665,-0.1521314468841348,-1.123734905901822,-1.3983803245291977,-0.5963868075611157,-0.2890898760822281,-1.6320617532064432,-0.9912206546181693,0.18506124561153864,-1.7145456392037965,0.1320852017379145,-0.1512548160568486,0.3377125638788836,1.1118316719466101,0.5242453853108803,0.28017204300505816,-0.0803649852452925,-0.7831918409017202,1.3278812809090221,0.9193291335899303,0.06970330948629815,-0.36579073038631205,0.49242798053784825,-0.3863780520869259,0.03999169085607133,0
KXNBAGAME-25DEC01CHIORL,2025-12-01,CHI,ORL,ORL,0,2025-26,0.7511,-0.8661056849155315,0.9197827097102477,1.8809393159023746,-0.8988491120860445,-0.5021374568297333,-0.19000956624649495,-0.6399509443764345,0.5510959339636248,0.9624857740752347,-0.03139645643501261,-1.0071378248293055,0.8912223950025976,-0.11527825568292054,1.3319185734116146,1.3612919901007339,-0.5702989949411398,1.3353697230675625,0.2814575331747789,-0.34531554996041625,1.5334207287344481,0.2958849930405318,0.13853701213027853,-1.0507375033143105,0.3324790859014916,0.039702970799163975,0.9237347694900384,-1.57744355066372,-0.33353599853412086,1.7718274566890613,-1.6045175409684693,-0.5620441211502076,0.09944929370028416,-1.5481164365805933,0.173626323009216,0.5747387362041353,0.740506578260508,-0.9348614959501553,0.6010374642025081,-1.0704752598915837,0
KXNBAGAME-25DEC01CLEIND,2025-12-01,CLE,IND,CLE,0,2025-26,0.6507,0.013028555333913172,-0.13167871333739903,-0.38774683445802227,0.223229033122991,-0.15610617310022215,-0.4419148090452948,-0.40971672800168224,0.06518159588255236,0.0029264070697556147,0.08602706386888376,-0.2773083700874144,0.7982003104742998,-1.2164161539661753,-0.920042310549313,-0.7033652570673931,0.49120324243433583,-0.8448673706578711,-0.7533225871708722,-0.7936570813902366,0.4269887587180815,-0.8608830547076514,-1.0719176308144867,0.00851856719355974,-0.8372493284443875,1.055907511125423,-0.1512548160568486,0.6569052496359843,0.4256470203042419,-0.630923199298547,0.7627254147470723,0.41715885907756173,0.23122388562677998,-0.5961887575648599,0.6481644751969424,0.7430838784434137,0.05970823447784958,0.3904787322172765,-0.18889494882903904,-1.0704752598915837,1
KXNBAGAME-25DEC01DALDEN,2025-12-01,DAL,DEN,DAL,0,2025-26,0.1855,-0.8661056849155315,-0.4237513308506339,0.427062980108037,-0.6183295757837857,-1.1986363227981054,-0.4279200733342481,-0.21273856510328218,0.3567301987311953,-1.076577880811407,1.1428387466039553,0.08760635728353114,1.4493549021723862,-0.11527825568292054,0.8815263966194288,1.9066731497300502,0.5233699769002599,0.8283378408058337,2.024009337566379,2.4451621416587845,1.0086410794042566,-0.05757191043807847,0.6227188693081843,-0.22687167069707845,-1.860761690997031,-0.7917371076495939,-0.1512548160568486,-1.2582508649066193,-1.749704322136455,-0.06489059283992699,-1.0400211438363018,-2.292286280387627,-2.003971551013226,-0.8681680944264983,0.28661159733962577,-1.1928852573082944,0.9958059571790057,1.358996591262707,1.5884529804919434,0.03999169085607133,1
KXNBAGAME-25DEC01HOUUTA,2025-12-01,HOU,UTA,UTA,0,2025-26,0.1942,1.3317299157080804,0.725067631368091,-1.1386499969012525,1.3835598423732436,0.17661621510122505,1.2514482119910746,0.1300546014991257,1.6525017669473885,-0.6767614778924579,0.027315303716935573,1.1823505393963678,-0.5041088729218727,-1.2164161539661753,-0.920042310549313,1.4002477872171142,2.3568738414579,-0.946273747110217,0.026122178803776822,-0.1946727953999974,0.5459043442805893,0.1352227641866172,2.2366583932345394,1.244317316119409,-0.17927709537483108,-0.6993548767108434,-1.2262444016037357,1.6144833069072864,-0.5087320798045131,-2.5138479922119132,1.6640986940387597,0.10343363240264106,1.0193851241305436,-0.2929685509285752,1.0549114627864242,-2.0346109685046905,-0.8763894882233056,0.9511995979804209,0.14024355660077248,0.03999169085607133,0
KXNBAGAME-25DEC01LACMIA,2025-12-01,LAC,MIA,MIA,0,2025-26,0.707,-1.3056728050402537,-0.19009323684004545,0.9063628710292475,-0.8478455600310884,-0.4089751881333272,-0.1270332555467945,2.754724668171298,-0.971435658690403,-1.3964310031465668,0.6144329052364195,-0.5692401519841711,-0.2250426193369788,-0.11527825568292054,0.8815263966194288,1.4586814828916832,0.475119875201375,0.5748218996749693,-0.35464106894246206,0.07074539120645666,0.3158285374313914,1.5490503781010674,1.2682946788787264,-0.16802411122441813,-0.39860117306468257,0.22446743267666502,-0.1512548160568486,-1.5774435506637199,-1.238715751764479,0.31631504008118366,-1.02181158263849,-0.04550662672585061,-0.14420938571097291,1.7560649666438974,-1.7697203954738616,-1.866265826265411,0.5703069923148433,-0.11926750938558227,-0.3205503510009638,0.03999169085607133,0
KXNBAGAME-25DEC01MILWAS,2025-12-01,MIL,WAS,WAS,0,2025-26,0.2082,-1.3056728050402537,-0.93001053454024,0.23534302373955235,-0.7968420079761321,0.5226474988307362,2.238077079619702,-1.5967020213115153,-1.6517157320039024,0.4827060905724944,0.26216234432472935,0.08760635728353114,-1.2482855491482567,-0.11527825568292054,-1.8208266641336839,-0.4891083729273054,1.9065395589349707,-1.8209037440116993,-0.2426518784288631,0.4939797968762079,-0.3304518188865765,-0.9572803920200015,-0.5473872855384214,0.9500795187561115,-0.47170919896130037,0.7787608183091705,0.9237347694900384,0.3377125638788837,-0.33353599853412086,-1.1969558057571654,0.7354110729503546,0.540747584737376,1.2431532991000647,-0.910435153533376,-0.4816882681071696,0.7150263547368668,-0.49344041984556003,0.3904787322172765,-1.4396212694623232,-1.0704752598915837,0
KXNBAGAME-25DEC01PHXLAL,2025-12-01,PHX,LAL,PHX,0,2025-26,0.3353,0.4525956754586354,0.16039390417583585,-0.46763014961155736,0.4782467933977718,-0.040762411857052566,0.13886672296304817,0.11726381170052694,0.03278730667714708,-1.5563575643141458,0.6731446653883677,1.9851629396124477,-0.8761972110350646,-0.11527825568292054,1.3319185734116146,0.8159108304714175,-0.18429818135005877,0.6762282761273152,1.5984504136147004,0.4186584195959985,0.628628229889289,-0.5716910427706056,-0.5070387974402635,0.3616039240295165,0.2593710600048745,-0.8841193385883449,-1.2262444016037357,-0.6198654933924184,-0.4941324063653146,-0.2035108229930586,-0.14775264514352066,-1.1641430410313593,-0.19642195987052927,-0.36096338514398535,0.4221939265361197,-0.7439648780035499,0.22990782042351438,1.2060727187818492,0.008588154428847751,1.1504586416037264,1
KXNBAGAME-25DEC02MEMSAS,2025-12-02,MEM,SAS,SAS,0,2025-26,0.6386,0.013028555333913172,-0.5211088700217122,-0.24395686718165818,-0.14654671927544116,-1.0123117854052932,-0.8057779375324469,-0.18715698550608748,1.8144732129744126,1.4422654575779734,0.08602706386888376,-1.0071378248293055,0.05402363424791592,-0.11527825568292054,0.4311342198272434,0.6016539463313272,0.12128579607621569,0.29595436443101863,0.6129455370950322,-0.36324921121760906,1.6419958285958667,0.19948765572818394,-0.10355391645867508,-0.4622619085877156,0.11315500821163886,-0.5145904148333416,-0.1512548160568486,-0.3006728076353175,-0.844524568906097,-0.2612692522235299,-0.3207434765227333,-1.1609740993477764,-0.32571023874180843,-1.3000271766054494,1.1227026273846703,1.0797741629219726,0.4001074063691784,-0.7819376234692975,0.40355436094462194,0.03999169085607133,0
KXNBAGAME-25DEC02MINNOP,2025-12-02,MIN,NOP,MIN,0,2025-26,0.8628,0.4525956754586354,0.25775144334691413,-0.5634901277957985,0.6185065615489013,-0.22265065074051502,-0.07455299663038005,-0.40460041208224384,0.4215187771420059,-0.23696343468161307,0.3208741044766775,0.5984869756028544,-0.6901530419784689,-0.11527825568292054,-1.8208266641336839,-0.3332851844617869,1.1506212989857674,-1.123734905901822,-0.5114259356614981,-0.8402846006589387,0.11418906626018682,0.07095787264505272,-1.1122661189126462,0.5969941619201548,1.063559344867666,-0.5145904148333416,-0.1512548160568486,1.6144833069072864,0.44024669374344244,-1.2316108632954479,1.2452787864890869,0.19850188291019336,0.5246088261423768,-0.37015187625417684,0.24141748760746218,0.6027962599106822,-0.19559114444064724,-0.32316600602672574,-0.123067247743077,0.03999169085607133,1
KXNBAGAME-25DEC02NYKBOS,2025-12-02,NYK,BOS,BOS,0,2025-26,0.3925,0.8921627955833576,0.9003112018760303,-0.2918868562737788,0.822520769768726,0.460539319699798,0.09688251582991388,-0.11041224671450336,0.5187016447582194,0.16285296823733617,-0.6772258181064448,0.30655519370609896,-0.5041088729218727,-0.11527825568292054,0.8815263966194288,0.25105177228390974,-0.6989659328048358,0.7142556672969448,0.3038553712774987,1.3368618759642683,-0.5139954400808828,0.8100041253730589,-0.6684327498328982,-1.3449753006776082,-0.9834653802376224,0.5016141254929182,-0.1512548160568486,0.018519878121783073,0.48404571406103997,0.2932116683889965,0.07076208923022169,0.10977151576981391,-0.8627538586686624,0.2877440872354636,-0.2105236097141833,0.5747387362041353,0.48520719934201123,0.9002249738201352,-0.7155165575167379,0.03999169085607133,0
KXNBAGAME-25DEC02OKCGSW,2025-12-02,OKC,GSW,OKC,0,2025-26,0.8236,2.210864155957525,1.2313268350576971,-1.8096698441909456,2.2506202273074987,1.5518687530005604,1.496356086934349,0.9998283078037428,-0.7446756342525683,0.4027428099887049,-0.44237877749865095,1.4742823212931244,0.7982003104742998,-0.11527825568292054,-0.01925795696494194,-0.4891083729273054,-0.3129651192137525,-0.07164375020873476,-1.3132685397388668,-0.40628999823487105,0.8974808581175636,-0.21823413929199306,0.17888550022843794,1.06777463770143,1.79463960383384,-0.42220818389459025,0.9237347694900384,1.6144833069072864,1.2870277532170022,-1.0814389472962227,1.6549939134398537,2.033319117705918,1.3401195082535233,0.0819218863671953,-0.36870299377675986,0.15387588060593685,-1.0891389706553858,-0.22121675770615357,0.8643482685463577,-1.0704752598915837,1
KXNBAGAME-25DEC02PORTOR,2025-12-02,POR,TOR,TOR,0,2025-26,0.66,-0.8661056849155315,0.043564857170543016,1.161989479520559,-0.8988491120860445,-1.2873622929851618,-1.5579949820010819,-0.3662280426864504,1.5229246101257696,-1.1965228016870921,1.2602622669078516,-1.0801207703034943,0.5191340568894061,-0.11527825568292054,1.3319185734116146,0.03679488814382207,-1.0206332774640712,0.8283378408058337,0.9892292172207251,-0.37042267572048543,-0.48038886155234917,-0.15396924775042858,1.2279461907805669,0.06736612666621902,0.844235267177813,-0.6993548767108434,-0.1512548160568486,-1.57744355066372,0.0022564905674630066,1.57544879730546,-1.240326317012232,-1.6236395851511907,-0.8552949195030125,0.08008418814515945,1.1678967371168356,-1.6979206840261316,0.8681562677197568,-1.3426584892324414,0.8643482685463583,0.03999169085607133,0
KXNBAGAME-25DEC02WASPHI,2025-12-02,WAS,PHI,PHI,0,2025-26,0.869,-1.3056728050402537,-0.24850776034269187,1.4974994031654054,-1.35788108058065,0.04796355832999887,0.4187614371839356,-0.601578574980641,-1.0362242371012114,-0.6767614778924579,0.3795858646286257,-0.1313424791390367,0.5191340568894061,-1.2164161539661753,-0.46965013375712733,-0.5085862714854942,0.475119875201375,-0.7054336030358958,-0.9952192386802464,-0.6071470043154321,1.4817183002290104,0.16735520995740055,-0.7087812379310577,0.47929904297483616,0.11315500821163886,0.8711430492479211,-0.1512548160568486,-0.6198654933924183,0.1920522452770537,0.7437274163866704,-0.4664199661052282,0.7340530274360618,0.7135686183388636,-1.483796998809259,-0.8432411459644863,0.01358826207320534,-0.06794145498139921,-0.17024213354586792,-0.2547226499150011,-1.0704752598915837,0
KXNBAGAME-25DEC03BKNCHI,2025-12-03,BKN,CHI,BKN,0,2025-26,0.2594,-0.8661056849155315,-1.5920418009035735,-0.6913034320414543,-0.49082069564639524,-1.1986363227981054,-0.33345560728469936,-0.22552935490187812,-1.4573499967714754,-0.5168349167248787,-0.2662434970428064,-1.299069606726062,-0.31806470386527647,-0.11527825568292054,-0.920042310549313,1.0106898160533164,2.003039762332743,-0.9209221529971305,-0.22473360794668926,-0.1085912213654715,-0.9250297466991096,0.45654722189444635,1.0262037502897727,0.42045148350217687,-1.1296814320308568,0.8711430492479211,-0.1512548160568486,0.018519878121783073,-1.9540997502852462,-1.9362636999071996,0.30748638480177587,-0.701477555227947,-0.16658620320792547,0.49724168454780554,-1.340376353018297,-1.0806551624821088,-0.4934404198455608,-0.11926750938558227,-0.8471719596886621,0.03999169085607133,1
KXNBAGAME-25DEC03CHANYK,2025-12-03,CHA,NYK,NYK,0,2025-26,0.7896,-1.3056728050402537,-0.5795233935243587,0.8264795558757124,-1.039108880237174,-1.4692505318686193,-1.4145489409628755,1.5114598997476396,-0.5827041882255442,-0.916651319643828,-0.20753173689085821,-1.0071378248293055,-0.2250426193369788,-0.11527825568292054,0.4311342198272434,0.6211318448895187,-0.20038154858301963,0.5621461026184261,0.5995068342334043,0.2608422005327013,-0.5062400758050651,0.1352227641866172,-0.06320542836051567,-0.8741948248963327,-0.25238512127144824,-0.5145904148333416,-1.2262444016037357,-1.2582508649066193,-0.902923262662895,0.7437274163866721,-1.149278511023173,-1.47786826770628,-1.190947181957295,1.4473316653414992,-0.5042853229732522,-0.6036772594708184,0.48520719934201123,-0.5270645026678683,0.20607125768673457,1.1504586416037264,0
KXNBAGAME-25DEC03DENIND,2025-12-03,DEN,IND,DEN,0,2025-26,0.7591,0.4525956754586354,1.8544150857525987,0.8424562189064185,0.5420012334664671,1.8224829620710743,2.0946310385814955,1.1609922592660686,-0.06439556093906648,1.122412335242814,-0.5010905376506002,-1.8829331705195749,-0.5041088729218727,-0.11527825568292054,-0.920042310549313,-0.8786663440911031,0.2177859994739854,-0.7434609942055255,-0.6771699376216235,-0.5676929495496064,-0.00472651930232095,-0.8287506089368702,-1.4754025117960752,0.3616039240295165,-0.9103573543410046,1.055907511125423,-0.1512548160568486,0.9760979353930849,2.046210772055367,0.4549352702343153,0.9175066849284732,1.7766348413355297,1.8771631281803776,0.8390535538468878,0.5351792008665327,1.8092697792921808,-0.6210901093048088,-0.6799883751487262,-1.1104827640325114,0.03999169085607133,1
KXNBAGAME-25DEC03DETMIL,2025-12-03,DET,MIL,MIL,0,2025-26,0.344,1.3317299157080804,0.7640106470365202,-0.3238401823351933,0.7587663297000308,1.6672125142437324,0.14936277474633222,-0.6552998921347525,0.6158845123744353,-0.15700015409782353,1.8473798684273355,0.8174358120254223,1.1702886485874915,-0.11527825568292054,-1.3704344873414982,-0.391718880136356,0.5716200785991447,-0.7054336030358958,0.9623518114974619,2.889916940837165,-1.6255976529477896,-1.6320617532064432,0.5016734050137075,0.7146892808654743,-0.03306104358159546,-1.43841272422085,-0.1512548160568486,1.9336759926643872,0.8636372234802213,-0.6424748851446407,1.0449736133131562,0.5058892262179412,-1.9020327157493315,0.6865246014177266,1.5746437247063174,-0.46338964093808493,0.8256063712333401,0.5943772288584196,1.8517637848357922,0.03999169085607133,0
KXNBAGAME-25DEC03LACATL,2025-12-03,LAC,ATL,LAC,0,2025-26,0.4277,-1.3056728050402537,-0.05379268200053528,1.0661295013363177,-0.8860982240723054,-0.5864271285074351,-0.5538726947336471,2.3786754480925403,-0.6474927666363547,-1.5963392046060414,0.49700938493252317,-0.2773083700874144,-0.5971309574501704,-0.11527825568292054,0.4311342198272434,0.9717340189369361,0.6520369147639535,0.11849320563941354,0.9354744057741962,0.9638417218146592,-0.971561932354007,-1.117942620873916,2.3173553694308553,0.655841721392814,0.9173432930744302,0.40923189455416686,-0.1512548160568486,-1.2582508649066193,-0.7715262017101003,0.3047633542350901,-0.7213538228745943,-1.0849194989417357,-1.066631529196449,2.4010970425792726,0.33180570707179097,-2.7360490611683517,-0.11049135146781446,-0.8329122476295832,-0.7155165575167374,0.03999169085607133,1
KXNBAGAME-25DEC03MIADAL,2025-12-03,MIA,DAL,DAL,0,2025-26,0.3797,0.8921627955833576,1.4260419133998536,0.18741303464743175,0.7842681057275088,-0.09843429247864105,0.6846614156937783,0.21959013008930575,1.3933474533041508,1.3223205367022883,-0.2662434970428064,-0.20432542461322556,0.6121561414177037,-0.11527825568292054,-0.46965013375712733,-0.06059460464712736,0.442953140735451,-0.3885386766223152,-0.9325052919926305,0.16041369749242074,-0.24772793327787967,0.26375254726975067,-0.9508721665200098,0.3616039240295165,-0.39860117306468257,0.8711430492479211,-0.1512548160568486,0.9760979353930848,1.1118316719466101,-0.18040745130086971,0.8355636595383198,0.5851127683075649,0.37045741671892846,0.3355242410084528,0.7837468043934364,1.5848095896398087,-0.45089052335914404,0.13560561141584687,-0.18889494882903904,0.03999169085607133,0
KXNBAGAME-25DEC03PORCLE,2025-12-03,POR,CLE,POR,0,2025-26,0.1971,-1.3056728050402537,-0.09273569766896715,1.2258961316433878,-1.039108880237174,-1.6600113677707862,-1.4740265677348152,-1.095303061206501,1.5229246101257696,-1.3164677225627772,1.377685787211748,-0.9341548793551167,0.7051782259460014,-1.2164161539661753,-0.01925795696494194,-0.002160908972558256,-0.2968817519807916,0.2325753791483025,0.20530488362553015,-0.21977992116006656,-0.7337307612289914,0.006692981103485984,-0.18425089265499248,-0.16802411122441813,-0.7641413025477697,0.5939963564316687,-0.1512548160568486,-0.9390581791495188,-0.07074187662853358,1.1018296776155956,-0.9125542154516187,-1.3352658919449507,-0.9000485544969161,-0.26356537937596697,1.0549114627864242,-0.8000799254166437,1.123455646638253,-0.11926750938558227,0.07441585551480982,-1.0704752598915837,1
KXNBAGAME-25DEC03SACHOU,2025-12-03,SAC,HOU,HOU,0,2025-26,0.9105,-1.3056728050402537,-1.3778552147272023,1.0022228492134888,-1.7021550569516042,-0.7727516659002472,-1.0156989731981125,-0.8753014766706281,-1.2953785507444513,-0.4768532764329832,-0.5010905376506002,0.8174358120254223,-1.0622413800916604,0.9858596426003342,1.3319185734116146,1.0496456131696967,-0.9080497068333383,1.3987487083502785,0.11571353121465348,0.6589694804423795,-0.14949331911754754,1.7739774984965464,-0.5877357736365809,-0.6388045870056945,0.6980192153845788,-0.14506149107833788,-0.1512548160568486,-1.896636236420821,-1.8227026893324536,1.379070137921857,-2.2236426216940726,-0.6380987215562484,-1.1834882427916436,-0.5208431304613002,-2.153870328197259,0.06970330948629815,0.10225813096426559,0.08463098725556123,-0.6496888564307753,1.1504586416037264,0
KXNBAGAME-25DEC03SASORL,2025-12-03,SAS,ORL,SAS,0,2025-26,0.2757,0.4525956754586354,0.6666531078654419,0.10752971949389666,0.35073791326038145,0.3451955584566284,0.1563601426018517,1.4475059507546515,0.00039301747174178806,-0.19698179438971902,-0.9120728587142385,-0.05835953366484655,-0.5041088729218727,-1.2164161539661753,1.3319185734116146,1.5560709756826328,-0.4416320570774461,1.3607213171806491,0.5636702932690467,-0.3237951564517853,1.365387836091777,0.16735520995740055,0.09818852403211913,-0.7564997059510131,0.7711272412811959,0.40923189455416686,-0.1512548160568486,-0.6198654933924184,-0.6693284876357067,0.39717684100384393,-0.7304586034735002,-0.15641958565132624,0.33067640783545665,0.07089569703496591,-0.12013539024985452,-0.21087192757916684,-0.1104913514678152,-0.578039126828154,-0.6496888564307753,-1.0704752598915837,1
KXNBAGAME-25DEC04BOSWAS,2025-12-04,BOS,WAS,BOS,0,2025-26,0.8212,0.8921627955833576,0.45246652168907076,-0.5794667908265069,0.7587663297000308,0.6912268421861396,1.01703638883108,-0.1359938263117009,0.7454616691960542,-0.836688039060037,-1.5579022203856707,-1.2260866612518726,0.6121561414177037,-0.11527825568292054,-1.3704344873414982,-0.27485148878721777,1.7135391521394292,-1.529360411711205,-0.014193929781119292,0.24649527152694664,-1.0206792394341702,-0.7644857173953036,-0.42634182124394465,0.18506124561153864,-0.3254931471680654,0.8711430492479211,-0.1512548160568486,1.614483306907286,0.5424444078178381,-1.6474715537548428,1.6367843522420416,0.49955134285077013,0.5469856436393279,0.6295559565345459,1.0549114627864242,-0.29504449869880656,-1.2593385566010513,-0.6290137509884401,-0.18889494882903904,0.03999169085607133,1
KXNBAGAME-25DEC04GSWPHI,2025-12-04,GSW,PHI,PHI,0,2025-26,0.62,0.013028555333913172,-0.3263937916795556,-0.38774683445802227,0.0957201529856006,-1.2873622929851618,-0.23899114123515064,0.928199884931597,0.16236446349876593,0.44272445028060037,0.7905681856922652,1.03638464844799,-0.5971309574501704,-0.11527825568292054,-0.01925795696494194,-0.2553735902290262,0.3303695701047182,-0.4265660677919449,-0.8966687510282804,-0.38835633697767824,1.0913649650129535,0.3922823303528819,-0.5473872855384214,-0.050328992279099545,0.4055871117981088,0.8711430492479211,-0.1512548160568486,0.018519878121783073,-0.05614220318933509,-0.5154063408376043,0.3712198489941173,-0.28951513636189813,0.09447666758984949,-0.10736103050272786,-0.1653294999820197,0.6869688310303209,0.61285688880126,0.4414533563775626,-1.044655062946549,0.03999169085607133,0
KXNBAGAME-25DEC04LALTOR,2025-12-04,LAL,TOR,LAL,0,2025-26,0.4559,1.3317299157080804,0.9003112018760303,-0.18005021505883148,0.7332645536725527,1.8136103650523698,0.34179039077319234,0.8156409347039443,-0.8094642126633789,-0.7167431181843533,0.49700938493252317,-0.20432542461322556,-1.3413076336765548,0.9858596426003342,1.3319185734116146,-0.06059460464712736,-0.9402164412992623,0.7015798702404016,0.8817195943276672,-0.4421573207492567,-1.188712132076844,-0.15396924775042858,1.0665522383879322,0.3027563645568572,1.136667370764283,-1.0688838004658463,-0.1512548160568486,0.018519878121783073,0.7176404890882282,0.5473487570030691,0.01613340563678614,0.6675052520807786,0.5444993305841127,1.432630079565196,-0.4590912132410886,-1.2490003047213882,0.14480802745068236,-0.9348614959501553,-0.18889494882903934,1.1504586416037264,1
KXNBAGAME-25DEC04MINNOP,2025-12-04,MIN,NOP,MIN,0,2025-26,0.8398,0.4525956754586354,0.8224251705391694,-0.1001668999052964,0.6185065615489013,-0.09843429247864105,0.2368298729403576,-0.5759969953834493,0.3891244879366006,-0.07703687351403395,0.20345058417278117,0.5255040301286655,-0.7831751265067666,-0.11527825568292054,-1.8208266641336839,0.40687496074942825,1.6492056832075834,-1.0350043265060194,-0.014193929781119292,-0.05837696984533321,0.3184136588566601,0.07095787264505272,-1.0315691427163274,0.18506124561153864,0.6249111894879615,-0.6993548767108434,-0.1512548160568486,1.6144833069072864,0.30884963279064986,-1.2547142349876383,1.1815453222967451,-0.06452027682736387,0.20387444201939553,-0.6384558166717355,0.21882043274137958,0.658911307323774,0.01715833799143357,-0.06829288522529663,-0.057239546657114324,0.03999169085607133,1
KXNBAGAME-25DEC04UTABKN,2025-12-04,UTA,BKN,UTA,0,2025-26,0.644,-0.42653856479080904,1.7570575465815204,2.3762158698542915,-0.745838455921176,0.4516667226810936,0.019911469419170616,0.38331223951135357,0.16236446349876593,2.3218615439996615,1.1428387466039553,0.08760635728353114,-0.7831751265067666,0.9858596426003342,-0.46965013375712733,-1.4824811993949885,-0.9080497068333383,-0.2491049090003398,-0.780199992894138,-0.03685657633670024,-0.6406663899192053,-1.2786048497278306,-0.2649478688513099,0.18506124561153864,-0.9834653802376224,-0.05267926013958736,-1.2262444016037357,0.018519878121783073,2.4258022814745486,2.372515120685964,-0.35716259891835705,0.8703175198302183,0.034805154264644575,0.7324670569686821,1.0097173530542591,1.8092697792921808,0.6979566817740921,0.7473011013392774,-0.5180334542588506,2.260925592351381,1
KXNBAGAME-25DEC05CHATOR,2025-12-05,CHA,TOR,CHA,0,2025-26,0.3027,-1.3056728050402537,-1.1636686285508284,0.37913299101591413,-1.0646106562646522,-1.824154412616835,-1.6524594480506305,1.7979735912362198,-0.42073274219852,-1.3964310031465668,-0.20753173689085821,-1.5180184431486294,0.3330898878328098,-0.11527825568292054,0.8815263966194288,-0.23589569167083746,-0.7472160345037205,0.43538813205299404,0.6219046723361191,0.1747606264981754,-0.6949539398499146,-0.31463147660434315,1.4700371193695205,0.3616039240295165,0.844235267177813,-0.6069726457720921,-1.2262444016037357,-1.5774435506637199,-0.6985278345141037,0.8130375314632371,-1.0764402662319255,-1.7472283108110032,-1.3003449563868397,1.787305836418548,-0.07494128051768933,-2.0065534447981435,-0.4083406268727281,-1.6485062341941568,0.6668651652884708,1.1504586416037264,1
KXNBAGAME-25DEC05DALOKC,2025-12-05,DAL,OKC,OKC,0,2025-26,0.899,0.013028555333913172,-0.2679792681769092,-0.004306921721052926,-0.17204849530291924,-0.6707168001851367,0.8875850835039205,-0.043900139761798844,0.29194162032038706,-0.4368716361410877,-0.20753173689085821,-0.7152060429325487,0.8912223950025976,-0.11527825568292054,2.2327029269959855,1.224946700193404,-1.6157178650836546,2.0705659523470694,1.9254588499144127,1.6704279753480533,0.7294479654748927,-0.7323532716245201,0.21923398832659594,-0.7564997059510131,1.136667370764283,0.8711430492479211,0.9237347694900384,-1.57744355066372,-1.1219183642508848,1.1595881068460652,-1.613622321567375,-1.8454655030021418,-0.5320742223248117,-0.5484086037918706,0.7159556397951903,-0.46338964093808493,0.4001074063691784,-1.2916838650721558,0.008588154428847751,-1.0704752598915837,0
KXNBAGAME-25DEC05DENATL,2025-12-05,DEN,ATL,DEN,0,2025-26,0.6009,0.4525956754586354,1.951772624923677,0.9063628710292475,0.554752121480206,2.115278663688354,2.8818349223277435,1.0075027816829032,-0.19397271776068534,1.1623939755347092,-0.5598022978025484,-2.1018820069421422,-0.31806470386527647,-0.11527825568292054,-0.01925795696494194,0.1926180766093406,0.5394533441332207,-0.2998080972265127,0.4382423998938199,0.32540338105859423,-0.8190397682629655,-1.2786048497278306,1.6717795598603147,0.5381466024474955,0.2593710600048745,-0.05267926013958736,-0.1512548160568486,0.3377125638788836,1.3162271000954013,0.2701082966968076,0.6079441445656715,1.1967185132394742,1.8174916148551739,1.3076666004666053,0.7611497495273554,-0.3511595461118993,-0.7912896952504737,-1.6485062341941572,-0.18889494882903904,0.03999169085607133,1
KXNBAGAME-25DEC05INDCHI,2025-12-05,IND,CHI,IND,0,2025-26,0.369,-0.8661056849155315,-0.48216585435328035,0.20338969767813786,-0.4780698076326562,-0.0008357252728778194,0.04440225691349749,-0.33553014716982016,-0.9066470802795924,-1.3164677225627772,0.3795858646286257,-0.7152060429325487,1.26331073311579,-0.11527825568292054,-0.920042310549313,0.8159108304714175,1.826122722770162,-0.9082463559405872,-0.4711098270766044,-0.5784531463039229,-0.6122300542412149,0.3922823303528819,0.9858552621916148,0.12621368613887937,-0.9103573543410046,0.40923189455416686,-0.1512548160568486,0.018519878121783073,-0.9759216298588915,-1.162300748218883,0.30748638480177587,0.32842849193718227,0.4276426169889167,0.19585917613355674,-0.9110323105627341,-1.613748112906493,0.18735792393709763,0.13560561141584732,0.6010374642025087,0.03999169085607133,1
KXNBAGAME-25DEC05LACMEM,2025-12-05,LAC,MEM,MEM,0,2025-26,0.4676,-1.3056728050402537,-0.40427982301641935,0.5069462952615721,-0.6693331278387418,-0.49770115832037864,-0.5433766429503649,2.4221641334077693,-0.35594416378770943,-1.3164677225627772,-0.14881997673890898,-0.5692401519841711,-1.0622413800916604,-0.11527825568292054,-0.01925795696494194,-0.5085862714854942,-0.3129651192137525,-0.08431954726527797,-1.0579331853678648,-0.8582182619161296,-0.21153623332407448,1.9667721731212442,1.1472492145842497,-0.34456678964239706,-1.2758974838240917,0.31684966361541633,0.9237347694900384,-0.9390581791495188,0.0752548577634575,0.5935555003874469,-0.4208960631106986,0.38863838392529976,0.20387444201939414,1.8920546350747198,-1.634138066277366,-1.7259782077326786,0.14480802745068236,0.4924279805378478,-0.9788273618605868,-1.0704752598915837,0
KXNBAGAME-25DEC05LALBOS,2025-12-05,LAL,BOS,BOS,0,2025-26,0.75,1.3317299157080804,0.9392542175444623,-0.03626024778246741,0.6440083375763794,1.8136103650523698,0.551711426438856,0.8054083028650619,-0.7446756342525683,-0.6767614778924579,0.49700938493252317,-0.5692401519841711,-0.8761972110350646,-1.2164161539661753,1.3319185734116146,1.3807698886589226,-0.5542156277081789,1.3353697230675625,1.4058290059313117,1.3906628597358466,0.015954452099854688,0.4886796676652297,-0.34564484504762727,-1.6392130980409056,-0.5448172248579175,0.7787608183091705,-1.2262444016037357,0.018519878121783073,-0.33353599853412086,0.374073469311655,-0.5028390885008519,0.2967390751013303,-0.5768278573187168,0.5689119152072873,-0.8658382008305688,-0.23892945128571375,1.5489546115024153,-0.017318261065010523,-1.176310465118474,0.03999169085607133,0
KXNBAGAME-25DEC05MIAORL,2025-12-05,MIA,ORL,ORL,0,2025-26,0.7023,0.8921627955833576,1.270269850726129,-0.004306921721052926,0.835271657782465,-0.46664706875491324,0.3068035514955795,0.47028961014181725,1.296164585687935,1.3223205367022883,-0.8533610985622904,0.16058930275772,0.5191340568894061,-0.11527825568292054,0.8815263966194288,1.3223361929843536,-0.3290484864467133,1.1198811731063278,0.41584456179110013,-0.43498385624638036,0.9414279223471836,0.1352227641866172,0.017491547835801726,-1.0507375033143105,0.844235267177813,0.31684966361541633,-0.1512548160568486,0.018519878121783073,-0.04154252975013453,0.23545323915852345,-0.21148610933586218,-0.6317608381890808,0.5146635739215089,-0.32972251536933306,0.806343859259519,0.9114290206826932,0.1448080274506816,-0.4760898785075827,0.14024355660077248,0.03999169085607133,0
KXNBAGAME-25DEC05PHIMIL,2025-12-05,PHI,MIL,PHI,0,2025-26,0.5258,0.013028555333913172,-0.34586529951377015,0.25131968677025845,-0.42706625557770006,-0.7727516659002472,-0.8407647768100559,0.9588977804482329,0.5187016447582194,-0.5967981973086682,0.5557211450844713,0.8904187574996111,0.9842444795308961,-1.2164161539661753,-1.3704344873414982,-1.0539674311148133,0.16953589777510053,-0.8195157765447848,0.2501005598309747,1.839004391165665,-1.1628609178241223,-1.5999293074356598,0.13853701213027853,0.3616039240295165,-0.3254931471680654,-1.1612660314045973,-0.1512548160568486,0.9760979353930849,0.5278447343786395,0.06217795146710936,0.2801720430050581,-0.7331669720638007,-1.877169585197161,1.5171641977789452,1.484255505241987,-0.5195046883511787,0.14480802745068236,0.8492503496598487,1.522625279405981,-1.0704752598915837,1
KXNBAGAME-25DEC05PHXHOU,2025-12-05,PHX,HOU,HOU,0,2025-26,0.7898,0.4525956754586354,0.19933691984426774,-0.5634901277957985,0.5802538975076842,0.41174003609691884,0.26481934436244714,-0.6706488398930704,-0.38833845299311476,-1.3964310031465668,0.6144329052364195,2.2041117760350155,-1.0622413800916604,2.086997540883589,1.3319185734116146,1.0301677146115051,-1.2297170514925735,1.6395888524245998,0.08883612549139024,0.40072475833880367,0.03405030207675586,2.159566847745942,-0.5877357736365809,-0.6388045870056945,0.844235267177813,0.31684966361541633,-0.1512548160568486,-0.6198654933924184,-0.6255294673181072,0.47803864192650414,-0.7668777258691238,0.22702235806245888,-0.09448312460663458,-0.5043038464629571,-1.7923174503399426,-0.5756197357642715,0.9107061642061729,0.9511995979804209,-0.9788273618605868,2.260925592351381,0
KXNBAGAME-25DEC05PORDET,2025-12-05,POR,DET,DET,0,2025-26,0.7213,-0.8661056849155315,0.024093349336325693,0.7465962407221773,-0.5800769117425685,-1.824154412616835,-1.295593687419,-0.6655325239736293,1.8468675021798178,-0.9566329599357221,0.9667034661481096,-0.9341548793551167,0.8912223950025976,-0.11527825568292054,0.8815263966194288,0.5042644535403777,-0.2807983847478285,0.549470305561883,1.0026679200823556,-0.18391259864568094,-0.41576082592055064,0.5850770049775799,-0.34564484504762727,1.5974026729553668,0.4055871117981088,1.1482897420641736,-0.1512548160568486,-1.2582508649066193,-0.3627353454125199,0.7437274163866721,-0.8124016288636535,-2.0165883539157297,-0.7981097192330229,-0.18086895938425165,0.8741350238577652,-0.43533211723153903,-0.4508905233591448,-0.9348614959501553,-0.18889494882903904,0.03999169085607133,0
KXNBAGAME-25DEC05SASCLE,2025-12-05,SAS,CLE,CLE,0,2025-26,0.6154,0.8921627955833576,0.549824060860149,-0.1001668999052964,0.4399941293565547,0.22541549870410665,0.09688251582991388,1.0202935714814962,0.09757588508795764,-0.5967981973086682,-0.9707846188661867,-0.05835953366484655,-0.31806470386527647,-0.11527825568292054,-0.01925795696494194,-0.06059460464712736,-0.3612152209126373,0.24525117620484574,-0.005234794540032371,-0.19825952765143556,-0.5605276257357744,0.26375254726975067,-0.30529635694946927,-0.4622619085877156,-0.6179252507545353,1.055907511125423,-0.1512548160568486,0.6569052496359842,0.45484636718264093,0.1892464957741457,0.13449555342256317,0.16047458270717385,0.20138812896417752,1.133085269372981,-0.12013539024985452,-0.21087192757916684,-0.36579073038631205,0.39047873221727697,-0.9788273618605868,0.03999169085607133,0
KXNBAGAME-25DEC05UTANYK,2025-12-05,UTA,NYK,NYK,0,2025-26,0.8992,-0.42653856479080904,1.1923838193892653,2.0886359353015678,-0.8860982240723054,0.23872439423216574,0.3977693336173675,0.4856385579001352,-0.0320012717336612,2.0419900619563975,1.0254152263000589,0.37953813918028784,-0.9692192955633627,-1.2164161539661753,0.8815263966194288,0.8548666275877979,-0.5220488932422549,0.9677716084278092,0.7518121333318969,0.2967095230470849,-0.32786669746130775,0.3601498845820985,0.25958247642475535,-1.1684326222596302,-0.3254931471680654,-0.23744372201708921,-0.1512548160568486,-0.9390581791495186,0.25045093903384974,1.8873443151500058,-1.3313741230012914,-0.3655697367679389,0.07209985009289833,0.5836135009835987,-0.27831477431242946,1.248119305161251,1.5915045079888321,0.49242798053784825,-0.5180334542588506,-1.0704752598915837,0
KXNBAGAME-25DEC06ATLWAS,2025-12-06,ATL,WAS,ATL,0,2025-26,0.8046,-0.42653856479080904,0.3356374746837779,0.6826895885993484,-0.32505915146778774,0.3585044539846875,0.6531732603439281,-0.5197175202696186,-0.9066470802795924,1.642173659037448,0.3795858646286257,0.08760635728353114,-0.13202053480868028,-1.2164161539661753,-1.3704344873414982,-0.9371000397656722,1.858289457236086,-2.0744196851425634,-0.5024668004204111,-0.0117494505766291,-0.8371356182398667,-1.0536777293323494,-0.6280842617347389,0.06736612666621902,-0.6910332766511524,0.6863785873704192,-0.1512548160568486,0.6569052496359843,0.9512352641154185,-0.8388535445282437,1.2543835670879928,0.607295360092661,0.4674236258723871,0.2234246494641292,0.1058351584109682,1.5848095896398087,0.22990782042351438,0.543402604698134,-0.5838611553448126,-1.0704752598915837,1
KXNBAGAME-25DEC06GSWCLE,2025-12-06,GSW,CLE,GSW,0,2025-26,0.2451,-0.42653856479080904,-0.852124503203379,-0.7232567581028687,0.019214824903166366,-1.3228526810599843,-0.5258832233115615,0.5726159285305932,0.2595473311149818,0.3227795294049153,0.6144329052364195,0.9634017029737999,-0.5041088729218727,-0.11527825568292054,-0.01925795696494194,0.3679191636330507,-0.0877979779522868,0.30863016148756184,0.5457520227868728,-0.25923397592589237,-0.29167499750750253,0.2316201014989673,0.017491547835801726,-0.8153472654236734,-0.39860117306468257,0.5939963564316687,-1.2262444016037357,-0.3006728076353175,-0.9175229361020956,-0.4576479116071329,-0.21148610933586215,-1.3352658919449543,-0.19890827292574592,0.6203674654243585,0.015446938946639432,0.20999092801903066,1.0383558536654216,0.95119959798042,-0.7813442586027001,1.1504586416037264,1
KXNBAGAME-25DEC06HOUDAL,2025-12-06,HOU,DAL,DAL,0,2025-26,0.2978,1.3317299157080804,0.6471816000312274,-1.4901365835768052,1.6130758266205463,0.34075925994727624,0.5901969496442276,0.5649414546514356,1.7820789237690071,-0.8766696793519324,0.027315303716935573,0.8904187574996111,0.5191340568894061,-1.2164161539661753,-0.46965013375712733,-0.761798952741965,0.024785592678443723,-0.5152966471877475,-0.7846795605146789,0.9243876670488335,-0.1313974691406435,-0.12183680197964522,-0.6280842617347389,-0.4034143491150563,-1.1296814320308568,0.31684966361541633,-1.2262444016037357,1.2952906211501856,1.0534329781898142,-1.0929906331423163,1.5184222044562647,0.7942629194241758,-0.22625771653313173,0.5009170809918814,1.3260761211794105,-0.18281440387262093,0.3150076133963464,1.4099712154229926,0.14024355660077248,0.03999169085607133,0
KXNBAGAME-25DEC06LACMIN,2025-12-06,LAC,MIN,MIN,0,2025-26,0.766,-1.3056728050402537,-0.7937099797007325,0.28327301283167294,-0.745838455921176,-0.6352264121103166,-0.8302687250267737,2.14332491579835,-0.5827041882255442,-1.3564493628546712,0.027315303716935573,-0.05835953366484655,-1.5273518027331505,-1.2164161539661753,0.4311342198272434,0.8743445261459867,0.04086895991140686,0.5367945085053397,-0.22025404032614332,0.5441940483963462,-0.09520576918683829,0.2958849930405318,0.017491547835801726,0.3027563645568572,0.11315500821163886,-0.14506149107833788,-0.1512548160568486,-1.2582508649066193,-1.2533154252036793,0.1776948099280521,-0.9216589960505246,-0.30219090309623853,-0.9721516330982056,1.609049108880854,-0.6172705973036635,-0.9684250676559222,-0.19559114444064724,-0.11926750938558137,-0.9788273618605868,-1.0704752598915837,0
KXNBAGAME-25DEC06MILDET,2025-12-06,MIL,DET,DET,0,2025-26,0.8481,-1.3056728050402537,-0.9689535502086718,0.07557639343248217,-0.6948349038662198,0.5004660062839752,1.6048152886949445,-0.9392554256636134,-1.6517157320039024,0.36276116969681077,0.43829762478057493,-0.1313424791390367,-1.2482855491482567,-1.2164161539661753,0.8815263966194288,0.660087642005899,-0.10388134518524995,0.5114429143922532,1.0788205696316042,-0.1767391341428046,-0.6303259042181161,0.2958849930405318,-0.6684327498328982,1.5974026729553668,0.3324790859014916,1.1482897420641736,-1.2262444016037357,-1.5774435506637199,-1.2241160783252802,0.13148806654367598,-0.8670303124570891,-0.4099349203381278,1.2580711774313673,-0.22497371671316715,-1.362973407884378,0.7150263547368678,-0.8338395917368897,-0.32316600602672574,-1.7029320738061722,0.03999169085607133,0
KXNBAGAME-25DEC06NOPBKN,2025-12-06,NOP,BKN,BKN,0,2025-26,0.6197,-1.7452399251649762,0.5692955686943636,1.609336044380355,-0.9116000000997836,-0.05407130738511656,-0.08854773234142288,0.6595932991610569,0.03278730667714708,-0.7567247584762474,-0.3249552571947546,0.6714699210770445,-0.8761972110350646,-0.11527825568292054,-0.46965013375712733,-1.2487464166967122,-0.6185490966400269,-0.32515969133959916,-0.780199992894138,-0.015336182828069256,-0.6070598113906718,-0.9572803920200015,-0.30529635694946927,0.8323843998107929,-1.2027894579274745,0.22446743267666502,-0.1512548160568486,-0.939058179149519,1.3600261204129989,1.6101038548437425,-0.4208960631106986,0.5090581679015241,-0.05718842877838082,0.907048388062302,0.6933585849291076,-0.32310202240535246,-0.8338395917368897,1.3080219671024218,-0.7813442586026997,0.03999169085607133,0
KXNBAGAME-25DEC06SACMIA,2025-12-06,SAC,MIA,SAC,0,2025-26,0.2478,-1.3056728050402537,-1.4752127538982807,0.8105028928450041,-1.6128988408554308,-0.6795893972038412,-1.2431134285025836,-1.5864693894726385,-1.3925614183606647,-0.5168349167248787,-0.9120728587142385,1.03638464844799,-0.5041088729218727,0.9858596426003342,0.8815263966194288,0.7769550333550372,-0.5059655260092941,0.9043926231450932,-0.28744755463430016,0.13171983948091343,0.2770517160523146,1.1955934746224548,1.0665522383879322,-0.6388045870056945,0.11315500821163886,0.7787608183091705,-1.2262444016037357,-1.5774435506637199,-1.6913056283796588,0.9516577616163686,-1.8048227141443998,-0.28634619467831346,-0.9796105722638584,-1.3349434428241755,-1.8149145052060252,-1.1087126861886556,-0.19559114444064724,0.6453518530187061,-0.9129996607746248,2.260925592351381,1
KXNBAGAME-25DEC07BOSTOR,2025-12-07,BOS,TOR,BOS,0,2025-26,0.585,1.3317299157080804,1.2507983428919116,-0.43567682355014287,1.16679474613968,1.565177648528622,1.7342665940221043,0.03796091494922364,-0.12918413934987705,-0.4768532764329832,-1.323055179777877,-0.1313424791390367,0.5191340568894061,-0.11527825568292054,0.4311342198272434,-0.7033652570673931,-0.6989659328048358,0.0931416115263271,0.03956088166540472,-0.14804527613129528,-0.8448909825156844,-0.3788963681459076,1.2279461907805669,0.5381466024474955,1.136667370764283,-0.8841193385883449,-0.1512548160568486,0.6569052496359845,1.4622238344873926,0.18924649577414734,0.7627254147470723,1.0858055543140022,1.3301742560326568,0.6295559565345479,0.1736263230092144,-1.1928852573082944,-1.3444383495738832,-0.8838868717898697,0.9960036707182827,0.03999169085607133,1
KXNBAGAME-25DEC07DENCHA,2025-12-07,DEN,CHA,DEN,0,2025-26,0.8215,0.4525956754586354,2.165959211100048,1.241872794674094,0.4272432413428156,2.3725839772308066,2.703402042011926,0.9665722543273905,-0.35594416378770943,1.122412335242814,-0.6185140579544965,-2.1018820069421422,-0.31806470386527647,-0.11527825568292054,-0.920042310549313,-0.8397105469747228,0.05695232714436771,-0.5913514295270068,-1.308788972118326,-1.7190340022613848,1.4584522074015631,-0.2824990308335598,-1.2736600713052808,0.3027563645568572,-0.9834653802376224,0.40923189455416686,-0.1512548160568486,0.9760979353930849,2.2506062002041562,0.8592442748476148,0.7263062923514485,2.6164043874855616,3.1078880905127515,-0.3407487047015665,-0.05234422565160675,1.6689821607594484,-0.6636400057912248,-0.7819376234692975,-0.5180334542588506,0.03999169085607133,1
KXNBAGAME-25DEC07GSWCHI,2025-12-07,GSW,CHI,GSW,0,2025-26,0.5204,-0.42653856479080904,-1.0468395815455356,-0.9469300405327679,0.07021837695812252,-1.4914320244153878,-0.5503740108058863,0.524010927295923,0.4863073555528142,0.6026510114481795,0.5557211450844713,0.8904187574996111,-0.5041088729218727,-1.2164161539661753,-0.920042310549313,-0.002160908972558256,1.343621705781309,-1.060355920619106,-0.5248646385231334,-0.6107337365668704,-0.8965934110211192,-0.05757191043807847,0.29993096452291335,0.24390880508419793,-0.9103573543410046,-0.3298259529558397,-0.1512548160568486,0.33771256387888376,-0.7861258751493009,-1.6474715537548428,0.8082493177416021,-0.6983086135443659,0.027346215098994653,1.0154725831625457,0.37699981680395456,0.20999092801903066,0.22990782042351438,1.2570473429421352,-0.123067247743077,-1.0704752598915837,1
KXNBAGAME-25DEC07LALPHI,2025-12-07,LAL,PHI,LAL,0,2025-26,0.5838,1.3317299157080804,1.1923838193892653,0.04362306737106767,0.7460154416862916,1.928954126295537,0.8525982442263115,1.273551209493724,-0.971435658690403,-0.836688039060037,0.144738824020833,-0.6422230974583599,-0.6901530419784689,-0.11527825568292054,0.4311342198272434,-0.09955040176350768,0.0891190616102917,-0.13502273549145083,-0.6726903700010824,-0.6860551138470777,1.174088850621656,0.3601498845820985,-0.34564484504762727,0.5381466024474955,1.063559344867666,0.6863785873704192,-0.1512548160568486,0.6569052496359845,0.965834937554617,-0.030235535301644495,0.6261537057634834,1.849520500057986,1.0765703244005318,0.08192188636719326,-0.9336293654288168,-0.3511595461118993,-0.2806909374134793,-1.1897346167515845,-0.9788273618605868,0.03999169085607133,1
KXNBAGAME-25DEC07OKCUTA,2025-12-07,OKC,UTA,OKC,0,2025-26,0.83,2.210864155957525,1.4065704055656392,-1.3463466163004434,1.9956024670327175,2.155205350272529,1.9057021064824,0.7849430391873083,-0.6798870558417577,0.2827978891130198,-1.0294963790181348,0.5255040301286655,0.7982003104742998,-0.11527825568292054,-0.46965013375712733,1.0301677146115051,2.3729572086908606,-1.1997896882410815,-0.13066268791526167,0.18552082325249186,0.8612891581637585,-0.4431612596874744,1.4296886312713613,0.3027563645568572,0.2593710600048745,-1.346030493282099,-0.1512548160568486,1.933675992664387,0.27965028591225083,-2.675571594057232,2.283223774764363,1.6276945822070363,1.2207764816031135,-0.046716989175471346,-0.1653294999820181,-0.8000799254166437,-0.9614892811961376,0.1865802355761325,1.522625279405981,0.03999169085607133,1
KXNBAGAME-25DEC07ORLNYK,2025-12-07,ORL,NYK,NYK,0,2025-26,0.5179,0.8921627955833576,1.3092128663945608,-0.2599335302123666,1.0647876420297677,0.17661621510122996,-0.5818621661557385,0.6800585628388104,0.03278730667714708,0.12287132794544067,-1.5579022203856707,1.03638464844799,0.1470457187762136,-0.11527825568292054,0.8815263966194288,0.9717340189369361,-0.8437162379014903,1.297342331897933,1.1908097601452032,0.6697296771966958,-0.09003552633629511,0.19948765572818394,0.17888550022843794,-0.8741948248963327,-0.3254931471680654,-0.23744372201708921,-0.1512548160568486,0.018519878121783073,0.2504509390338518,0.42028021269603116,-0.17506698694023842,-0.7204912053294585,-0.8826443631103983,0.5542103294309862,-0.12013539024985452,-0.042526785339888455,-0.49344041984556003,0.9511995979804209,0.2718989587726972,0.03999169085607133,0
KXNBAGAME-25DEC07PORMEM,2025-12-07,POR,MEM,MEM,0,2025-26,0.582,-0.8661056849155315,-0.30692228384534104,0.4909696322308637,-0.5928277997563075,-1.7487373379578426,-1.20462790529721,-0.48646146679326635,1.6848960561527937,-1.1165595211033026,1.4363975473636972,-1.0801207703034943,1.1702886485874915,-0.11527825568292054,0.4311342198272434,-0.27485148878721777,-0.8437162379014903,0.4860913202791669,-0.15754009363852742,-0.41346346273774937,-0.4338566758974547,1.9989046188920276,1.2682946788787264,0.00851856719355974,-1.2027894579274745,0.31684966361541633,-0.1512548160568486,-0.9390581791495188,-0.02694285631093604,0.9632094474624623,-0.7759825064680297,-1.1419604492462685,-0.5743415442634988,-0.039366196287317745,-0.23312066458026587,-1.6698631603195857,1.0383558536654216,0.08463098725556167,0.6010374642025081,0.03999169085607133,0
KXNBAGAME-25DEC08PHXMIN,2025-12-08,PHX,MIN,PHX,0,2025-26,0.2648,0.013028555333913172,-0.48216585435328035,-0.2599335302123666,-0.10829405523422404,-0.4134114866426819,-0.5468753268781257,-0.737160946845775,-0.6798870558417577,-1.5963392046060414,0.7318564255403169,2.6420094488801498,-1.4343297182048529,0.9858596426003342,0.8815263966194288,0.8159108304714175,-0.23254828304894362,0.7142556672969448,-0.06794874122765075,1.067856957106378,-0.06418431208357626,0.1352227641866172,0.017491547835801726,0.3616039240295165,-0.10616906947821261,-0.3298259529558397,-0.1512548160568486,-0.619865493392418,-0.9759216298588915,-0.018683849455550877,-0.5938868944899113,-0.2514878361588768,-1.1337619816873066,-0.48225146779849837,-0.5720764875714984,-1.1367702098952017,0.27245771690993115,1.919717457025851,-0.7813442586027001,1.1504586416037264,1
KXNBAGAME-25DEC08SACIND,2025-12-08,SAC,IND,IND,0,2025-26,0.6091,-0.8661056849155315,-1.1441971207166137,0.6028062734458133,-1.2303722004432596,-0.2980677253995123,-1.033192392836918,-1.276932276346583,-1.3601671291552595,-0.836688039060037,-1.1469198993220324,0.9634017029737999,-0.41108678839357415,-0.11527825568292054,-0.46965013375712733,-0.27485148878721777,-0.13604807965117394,-0.07164375020873476,0.5143950494430637,0.49756652912764604,-0.5295061686325152,-1.0858101751031326,-1.2333115832071215,0.24390880508419793,-0.17927709537483108,1.702583127696679,0.9237347694900384,-0.3006728076353177,-0.6547288141965062,0.5357970711569755,-0.8306111900614653,-0.5810577712517191,-1.0840357205829683,-0.5392201126816791,-0.1879265548481007,0.26610597543212344,-1.0040391776825544,0.798275725499563,-1.5054489705482854,-1.0704752598915837,0
KXNBAGAME-25DEC08SASNOP,2025-12-08,SAS,NOP,SAS,0,2025-26,0.7862,0.8921627955833576,0.725067631368091,0.23534302373955235,0.2869834731916862,0.19436140913863387,0.03040752120245273,0.6365698775235814,-0.19397271776068534,-0.5967981973086682,-1.381766939929826,0.014623411809342294,-0.5971309574501704,0.9858596426003342,-1.8208266641336839,0.4458307578658086,1.5527054798098114,-0.9335979500536737,-0.2023357698439645,-0.2915145661888378,0.5174680086026018,0.038825426874269355,-0.3859933331457867,-0.6388045870056945,0.6249111894879615,-0.9765015695270958,-0.1512548160568486,1.933675992664387,0.20665191871625427,-0.9428187171430911,0.8719827819339435,0.2777254249998153,0.21879232035069537,0.09111037747738475,-0.1653294999820181,-0.15475688016607403,-0.5359903163319768,-0.425115254347297,0.2718989587726972,1.1504586416037264,1
KXNBAGAME-25DEC09MIAORL,2025-12-09,MIA,ORL,ORL,0,2025-26,0.4503,0.4525956754586354,0.6666531078654419,-0.3238401823351933,0.6950118896313356,-0.142797277572168,-0.30196745193484914,-0.26901804021710995,1.263770296482532,0.8025592129076541,-0.6772258181064448,0.16058930275772,0.7051782259460014,0.9858596426003342,0.8815263966194288,1.0886014102860744,-0.3933819553785613,1.018474796653982,0.03956088166540969,-0.6860551138470797,0.4890316729246084,0.3280174388113151,0.21923398832659594,-1.3449753006776082,0.6980192153845788,-0.3298259529558397,-0.1512548160568486,-0.3006728076353175,-0.31893632509492237,0.05062626562101574,-0.2388004511325799,-0.13423699386623533,0.2560870161789505,-0.5392201126816791,0.6481644751969441,0.40639359396485597,0.48520719934201123,-0.3741406301870114,0.732692866374433,1.1504586416037264,0
KXNBAGAME-25DEC09NYKTOR,2025-12-09,NYK,TOR,NYK,0,2025-26,0.6969,1.3317299157080804,0.802953662704952,-1.1226733338705441,1.4218125064144607,1.0372581259156508,0.8316061406597434,0.18889223457267268,0.3567301987311953,0.20283460852923024,-1.2056316594739804,-0.20432542461322556,-0.2250426193369788,-0.11527825568292054,-0.01925795696494194,-0.8591884455329144,-0.5542156277081789,-0.12234693843490764,-0.1709787965001603,-0.0404433085881384,-0.7828480683091574,-0.025439464667297386,0.7841128217008205,0.42045148350217687,0.6249111894879615,-0.7917371076495939,-0.1512548160568486,0.9760979353930851,1.2432287328994047,-0.41144116822275517,1.0996022969065917,0.8576417530958796,0.6141160961301855,0.6938753943058802,0.2640145424735448,-0.4072745935249931,-1.1742387636282192,-0.578039126828155,0.4035543609446213,0.03999169085607133,1
KXNBAGAME-25DEC10PHXOKC,2025-12-10,PHX,OKC,OKC,0,2025-26,0.8993,0.4525956754586354,-0.7547669640323007,-0.5634901277957985,-0.044539615165528845,-0.5420641434139105,-0.43841612511753214,-1.369025962896485,-0.8094642126633789,-1.4763942837303563,0.26216234432472935,2.569026503405961,-1.5273518027331505,-0.11527825568292054,2.2327029269959855,1.8677173526136697,-1.2297170514925735,2.1846481258559587,2.525720911067301,2.07931545201205,-0.14949331911754754,-0.8930155004784347,0.542021893111867,-1.0507375033143105,0.47869513769472594,0.5016141254929182,0.9237347694900384,-1.2582508649066195,-1.9686994237244446,0.47803864192650414,-1.6045175409684693,-2.1782043797785686,-1.7578265585467512,-0.875518887314652,0.06064104867880302,-1.4173454469606666,0.9532560606925888,1.4609458395832793,-1.4396212694623232,-1.0704752598915837,0
KXNBAGAME-25DEC10SASLAL,2025-12-10,SAS,LAL,SAS,0,2025-26,0.2845,0.8921627955833576,0.9587257253786767,0.5868296104151072,0.1594745930542958,0.016909468764526064,0.3942706496896068,0.552150664852834,-0.29115558537690117,-0.9566329599357221,-1.381766939929826,-0.1313424791390367,-0.9692192955633627,-0.11527825568292054,1.3319185734116146,1.1080793088442658,0.15345253054213967,0.6001734937880558,1.7776331184364587,1.1611119956437783,0.9052362223933784,-0.7644857173953036,-0.9508721665200098,-0.34456678964239706,-1.4221135356173267,-0.42220818389459025,0.9237347694900384,-0.30067280763531784,-0.11454089694613317,0.31631504008118366,-0.3207434765227333,-1.2497044664881594,-0.5295879092695951,-0.24518839715558602,0.33180570707179097,-0.014469261633341557,-0.7487397987640576,0.9002249738201343,-0.3863780520869265,-1.0704752598915837,1
KXNBAGAME-25DEC11BOSMIL,2025-12-11,BOS,MIL,MIL,0,2025-26,0.1416,1.3317299157080804,1.2507983428919116,-0.5155601387036779,1.230549186208375,1.702702902318555,1.7902455368662813,0.4574988203432185,-0.38833845299311476,-0.5568165570167728,-1.0294963790181348,0.014623411809342294,0.7982003104742998,2.086997540883589,-1.3704344873414982,-0.8202326484165341,0.2177859994739854,-0.7054336030358958,0.6174251047155782,1.50902502403332,-1.0878923964912404,-1.5999293074356598,0.29993096452291335,0.24390880508419793,-0.03306104358159546,-0.8841193385883449,3.0737139405838123,1.9336759926643872,1.5498218751225896,-0.526958026683698,1.3818504954726756,0.7752492693226678,0.22127863340591203,1.1036820978203767,0.8515379689916842,-0.6036772594708174,-0.9189393847097217,0.03365636309527558,1.1934867739761694,-1.0704752598915837,0
KXNBAGAME-25DEC11DENSAC,2025-12-11,DEN,SAC,DEN,0,2025-26,0.8197,0.8921627955833576,1.9323011170894597,0.8584328819371246,0.5802538975076842,2.567781111642323,2.6404257313122277,0.6775004048790912,-0.9390413694849977,1.4422654575779734,-0.5010905376506002,-1.9559161159937637,-0.5971309574501704,2.086997540883589,-0.920042310549313,-1.2097906195803318,0.5394533441332207,-1.2124654852976247,-0.305365825116479,-1.17743743229416,-1.392936724673323,-0.9251479462492181,-0.7087812379310577,-0.7564997059510131,0.6249111894879615,-0.3298259529558397,0.9237347694900384,1.2952906211501853,2.352803914278552,0.23545323915852345,1.2816979088847105,2.0459948844402565,2.6877011841810923,1.4785725351161474,-0.0071501159194431625,1.5006370185201698,0.18735792393709763,-1.8014301066750145,-0.18889494882903904,1.1504586416037264,1
KXNBAGAME-25DEC11LACHOU,2025-12-11,LAC,HOU,HOU,0,2025-26,0.717,-1.3056728050402537,-0.8326529953691616,0.26729634980096684,-0.7585893439349151,-0.3291218149649802,-0.8232713571712523,1.4193662131977347,-0.9066470802795924,-1.4364126434384608,0.08602706386888376,0.08760635728353114,-1.5273518027331505,3.1881354391668437,0.8815263966194288,0.0757506852602024,-1.3583839893562673,1.1198811731063278,0.3889671560678344,0.5334338516420317,0.5381489800047745,1.3562557034763694,-1.0315691427163274,0.8323843998107929,0.2593710600048745,0.5016141254929182,3.0737139405838123,-1.5774435506637199,-0.6839281610749053,1.1711397926921605,-1.3495836841991034,-0.5145099958964341,-0.9597200678221225,0.6387444476447354,-1.5889439565452024,-0.29504449869880656,-0.5359903163319768,-0.11926750938558227,-1.4396212694623232,0.03999169085607133,0
KXNBAGAME-25DEC11PORNOP,2025-12-11,POR,NOP,NOP,0,2025-26,0.4943,-0.8661056849155315,-0.5795233935243587,0.363156327985208,-0.6693331278387418,-1.9040077857851845,-0.8372660928822971,-0.4020422541225247,1.58771318853658,-1.2365044419789861,1.7886681082753884,-1.0071378248293055,1.0772665640591939,2.086997540883589,-1.8208266641336839,0.7185213376804681,1.7135391521394292,-0.8828947618275009,0.3844875884472934,-0.06555043434820954,0.8871403724164773,-0.31463147660434315,0.017491547835801726,-0.8153472654236734,0.3324790859014916,-0.8841193385883449,0.9237347694900384,0.6569052496359843,-0.9759216298588915,-0.96592208883528,0.1527051146203751,-1.636315351885531,-0.5544510398217642,-0.9177859464215276,1.326076121179412,-0.8842524965362825,1.8893537833937455,-0.9348614959501553,1.3909698772340562,1.1504586416037264,0
KXNBAGAME-25DEC12ATLDET,2025-12-12,ATL,DET,DET,0,2025-26,0.7241,0.013028555333913172,0.7055961235338738,0.6187829364765194,-0.03178872715178979,0.5714467824336178,0.6251837889218386,-0.17948251162693277,-0.5827041882255442,1.8420818604969227,0.144738824020833,0.37953813918028784,-0.2250426193369788,4.289273337450099,0.8815263966194288,0.6016539463313272,-0.10388134518524995,0.4734155232226237,0.8772400267071262,0.24649527152694664,-0.6070598113906689,0.6172094507483609,-0.5877357736365809,1.5385551134827065,0.040046982315021705,0.7787608183091705,4.148703526130699,-0.619865493392418,0.07525485776345958,0.5242453853108803,-0.36626737951726296,-0.21662947763944196,0.2685185814550337,0.30428337123380256,-0.8432411459644863,1.6970396844659952,-1.0040391776825537,0.23755485973641907,-0.7155165575167379,0.03999169085607133,0
KXNBAGAME-25DEC12BKNDAL,2025-12-12,BKN,DAL,DAL,0,2025-26,0.7395,-0.42653856479080904,-1.4752127538982807,-0.7392334211335772,-0.3760627035227439,-0.8082420539750698,-0.1130385198357517,-0.6143693647792399,-0.9066470802795924,-0.15700015409782353,1.1428387466039553,-1.0071378248293055,0.1470457187762136,4.289273337450099,-0.01925795696494194,-0.2553735902290262,-0.1521314468841348,-0.04629215609564831,0.10227482835302061,1.1682854601466546,0.4812763086487908,-0.5074261512290411,-0.2649478688513099,-0.8153472654236734,-0.6910332766511524,0.31684966361541633,4.148703526130699,-0.3006728076353175,-0.9175229361020956,-0.4229928540688504,-0.23880045113257997,-0.6539434299741735,-0.8950759283864815,-0.7817962779907073,-0.27831477431242946,0.06970330948629815,1.4213049220431673,-0.22121675770615357,-0.123067247743077,0.03999169085607133,0
KXNBAGAME-25DEC12CHICHA,2025-12-12,CHI,CHA,CHI,0,2025-26,0.5711,-1.3056728050402537,-0.7937099797007325,1.2258961316433878,-1.4981408487317796,-1.0300569794427021,-0.931730558931844,-0.7294864729666174,-0.5179156098147336,0.0029264070697556147,0.6144329052364195,-0.35029131556160326,-0.31806470386527647,3.1881354391668437,-0.920042310549313,-0.8786663440911031,0.13736916330917653,-0.6800820089228093,-1.2102384844663574,-1.5253504606837018,1.360217593241231,-0.31463147660434315,-1.0719176308144867,0.18506124561153864,-1.2758974838240917,-0.14506149107833788,3.0737139405838123,-0.3006728076353175,0.06065518432425902,0.7899341597710499,-0.5847821138910054,0.11610939913698676,0.39034792116066436,-1.4893100934753747,-0.1427324451159355,0.7430838784434137,0.3150076133963464,0.6453518530187057,-0.123067247743077,0.03999169085607133,1
KXNBAGAME-25DEC12CLEWAS,2025-12-12,CLE,WAS,CLE,0,2025-26,0.8996,-0.42653856479080904,-0.13167871333739903,-0.24395686718165818,0.10847104099933966,-0.41341148664267696,-0.9667173982094568,0.03796091494922648,0.7778559584014595,-0.39688999584919366,-1.1469198993220324,-0.35029131556160326,0.5191340568894061,4.289273337450099,-1.3704344873414982,-0.8591884455329144,1.793955988304238,-1.9730133086902177,-0.25161101366995003,0.1747606264981754,-0.29167499750750253,-1.4071346328109617,-0.4666903093421041,0.5381466024474955,-0.6910332766511524,0.6863785873704192,4.148703526130699,0.6569052496359843,0.5424444078178381,-1.4626445802173333,1.4911078626595469,-0.12156122713188963,-0.8130275975643241,0.23628853701839853,1.5294496149741523,0.04164578577975124,-1.2167886601146354,0.23755485973641907,-0.12306724774307641,0.03999169085607133,1
KXNBAGAME-25DEC12INDPHI,2025-12-12,IND,PHI,PHI,0,2025-26,0.6894,0.013028555333913172,-0.2290362525084773,-0.531536801734384,0.2742325851779472,0.5803193794523223,0.824608772804222,-0.0004114544465669936,-1.1334071047174272,-0.9966146002276175,-0.14881997673890898,0.30655519370609896,1.9144653248138763,2.086997540883589,-0.01925795696494194,-0.13850619887988802,0.15345253054213967,-0.21107751783071016,-1.1699223758814612,-0.5856266108067992,1.652336314296953,0.6493418965191443,-0.5473872855384214,0.3616039240295165,0.9173432930744302,0.6863785873704192,3.0737139405838123,0.018519878121783073,-0.07074187662853358,-0.49230296914541544,0.3439055071973996,1.23791475512608,0.987063054412723,-1.1732259992848209,-1.2499881335539682,-0.32310202240535346,-0.3657907303863113,-0.42511525434729613,0.8643482685463583,-1.0704752598915837,0
KXNBAGAME-25DEC12MINGSW,2025-12-12,MIN,GSW,MIN,0,2025-26,0.3831,0.4525956754586354,0.4914095373575026,-0.08419023687458801,0.38899057730159853,-0.014144620800936888,0.8001179853098932,-0.10273777283534581,-0.2587612961714959,-0.03705523322213846,0.26216234432472935,-0.8611719338809272,-0.6901530419784689,2.086997540883589,-0.46965013375712733,-1.0344895325566217,-1.1493002153277647,0.2325753791483025,-1.2953502692566932,-0.37759614022336374,0.14521052336344598,0.5850770049775799,0.34027945262107273,0.3027563645568572,0.6249111894879615,-0.6993548767108434,3.0737139405838123,0.6569052496359842,1.1410310188250092,0.766830788078861,0.1071812116258454,0.9020069366660702,0.8254527058236234,-0.17535586471813594,-0.5946735424375825,-0.26698697499225965,-0.025391558494982442,-1.036810744270727,0.008588154428847751,-1.0704752598915837,1
KXNBAGAME-25DEC12UTAMEM,2025-12-12,UTA,MEM,UTA,0,2025-26,0.3271,-0.8661056849155315,0.043564857170543016,2.056682609240151,-1.6128988408554308,-0.014144620800939351,0.016412785491409912,0.6723840889596528,-0.9390413694849977,1.2423572561184988,0.7905681856922652,-0.20432542461322556,-1.6203738872614486,3.1881354391668437,0.8815263966194288,0.09522858381839118,-1.036716644697032,0.8790410290320066,0.2411414245898828,-0.39552980148055655,-0.38473936881728865,2.159566847745942,1.550734095565838,0.47929904297483616,-0.5448172248579175,0.22446743267666502,3.0737139405838123,-1.2582508649066193,-0.04154252975013453,2.233894890532832,-1.7866131529465878,-0.18494006080359177,0.2809501467311197,0.7581948320772146,-2.1764673830633416,-0.21087192757916684,0.22990782042351438,0.23755485973641863,-1.307965867290398,0.03999169085607133,1
KXNBAGAME-25DEC13NYKORL,2025-12-13,NYK,ORL,NYK,0,2025-26,0.5973,1.3317299157080804,0.8808396940418158,-1.2824399641776143,1.6003249386068072,1.4099072007012703,1.4298810923068899,0.35261434399471764,0.32433590952579006,-0.11701851380592944,-0.9120728587142385,-0.1313424791390367,-0.5041088729218727,2.086997540883589,0.8815263966194288,1.0106898160533164,-0.4737987915433701,1.0311505937105252,0.03956088166540472,0.09943924921796596,0.3442648731093818,0.45654722189444635,0.29993096452291335,-1.1684326222596302,0.040046982315021705,-0.05267926013958736,1.9987243550369254,0.337712563878884,-0.09994122350693262,-0.5847164559141693,0.3985341907908352,0.9748925953885211,0.942309419418818,0.010251655707709391,-0.09753833538377193,-0.29504449869880656,0.18735792393709838,-0.11926750938558227,-0.3205503510009638,0.03999169085607133,1
KXNBAGAME-25DEC13SASOKC,2025-12-13,SAS,OKC,SAS,0,2025-26,0.1814,0.8921627955833576,1.3676273898972073,0.8744095449678331,0.19772725709551292,0.09232654342352335,0.6251837889218386,0.44982434646405806,0.09757588508795764,-0.8766696793519324,-1.2056316594739804,-0.20432542461322556,-0.9692192955633627,0.9858596426003342,2.2327029269959855,2.101452135311949,-1.5513843961518088,2.5902736316653416,2.9602389702600616,2.5993916284706415,0.11418906626018395,-0.7323532716245201,0.6227188693081843,-1.2272801817322896,0.6249111894879615,0.5939963564316687,0.9237347694900384,-0.939058179149519,-0.5525311001221106,1.7487240849968742,-1.7228796887542466,-2.032433062333656,-1.3625027827672624,0.24363932990654805,0.5803733105986962,-1.0525976387755618,0.01715833799143357,-0.578039126828155,-1.1104827640325114,0.03999169085607133,1
KXNBAGAME-25DEC14CHACLE,2025-12-14,CHA,CLE,CHA,0,2025-26,0.206,-0.8661056849155315,-0.7547669640323007,0.12350638252460276,-0.5928277997563075,-0.666280501675782,-1.033192392836918,1.2044809445813003,-0.8094642126633789,-0.9966146002276175,-0.03139645643501261,-1.372052552200251,-0.038998450280382596,-0.11527825568292054,-0.01925795696494194,0.40687496074942825,-0.00738114178747798,0.27060277031793223,-0.4935076651793192,-1.0339681422366196,0.7708099082792411,1.0349312457685402,-0.06320542836051567,-1.4626704196229277,0.11315500821163886,0.1320852017379145,-0.1512548160568486,-0.6198654933924183,-0.8737239157844959,0.09683300900539185,-0.621201236286629,-0.13106805218264891,-0.022380046005345076,0.31898495701010976,-1.2951822432861335,-0.6597923068839112,1.0383558536654216,-1.0368107442707266,-0.123067247743077,0.03999169085607133,1
KXNBAGAME-25DEC14GSWPOR,2025-12-14,GSW,POR,POR,0,2025-26,0.3787,-0.42653856479080904,-0.93001053454024,-1.0907200078091297,0.2614816971642081,-1.4869957259060331,-0.5363792750948435,0.1326127594588449,0.8102502476068625,0.36276116969681077,0.027315303716935573,0.37953813918028784,-0.7831751265067666,-0.11527825568292054,-0.920042310549313,-0.5670199671600661,0.7485371181617232,-0.9589495441667601,-1.770184437034352,-0.7900703491387985,-0.24514281185260522,0.8100041253730589,-1.2333115832071215,1.7150977919006853,-1.4221135356173267,1.2406719730029248,0.9237347694900384,0.33771256387888376,-0.27513730477732273,-1.3240243500642017,0.8719827819339435,0.1858261161758547,0.1616071200807071,0.27120480323711843,-0.0071501159194431625,1.1078316866285185,-1.2167886601146354,1.2570473429421356,-1.4396212694623232,-1.0704752598915837,0
KXNBAGAME-25DEC14LALPHX,2025-12-14,LAL,PHX,LAL,0,2025-26,0.5062,0.8921627955833576,1.0755547723839725,0.6986662516300545,0.14672370504055676,1.7426295889027248,1.2199600566412243,0.48308039994041035,-0.8742527910741872,-0.7967063987681429,-0.6772258181064448,-2.0288990614679534,-0.13202053480868028,2.086997540883589,-0.01925795696494194,-1.4630033008367997,-0.07171461071932596,-0.895570558884044,-0.9190665891309977,-0.4995450367722753,-1.5377035244885497,-1.117942620873916,-1.4754025117960752,0.42045148350217687,2.0139636815236917,-1.7155594170371025,1.9987243550369254,0.6569052496359842,1.900214037663374,0.5589004428491627,0.7445158535492605,1.89071674194459,1.208344916327029,1.4418185706753857,0.173626323009216,0.4625086413779487,-0.7912896952504737,-2.820922589880731,1.1276590728902072,0.03999169085607133,1
KXNBAGAME-25DEC14MILBKN,2025-12-14,MIL,BKN,BKN,0,2025-26,0.4743,-0.8661056849155315,-0.8131814875349471,-0.18005021505883148,-0.3888135915364829,1.0062040363501805,1.6328047601170341,-1.0108838485357563,-1.6517157320039024,0.20283460852923024,0.3795858646286257,-0.1313424791390367,-0.5971309574501704,0.9858596426003342,-0.46965013375712733,-1.2097906195803318,-0.6024657294070638,-0.3124838942830559,-0.569660314728568,0.1747606264981754,-0.2865047546569565,-0.7966181631660869,-0.10355391645867508,1.3031648755920693,-1.3490055097207094,0.40923189455416686,-0.1512548160568486,-0.3006728076353177,0.2942499593514493,0.30476335423508844,-0.05670483915446136,1.117494971149847,1.0343030024618447,-0.5208431304612982,-0.594673542437581,0.20999092801903066,-0.6636400057912256,0.8492503496598487,-0.7155165575167374,1.1504586416037264,0
KXNBAGAME-25DEC14NOPCHI,2025-12-14,NOP,CHI,NOP,0,2025-26,0.34,-1.3056728050402537,1.2313268350576971,1.68921935953389,-0.5418242477013513,0.6113734690177925,0.29630749971229736,1.1763412070243893,0.1947587527041712,0.44272445028060037,-0.9707846188661867,0.014623411809342294,-0.5041088729218727,0.9858596426003342,-1.3704344873414982,-0.6254536628346352,1.3597050730142721,-1.4786572234850321,-0.6906086404832563,-1.1666772355398456,-0.38215424739201703,-0.34676392237512654,-0.2649478688513099,0.3616039240295165,-0.9103573543410046,-0.6069726457720921,-0.1512548160568486,0.018519878121783073,1.389225467291398,0.24700492500461707,0.671677608758013,0.9210205867675783,1.0144124980201088,1.118383683596682,0.3769998168039561,0.49056616508449563,-0.9614892811961376,0.6453518530187057,0.07441585551480982,1.1504586416037264,1
KXNBAGAME-25DEC14PHIATL,2025-12-14,PHI,ATL,ATL,0,2025-26,0.6179,0.4525956754586354,-0.11220720550318447,-0.148096888997417,0.04471660093064444,-1.3006711885132158,-0.8827489839431901,1.3451796323658756,0.9722216936338866,-0.6367798376005623,-0.0901082165869608,0.5984869756028544,0.5191340568894061,-0.11527825568292054,-0.01925795696494194,0.5237423520985692,0.7807038526276472,-0.2744565031134263,0.12915223407628634,-0.15521874063417163,0.37528633021264385,-0.6680883800829557,1.7928250241547916,0.3616039240295165,0.47869513769472594,-0.05267926013958736,-0.1512548160568486,0.3377125638788836,-0.4795327329261161,-0.6655782568368296,0.22554335941162248,-1.02470960695362,-0.5246152831591618,0.7012261871940358,1.145299682250753,-1.6979206840261316,-0.3232408338998953,0.08463098725556123,0.40355436094462194,0.03999169085607133,0
KXNBAGAME-25DEC14SACMIN,2025-12-14,SAC,MIN,MIN,0,2025-26,0.8094,-0.8661056849155315,-1.1247256128823966,0.8584328819371246,-1.4216355206493452,-0.29363142689015764,-1.1836358017306439,-1.2436762228702307,-1.1334071047174272,-0.7167431181843533,-0.8533610985622904,0.45252108465447666,0.05402363424791592,0.9858596426003342,0.4311342198272434,0.660087642005899,0.13736916330917653,0.3213059585441051,0.41584456179110013,0.913627470294519,-0.13915283341646117,-0.4752937054582577,0.05784003593396114,0.3027563645568572,-1.1296814320308568,-0.7917371076495939,-0.1512548160568486,-0.9390581791495188,-1.3409134658388744,0.5242453853108803,-1.249431097611138,-0.5081721125292648,-1.479359496362457,-0.7928224673229367,-0.4590912132410886,-0.5475622120577256,-0.8338395917368897,1.104123470461278,0.6010374642025087,1.1504586416037264,0
KXNBAGAME-25DEC14WASIND,2025-12-14,WAS,IND,WAS,0,2025-26,0.233,-1.3056728050402537,-0.5016373621874977,1.753126011656719,-1.7276568329790822,-0.05407130738511656,0.16335751045737504,-0.512043046390461,-0.8742527910741872,-0.15700015409782353,0.7905681856922652,-0.7152060429325487,0.9842444795308961,-0.11527825568292054,-0.46965013375712733,-0.6254536628346352,-0.5381322604752181,0.017086829187067783,-0.04555090312493097,0.6087552289222391,0.018539573525126286,-1.0536777293323494,-1.2333115832071215,-0.6976521464783538,0.3324790859014916,1.5178186658191772,-0.1512548160568486,-0.6198654933924183,0.08985453120265807,1.6563105982281203,-1.249431097611138,-0.010648268206417514,-0.31079236041050584,-0.37934036736436627,0.12843221327705082,0.7430838784434137,1.0809057501518378,-0.7309629993090119,-0.3863780520869259,0.03999169085607133,1
KXNBAGAME-25DEC15DALUTA,2025-12-15,DAL,UTA,UTA,0,2025-26,0.5321,0.4525956754586354,-0.13167871333739903,-0.22798020415095208,0.0957201529856006,0.4250489316249779,0.9855482334812319,0.3449398701155601,-0.8094642126633789,0.12287132794544067,-1.0294963790181348,-0.35029131556160326,0.6121561414177037,0.9858596426003342,-0.46965013375712733,0.1536622794929603,1.89045619170201,-1.3899266440892297,-0.2650497165315829,0.32540338105859423,-0.025407490704496587,-0.15396924775042858,1.2682946788787264,0.47929904297483616,-0.7641413025477697,-1.43841272422085,0.9237347694900384,0.6569052496359842,-0.21673861102052672,-1.5204030094478065,1.063183174510968,0.48687557611643145,0.46990993892760513,0.26752940679304266,-0.4590912132410886,-0.8000799254166437,-1.0891389706553865,0.28852948389670474,1.4567975783200187,0.03999169085607133,0
KXNBAGAME-25DEC15DETBOS,2025-12-15,DET,BOS,DET,0,2025-26,0.5084,0.8921627955833576,0.9976687410471087,-0.1001668999052964,0.7332645536725527,1.028385528896944,0.5132259032334843,-0.5913459431417644,0.6806730907852436,-0.35690835555729816,1.4951093075156465,0.37953813918028784,0.9842444795308961,0.9858596426003342,0.8815263966194288,1.0496456131696967,-0.20038154858301963,0.841013637862377,1.2580032744533627,1.28664762444413,0.41664827301699225,-0.7323532716245201,-0.8298267022255331,-1.4038228601502685,0.040046982315021705,0.40923189455416686,1.9987243550369254,0.018519878121783073,-0.04154252975013661,0.07372963731320298,-0.08401918095117913,-0.1595885273349127,-0.5320742223248132,-0.7193145384414108,0.9871202981881765,0.32222102284521625,2.1021032658258263,0.23755485973641907,0.40355436094462194,-1.0704752598915837,1
KXNBAGAME-25DEC15HOUDEN,2025-12-15,HOU,DEN,DEN,0,2025-26,0.457,0.8921627955833576,0.0046218415021111415,-1.394276605392564,1.1157911940847236,0.5537015883962041,0.3103022354233402,0.4216846089071442,1.1017988504555076,-0.7567247584762474,1.084126986452006,0.6714699210770445,0.2400678033045113,2.086997540883589,0.8815263966194288,2.1793637295447095,0.7002870164628383,0.8663652319754634,2.7765766978177644,2.9652383181173745,0.3390946302588358,-0.7966181631660869,1.4700371193695205,-0.9918899438416513,-1.9338697168936487,-0.6993548767108434,1.9987243550369254,0.018519878121783073,-1.6329069346228609,-1.5088513236017111,0.1709146758181868,-1.5729365182138324,-1.8398748893689099,0.06354490414681638,1.326076121179412,-1.5576330654933992,1.5064047150159985,1.8177682087052802,0.6668651652884708,0.03999169085607133,0
KXNBAGAME-25DEC15MEMLAC,2025-12-15,MEM,LAC,MEM,0,2025-26,0.3556,0.8921627955833576,0.549824060860149,-0.7711867471949894,0.9755314259335944,0.4915934092652708,0.11087725154095865,0.04563538882838404,1.879261791385223,1.6021920187455527,0.26216234432472935,-0.6422230974583599,0.3330898878328098,0.9858596426003342,-1.3704344873414982,-0.5670199671600661,0.0891190616102917,-0.4392418648484881,0.11571353121465348,-0.8725651909218842,1.4610373288268377,-1.4071346328109617,-1.2333115832071215,-0.28571923016973777,0.6249111894879615,-1.6231771860983515,1.9987243550369254,1.614483306907286,0.8344378766018243,-0.6193715134524518,1.0085544909175326,0.2650496582654819,0.6787602355658251,-1.0041577628573186,2.2977494804209493,1.9776149215314591,0.4001074063691792,-0.8838868717898697,1.3909698772340562,-1.0704752598915837,1
KXNBAGAME-25DEC15TORMIA,2025-12-15,TOR,MIA,TOR,0,2025-26,0.3678,-0.42653856479080904,-1.6504563244062198,-0.48360681264226346,-0.6948349038662198,-0.8304235465218333,-0.8232713571712523,-1.0134420064954754,-0.35594416378770943,0.44272445028060037,0.3795858646286257,0.37953813918028784,-0.7831751265067666,4.289273337450099,-0.01925795696494194,0.660087642005899,0.05695232714436771,0.38468494382682117,0.07987699025030331,-0.7255091686129036,-0.0073116407275954165,0.8100041253730589,0.6227188693081843,-1.0507375033143105,-0.03306104358159546,0.9635252801866724,4.148703526130699,-0.3006728076353175,-1.7351046486972563,-0.38833779653056627,-0.7759825064680297,-0.6539434299741752,-0.08702418544098466,-0.7211522366634487,-0.8206440910984037,-0.12669935645952715,1.038355853665421,0.28852948389670474,-1.2421381662044364,0.03999169085607133,1
KXNBAGAME-25DEC17CLECHI,2025-12-17,CLE,CHI,CHI,0,2025-26,0.3497,-0.42653856479080904,0.19933691984426774,0.10752971949389666,0.04471660093064444,-0.8747865316153627,-1.2466121124303442,0.8233154085831019,0.875038826017673,-0.11701851380592944,-1.4404787000817743,0.5255040301286655,-0.31806470386527647,0.9858596426003342,-1.3704344873414982,-0.6838873585092043,0.89328742325838,-1.1490865000149084,-0.6816495052421694,-1.2168914870599858,-0.04091821925612903,-0.21823413929199306,-0.2649478688513099,0.06736612666621902,-0.5448172248579175,-1.43841272422085,0.9237347694900384,0.6569052496359843,0.6592417953314322,-0.5616130842219804,0.8537732207361318,-0.146912760600574,-0.04724317655751425,0.6222051636463963,0.7611497495273538,0.09776083319284404,-1.0891389706553865,0.747301101339277,0.7985205674603956,0.03999169085607133,0
KXNBAGAME-25DEC17MEMMIN,2025-12-17,MEM,MIN,MEM,0,2025-26,0.3152,0.8921627955833576,0.2382799355126996,-0.6593501059800421,0.6822610016175965,0.5714467824336178,0.4432522246782625,0.3347072382766833,1.3285588748933401,1.2423572561184988,0.43829762478057493,-0.7152060429325487,0.7051782259460014,-0.11527825568292054,0.8815263966194288,0.7379992362386569,-0.03954787625340197,0.5114429143922532,0.43376283227327395,0.913627470294519,-0.12105698343955712,-0.12183680197964522,0.34027945262107273,-0.28571923016973777,-1.495221561513944,-0.6993548767108434,0.9237347694900384,0.018519878121783073,-0.3773350188517184,-0.4460962257610393,0.11628599222475135,0.09709574903547523,-0.3232239256865918,0.32817344812030125,1.0097173530542591,0.6308537836172281,0.527757095828428,0.543402604698134,0.9960036707182824,-1.0704752598915837,1
KXNBAGAME-25DEC18ATLCHA,2025-12-18,ATL,CHA,CHA,0,2025-26,0.38,0.013028555333913172,0.588767076528581,1.0341761752749032,-0.4398171435914391,-0.03632611334770036,0.3103022354233402,0.5802904024097508,-0.16157842855528234,1.9620267813726078,0.9667034661481096,0.6714699210770445,-0.13202053480868028,2.086997540883589,-0.46965013375712733,-0.6644094599510155,-0.1521314468841348,-0.3124838942830559,-0.8473935072022949,-0.7255091686129036,0.8767998867153909,-0.34676392237512654,-0.8298267022255331,0.3616039240295165,-1.1296814320308568,0.40923189455416686,1.9987243550369254,0.3377125638788836,0.93663559067622,0.8592442748476148,-0.09312396155008507,0.5692680598896416,0.7185412444492955,-0.20475903627074832,0.12843221327705082,1.9495573978249132,0.44265730285559524,1.2570473429421356,-0.3863780520869259,0.03999169085607133,0
KXNBAGAME-25DEC18DETDAL,2025-12-18,DET,DAL,DAL,0,2025-26,0.4423,0.8921627955833576,0.6666531078654419,-0.2759101932430727,0.6567592255901183,0.2875236778350449,-0.08854773234142481,-0.4506472553571949,0.9074331152230783,-0.7567247584762474,1.318974027059801,0.30655519370609896,0.7051782259460014,0.9858596426003342,-0.01925795696494194,0.1926180766093406,0.2177859994739854,-0.04629215609564831,0.5099154818225227,0.9172142025459572,0.05990151632947469,-0.6038234885413889,-0.10355391645867508,-1.3449753006776082,-0.6179252507545353,0.31684966361541633,0.9237347694900384,0.6569052496359842,0.35264865310824534,-0.3536827389922838,0.4986867773788003,-0.1595885273349127,-0.7036298231347807,-0.3646387815880611,1.0549114627864242,-0.46338964093808493,1.9319036798801608,0.6453518530187061,0.27189895877269665,0.03999169085607133,0
KXNBAGAME-25DEC18GSWPHX,2025-12-18,GSW,PHX,PHX,0,2025-26,0.3917,-0.42653856479080904,-0.24850776034269187,-0.6753267690107482,0.37623968928785945,-0.8304235465218333,0.32429697113438494,0.32703276439752293,-0.0320012717336612,0.7625775726157601,-0.2662434970428064,0.8174358120254223,-0.7831751265067666,2.086997540883589,-0.46965013375712733,-1.4630033008367997,-0.02346450902044112,-0.9335979500536737,-0.8877096157871934,-0.8618049941675697,-1.3283086890415245,-1.3750021870401785,-1.3140085594034403,-0.050328992279099545,1.8677476297304572,-1.43841272422085,1.9987243550369254,0.018519878121783073,0.907436243797821,-0.4691995974532266,0.935716246126285,0.03054797368019019,0.8229663927684068,1.1808654231459745,0.9419261884560128,1.4445219711070771,-0.1530412479542312,-0.7309629993090119,0.469382062030584,0.03999169085607133,0
KXNBAGAME-25DEC18HOUNOP,2025-12-18,HOU,NOP,NOP,0,2025-26,0.1946,0.4525956754586354,0.21880842767848227,-1.0108366926555945,0.9500296499061164,0.7710802153544842,0.677664047838253,0.11214749578108857,0.9398274044284836,-0.5168349167248787,1.2602622669078516,0.5255040301286655,0.6121561414177037,0.9858596426003342,-0.920042310549313,1.5755488742408215,1.5687888470427747,-0.21107751783071016,0.8369239181222277,0.15682696524098058,1.081024479311867,0.3280174388113151,0.46132491691554955,-1.1684326222596302,0.11315500821163886,-0.6069726457720921,1.9987243550369254,0.9760979353930849,-1.019720650176489,-1.8554018989845393,0.8264588789394139,-0.045506626725852366,0.36797110366371044,-0.6862359704447267,0.4221939265361213,-0.6878498305904581,1.761704093934496,0.28852948389670474,0.8643482685463577,-1.0704752598915837,0
KXNBAGAME-25DEC18LACOKC,2025-12-18,LAC,OKC,OKC,0,2025-26,0.9199,-1.7452399251649762,-1.1441971207166137,0.12350638252460276,-0.8478455600310884,-0.11617948651604985,-1.180137117802883,1.1968064707021429,-1.4573499967714754,-1.3964310031465668,0.26216234432472935,0.37953813918028784,-1.6203738872614486,0.9858596426003342,1.7823107502038,2.023540541079191,-1.3583839893562673,2.38746087876065,2.722821886371233,2.5276569834418723,0.052146152053659904,-0.5395585969998222,0.542021893111867,-1.2861277412049488,0.9173432930744302,0.039702970799163975,3.0737139405838123,-2.535021607935022,-2.3774902800220272,1.0671746200773113,-2.323795208282038,-2.0134194122321447,-2.595714058154853,0.8243519680705848,-0.6398676521697477,-1.3612303995475739,1.1234556466382537,-0.3741406301870105,-1.176310465118474,-2.180942210639239,0
KXNBAGAME-25DEC18LALUTA,2025-12-18,LAL,UTA,LAL,0,2025-26,0.7342,0.8921627955833576,0.6082385843627954,0.5069462952615721,-0.006286951124311717,1.0195129318782394,0.677664047838255,0.5905230342486275,-0.4531270314039253,-1.2365044419789861,-0.3836670173467028,-1.7369672795711966,0.5191340568894061,2.086997540883589,-0.01925795696494194,0.6990434391222765,1.7135391521394292,-0.895570558884044,-0.11274441743308784,0.11019944597228046,-0.06418431208357626,0.1030903184158361,1.389340143173203,-0.4034143491150563,-0.9103573543410046,-1.346030493282099,0.9237347694900384,0.6569052496359842,-0.07074187662853358,-0.8619569162204309,0.6352584863623894,0.8037697444749333,0.4002931733815309,0.471513909439271,-0.39130004864284246,-1.838208302558864,0.01715833799143357,-0.5780391268281544,1.3251421761480942,1.1504586416037264,1
KXNBAGAME-25DEC18MIABKN,2025-12-18,MIA,BKN,MIA,0,2025-26,0.7038,-0.42653856479080904,-0.28745077601112373,-0.004306921721052926,-0.1847993833166583,-0.15166987459086748,-1.0261950249813965,-0.1283193524325405,0.58349022316903,0.0029264070697556147,-0.5010905376506002,-0.05835953366484655,0.9842444795308961,0.9858596426003342,-0.46965013375712733,-0.9371000397656722,-0.972383175765184,0.1565205968090432,-0.5472624766258507,0.34692377456722523,0.43732924441916793,-0.7323532716245201,-0.022856940262356254,1.3031648755920693,-0.6910332766511524,0.22446743267666502,1.9987243550369254,0.018519878121783073,0.48404571406103997,0.6975206730022944,-0.24790523173148585,0.27455648331623767,-0.9746379461534237,-0.40139274602882097,0.9193291335899303,0.013588262073204344,-1.3018884530874681,0.4414533563775626,0.5352097631165467,-1.0704752598915837,1
KXNBAGAME-25DEC18NYKIND,2025-12-18,NYK,IND,NYK,0,2025-26,0.6135,1.7712970358328026,1.095026280218187,-1.4901365835768052,1.9063462509365443,1.6893940067904936,1.4263824083791292,0.2400553937670621,0.4863073555528142,-0.11701851380592944,-1.2056316594739804,0.16058930275772,-0.2250426193369788,3.1881354391668437,-0.46965013375712733,-1.015011633998433,-0.7311326672707574,-0.08431954726527797,-0.2740088517726723,0.4616992066132604,-0.27357914753059853,-1.117942620873916,-1.4350540236979157,-0.9918899438416513,-0.25238512127144824,1.6102008967579278,1.9987243550369254,1.6144833069072864,1.5790212220009887,-0.5500613983758869,1.4182696178682994,1.396361839305331,0.688705487786693,0.3686028090051389,1.1227026273846703,0.9114290206826922,-0.1530412479542312,0.28852948389670474,-1.3079658672903984,1.1504586416037264,1
KXNBAGAME-25DEC18ORLDEN,2025-12-18,ORL,DEN,DEN,0,2025-26,0.7091,0.4525956754586354,0.802953662704952,-0.020283584751761306,0.5420012334664671,-0.04519871036640723,-0.7148121554106589,-0.1359938263117009,0.16236446349876593,0.12287132794544067,-0.9707846188661867,-0.1313424791390367,-0.13202053480868028,3.1881354391668437,0.8815263966194288,2.4910101064757493,0.957620892190228,0.8663652319754634,2.6869853454068804,3.1876157177065645,0.4424994872697111,-0.7966181631660869,1.3086431669768843,-1.2272801817322896,-1.7876536651004138,-0.9765015695270958,0.9237347694900384,-0.3006728076353175,-1.26791509864288,-0.7002333143751137,-0.23880045113257997,-1.9373648118261042,-2.7225160239709143,-0.41058123713901246,0.6707615300630251,-0.8281374491231897,0.18735792393709838,1.1550980946215634,0.6010374642025087,2.260925592351381,0
KXNBAGAME-25DEC18SACPOR,2025-12-18,SAC,POR,POR,0,2025-26,0.6901,-0.8661056849155315,-0.9884250580428892,0.5388996213229843,-1.0773615442783913,-0.3202492179462758,-0.8267700410990131,-1.174605957957804,-1.003829947895806,-0.836688039060037,-0.9707846188661867,0.45252108465447666,0.4261119723611075,2.086997540883589,-0.920042310549313,-0.391718880136356,0.8772040560254192,-0.946273747110217,-1.6402769760385743,-0.22695338566294287,-0.10813137631319628,0.5208121134360131,-1.2736600713052808,1.5385551134827065,-1.2027894579274745,1.1482897420641736,1.9987243550369254,0.018519878121783073,-0.45033338604771705,-0.23816588053134272,-0.09312396155008502,0.9273584701347458,-0.43510801317135306,-0.7652569939923662,-1.0692116946253092,0.29416349913867035,-1.8124872109244612,1.1550980946215639,-0.5180334542588506,0.03999169085607133,0
KXNBAGAME-25DEC18TORMIL,2025-12-18,TOR,MIL,TOR,0,2025-26,0.6733,-0.42653856479080904,-1.9035859262510229,-0.6913034320414543,-0.6948349038662198,-0.7727516659002521,-1.1731397499473617,-1.6018183372309538,0.06518159588255236,0.5626693711562855,1.084126986452006,0.16058930275772,-0.5041088729218727,0.9858596426003342,-0.920042310549313,-1.443525402278611,-0.16821481411709563,-0.8068399794882415,0.4964767789608899,0.8741734155286932,-1.2585104105591858,-1.5999293074356598,-0.14390240455683306,0.5381466024474955,-0.17927709537483108,-1.1612660314045973,1.9987243550369254,0.33771256387888376,-0.34813567197331935,-0.37678611068447265,0.07986686982912759,-0.9074587646609785,-1.44455111358942,-0.2543768882657734,1.1678967371168356,0.49056616508449563,0.4001074063691784,0.23755485973641907,0.4693820620305837,-1.0704752598915837,1
KXNBAGAME-25DEC18WASSAS,2025-12-18,WAS,SAS,SAS,0,2025-26,0.9075,-0.8661056849155315,-0.5211088700217122,1.2578494577048,-1.345130192566911,-0.17828766564699053,-0.1200358876912731,-0.857394370952591,-0.4531270314039253,-0.39688999584919366,0.43829762478057493,-0.7881889884067382,0.7051782259460014,2.086997540883589,0.8815263966194288,0.9327782218205558,0.6520369147639535,0.0931416115263271,-0.40839588038898855,0.2751891295384559,0.4761060657982447,0.3601498845820985,-1.3947055355997577,-0.7564997059510131,-0.3254931471680654,-0.7917371076495939,3.0737139405838123,-1.2582508649066193,-1.0927190173724857,0.44338358438822,-1.0309163632373959,0.15730564102358743,-0.28095660374790477,-0.9527022126402495,-0.5720764875715,0.6869688310303209,0.8681562677197568,-0.3231660060267253,1.0618313718042445,-1.0704752598915837,0
KXNBAGAME-25DEC19CHICLE,2025-12-19,CHI,CLE,CHI,0,2025-26,0.3984,-1.3056728050402537,-0.5989949013585759,0.6986662516300545,-0.9498526641410007,-0.06294390440382097,-0.8267700410990131,-0.30227409369346503,-0.5503098990201388,0.08288968765354518,0.43829762478057493,0.014623411809342294,-1.6203738872614486,-0.11527825568292054,-0.920042310549313,0.05627278670201085,0.5072866096672967,-0.36318708250922876,-1.0176170767829662,-1.48230967366644,1.2826639504830746,0.8100041253730589,-0.18425089265499248,-1.109585062786971,0.186263034108256,-0.42220818389459025,-0.1512548160568486,-0.3006728076353175,-0.4941324063653146,0.1430397523897696,-0.4208960631106986,0.6706741937643597,0.435101556154568,-1.1272835437338695,-0.9562264202948978,0.18193340431248375,1.1234556466382544,-0.11926750938558137,-0.8471719596886624,0.03999169085607133,1
KXNBAGAME-25DEC19MIABOS,2025-12-19,MIA,BOS,BOS,0,2025-26,0.7273,-0.42653856479080904,-0.6963524405296543,-0.3557935083966078,-0.17204849530291924,-0.28032253136210106,-1.1066647553199005,0.18377591865323714,0.3567301987311953,-0.35690835555729816,-0.44237877749865095,0.08760635728353114,1.5423769867006838,-1.2164161539661753,0.8815263966194288,1.0496456131696967,-0.21646491581598276,0.8536894349189202,1.2400850039711888,1.0427498313463068,0.3907970587642763,-0.9572803920200015,-1.152614607010804,-1.4038228601502685,0.040046982315021705,0.7787608183091705,1.9987243550369254,-0.9390581791495186,-1.3117141189604775,-0.09954565037820948,-0.739563384072406,-1.0817505572581545,-1.5141678791354942,-0.14411499494348773,0.9193291335899303,0.5466812124975885,0.6979566817740929,0.03365636309527558,0.5352097631165461,-3.291409161386894,0
KXNBAGAME-25DEC19OKCMIN,2025-12-19,OKC,MIN,MIN,0,2025-26,0.3041,1.7712970358328026,1.5623424682393638,-1.5700198987303402,2.2761220033349767,2.062043081576123,1.5068521387176332,0.209357498250429,-0.12918413934987705,0.20283460852923024,-1.5579022203856707,1.1823505393963678,0.05402363424791592,-1.2164161539661753,0.8815263966194288,0.6990434391222765,-0.055631243486365105,0.49876711733571016,0.3710488855856605,0.8598264865229406,-0.5346764114830584,-0.21823413929199306,0.542021893111867,-0.16802411122441813,-1.3490055097207094,-0.3298259529558397,-0.1512548160568486,0.6569052496359845,0.6446421218922337,-1.0929906331423163,1.2634883476868985,1.20622533829023,0.46990993892760374,0.5321579507665296,0.06064104867880302,-0.23892945128571375,-1.0040391776825544,1.766793584544994,0.2718989587726972,-1.0704752598915837,0
KXNBAGAME-25DEC19PHINYK,2025-12-19,PHI,NYK,PHI,0,2025-26,0.3356,0.013028555333913172,-0.2290362525084773,-0.052236910813173526,-0.10829405523422404,-1.553540203546321,-0.6203476893611082,1.3963427915602593,1.0370102720446972,-0.836688039060037,-0.20753173689085821,0.6714699210770445,0.8912223950025976,3.1881354391668437,1.7823107502038,1.1470351059606463,-1.2458004187255345,1.7283194318204023,1.526777331686,1.6955351011081266,-0.31494109033494694,0.5529445592067964,0.017491547835801726,-0.7564997059510131,0.4055871117981088,-0.3298259529558397,-1.2262444016037357,-1.2582508649066195,-1.0343203236156897,0.8592442748476148,-1.3222693424023855,-2.194049088196492,-1.621079340509822,1.2286455769189637,0.33180570707179097,-0.6036772594708174,0.4001074063691784,0.18658023557613343,0.8643482685463577,4.481859493846692,1
KXNBAGAME-25DEC19SASATL,2025-12-19,SAS,ATL,SAS,0,2025-26,0.6198,1.3317299157080804,1.2313268350576971,0.33120300192379354,0.5420012334664671,-0.09843429247863858,0.4432522246782625,0.4319172407460238,0.4863073555528142,-0.916651319643828,-1.0294963790181348,-0.1313424791390367,-0.31806470386527647,-1.2164161539661753,-0.46965013375712733,0.8743445261459867,1.456205276412042,-0.5786756324704636,0.10227482835302061,0.15682696524098058,0.858704036738484,-0.2503665850627764,1.9542189765474263,1.3031648755920693,0.6249111894879615,-0.42220818389459025,-1.2262444016037357,1.2952906211501856,0.2650506124730503,-0.8041984869899611,0.7991445371426961,-0.14691276060057049,0.2013881289641789,-0.2984816455946869,0.5125821460004485,-2.0065534447981435,-1.684837521465213,-0.5270645026678692,0.07441585551480982,0.03999169085607133,1
KXNBAGAME-25DEC20BOSTOR,2025-12-20,BOS,TOR,BOS,0,2025-26,0.4801,0.8921627955833576,0.8418966783733839,-0.46763014961155736,0.9245278738786383,0.9219143646724788,1.087010067386302,0.5623832966917165,-0.6474927666363547,-1.3164677225627772,-0.7359375782583929,0.23357224823190884,0.7982003104742998,-1.2164161539661753,-0.46965013375712733,-1.8525612720005975,-0.5542156277081789,-0.7688125883186119,-0.7130064785859787,-0.822350939401744,-1.641108381499422,-0.15396924775042858,0.7034158455045018,1.1266221971740904,0.186263034108256,-0.42220818389459025,-0.1512548160568486,0.9760979353930848,2.017011425176968,0.06217795146710936,1.208859664093463,1.1586912130364546,1.3376331951983067,1.57229514444009,-0.34610593891067726,-1.4173454469606666,-1.3444383495738832,0.03365636309527558,0.8643482685463577,-1.0704752598915837,1
KXNBAGAME-25DEC20CHADET,2025-12-20,CHA,DET,DET,0,2025-26,0.7977,0.013028555333913172,-0.24850776034269187,0.011669741309653184,-0.17204849530291924,-0.4799559642829698,-0.15152404304112332,0.24261355172678412,-0.5179156098147336,-0.31692671526540406,0.3795858646286257,-0.5692401519841711,0.5191340568894061,-0.11527825568292054,0.4311342198272434,0.543220250656758,-0.24863165028190448,0.549470305561883,-0.20681533746451045,-0.6824683815956416,-0.6949539398499146,1.4205205950179338,-0.6684327498328982,1.0089270782287718,0.47869513769472594,0.6863785873704192,-0.1512548160568486,-0.3006728076353175,-0.5963301204397081,0.1892464957741457,-0.5210486496986638,-0.20078476922151686,0.3605121644980605,0.6699853174193876,-1.362973407884378,0.23804845172557657,-0.4508905233591448,-0.7309629993090119,-0.12306724774307641,0.03999169085607133,0
KXNBAGAME-25DEC20DALPHI,2025-12-20,DAL,PHI,PHI,0,2025-26,0.5303,0.4525956754586354,0.549824060860149,0.363156327985208,0.07021837695812252,0.7710802153544891,0.3312943389899083,0.04563538882838404,-0.2587612961714959,0.0029264070697556147,-0.9120728587142385,-0.5692401519841711,0.8912223950025976,-0.11527825568292054,0.4311342198272434,-0.21641779311264592,-0.3290484864467133,0.11849320563941354,-1.5238082179044319,-0.3237951564517853,1.688528014250761,0.6493418965191443,-1.1122661189126462,-0.4622619085877156,0.6249111894879615,0.7787608183091705,-1.2262444016037357,0.018519878121783073,0.5716437546962351,0.5011420136186914,-0.03849527795664948,1.6245256405234516,0.4549920605963039,-1.165875206396669,-0.6398676521697462,0.7711414021499606,-0.32324083389989605,-0.832912247629584,0.07441585551480982,1.1504586416037264,0
KXNBAGAME-25DEC20HOUDEN,2025-12-20,HOU,DEN,HOU,0,2025-26,0.5341,0.4525956754586354,0.588767076528581,-0.6753267690107482,0.9245278738786383,0.8864239765976563,0.41176406932841225,0.1556361810963204,1.4905303209203642,-0.15700015409782353,1.4951093075156465,0.37953813918028784,1.1702886485874915,-0.11527825568292054,1.3319185734116146,2.5494438021503156,0.7485371181617232,1.069177984880155,2.9915959436038704,3.4243400463015132,0.37528633021264385,-0.7323532716245201,1.4296886312713613,-1.109585062786971,-1.3490055097207094,-0.9765015695270958,-0.1512548160568486,-0.6198654933924184,-1.472310526791667,-1.0236805180657513,-0.1113335227478969,-1.4873750927570342,-2.0860198818353863,-0.15330348605367922,1.5520466698402333,-1.1087126861886547,1.8893537833937455,1.20607271878185,1.5226252794059807,0.03999169085607133,1
KXNBAGAME-25DEC20INDNOP,2025-12-20,IND,NOP,NOP,0,2025-26,0.6892,-0.42653856479080904,-1.1247256128823966,-0.8990000514406473,-0.019037839138050756,-0.35130330751174366,0.072391728335587,0.06865881046585671,-0.38833845299311476,-1.4364126434384608,-0.9120728587142385,-0.42327426103579274,1.8214432402855778,-0.11527825568292054,-0.920042310549313,1.3807698886589226,1.5366221125768507,-0.3124838942830559,0.8145260800195128,0.2859493262927704,1.5230802430333616,-0.12183680197964522,0.4209764288173901,-1.2861277412049488,0.2593710600048745,-0.42220818389459025,-0.1512548160568486,0.33771256387888376,-1.8811013830892476,-1.751436726369692,0.2073337982138106,-0.8314041642549377,-0.15166832487662424,-1.031723236187891,-0.1879265548481007,-1.30511535213448,0.27245771690993037,-0.47608987850758316,1.5884529804919427,0.03999169085607133,0
KXNBAGAME-25DEC20LALLAC,2025-12-20,LAL,LAC,LAC,0,2025-26,0.4755,0.8921627955833576,1.2897413585603434,0.9702695231520743,0.07021837695812252,1.3965983051732185,0.9225719227815333,0.6058719820069455,-0.35594416378770943,-0.8766696793519324,-0.7946493384103421,-1.7369672795711966,0.3330898878328098,-0.11527825568292054,-1.8208266641336839,-1.1903127210221403,0.20170263224102453,-0.9335979500536737,0.008203908321598008,-1.1451568420312146,0.8974808581175665,-1.1822075124154805,-1.3140085594034403,1.0089270782287718,0.3324790859014916,-1.1612660314045973,-0.1512548160568486,1.933675992664387,1.8564150173457743,0.5589004428491627,0.7172015117525427,0.987568362122865,1.444544656572636,-0.20108363982667254,0.5803733105986962,0.29416349913867035,-1.3018884530874681,-1.4446077375530137,1.0618313718042447,0.03999169085607133,0
KXNBAGAME-25DEC20ORLUTA,2025-12-20,ORL,UTA,ORL,0,2025-26,0.7249,0.013028555333913172,0.45246652168907076,0.059599730401773784,0.24873080915046908,-0.4001025911146228,-0.9282318750040851,-0.5836714692626068,0.4215187771420059,0.20283460852923024,-1.2056316594739804,0.16058930275772,0.2400678033045113,-0.11527825568292054,-0.01925795696494194,1.2639024973097843,2.276457005293091,-0.9716253412233034,0.29937580365695277,0.6876633384538887,-0.22446184045043244,-0.08970435620886184,1.550734095565838,-0.4622619085877156,-1.1296814320308568,-1.43841272422085,-0.1512548160568486,0.018519878121783073,-0.6109297938789087,-1.5897131245243714,0.8719827819339435,-0.5018342291620919,-1.1412209208529567,-0.25805228470985125,0.35440276193787357,-0.9403675439493763,-0.5359903163319768,0.9002249738201343,1.1934867739761692,0.03999169085607133,1
KXNBAGAME-25DEC20PHXGSW,2025-12-20,PHX,GSW,GSW,0,2025-26,0.6593,-0.42653856479080904,-1.7283423557430837,-0.1321202259667086,-1.026357992223435,-1.0478021734801157,-1.1731397499473617,-1.0748377975287444,-1.16580139392283,-1.6363208448979354,0.49700938493252317,2.350077666983393,-1.4343297182048529,-0.11527825568292054,-0.46965013375712733,-0.7033652570673931,-1.0849667463959167,0.3973607408833644,-1.2191976197074443,-0.0117494505766291,0.3649458445115575,0.6493418965191443,0.7034158455045018,0.06736612666621902,0.4055871117981088,-0.8841193385883449,-0.1512548160568486,0.018519878121783073,-0.7715262017101024,0.6859689871562007,-1.02181158263849,0.10977151576981391,-0.8304317889508434,-1.0298855379658511,-1.2725851884200492,-1.6418056366130378,0.31500761339634714,1.358996591262707,-0.38637805208692616,0.03999169085607133,0
KXNBAGAME-25DEC20PORSAC,2025-12-20,POR,SAC,POR,0,2025-26,0.6922,-0.42653856479080904,0.3356374746837779,1.0022228492134888,-0.5800769117425685,-1.1720185317419898,0.005916733708125857,-0.2843669879754279,0.5187016447582194,-0.7967063987681429,1.7886681082753884,-1.299069606726062,1.3563328176440876,-0.11527825568292054,-1.3704344873414982,-0.8591884455329144,0.7646204853946863,-1.1617622970714516,-0.37703890704518184,-0.8618049941675697,-1.3257235676162529,-0.8608830547076514,-0.9508721665200098,-0.34456678964239706,0.7711272412811959,0.7787608183091705,-0.1512548160568486,0.6569052496359843,0.8928365703586225,0.1776948099280521,0.416743751988647,-0.574719887884548,0.5967119047436676,0.7398178498568336,0.9645232433220938,0.09776083319284404,1.548954611502416,-1.4446077375530137,0.4035543609446213,0.03999169085607133,1
KXNBAGAME-25DEC20WASMEM,2025-12-20,WAS,MEM,WAS,0,2025-26,0.1796,-0.8661056849155315,-0.8326529953691616,0.9223395340599536,-1.2813757524982157,-0.3956662926052731,-0.27047929658500086,-1.3434443832992904,0.09757588508795764,-0.27694507497350856,0.20345058417278117,-0.7152060429325487,0.7982003104742998,-0.11527825568292054,0.8815263966194288,0.543220250656758,-0.3933819553785613,0.6635524790707719,0.7562917009524379,0.737877589974029,0.33392438740829256,1.0670636915393235,1.1472492145842497,0.7146892808654743,-0.39860117306468257,0.5939963564316687,0.9237347694900384,-1.2582508649066193,-1.0343203236156875,0.9516577616163686,-1.395107587193633,-0.821897339204182,-0.708602449245214,-1.2007914726153932,-0.6850617619019114,-0.996482591362469,-0.36579073038631205,-0.22121675770615357,0.14024355660077248,-1.0704752598915837,1
KXNBAGAME-25DEC21CHIATL,2025-12-21,CHI,ATL,CHI,0,2025-26,0.4589,-0.8661056849155315,-0.48216585435328035,0.4110863170773286,-0.6438313518112636,-0.08068909844122978,-0.8862476678709528,-0.17436619570749154,-0.06439556093906648,0.2827978891130198,0.144738824020833,0.5984869756028544,-1.4343297182048529,-0.11527825568292054,-0.46965013375712733,0.5821760477731384,1.3597050730142721,-0.6927578059793527,-0.1172239850536338,-0.19825952765143556,0.858704036738484,-0.2824990308335598,1.6717795598603147,1.1854697566467507,0.844235267177813,-0.8841193385883449,-0.1512548160568486,-0.3006728076353177,-0.8007255485884994,-0.6771299426829248,0.03434296683459802,0.02104114862943443,-0.497265839551776,-0.734016124217716,0.15102926814313342,-0.9684250676559231,-0.7487397987640576,-0.17024213354586792,-0.38637805208692616,0.03999169085607133,1
KXNBAGAME-25DEC21HOUSAC,2025-12-21,HOU,SAC,SAC,0,2025-26,0.2034,0.4525956754586354,0.6082385843627954,-0.531536801734384,0.822520769768726,0.9618410512566535,0.8456008763707882,-0.09762145691590743,1.6848960561527937,-0.23696343468161307,1.67124458797149,-0.1313424791390367,1.5423769867006838,-1.2164161539661753,-1.8208266641336839,-1.32665801092947,0.5394533441332207,-1.2885202676368839,-0.6189355585545535,-1.13080991302546,-1.9771741667847698,-0.8287506089368702,-1.3140085594034403,0.00851856719355974,1.136667370764283,1.055907511125423,-1.2262444016037357,1.6144833069072864,1.447624161048194,-0.769543429451677,1.5093174238573586,1.1206639128334335,1.3799005171369951,1.3370697720192155,1.755420163634975,0.7430838784434147,1.2085554396110858,-0.8838868717898697,0.33772665985865924,0.03999169085607133,0
KXNBAGAME-25DEC21MIANYK,2025-12-21,MIA,NYK,NYK,0,2025-26,0.724,-0.8661056849155315,-0.5016373621874977,0.07557639343248217,-0.3888135915364829,-0.5243189493764968,-0.3964319179843998,0.1837759186532343,0.16236446349876593,-0.15700015409782353,-0.5010905376506002,-0.05835953366484655,0.9842444795308961,-0.11527825568292054,1.3319185734116146,0.7185213376804681,-1.004549910231108,1.2593149407283033,0.9668313791180079,0.7271173932197125,-0.4416120401732695,1.0670636915393235,0.017491547835801726,-0.5799570275330352,-0.25238512127144824,-0.42220818389459025,-0.1512548160568486,-1.57744355066372,-0.9175229361020956,0.7783824739249545,-1.1856976334187965,-1.062736907156643,-0.7906507800673716,0.4476238325527764,-0.6398676521697477,-0.12669935645952715,0.05970823447784958,0.1356056114158478,0.9960036707182824,0.03999169085607133,0
KXNBAGAME-25DEC21MILMIN,2025-12-21,MIL,MIN,MIN,0,2025-26,0.8207,-0.8661056849155315,-1.4362697382298488,-0.2759101932430727,-0.720336679893698,0.5182112003213865,0.9960442852645159,-0.9750696370996849,-1.6193214427984994,-0.03705523322213846,0.7318564255403169,-0.1313424791390367,-1.4343297182048529,0.9858596426003342,1.3319185734116146,0.8353887290296064,-0.1521314468841348,0.6635524790707719,0.20082531600498918,0.4724594033675749,-0.25806841897896604,0.19948765572818394,0.34027945262107273,-0.34456678964239706,-1.0565734061342396,-0.23744372201708921,-0.1512548160568486,-1.57744355066372,-1.7059053018188572,-0.08799396453211586,-0.994497240841772,0.22385341637887599,0.3754300428293631,-0.5153300357951844,-1.272585188420051,-0.26698697499225965,0.7830564747469249,0.6453518530187052,-0.8471719596886621,1.1504586416037264,0
KXNBAGAME-25DEC21SASWAS,2025-12-21,SAS,WAS,SAS,0,2025-26,0.9058,1.3317299157080804,1.4455134212340683,0.26729634980096684,0.7332645536725527,0.5093386033026797,0.5412153746555738,-0.05924908752011396,0.4539130663474112,-0.35690835555729816,-0.6772258181064448,-0.20432542461322556,-0.5041088729218727,-0.11527825568292054,-0.46965013375712733,-0.6059757642764436,0.9897876266561497,-1.1744380941279948,-0.30536582511647403,-0.4385705884978185,-1.5583844958907225,0.038825426874269355,-0.30529635694946927,0.06736612666621902,-1.0565734061342396,0.6863785873704192,-1.2262444016037357,1.2952906211501856,1.535222201683389,-0.5154063408376027,1.3636409342748637,0.5756059432568091,0.6837328616762598,1.066928133379615,0.2866115973396274,-0.042526785339887456,-0.535990316331976,0.5943772288584196,-0.8471719596886621,1.1504586416037264,1
KXNBAGAME-25DEC21TORBKN,2025-12-21,TOR,BKN,BKN,0,2025-26,0.4093,-0.8661056849155315,-1.9035859262510229,-0.3238401823351933,-0.9881053281822177,-0.6130449195635531,-0.32995692335693866,-1.8269362376862677,-0.4855213206093306,1.1623939755347092,1.084126986452006,-0.2773083700874144,-0.13202053480868028,-1.2164161539661753,-0.46965013375712733,-1.2097906195803318,-1.1814669497936887,0.14384479975249997,-0.9011483186488214,-0.11576468586834783,0.06507175918001788,-0.4431612596874744,0.017491547835801726,0.9500795187561115,-0.5448172248579175,0.22446743267666502,0.9237347694900384,-0.3006728076353177,-0.5233317532437115,0.6166588720796358,-0.8124016288636535,0.19533294122660694,-0.15912726404227553,-1.3569958214886302,-0.029747170785525755,0.7991989258565075,0.10225813096426559,0.18658023557613299,-0.2547226499150011,-2.180942210639239,0
KXNBAGAME-25DEC22CHACLE,2025-12-22,CHA,CLE,CLE,0,2025-26,0.7775,0.013028555333913172,-0.5405803778559267,-0.2599335302123666,-0.14654671927544116,-0.9102769196901802,-0.09904378412470888,0.4984293476987283,-0.2587612961714959,-0.07703687351403395,0.7905681856922652,-0.05835953366484655,0.8912223950025976,-0.11527825568292054,-0.920042310549313,0.5626981492149495,0.925454157724304,-0.36318708250922876,-0.7443634519297828,-1.241998612820057,0.7372033297507075,1.0991961373101047,-0.022856940262356254,-0.933042384368992,0.11315500821163886,-0.6993548767108434,0.9237347694900384,0.6569052496359843,-0.8299248954668984,-0.8504052303743389,0.15270511462037503,-0.1278991104990625,0.7856716969401516,-0.16432967538590862,-0.9562264202948978,-0.042526785339888455,1.2511053360975024,-0.11926750938558137,1.1276590728902072,-1.0704752598915837,0
KXNBAGAME-25DEC22DALNOP,2025-12-22,DAL,NOP,NOP,0,2025-26,0.4864,0.4525956754586354,0.7834821548707375,0.6028062734458133,0.031965712916905406,1.4365249917573883,-0.13403062340231592,0.25028802560594166,-0.4531270314039253,0.08288968765354518,-0.7946493384103421,-0.7881889884067382,1.0772665640591939,-0.11527825568292054,-0.46965013375712733,1.3807698886589226,1.1506212989857674,-0.008264764926018657,0.9668313791180079,-0.033269844085260084,1.4015795360455794,0.16735520995740055,0.05784003593396114,-1.109585062786971,-0.03306104358159546,-1.0688838004658463,-0.1512548160568486,0.6569052496359842,-0.45033338604771495,-0.38833779653056627,0.025238186235692024,0.337935316987931,-0.0770789332201167,-0.8148748459873913,-0.436494158375006,0.013588262073204344,0.22990782042351438,-0.5270645026678688,1.5226252794059807,0.03999169085607133,0
KXNBAGAME-25DEC22DETPOR,2025-12-22,DET,POR,DET,0,2025-26,0.7139,0.8921627955833576,0.4719380295232853,-0.7871634102256977,0.9372787618923772,-0.031889814838353084,-1.033192392836918,-0.8087893697179207,1.620107477741983,-0.5568165570167728,1.4363975473636972,1.3283164303447454,0.9842444795308961,-0.11527825568292054,-0.46965013375712733,0.03679488814382207,0.89328742325838,-0.6800820089228093,-1.2729524311539708,-0.2161931889086284,-0.5114103186556083,0.42441477612366524,-1.0315691427163274,2.009335589263983,-1.0565734061342396,0.8711430492479211,-0.1512548160568486,0.9760979353930848,0.32344930622984625,-1.2085074916032608,1.1542309805000273,0.8734864615137995,-0.5892594225948014,-0.21578522560297772,0.8289409141256,0.32222102284521625,-0.4083406268727281,1.6648443362244219,0.0744158555148104,0.03999169085607133,1
KXNBAGAME-25DEC22INDBOS,2025-12-22,IND,BOS,BOS,0,2025-26,0.8389,-0.42653856479080904,-0.852124503203379,-0.4037234974887284,-0.23580293537161445,-0.45333817322685666,-0.42792007333425003,0.30145118480033106,-0.42073274219852,-1.1165595211033026,-1.1469198993220324,-0.42327426103579274,1.5423769867006838,-0.11527825568292054,0.8815263966194288,0.7769550333550372,-0.7150493000377967,1.069177984880155,1.0653818667699715,0.5979950321679246,0.3520202373851966,-0.31463147660434315,-1.3947055355997577,-0.8741948248963327,0.040046982315021705,0.5016141254929182,-0.1512548160568486,-0.9390581791495186,-1.2241160783252802,0.22390155331242984,-0.9398685572483365,-1.0817505572581527,-0.7235203275765152,-0.03201540339916414,-0.07494128051768933,0.18193340431248375,-0.19559114444064724,-0.3231660060267253,0.732692866374433,0.03999169085607133,0
KXNBAGAME-25DEC22MEMOKC,2025-12-22,MEM,OKC,OKC,0,2025-26,0.8965,0.8921627955833576,0.6471816000312274,-0.3557935083966078,0.7077627776450746,0.677917946658083,0.7581337781767589,-0.005527770366005366,1.3609531640987453,1.0424490546590242,0.9079917059961625,-0.2773083700874144,0.5191340568894061,-0.11527825568292054,1.3319185734116146,1.3028582944261646,-1.2618837859584975,1.8424016053292913,1.3879107354491378,1.1073110118722018,0.690671144095813,-0.05757191043807847,-0.4666903093421041,-1.698060657513566,0.9904513189710487,0.22446743267666502,0.9237347694900384,-0.30067280763531784,-0.4941324063653146,0.6513139296179182,-0.8215064094625594,-0.5018342291620936,-0.23371665569878441,-0.49327765713072574,0.9871202981881765,1.0517166392154256,1.8893537833937455,-0.8838868717898697,0.20607125768673515,-1.0704752598915837,0
KXNBAGAME-25DEC22ORLGSW,2025-12-22,ORL,GSW,GSW,0,2025-26,0.6756,0.4525956754586354,0.43299501385485617,-0.1161435629360025,0.37623968928785945,-0.31137662092756646,-1.3620686820464591,-0.826696475435955,0.6806730907852436,0.16285296823733617,-0.9120728587142385,0.37953813918028784,0.7051782259460014,-0.11527825568292054,-0.46965013375712733,-0.9955337354402414,-1.10105011362888,0.2198995820917593,-1.367023351185396,-0.07631063110252403,0.43732924441916793,0.6172094507483609,0.5016734050137075,0.7146892808654743,0.2593710600048745,-0.6993548767108434,-0.1512548160568486,0.6569052496359842,1.0680326516290126,0.7090723588483896,0.10718121162584539,0.7403909108032347,-0.9199390589386507,-0.9030843606452204,0.03804399381272203,-0.23892945128571275,-1.1742387636282192,0.08463098725556123,0.9960036707182824,0.03999169085607133,0
KXNBAGAME-25DEC22UTADEN,2025-12-22,UTA,DEN,DEN,0,2025-26,0.851,0.013028555333913172,1.4260419133998536,2.12058926136298,-0.7585893439349151,0.03021836429259006,0.7756271978155643,0.1402872333380053,0.09757588508795764,1.6021920187455527,-0.5598022978025484,-1.0801207703034943,-1.8064180563180448,-0.11527825568292054,0.8815263966194288,2.0819742367537604,0.7485371181617232,0.7649588555231176,2.5302004786878443,2.5778712349620108,0.47869118722352205,-0.9572803920200015,0.9858552621916148,-1.2861277412049488,-1.0565734061342396,-1.0688838004658463,-0.1512548160568486,-0.619865493392418,-0.4941324063653146,0.9978645050007464,-1.0946498274297374,-1.772579844279684,-1.2406734430616346,-0.2378376042674324,0.7385526946612728,0.4344511176714019,0.5277570958284272,-0.01731826106501007,-0.518033454258851,0.03999169085607133,0
KXNBAGAME-25DEC23BKNPHI,2025-12-23,BKN,PHI,BKN,0,2025-26,0.2412,0.013028555333913172,-1.319440691224553,-1.7297865290374104,0.516499457438989,-0.519882650867147,0.21933645330155213,0.1786596027337959,-0.29115558537690117,0.4027428099887049,1.67124458797149,-0.35029131556160326,0.5191340568894061,-0.11527825568292054,0.8815263966194288,0.1341843809347715,-0.8115495034355663,0.726931464353488,-1.6133995703153134,-0.5389990915380991,1.2774937076325315,0.9385339084561901,-0.9105236784218519,-1.109585062786971,0.9173432930744302,0.5939963564316687,0.9237347694900384,-0.619865493392418,-1.0927190173724857,-0.6655782568368296,-0.15685742574242656,0.7657424442719121,0.5246088261423768,-0.7781208815466315,-0.8658382008305688,0.9114290206826932,2.0170034728529926,-0.8838868717898688,-0.057239546657114324,-1.0704752598915837,1
KXNBAGAME-25DEC23CHIATL,2025-12-23,CHI,ATL,CHI,0,2025-26,0.401,-0.42653856479080904,0.21880842767848227,0.8424562189064185,-0.5290733596876124,0.3718133495127466,0.0024180497803651525,-0.5146012043501802,-0.19397271776068534,0.6826142920319691,0.20345058417278117,0.6714699210770445,-1.2482855491482567,-0.11527825568292054,-0.920042310549313,0.9717340189369361,1.826122722770162,-0.8068399794882415,-0.14858095839744048,0.22138814576687552,1.0887798435876876,-0.3788963681459076,1.7928250241547916,0.9500795187561115,0.47869513769472594,-0.6993548767108434,-0.1512548160568486,0.33771256387888376,-0.5671307735613111,-0.700233314375112,0.19822901761490466,0.3664557921402018,-0.15664095098705752,-1.1419851295101768,0.12843221327705082,-0.7720224017100978,-0.535990316331976,0.1356056114158478,-0.3863780520869259,0.03999169085607133,1
KXNBAGAME-25DEC23DENDAL,2025-12-23,DEN,DAL,DAL,0,2025-26,0.3257,1.3317299157080804,2.029658656260538,0.26729634980096684,1.1157911940847236,2.368147678721454,2.8223572955558036,0.3935448713502303,-0.712281345047163,1.3623021769941839,-1.6166139805376187,-0.7881889884067382,-0.8761972110350646,-1.2164161539661753,0.4311342198272434,0.6990434391222765,0.49120324243433583,0.06779001741324066,1.28040111255608,-0.5748664140524847,-0.6122300542412149,0.1030903184158361,0.13853701213027853,-0.4622619085877156,-0.7641413025477697,1.1482897420641736,-1.2262444016037357,0.6569052496359845,0.995034284433016,-0.15730407960868084,0.7445158535492605,0.7815871526898371,2.3992888697759316,0.7196031694144148,-0.5720764875715,0.8553139732696003,-0.8338395917368897,-0.017318261065010523,-1.439621269462323,0.03999169085607133,0
KXNBAGAME-25DEC23DETSAC,2025-12-23,DET,SAC,DET,0,2025-26,0.8039,1.3317299157080804,0.4914095373575026,-0.9469300405327679,1.0775385300435067,-0.049635008875761895,-1.5929818212786928,-1.1899549057161192,1.58771318853658,-0.31692671526540406,0.6144329052364195,1.620248212241502,0.8912223950025976,-1.2164161539661753,-1.3704344873414982,-0.8397105469747228,0.7324537509287623,-1.123734905901822,-0.6278946937956429,-1.0519018034938143,-2.2511970378635877,-0.3788963681459076,-0.9508721665200098,-0.4034143491150563,1.063559344867666,0.9635252801866724,-0.1512548160568486,1.9336759926643872,0.995034284433016,-1.2085074916032608,1.5730508880497005,0.40448309234321955,-0.4077585695639659,0.7471686427449872,1.3712702309115756,0.4344511176714019,0.740506578260508,0.3904787322172761,-0.057239546657114906,-1.0704752598915837,1
KXNBAGAME-25DEC23HOULAC,2025-12-23,HOU,LAC,LAC,0,2025-26,0.2963,0.013028555333913172,0.9976687410471087,-0.1321202259667086,0.7587663297000308,1.338926424551635,1.3319179423295786,0.22214828804902778,1.4905303209203642,0.04290804736165111,1.964803388731232,0.014623411809342294,1.4493549021723862,-0.11527825568292054,-1.3704344873414982,-1.4824811993949885,-0.5542156277081789,-0.5279724442442907,-0.4128754480095295,-1.1415701097797766,1.0913649650129564,-0.5716910427706056,-1.3947055355997577,1.1854697566467507,0.4055871117981088,-0.7917371076495939,0.9237347694900384,0.9760979353930849,1.8564150173457743,0.3047633542350901,0.9175066849284732,1.2442526384932495,1.732956970977797,-0.6145657397852409,1.439061395509822,0.9956015918023329,0.5703069923148425,-0.2721913818664392,1.5884529804919434,-1.0704752598915837,0
KXNBAGAME-25DEC23LALPHX,2025-12-23,LAL,PHX,PHX,0,2025-26,0.5907,0.4525956754586354,0.374580490352207,0.730619577691469,-0.33781003948152677,0.5581378869055588,-0.09204641626918358,-0.0004114544465669936,-0.19397271776068534,-1.3964310031465668,-0.7946493384103421,-1.8829331705195749,0.2400678033045113,0.9858596426003342,-0.46965013375712733,-1.2292685181385206,-0.00738114178747798,-0.7941641824316983,-0.7533225871708722,-1.1846108967970383,-0.723390275527905,-1.342869741269395,-1.152614607010804,0.06736612666621902,2.525719862800014,-1.2536482623433483,0.9237347694900384,0.6569052496359842,1.1994297125818052,0.5357970711569738,0.32569594599958773,0.9273584701347476,0.7508633141671159,0.5156186667681865,0.806343859259519,-0.18281440387262093,-0.6210901093048088,-3.0757957106821605,1.0618313718042445,0.03999169085607133,0
KXNBAGAME-25DEC23MEMUTA,2025-12-23,MEM,UTA,MEM,0,2025-26,0.6554,0.4525956754586354,0.06303636500475757,-0.49958347567297184,0.4399941293565547,0.11894433447964149,0.688160099621537,-0.3073904096129034,1.263770296482532,0.5626693711562855,1.318974027059801,-0.35029131556160326,0.2400678033045113,-1.2164161539661753,-0.46965013375712733,1.1470351059606463,2.4372906776227086,-1.1744380941279948,-0.2023357698439645,0.8992805412887643,0.29256244460394415,0.07095787264505272,1.550734095565838,-0.521109468060376,-1.2758974838240917,-2.1774705717308565,-1.2262444016037357,0.6569052496359842,-0.8153252220277,-2.1095389875986137,1.1542309805000273,0.22385341637887246,-0.13923675960054102,-0.42712052113735555,0.8289409141256016,-0.6878498305904571,1.3362051290703352,0.6453518530187057,1.7201083826638675,0.03999169085607133,1
KXNBAGAME-25DEC23MILIND,2025-12-23,MIL,IND,MIL,0,2025-26,0.5306,-0.8661056849155315,-1.4946842617324951,-0.3238401823351933,-0.720336679893698,0.4339215286436848,0.8421021924430274,-0.4455309394377537,-1.4897442859768784,-0.19698179438971902,0.9667034661481096,-0.20432542461322556,-1.3413076336765548,-0.11527825568292054,-0.920042310549313,-1.2877022138130896,-0.0877979779522868,-0.7688125883186119,-1.040014914885686,-0.5963868075611137,0.5924365299354809,-0.8930155004784347,-1.4350540236979157,-1.3449753006776082,-0.8372493284443875,1.055907511125423,-1.2262444016037357,0.018519878121783073,-0.1583399172637307,-0.1688557654547761,0.034342966834597935,1.0414403707438098,1.0069535588544576,-0.7395292188838297,-0.41389710350892345,0.8553139732695993,1.6766043009616634,0.44145335637756217,-1.7029320738061724,1.1504586416037264,1
KXNBAGAME-25DEC23NOPCLE,2025-12-23,NOP,CLE,CLE,0,2025-26,0.7709,0.013028555333913172,1.7960005622499522,1.241872794674094,0.18497636908177387,1.3034360364768125,-0.0710543127026174,1.7084380626460398,0.2271530419095765,0.5226877308643899,-1.0882081391700842,0.16058930275772,-1.0622413800916604,-1.2164161539661753,-0.46965013375712733,0.8743445261459867,0.957620892190228,-0.1857259237176237,-0.3456819337013726,-0.8510447974132552,0.9957154722778958,0.5208121134360131,0.25958247642475535,-1.1684326222596302,0.11315500821163886,-0.8841193385883449,-1.2262444016037357,0.3377125638788836,0.6884411422098312,0.21234986746633458,0.2619624818072462,1.171366979770795,0.5345540783632461,0.5211317614343022,-0.2105236097141833,0.18193340431248375,0.05970823447784958,0.03365636309527558,-0.1230672477430767,0.03999169085607133,0
KXNBAGAME-25DEC23NYKMIN,2025-12-23,NYK,MIN,MIN,0,2025-26,0.7132,1.3317299157080804,0.9587257253786767,-0.7871634102256977,1.2560509622358533,1.3877257081545142,1.0625192798919751,-0.39180962228364796,0.8426445368122677,0.12287132794544067,-0.5598022978025484,-0.42327426103579274,-0.31806470386527647,-0.11527825568292054,1.3319185734116146,0.5237423520985692,-0.3933819553785613,0.6508766820142288,-0.13066268791526167,-0.008162718325190936,-0.6406663899192053,0.4886796676652297,0.21923398832659594,-0.6388045870056945,-0.5448172248579175,-0.23744372201708921,-0.1512548160568486,0.018519878121783073,0.32344930622984625,-0.2843726239157188,0.42584853258755295,1.0794676709468292,0.7558359402775493,0.1756444956911379,0.24141748760746218,-0.07058430904643435,0.05970823447784958,0.08463098725556123,-0.057239546657114324,0.03999169085607133,0
KXNBAGAME-25DEC23OKCSAS,2025-12-23,OKC,SAS,SAS,0,2025-26,0.3224,1.3317299157080804,1.3870988977314218,-1.3303699532697348,1.9701006910052394,1.4187797977199796,1.440377144090174,0.8795948836969325,0.1947587527041712,-0.4368716361410877,-1.4404787000817743,1.4742823212931244,0.3330898878328098,-1.2164161539661753,1.3319185734116146,1.1859909030770237,-0.055631243486365105,0.8156620437492905,0.19186618076389975,0.2859493262927704,-0.48814422582816397,1.2598583661640192,-0.5070387974402635,-0.6388045870056945,-0.7641413025477697,-0.5145904148333416,-0.1512548160568486,0.018519878121783073,0.14825322495945617,-0.9197153454509023,0.817354098340508,0.873486461513803,0.8204800797131901,0.9805563169438258,-0.7528529265001576,0.04164578577975224,-0.5785402128183929,1.5628950879038506,0.6010374642025087,-1.0704752598915837,0
KXNBAGAME-25DEC23ORLPOR,2025-12-23,ORL,POR,ORL,0,2025-26,0.5298,0.013028555333913172,-0.48216585435328035,0.15545970858601726,-0.4398171435914391,-0.8481687405592445,-1.7924068051610744,-1.156698852239767,0.7130673799906488,-0.5168349167248787,-0.5598022978025484,0.23357224823190884,0.7982003104742998,-1.2164161539661753,-0.46965013375712733,0.03679488814382207,0.8128705870935712,-0.6167030236400932,-1.1788815111225481,-0.32738188870322343,-0.40542034021946427,0.1030903184158361,-1.0315691427163274,2.0681831487366433,-0.8372493284443875,0.5939963564316687,-1.2262444016037357,0.3377125638788836,-0.39193469229091893,-0.4691995974532266,0.12539077282365724,0.2238534163788742,-1.051713650865148,-0.541057810903717,0.4221939265361197,0.35027854655176216,-1.8975870038972946,0.747301101339277,0.14024355660077248,0.03999169085607133,1
KXNBAGAME-25DEC23TORMIA,2025-12-23,TOR,MIA,TOR,0,2025-26,0.3504,-0.8661056849155315,-2.487731161277493,-0.6753267690107482,-1.09011243229213,-0.9324584122369461,-0.4419148090452948,-1.696470181740575,-0.9066470802795924,0.7225959323238645,1.0254152263000589,-0.2773083700874144,0.05402363424791592,-0.11527825568292054,-1.3704344873414982,-0.09955040176350768,0.5877034458321055,-0.5279724442442907,-0.4576711242149716,0.38637782933304904,-0.2425576904273365,0.07095787264505272,-0.3859933331457867,-0.6976521464783538,-0.39860117306468257,0.40923189455416686,-0.1512548160568486,0.3377125638788836,-1.7935033424540525,-0.9081636596048086,-0.40268650191288674,-0.3465560866664292,-0.5867731095395847,-1.0445871237421542,-0.6850617619019114,0.7711414021499606,1.2511053360975024,0.08463098725556123,-0.2547226499150011,0.03999169085607133,1
KXNBAGAME-25DEC23WASCHA,2025-12-23,WAS,CHA,CHA,0,2025-26,0.6988,-0.8661056849155315,-1.0078965658771037,1.1140594904284382,-1.5491444007867357,-0.8925317256527739,-1.3690660499019824,-1.2743741183868609,0.29194162032038706,-0.7167431181843533,-0.3836670173467028,-1.5910013886228183,0.6121561414177037,-0.11527825568292054,-0.46965013375712733,-0.3332851844617869,0.15345253054213967,-0.33783548839614236,-0.7443634519297854,0.5441940483963462,0.29256244460394415,-0.34676392237512654,-0.022856940262356254,1.1266221971740904,0.186263034108256,0.22446743267666502,-1.2262444016037357,-0.3006728076353177,-0.5087320798045131,0.6975206730022944,-0.8670303124570891,-0.11522334376472382,-1.3550438436016112,-1.1217704490677538,0.4447909814022039,-0.49144716464463284,-1.0891389706553865,-1.2407092409118696,0.2718989587726972,1.1504586416037264,0
KXNBAGAME-25DEC25CLENYK,2025-12-25,CLE,NYK,NYK,0,2025-26,0.5159,0.013028555333913172,1.34815588206299,0.9223395340599536,0.14672370504055676,-0.023017217819641292,-0.7952818857491628,1.3298306846075547,0.7454616691960542,0.7225959323238645,-1.2056316594739804,0.23357224823190884,-0.5041088729218727,-0.11527825568292054,0.8815263966194288,0.7574771347968484,-0.40946532261152213,0.8156620437492905,1.222166733489015,1.1754589246495328,-0.4622930115754451,0.6172094507483609,-0.14390240455683306,-0.521109468060376,-0.5448172248579175,-0.42220818389459025,-0.1512548160568486,-0.619865493392418,0.4402466937434404,0.9632094474624623,-0.48462952730304015,-0.8852761728758823,-1.3848796002642136,1.2856142218021465,0.08323810354488721,0.6027962599106812,-0.49344041984556003,0.5434026046981335,-0.057239546657114906,0.03999169085607133,0
KXNBAGAME-25DEC25DALGSW,2025-12-25,DAL,GSW,GSW,0,2025-26,0.7377,0.4525956754586354,0.9976687410471087,0.7625729037528834,0.04471660093064444,1.8091740665430127,-0.1690174626799288,-0.2971577777740267,0.09757588508795764,0.6026510114481795,-0.3249552571947546,-1.1531037157776838,1.1702886485874915,-0.11527825568292054,-0.01925795696494194,-0.6059757642764436,-1.2136336842596105,0.5621461026184261,-0.9638622653364373,-0.011749450576631092,0.052146152053659904,0.6172094507483609,0.8244613097989786,0.5381466024474955,0.2593710600048745,-0.6069726457720921,0.9237347694900384,0.3377125638788836,1.1994297125818052,1.425276881306233,-0.375372160116169,1.9699402840342137,-0.1168599421035871,-0.2488637935996618,-0.36870299377675825,-0.15475688016607403,-0.6210901093048088,-0.9858361201104414,1.2593144750621312,-1.0704752598915837,0
KXNBAGAME-25DEC25HOULAL,2025-12-25,HOU,LAL,HOU,0,2025-26,0.5411,-0.42653856479080904,0.588767076528581,0.29924967586237905,0.14672370504055676,1.2102737677804063,1.1394903263027203,0.0533098627075416,1.2313760072771265,-0.15700015409782353,1.7886681082753884,-0.6422230974583599,1.3563328176440876,-0.11527825568292054,-0.01925795696494194,-0.002160908972558256,0.9897876266561497,-0.7814883853751551,0.08435655787084677,-0.5461725560409754,-0.506240075805068,-0.08970435620886184,-1.596447976090552,-0.6976521464783538,-1.7145456392037965,0.22446743267666502,-0.1512548160568486,-0.3006728076353175,0.44024669374344244,-0.49230296914541544,0.662572828159107,0.8006008027913486,1.1834817857748599,0.39984367877978716,0.9193291335899303,0.9956015918023329,1.8042539904209127,0.7473011013392774,0.7985205674603956,0.03999169085607133,1
KXNBAGAME-25DEC25MINDEN,2025-12-25,MIN,DEN,DEN,0,2025-26,0.4951,1.3317299157080804,0.296694459015346,-0.5634901277957985,0.6440083375763794,-0.6396627106196664,-0.518885855456038,-0.7985567378790411,0.7130673799906488,-0.19698179438971902,-0.7359375782583929,0.014623411809342294,0.6121561414177037,-0.11527825568292054,0.8815263966194288,2.0624963381955688,0.6198701802980295,0.8536894349189202,2.3913338824509824,2.6137385574763945,0.49937215862569484,-0.9251479462492181,1.5103856074676785,-1.7569082169862251,-0.39860117306468257,-1.2536482623433483,-0.1512548160568486,0.337712563878884,-1.326313792399674,-0.8504052303743372,-0.15685742574242656,-2.152852846309886,-2.1854724040440603,-0.9269744375317169,1.145299682250753,-1.1928852573082944,0.7405065782605088,0.28852948389670474,1.3251421761480937,0.03999169085607133,0
KXNBAGAME-25DEC25SASOKC,2025-12-25,SAS,OKC,SAS,0,2025-26,0.2522,1.7712970358328026,1.5039279447367173,-0.3398168453659017,1.2560509622358533,0.380685946531451,0.9400653424203369,-0.6962304194902623,1.3285588748933401,0.16285296823733617,-0.6772258181064448,-0.7152060429325487,-0.31806470386527647,-0.11527825568292054,0.8815263966194288,1.166513004518835,-1.1171334808618407,1.6395888524245998,1.7104396041283019,1.2758874276898136,0.8664594010142987,0.1352227641866172,-0.5877357736365809,-1.1684326222596302,1.136667370764283,0.1320852017379145,-0.1512548160568486,0.6569052496359845,0.2504509390338518,0.5589004428491627,-0.28432435412710955,-0.9423171231804116,-0.22128509042269845,-1.1144196561796003,0.8289409141256016,0.5186236887910426,0.35755750988276314,-1.2916838650721558,-0.3205503510009638,0.03999169085607133,1
KXNBAGAME-25DEC26BOSIND,2025-12-26,BOS,IND,BOS,0,2025-26,0.7482,1.3317299157080804,0.5108810451917172,-1.1386499969012525,1.243300074222114,0.8509335885228362,0.3592838104119978,0.989595675964866,-0.09678985014447176,-1.5963392046060414,-0.7359375782583929,-0.20432542461322556,0.4261119723611075,2.086997540883589,-1.3704344873414982,-1.4630033008367997,0.07303569437733085,-1.0096527323929332,-1.2819115663950578,-0.8080040103959893,0.27963683747758616,-1.021545283561566,-1.596447976090552,-1.4038228601502685,-0.9103573543410046,0.40923189455416686,0.9237347694900384,1.9336759926643872,1.476823507926593,-0.8735086020665278,1.6094700104453241,1.5104437399143895,0.8105348274923222,0.5137809685461466,0.6481644751969424,-0.014469261633341557,0.485207199342012,0.4924279805378478,0.008588154428847751,1.1504586416037264,1
KXNBAGAME-25DEC26CHAORL,2025-12-26,CHA,ORL,CHA,0,2025-26,0.3337,-0.42653856479080904,-0.20956474467426275,0.07557639343248217,-0.19755027133039735,-0.7062071882599592,0.9890469174089925,0.10191486394221182,0.06518159588255236,0.4027428099887049,0.9079917059961625,-0.2773083700874144,0.3330898878328098,0.9858596426003342,-0.01925795696494194,-0.4891083729273054,0.15345253054213967,-0.4392418648484881,-0.7354043166886959,-0.757789758875851,-1.0129238751583554,0.4886796676652297,-0.022856940262356254,-0.521109468060376,-0.17927709537483108,0.5939963564316687,0.9237347694900384,-0.3006728076353175,0.2066519187162522,-0.05333890699383337,0.1709146758181869,0.011534323578676913,1.22326279465833,0.7949487965179765,-0.30091182917851206,0.29416349913866935,1.0383558536654225,-0.06829288522529572,-0.18889494882903904,0.03999169085607133,1
KXNBAGAME-25DEC26DETUTA,2025-12-26,DET,UTA,UTA,0,2025-26,0.2344,1.3317299157080804,0.45246652168907076,-1.0747433447784236,1.154043858125941,-0.28919512838080547,-1.5405015623622744,-1.2539088547091046,1.5553188993311748,0.04290804736165111,0.26216234432472935,1.4742823212931244,1.3563328176440876,0.9858596426003342,-0.46965013375712733,1.672938367031771,2.5659576154864046,-0.9335979500536737,-0.19785620222342354,1.1682854601466546,0.17881710189198247,0.2958849930405318,1.4296886312713613,-0.7564997059510131,-1.2027894579274745,-2.3622350336083584,0.9237347694900384,1.2952906211501856,-0.9175229361020935,-2.6178131648267624,1.4911078626595469,-0.07085816019453145,-1.9094916549149814,-1.0262101415217733,0.8741350238577668,-0.9684250676559222,0.740506578260508,1.8687428328655658,2.64169619786734,0.03999169085607133,0
KXNBAGAME-25DEC26LACPOR,2025-12-26,LAC,POR,LAC,0,2025-26,0.508,-0.8661056849155315,-1.105254105048182,-0.6593501059800421,-0.19755027133039735,0.09676284193287801,-0.371941130490071,1.0612240988370145,-0.712281345047163,-1.1565411613951966,1.0254152263000589,0.014623411809342294,-0.8761972110350646,0.9858596426003342,-0.46965013375712733,-0.13850619887988802,0.6037868130650687,-0.5659998354139204,-0.829475236720121,-0.49237157226939693,-0.3924947330931034,-0.025439464667297386,-0.9912206546181693,2.24472582715462,-0.7641413025477697,0.7787608183091705,0.9237347694900384,-0.3006728076353177,-0.7277271813925028,-0.9081636596048103,0.26196248180724624,0.6516605436628516,0.07209985009289833,1.0430380564931203,-0.4816882681071696,-0.12669935645952715,-0.8763894882233049,0.543402604698134,-1.176310465118474,0.03999169085607133,1
KXNBAGAME-25DEC26MIAATL,2025-12-26,MIA,ATL,MIA,0,2025-26,0.4177,-1.3056728050402537,-0.9884250580428892,0.12350638252460276,-0.745838455921176,-0.9058406211808305,-0.4244213894064874,-0.20762224918384664,0.16236446349876593,-0.7567247584762474,-0.6772258181064448,-0.35029131556160326,0.2400678033045113,0.9858596426003342,-1.3704344873414982,0.6016539463313272,1.6974557849064682,-0.946273747110217,0.04404044928595066,0.22138814576687552,0.814756972508864,-1.021545283561566,1.873522000351109,0.3027563645568572,0.4055871117981088,-0.8841193385883449,0.9237347694900384,0.018519878121783073,-1.1949167314468814,-1.1276456906806005,0.14360033402146913,-0.6824639051264407,-0.4599711437235209,-0.7266653313295665,0.8289409141256,-1.838208302558864,-0.7061899022776409,-0.5270645026678683,0.7985205674603953,0.03999169085607133,1
KXNBAGAME-25DEC26MILMEM,2025-12-26,MIL,MEM,MEM,0,2025-26,0.6351,-0.42653856479080904,-1.4557412460640633,-0.7072800950721626,-0.3888135915364829,0.3939948420595101,0.47124169610035005,-0.3739025165656108,-1.0686185263066166,-0.35690835555729816,0.9667034661481096,-0.42327426103579274,-1.0622413800916604,0.9858596426003342,0.4311342198272434,0.5821760477731384,-0.1199647124182108,0.4734155232226237,0.6487820780593824,0.7414643222254672,-0.5476020186094164,0.8421365711438422,1.2682946788787264,1.3031648755920693,-0.03306104358159546,0.40923189455416686,0.9237347694900384,-0.619865493392418,-1.5307092205484651,-0.4229928540688504,-0.621201236286629,-0.18177111912000535,-0.18399039459444472,0.12235124725203297,-1.340376353018297,-1.1367702098952017,-0.23814104092706403,-0.27219138186643965,-1.044655062946549,0.03999169085607133,0
KXNBAGAME-25DEC26PHICHI,2025-12-26,PHI,CHI,CHI,0,2025-26,0.4403,0.4525956754586354,-0.0732641898347526,-0.6753267690107482,0.49099768141151084,-1.9794248604441818,-0.7043161036273748,1.2044809445813003,1.0370102720446972,-1.4364126434384608,-0.7946493384103421,0.9634017029737999,0.4261119723611075,0.9858596426003342,-0.01925795696494194,0.7379992362386569,1.2149547679176154,-0.4772692560181178,0.6487820780593824,-0.23412685016581922,-0.05901406923303021,-0.12183680197964522,1.1472492145842497,0.3616039240295165,0.5518031635913431,-1.0688838004658463,0.9237347694900384,0.3377125638788836,-0.6109297938789087,-1.358679407602486,0.6898871699558249,-1.8771549198379902,-0.34311443012832765,0.9088860862843359,0.806343859259519,-1.8101507788523172,-0.8338395917368897,0.28852948389670474,1.0618313718042445,0.03999169085607133,0
KXNBAGAME-25DEC26PHXNOP,2025-12-26,PHX,NOP,PHX,0,2025-26,0.6563,-0.42653856479080904,-0.8715960110375935,0.07557639343248217,-0.6310804637975247,-0.20490545670310376,-0.9247331910763245,-0.18204066958665194,-1.6193214427984994,-0.7567247584762474,-0.0901082165869608,2.2770947215092043,-1.1552634646199587,0.9858596426003342,-0.01925795696494194,1.7703278598227203,1.424038541946118,0.029762626243611,1.1191366782165004,-0.3022747629431523,1.8074435998132659,0.2958849930405318,0.6630673574063437,-0.6388045870056945,0.4055871117981088,-0.9765015695270958,0.9237347694900384,-0.3006728076353175,-1.983299097163643,-0.96592208883528,-0.47552474670413414,-0.9423171231804116,-0.45251220455787233,-1.413964466371813,-1.340376353018297,-0.996482591362469,0.4001074063691792,1.3080219671024214,-0.1230672477430767,0.03999169085607133,1
KXNBAGAME-25DEC26TORWAS,2025-12-26,TOR,WAS,WAS,0,2025-26,0.2639,-0.42653856479080904,-2.1372440202616114,-1.0747433447784236,-0.5418242477013513,-0.679589397203846,-0.19350825017425566,-0.7755333162415656,-0.5827041882255442,0.8025592129076541,0.9667034661481096,-0.05835953366484655,-0.038998450280382596,0.9858596426003342,-0.920042310549313,-0.5280641700436858,1.2792882368494634,-1.3518992529196,-0.7981182633763119,-1.1164629840197053,-0.8552314682167708,0.4886796676652297,-0.5473872855384214,-1.0507375033143105,-1.860761690997031,0.5939963564316687,0.9237347694900384,0.33771256387888376,-1.2095164048860798,-1.6936782971392206,0.5806298027689537,0.07491315725037553,0.6315202875167034,0.052518714814586996,-0.7528529265001576,0.9394865443892391,1.4638548185295825,1.2570473429421356,-0.4522057531728885,0.03999169085607133,0
KXNBAGAME-25DEC27BKNMIN,2025-12-27,BKN,MIN,BKN,0,2025-26,0.1699,0.4525956754586354,-1.105254105048182,-1.8735764963137744,0.7715172177137698,-0.4001025911146204,0.4852364318113948,0.10703117986165019,-0.35594416378770943,0.5226877308643899,1.7299563481234392,-0.1313424791390367,0.2400678033045113,2.086997540883589,0.8815263966194288,0.11470648237657996,-0.5220488932422549,0.4860913202791669,-0.6726903700010776,-0.933539639196341,-0.9896577823309082,0.8742690169146256,-0.10355391645867508,-0.4034143491150563,0.186263034108256,1.3330542039416753,-0.1512548160568486,-0.3006728076353175,-0.9175229361020935,-0.9774737746813752,0.19822901761490472,0.18582611617585293,0.987063054412723,0.7820849089637092,-0.8658382008305688,0.4344511176714029,1.5489546115024153,-0.22121675770615357,-0.7813442586027001,2.260925592351381,1
KXNBAGAME-25DEC27CLEHOU,2025-12-27,CLE,HOU,HOU,0,2025-26,0.5649,-0.42653856479080904,1.1339692958866188,1.0341761752749032,-0.08279227920674595,0.0346546628019398,-0.47690164832290377,1.5907627964989401,0.6482788015798383,0.8425408531995496,-0.9120728587142385,0.23357224823190884,-1.2482855491482567,-0.11527825568292054,-0.01925795696494194,0.5042644535403777,-0.24863165028190448,0.5241187114487965,1.6522052250612318,1.354795537221461,-0.009896762152864143,1.2598583661640192,-0.2649478688513099,1.9504880297913225,-0.39860117306468257,1.1482897420641736,-0.1512548160568486,-0.3006728076353175,0.4694460406218415,0.9285543899241798,-0.43910562430851047,-1.1482983326134395,-1.2829407650003204,1.1514622515933641,-0.436494158375006,0.7711414021499606,-2.067786589842958,0.4414533563775617,-1.7029320738061722,0.03999169085607133,0
KXNBAGAME-25DEC27DALSAC,2025-12-27,DAL,SAC,SAC,0,2025-26,0.4367,0.013028555333913172,0.7055961235338738,0.8424562189064185,-0.21030115934413637,1.7781199769775473,-0.9737147660649782,-0.23576198674075768,0.03278730667714708,-0.07703687351403395,-0.14881997673890898,-1.0801207703034943,1.26331073311579,-0.11527825568292054,-1.3704344873414982,-0.6838873585092043,0.8611206887924561,-1.123734905901822,-0.5875785852107418,-1.0949425905110743,-1.8737693097738946,-0.4431612596874744,-0.9912206546181693,-0.16802411122441813,1.2828834225575172,0.9635252801866724,1.9987243550369254,0.9760979353930849,1.0388333047506135,-0.00713216360945562,0.6534680475602012,1.6815665908279775,0.06215459787203039,1.1643261391476354,0.33180570707179097,0.6308537836172281,0.01715833799143357,-1.6485062341941563,0.20607125768673457,-2.180942210639239,0
KXNBAGAME-25DEC27DENORL,2025-12-27,DEN,ORL,ORL,0,2025-26,0.3773,1.3317299157080804,2.438560320779066,0.6826895885993484,1.0520367540160285,2.3060394995905185,2.9168217616053522,0.7030819844762859,-0.971435658690403,1.2423572561184988,-1.2056316594739804,-0.2773083700874144,-1.2482855491482567,-0.11527825568292054,-0.46965013375712733,-0.8786663440911031,0.15345253054213967,-0.6927578059793527,-1.241595457810164,-0.6107337365668684,-0.8009439182860615,0.3601498845820985,-0.14390240455683306,-1.0507375033143105,-0.5448172248579175,0.22446743267666502,-1.2262444016037357,1.2952906211501856,2.4842009752313445,0.38562515515774864,1.2452787864890866,2.521336136978011,2.4912824528189557,1.0761166244898044,-0.9336293654288168,0.967544068095786,-0.1104913514678152,0.18658023557613299,-1.044655062946549,1.1504586416037264,0
KXNBAGAME-25DEC27INDMIA,2025-12-27,IND,MIA,MIA,0,2025-26,0.7148,-1.3056728050402537,-1.4362697382298488,0.10752971949389666,-1.026357992223435,-1.234126710872928,-0.5678674304446938,0.47796408402097196,-1.0362242371012114,-1.1965228016870921,-1.381766939929826,-0.7881889884067382,0.1470457187762136,-1.2164161539661753,-1.3704344873414982,-1.2292685181385206,-0.02346450902044112,-0.7814883853751551,-1.1609632406403743,-1.1630905032884074,0.0547312734789315,0.19948765572818394,-0.9508721665200098,-0.6976521464783538,0.11315500821163886,-0.5145904148333416,-1.2262444016037357,0.018519878121783073,-0.1583399172637307,0.09683300900539349,-0.17506698694023842,-0.06452027682736036,0.3978068603263129,0.3061210694558425,-0.8658382008305688,-0.18281440387262093,-0.4934404198455608,-0.6290137509884401,0.469382062030584,0.03999169085607133,0
KXNBAGAME-25DEC27MILCHI,2025-12-27,MIL,CHI,MIL,0,2025-26,0.4548,-0.8661056849155315,-1.6893993400746516,-0.2918868562737788,-0.8733473360585664,-0.02745351632899596,0.29280881578453666,-0.2613435663379524,-0.9066470802795924,-0.8766696793519324,1.4363975473636972,-0.5692401519841711,-1.0622413800916604,-1.2164161539661753,0.4311342198272434,0.5237423520985692,0.8450373215594952,-0.32515969133959916,0.3889671560678344,-0.5605194850467301,0.026294937800941075,0.16735520995740055,1.187597702682409,-0.16802411122441813,0.11315500821163886,-0.8841193385883449,-1.2262444016037357,-0.9390581791495188,-1.6621062815012597,-0.8157501728360548,-0.39358172131398084,-0.29902196141265214,0.5917392786332344,-0.2047590362707463,-0.7528529265001576,-1.4454029706672136,1.1660055431246696,-0.4760898785075827,-0.1230672477430767,0.03999169085607133,1
KXNBAGAME-25DEC27NYKATL,2025-12-27,NYK,ATL,NYK,0,2025-26,0.6606,1.3317299157080804,0.9003112018760303,-0.43567682355014287,0.9372787618923772,1.0239492303875941,1.2584455798465959,-0.26390172429767156,0.9722216936338866,-0.19698179438971902,-0.44237877749865095,-0.20432542461322556,-0.2250426193369788,-0.11527825568292054,-1.3704344873414982,0.8548666275877979,2.131706700196434,-1.123734905901822,0.24114142458988777,0.16041369749242074,1.2749085862072598,-0.7644857173953036,1.8331735122529496,0.655841721392814,-0.25238512127144824,-0.7917371076495939,-1.2262444016037357,1.9336759926643872,0.03145583744585998,-1.843850213138444,1.4728983014617352,0.5565922931553011,0.7782127577745017,-1.0942049757371834,1.2130908468489991,-1.4173454469606666,-0.7912896952504729,0.03365636309527558,0.4035543609446213,1.1504586416037264,1
KXNBAGAME-25DEC27PHXNOP,2025-12-27,PHX,NOP,PHX,0,2025-26,0.6225,0.013028555333913172,-0.9494820423744572,-0.1640735520281231,-0.49082069564639524,-0.08512539695058444,-1.4180476248906362,-0.36878620064616957,-1.5869271535930942,-0.5168349167248787,-0.20753173689085821,2.423060612457582,-1.1552634646199587,-1.2164161539661753,-0.01925795696494194,1.1080793088442658,0.8772040560254192,0.029762626243611,0.6443025104388415,-1.6329524282268588,1.130141786392033,0.16735520995740055,0.5016734050137075,-0.6976521464783538,0.7711272412811959,-0.8841193385883449,-1.2262444016037357,0.018519878121783073,-1.5453088939876658,-0.7464400577594897,-0.375372160116169,-0.520847879263607,0.11933979814202005,-1.0666395024066109,-1.2273910786878857,-0.715907354297004,0.3575575098827624,1.1550980946215634,-0.18889494882903904,0.03999169085607133,1
KXNBAGAME-25DEC27UTASAS,2025-12-27,UTA,SAS,UTA,0,2025-26,0.1563,-0.42653856479080904,1.6012854839077957,2.5679358262227785,-1.0008562161959569,-0.26257733732469224,1.3529100458961467,0.7081983003957272,0.06518159588255236,1.4822470978698676,-0.44237877749865095,-0.8611719338809272,-1.9924622253746407,-1.2164161539661753,1.7823107502038,1.3612919901007339,-0.5702989949411398,1.3353697230675625,0.7562917009524379,0.7127704642139598,-0.7569968540564387,1.5811828238718484,-0.14390240455683306,-0.34456678964239706,-1.0565734061342396,-0.6069726457720921,-0.1512548160568486,-1.57744355066372,0.17745257183785523,2.2685499480711164,-1.6773557857597168,-0.7268290886966314,0.46245099976195386,1.048551151159234,-1.0692116946253092,1.1358892103350642,-0.06794145498139846,0.13560561141584732,-0.9788273618605868,-1.0704752598915837,1
KXNBAGAME-25DEC28BOSPOR,2025-12-28,BOS,POR,POR,0,2025-26,0.2684,1.3317299157080804,0.9587257253786767,-1.026813355686303,1.447314282441939,1.1703470811962342,0.9295692906370547,0.9179672530927203,-0.19397271776068534,-1.3164677225627772,-1.0294963790181348,-0.2773083700874144,0.3330898878328098,-0.11527825568292054,-0.46965013375712733,-0.43067467725273634,0.5716200785991447,-0.7307851971489823,-1.0265762120240531,-0.36683594346904724,-0.3252815760360362,0.1030903184158361,-0.9912206546181693,2.24472582715462,-0.8372493284443875,0.31684966361541633,-0.1512548160568486,1.2952906211501856,1.0388333047506135,-1.1507490623727894,1.5548413268518884,1.5579778651681684,0.9099873497009989,0.8923468022859948,-0.2105236097141833,-0.23892945128571375,-2.365635865247871,0.3904787322172765,0.008588154428847751,0.03999169085607133,0
KXNBAGAME-25DEC28DETLAC,2025-12-28,DET,LAC,LAC,0,2025-26,0.4919,0.8921627955833576,1.0366117567155404,-0.5475134647650924,1.1157911940847236,0.06570875236740768,-0.5118884876005166,-1.5046083347616133,0.9398274044284836,0.8425408531995496,-0.0901082165869608,1.4742823212931244,1.4493549021723862,-0.11527825568292054,-0.46965013375712733,-0.8981442426492919,-0.7954661362026054,0.042438423300154224,0.3128145065185906,0.4545257421103821,1.0500030222086079,-1.1822075124154805,-1.3140085594034403,0.7146892808654743,0.040046982315021705,-0.9765015695270958,-0.1512548160568486,0.9760979353930848,1.447624161048194,0.1776948099280521,0.7627254147470723,-0.17860217743642595,-0.6837393186930448,-1.8256088681083453,1.484255505241987,1.5006370185201698,-0.5785402128183929,1.0021742221407066,1.7201083826638681,0.03999169085607133,0
KXNBAGAME-25DEC28GSWTOR,2025-12-28,GSW,TOR,TOR,0,2025-26,0.3851,0.013028555333913172,-0.20956474467426275,-0.9309533775020595,0.6057556735351622,-0.8171146509937741,0.03040752120245273,0.3884285554307919,0.7130673799906488,1.0024674143671288,0.6144329052364195,0.5984869756028544,-0.5041088729218727,0.9858596426003342,-0.920042310549313,-2.183685547489826,-0.7150493000377967,-0.8575431677144144,-1.0848105910911257,-0.273580904931645,-0.1365677119911867,-0.9251479462492181,0.542021893111867,0.5381466024474955,-0.10616906947821261,0.1320852017379145,-0.1512548160568486,0.6569052496359843,1.476823507926593,-0.15730407960868084,1.0449736133131562,0.17948823280868537,0.2063607550746108,0.37779130011532835,1.145299682250753,0.32222102284521625,0.05970823447784958,0.49242798053784737,-0.4522057531728885,1.1504586416037264,0
KXNBAGAME-25DEC28MEMWAS,2025-12-28,MEM,WAS,WAS,0,2025-26,0.301,0.4525956754586354,0.7445391392023056,-0.2120035411202437,0.6567592255901183,0.5492652898868544,0.7021548353325837,-0.2997159357337459,0.5510959339636248,1.2423572561184988,0.7905681856922652,0.5984869756028544,0.6121561414177037,-0.11527825568292054,-0.920042310549313,-0.35276308301997567,1.1345379317528066,-1.123734905901822,-0.4711098270766044,-0.779310152384482,-0.4261013116216399,0.6493418965191443,-0.6684327498328982,-0.8153472654236734,-1.9338697168936487,0.8711430492479211,-0.1512548160568486,0.9760979353930849,0.8198382031626238,-0.96592208883528,1.2725931282858045,0.7213772607017231,1.0343030024618447,0.0892726792553489,-0.07494128051768933,1.3322918762808904,1.1660055431246705,1.7667935845449936,-0.18889494882903904,0.03999169085607133,0
KXNBAGAME-25DEC28PHIOKC,2025-12-28,PHI,OKC,OKC,0,2025-26,0.8616,0.4525956754586354,-0.6963524405296543,-1.2025566490240793,0.5037485694252499,-2.2544753680240452,-0.5118884876005148,1.2889001572520478,1.0370102720446972,-1.5963392046060414,-1.323055179777877,0.45252108465447666,0.2400678033045113,-0.11527825568292054,0.4311342198272434,0.7574771347968484,-1.0849667463959167,1.3480455201241057,1.262482842073906,0.93514786380315,0.6053621370618417,0.1030903184158361,-0.7491297260292157,-1.4626704196229277,1.136667370764283,-0.14506149107833788,0.9237347694900384,0.018519878121783073,-1.0927190173724877,-0.08799396453211586,-0.612096455687723,-2.5077743148714076,-1.0169052680921107,0.4972416845478076,0.6481644751969424,-0.6036772594708184,0.10225813096426635,-0.4760898785075827,0.27189895877269665,-1.0704752598915837,0
KXNBAGAME-25DEC28SACLAL,2025-12-28,SAC,LAL,LAL,0,2025-26,0.8116,-0.8661056849155315,-0.5989949013585759,0.6826895885993484,-0.9371017761272616,-0.7062071882599592,-0.5853608500834993,-1.42530543801031,0.09757588508795764,-0.7167431181843533,0.027315303716935573,1.4742823212931244,0.9842444795308961,-1.2164161539661753,-0.46965013375712733,-0.7228431556255847,0.957620892190228,-1.2251412823541676,0.1873866131433563,-0.5425858237895372,-1.1163287321692308,-0.7644857173953036,-1.8788873927776635,-0.28571923016973777,-1.495221561513944,-0.23744372201708921,0.9237347694900384,-0.3006728076353177,0.08985453120265807,-0.19195913714696497,0.20733379821381057,-0.6412676632398349,-0.04475686350229761,-0.2286491131572409,0.6029703654647789,0.7991989258565065,0.22990782042351438,2.072641329506709,0.8643482685463583,-2.180942210639239,0
KXNBAGAME-25DEC29ATLOKC,2025-12-29,ATL,OKC,OKC,0,2025-26,0.9035,-1.3056728050402537,1.4649849290682855,2.2803558916700504,-0.8605964480448274,0.5891919764710266,0.3277956550621476,1.3579704221644715,-0.7770699234579735,2.3218615439996615,0.43829762478057493,-0.42327426103579274,-0.5971309574501704,-0.11527825568292054,0.4311342198272434,0.8548666275877979,-1.2136336842596105,1.5128308818591676,1.2311258687301019,0.5334338516420317,0.6596496869925539,-0.08970435620886184,-0.6280842617347389,-1.521517979095587,1.429099474350753,-0.05267926013958736,-1.2262444016037357,-1.2582508649066193,0.45484636718264093,2.522687036685189,-1.7046701275564347,-0.4543001039083219,-0.1417230726557563,0.5082678738800329,-0.4816882681071712,2.061787492651099,1.4213049220431673,-1.2916838650721563,-0.3863780520869259,1.1504586416037264,0
KXNBAGAME-25DEC29CLESAS,2025-12-29,CLE,SAS,CLE,0,2025-26,0.4701,-0.42653856479080904,0.9392542175444623,0.9542928601213682,-0.14654671927544116,0.1366895285170503,-0.280975348368283,0.9793630441259893,0.5510959339636248,0.8425408531995496,-0.44237877749865095,0.30655519370609896,-1.7133959717897467,-0.11527825568292054,1.3319185734116146,1.3612919901007339,-0.3290484864467133,1.1452327672194142,0.6308638075772086,0.3002962552985251,-0.37181376169093067,1.3883881492471528,0.25958247642475535,-0.7564997059510131,-0.9834653802376224,-0.42220818389459025,-0.1512548160568486,-1.2582508649066195,-0.31893632509492237,0.9285543899241798,-0.9307637766494304,-0.35289397003360023,-0.41273119567440053,0.9695301276115965,-0.5946735424375825,0.40639359396485597,0.22990782042351438,0.9002249738201352,-0.9129996607746248,0.03999169085607133,1
KXNBAGAME-25DEC29DALPOR,2025-12-29,DAL,POR,POR,0,2025-26,0.5713,-0.42653856479080904,0.4914095373575026,0.9223395340599536,-0.414315367563961,1.5784865440566738,-1.0401897606924393,-0.5759969953834464,0.06518159588255236,-0.39688999584919366,0.20345058417278117,-1.0801207703034943,1.3563328176440876,-0.11527825568292054,-0.46965013375712733,-0.5864978657182549,0.5394533441332207,-0.8068399794882415,-0.8608322100639277,-0.5784531463039229,-1.1034031250428697,-0.08970435620886184,-1.0315691427163274,2.6566587434632383,-0.6179252507545353,0.1320852017379145,-1.2262444016037357,0.018519878121783073,0.8052385297234254,0.2816599825429012,0.28017204300505805,1.7322696577653391,-0.3431144301283263,0.3722782054492147,0.1058351584109682,0.4344511176714019,-1.769937314438046,-0.32316600602672485,0.8643482685463577,1.1504586416037264,0
KXNBAGAME-25DEC29DENMIA,2025-12-29,DEN,MIA,MIA,0,2025-26,0.4695,0.8921627955833576,2.2633167502711267,0.794526229814298,0.848022545796204,1.9600082158610075,2.119121826075826,1.0382006771995362,-0.6150984774309495,1.402283817286078,-0.9120728587142385,-0.35029131556160326,-1.4343297182048529,-0.11527825568292054,-0.920042310549313,-0.5670199671600661,-0.055631243486365105,-0.32515969133959916,-0.6323742614161864,-0.8402846006589367,0.07541224488110713,0.45654722189444635,-0.7894782141273751,-0.6976521464783538,0.5518031635913431,-0.5145904148333416,-0.1512548160568486,1.2952906211501853,2.119209139251364,0.6166588720796358,0.8355636595383198,1.8431826166908165,2.0835271117633836,0.6938753943058802,-0.7528529265001576,1.5286945422267157,-0.1530412479542312,-0.6290137509884396,-0.6496888564307753,0.03999169085607133,0
KXNBAGAME-25DEC29GSWBKN,2025-12-29,GSW,BKN,GSW,0,2025-26,0.6587,0.013028555333913172,0.08250787283897211,-0.6593501059800421,0.5802538975076842,-0.83929614354054,-0.19700693410201636,0.6263372456847046,0.6806730907852436,0.8025592129076541,0.9079917059961625,0.8904187574996111,0.1470457187762136,-1.2164161539661753,0.8815263966194288,-0.6059757642764436,-1.985635311441777,1.1705843613325009,-0.027632632642752158,0.1640004297438589,0.8742147652901164,-0.12183680197964522,0.9051582859952959,1.4797075540100482,0.11315500821163886,0.039702970799163975,-0.1512548160568486,-0.619865493392418,0.513245060939437,0.9516577616163686,-0.43000084370960456,-0.5842267129353056,-0.25857978625095085,-0.16984277005202025,0.5577762557326137,-0.07058430904643435,-0.4083406268727281,0.543402604698134,0.07441585551480982,-1.0704752598915837,1
KXNBAGAME-25DEC29INDHOU,2025-12-29,IND,HOU,HOU,0,2025-26,0.8542,-1.3056728050402537,-1.5141557695667096,0.21936636070884397,-1.1666177603745644,-1.340597875097393,-1.0856726517533344,0.36796329175303844,-0.8094642126633789,-0.9566329599357221,-0.5598022978025484,-0.7881889884067382,0.1470457187762136,-0.11527825568292054,-0.01925795696494194,0.4263528593076198,-0.16821481411709563,0.4100365379399076,1.4819816554805605,1.8712849814286145,-0.3175262117602214,0.906401462685409,-0.14390240455683306,1.8916404703186642,-0.25238512127144824,1.2406719730029248,-0.1512548160568486,-0.9390581791495188,-1.4577108533524685,0.28165998254289953,-1.131068949825361,-2.010250470548562,-2.0735883165593005,0.49172858988169393,-1.2047940238218047,-0.5756197357642715,-1.769937314438046,-0.37414063018701094,-0.7813442586027001,0.03999169085607133,0
KXNBAGAME-25DEC29MILCHA,2025-12-29,MIL,CHA,MIL,0,2025-26,0.5892,-0.42653856479080904,-1.962000449753672,-0.7072800950721626,-0.720336679893698,-0.39566629260526814,-0.37893849834559434,0.18121776069351228,-0.5179156098147336,-1.1565411613951966,1.1428387466039553,-0.05835953366484655,-1.1552634646199587,-0.11527825568292054,-0.01925795696494194,0.1536622794929603,-0.055631243486365105,0.14384479975249997,-0.5875785852107468,1.462397504764618,-0.3175262117602185,0.3922823303528819,0.29993096452291335,0.7146892808654743,-0.47170919896130037,0.22446743267666502,0.9237347694900384,-0.3006728076353175,-1.5891079143052633,-0.4691995974532266,-0.621201236286629,0.1287851658713254,-1.287913391110755,0.3575766196729075,-0.6398676521697462,-1.024540115069015,0.3150076133963464,0.2885294838967052,-0.9788273618605865,-1.0704752598915837,1
KXNBAGAME-25DEC29MINCHI,2025-12-29,MIN,CHI,MIN,0,2025-26,0.6715,0.4525956754586354,-0.2679792681769092,-0.451653486580849,0.18497636908177387,-0.7328249793160725,-0.8722529321599081,-1.42530543801031,0.4215187771420059,-0.23696343468161307,-0.9120728587142385,0.45252108465447666,0.5191340568894061,-0.11527825568292054,0.4311342198272434,0.5237423520985692,0.8289539543265321,-0.3124838942830559,0.3755284532062015,-0.16956566963992628,-0.10296113346265308,0.4886796676652297,1.5103856074676785,-0.22687167069707845,-0.5448172248579175,-0.7917371076495939,-0.1512548160568486,0.018519878121783073,-0.5963301204397102,-0.9197153454509023,0.3530102877963055,-0.7933768640519129,-0.5072110917726439,-0.9490268161961737,-0.05234422565160675,-1.2209427810148403,-0.49344041984556003,0.6963264771789913,0.9301759696323203,0.03999169085607133,1
KXNBAGAME-25DEC29NYKNOP,2025-12-29,NYK,NOP,NYK,0,2025-26,0.7454,1.3317299157080804,1.0755547723839725,-0.1001668999052964,0.7842681057275088,0.9174780661631241,1.3739021494627128,-0.2843669879754279,1.3285588748933401,-0.23696343468161307,-0.14881997673890898,-0.20432542461322556,-0.41108678839357415,-0.11527825568292054,-0.01925795696494194,1.0691235117278854,0.8450373215594952,0.029762626243611,0.5726294285101386,-1.442855618900616,1.1146310578404006,0.16735520995740055,-0.022856940262356254,-0.6388045870056945,0.7711272412811959,-0.42220818389459025,-0.1512548160568486,0.9760979353930851,0.0022564905674630066,-0.6771299426829248,0.535105899774424,0.2460360081639669,1.9716430242786223,-0.994969271747125,0.806343859259519,-0.15475688016607403,0.35755750988276314,-0.6799883751487262,0.008588154428847751,0.03999169085607133,1
KXNBAGAME-25DEC29ORLTOR,2025-12-29,ORL,TOR,TOR,0,2025-26,0.3901,0.013028555333913172,-0.6184664091927905,0.29924967586237905,-0.6438313518112636,-0.9723850988211185,-0.599355585794544,-0.7908822639998836,-0.0320012717336612,0.04290804736165111,-1.2643434196259287,-0.7152060429325487,-0.038998450280382596,-0.11527825568292054,-0.46965013375712733,-1.7746496777678369,-0.6507158311059487,-0.6420546177531797,-1.0176170767829662,-0.6143204688183085,0.06765688060528947,-0.4752937054582577,0.5823703812100264,0.5381466024474955,-0.03306104358159546,-0.42220818389459025,-1.2262444016037357,0.3377125638788836,0.8636372234802213,0.685968987156199,-0.0020761555610257342,0.02104114862943443,-0.0049758546188272065,-0.6145657397852409,0.30920865220571,-0.3792170698184462,-1.3018884530874673,-0.4760898785075827,0.27189895877269665,1.1504586416037264,0
KXNBAGAME-25DEC29PHXWAS,2025-12-29,PHX,WAS,PHX,0,2025-26,0.788,0.4525956754586354,-0.7352954561980833,-0.41970016051943676,-0.14654671927544116,-0.014144620800939351,-0.9912081857037837,-0.5862296272223232,-0.8418585018687819,-0.39688999584919366,0.3795858646286257,2.1311288305608267,-1.0622413800916604,-0.11527825568292054,-0.46965013375712733,-0.08007250320531892,0.9897876266561497,-0.832191573601328,-0.35464106894246206,-0.8080040103959893,0.19691295186888363,0.6814743422899276,-0.5473872855384214,-0.5799570275330352,-1.6414376133071789,0.9635252801866724,-1.2262444016037357,0.6569052496359842,-0.49413240636531247,-1.0121288322196578,0.4895819967798944,0.23652918311321464,-0.14918201182140758,-0.5594347931240959,-1.0692116946253092,0.09776083319284404,0.6979566817740921,2.633362195269853,-1.4396212694623232,1.1504586416037264,1
KXNBAGAME-25DEC30BOSUTA,2025-12-30,BOS,UTA,BOS,0,2025-26,0.7164,0.8921627955833576,0.6666531078654419,-1.0747433447784236,1.2943036262770702,0.6246823645458467,0.824608772804222,0.7440125118317986,-0.16157842855528234,-1.2764860822708817,-0.5010905376506002,0.23357224823190884,0.5191340568894061,-0.11527825568292054,-0.46965013375712733,1.7118941641481513,2.694624553350096,-1.0096527323929332,-0.0858670117098246,1.071443689357816,0.28739220175340097,-0.025439464667297386,1.6314310717621554,-0.28571923016973777,-0.7641413025477697,-1.7155594170371025,0.9237347694900384,0.9760979353930848,-0.7861258751493009,-2.7102266515955145,1.6458891328409475,0.5027202845343548,-0.1616135770974922,0.331848844564377,-0.09753833538377193,-2.0346109685046896,-0.1530412479542312,0.6963264771789909,1.5884529804919434,-1.0704752598915837,1
KXNBAGAME-25DEC30DETLAL,2025-12-30,DET,LAL,DET,0,2025-26,0.5715,0.8921627955833576,0.8418966783733839,-0.5634901277957985,1.0010332019610726,0.13225323000770056,-0.8092766214602095,-1.3383280673798492,0.9722216936338866,0.5626693711562855,-0.20753173689085821,1.5472652667673132,1.5423769867006838,-0.11527825568292054,-0.01925795696494194,-0.391718880136356,0.5716200785991447,-0.7054336030358958,0.25458012745151565,-0.5389990915380991,-1.0594560608132497,-0.7002208258537368,-1.596447976090552,-0.6388045870056945,-0.5448172248579175,0.1320852017379145,-0.1512548160568486,0.6569052496359842,0.9220359172370195,-0.8157501728360548,1.217964444692369,-0.08987181029604122,-0.20636721209139722,-0.20659673449278418,1.167896737116834,1.5006370185201698,0.3150076133963464,1.4609458395832788,0.9960036707182824,0.03999169085607133,1
KXNBAGAME-25DEC30PHIMEM,2025-12-30,PHI,MEM,PHI,0,2025-26,0.4894,0.013028555333913172,-1.0273680737113182,-0.7711867471949894,-0.05729050317926788,-2.3831280247952766,-0.6168490054333475,1.5549485850628686,0.6158845123744353,-1.796247406065516,-0.6185140579544965,-0.05835953366484655,0.1470457187762136,-0.11527825568292054,0.4311342198272434,0.6406097434477075,-0.3290484864467133,0.6762282761273152,0.20082531600498918,0.5334338516420297,-0.38473936881728865,0.2958849930405318,1.2279461907805669,0.8323843998107929,1.2828834225575172,0.7787608183091705,-0.1512548160568486,-0.3006728076353175,-1.2533154252036773,-0.3190276814540013,-0.5301534302975698,-1.8486344446857266,-0.8130275975643226,1.3922007186803564,0.2188204327413812,-2.1187835396243293,-1.0465890741689705,-0.9348614959501544,-0.4522057531728885,0.03999169085607133,1
KXNBAGAME-25DEC30SACLAC,2025-12-30,SAC,LAC,LAC,0,2025-26,0.7747,-0.8661056849155315,-0.48216585435328035,0.7465962407221773,-0.9116000000997836,-0.39566629260526814,-0.6483371607831977,-0.9546043734219286,0.32433590952579006,-0.5967981973086682,0.3795858646286257,1.5472652667673132,0.6121561414177037,-0.11527825568292054,-0.01925795696494194,-1.1124011267893823,-1.454884192754037,0.42271233499645083,0.39792629130892626,0.8203724317571147,1.4791331788037358,-1.535664415894093,-1.5157509998942345,0.655841721392814,0.3324790859014916,-0.6993548767108434,-0.1512548160568486,-0.6198654933924183,0.4694460406218415,1.5870004831515536,-0.9580781184461483,-0.5683820045173804,-1.0343094594786286,-1.7355616552284765,1.303479066313328,0.6308537836172281,-0.19559114444064724,0.8492503496598487,0.9301759696323203,0.03999169085607133,0
KXNBAGAME-25DEC31DENTOR,2025-12-31,DEN,TOR,DEN,0,2025-26,0.3111,0.4525956754586354,2.0491301640947555,1.018199512244195,0.529250345452728,1.9600082158610075,1.849723163638221,1.0842475204744844,-0.8094642126633789,1.4422654575779734,-1.0294963790181348,-0.6422230974583599,-1.6203738872614486,-0.11527825568292054,-0.01925795696494194,-1.3656138080458504,-0.7311326672707574,-0.3124838942830559,-0.9101074538899108,-0.8833253876762007,0.15038076621398916,0.07095787264505272,0.7034158455045018,-0.28571923016973777,-0.47170919896130037,-0.14506149107833788,-0.1512548160568486,0.3377125638788836,2.557199342427343,1.2635532794609128,0.5988393639667656,2.0396570010730875,1.921916763174284,0.6736607138634614,-0.6172705973036652,0.5186236887910426,-0.535990316331976,-0.11926750938558182,-1.0446550629465492,0.03999169085607133,1
KXNBAGAME-25DEC31GSWCHA,2025-12-31,GSW,CHA,GSW,0,2025-26,0.7287,0.4525956754586354,0.5108810451917172,-0.531536801734384,0.7587663297000308,-0.32468551645562554,-0.13752930733007857,0.8156409347039443,0.58349022316903,0.7625775726157601,0.9667034661481096,0.8174358120254223,0.2400678033045113,-0.11527825568292054,-0.01925795696494194,0.32896336651667035,0.008702225445482872,0.20722378503521607,-0.4531915565944281,1.6776014398509338,-0.5889639614137677,0.4886796676652297,0.6630673574063437,0.7146892808654743,-0.39860117306468257,-0.14506149107833788,-0.1512548160568486,0.3377125638788836,0.1336535515202556,-0.38833779653056627,0.3894294101919292,0.0844199823011348,-1.2655365736138038,1.0062840920523584,0.06064104867880462,0.06970330948629815,0.18735792393709763,0.8492503496598487,0.27189895877269665,0.03999169085607133,1
KXNBAGAME-25DEC31MINATL,2025-12-31,MIN,ATL,ATL,0,2025-26,0.3471,0.4525956754586354,0.25775144334691413,-0.531536801734384,0.5930047855214232,-0.5686819344700238,-0.9947068696315463,-1.7374007090960877,0.7778559584014595,0.12287132794544067,-1.4404787000817743,0.6714699210770445,0.8912223950025976,-0.11527825568292054,-1.3704344873414982,1.419725685775303,2.4372906776227086,-0.9969769353363898,0.424803697032187,0.4832196001218934,0.7501289368770655,-1.021545283561566,2.2366583932345394,0.5381466024474955,-0.25238512127144824,-0.42220818389459025,-0.1512548160568486,1.2952906211501853,-0.8737239157844959,-2.132642359290801,1.1360214193022153,-0.7109843802787045,-1.046741024754716,-1.779666412557392,1.2582849565811645,-1.4734604943737604,-1.4295381425467162,0.6453518530187061,0.9301759696323197,0.03999169085607133,0
KXNBAGAME-25DEC31NOPCHI,2025-12-31,NOP,CHI,CHI,0,2025-26,0.542,0.013028555333913172,1.5039279447367173,0.9702695231520743,0.21047814510925197,0.5803193794523223,-1.351572630263177,1.2121554184604608,0.6482788015798383,-0.15700015409782353,-0.9120728587142385,0.5984869756028544,0.05402363424791592,-0.11527825568292054,0.4311342198272434,0.4458307578658086,1.0862878300539216,-0.5659998354139204,0.2277027217282549,-0.273580904931645,-0.027992612129768186,0.3601498845820985,1.6717795598603147,-0.34456678964239706,-0.8372493284443875,-0.3298259529558397,-0.1512548160568486,-0.3006728076353175,0.7906388562842268,-0.07644227868602224,0.5533154609722359,0.2492049498475533,-0.7757329017360702,0.8923468022859948,0.19622337787529698,-1.2770578284279341,-0.4083406268727281,1.0021742221407062,0.2718989587726972,0.03999169085607133,0
KXNBAGAME-25DEC31NYKSAS,2025-12-31,NYK,SAS,SAS,0,2025-26,0.5821,1.3317299157080804,0.7640106470365202,0.10752971949389666,0.41449235332907663,0.5803193794523223,1.2164613727134637,-0.12576119447282133,1.1989817180717213,-0.03705523322213846,-0.3836670173467028,-0.2773083700874144,-0.2250426193369788,-0.11527825568292054,1.3319185734116146,1.0496456131696967,-0.6024657294070638,1.1579085642759575,0.3352123446213104,-0.14087181162841897,-0.0073116407275954165,1.838242390038113,-0.022856940262356254,-0.521109468060376,-1.1296814320308568,-0.5145904148333416,-0.1512548160568486,0.018519878121783073,-0.2167386110205288,0.5126936994647866,-0.5392582108964756,0.1731503494415125,0.9572272977501206,-0.08347095361623119,-0.4590912132410886,-0.014469261633341557,0.10225813096426635,0.5943772288584196,0.20607125768673457,0.03999169085607133,0
KXNBAGAME-25DEC31ORLIND,2025-12-31,ORL,IND,ORL,0,2025-26,0.6792,-0.42653856479080904,-0.6184664091927905,0.33120300192379354,-0.6693331278387418,-0.9990028898772391,-0.85126082859334,-0.5299501521084982,0.29194162032038706,0.08288968765354518,-1.381766939929826,-0.7881889884067382,0.1470457187762136,-0.11527825568292054,-1.8208266641336839,-1.50195909795318,0.6037868130650687,-1.4533056293719457,-1.4969308121811662,-0.8259376716531821,0.09092297343273671,-1.021545283561566,-0.7087812379310577,-0.8741948248963327,-0.9103573543410046,-0.3298259529558397,-0.1512548160568486,0.9760979353930851,0.6592417953314322,-0.19195913714696497,0.5624202415711419,0.34110425867151567,-0.037297924336646304,-0.4436598051356986,0.9193291335899303,0.5466812124975885,-0.36579073038631205,0.08463098725556123,0.33772665985865924,0.03999169085607133,1
KXNBAGAME-25DEC31PHXCLE,2025-12-31,PHX,CLE,CLE,0,2025-26,0.6922,0.4525956754586354,-0.93001053454024,-0.531536801734384,-0.1847993833166583,-0.7195160837880133,-1.0296937089091573,0.4088938191085483,-0.2587612961714959,-0.7967063987681429,0.3208741044766775,1.5472652667673132,-0.8761972110350646,-0.11527825568292054,-0.46965013375712733,0.6406097434477075,0.7485371181617232,-0.1730501266610805,-0.5338237737642179,-0.23412685016582122,1.3317812575632406,0.4886796676652297,0.7437643336026611,-0.521109468060376,0.4055871117981088,-1.7155594170371025,-0.1512548160568486,0.6569052496359842,-1.1803170580076807,-0.9197153454509023,-0.011180936159931692,-0.14057487723340115,-0.5743415442635001,-0.6513197042260027,-0.5268823778393348,-1.0806551624821088,0.61285688880126,0.798275725499563,0.6010374642025085,0.03999169085607133,0
KXNBAGAME-25DEC31POROKC,2025-12-31,POR,OKC,OKC,0,2025-26,0.8846,0.013028555333913172,-0.44322283868484846,0.4909696322308637,-0.6820840158524808,-0.6485353076383732,-0.37893849834559434,-1.4304217539297484,-0.06439556093906648,-0.836688039060037,2.4344974699468196,-0.7881889884067382,-0.31806470386527647,-0.11527825568292054,0.4311342198272434,1.0106898160533164,-0.9241330740662991,1.3860729112937356,1.1460140839397612,0.4437655453560676,0.7320330869001614,0.1030903184158361,-0.7491297260292157,-1.0507375033143105,1.721531577937223,0.31684966361541633,-0.1512548160568486,-0.3006728076353175,-1.0927190173724857,1.0209678766929335,-1.4861553931826923,-1.2782249416404214,-0.5818004834291515,-1.5462787383585515,-0.12013539024985452,-0.07058430904643435,2.5276022306899866,-1.750455482514729,-0.4522057531728885,0.03999169085607133,0
KXNBAGAME-25DEC31WASMIL,2025-12-31,WAS,MIL,WAS,0,2025-26,0.1962,-0.42653856479080904,-0.11220720550318447,0.4430396431387431,-0.42706625557770006,-0.16941506862828612,-0.5433766429503649,0.01749565127146731,0.9074331152230783,-0.5568165570167728,-0.6772258181064448,-1.5180184431486294,1.3563328176440876,-0.11527825568292054,-0.46965013375712733,-1.7356938806514592,-0.6024657294070638,-0.6547304148097228,-0.22025404032614332,0.2895360585442086,-0.06676943350884787,-0.8287506089368702,-1.1122661189126462,0.7146892808654743,0.11315500821163886,-1.2536482623433483,-0.1512548160568486,0.018519878121783073,1.2140293860210059,0.7552791022327657,0.16180989521928096,0.030547973680186673,-0.5917457356500181,0.06170720592477645,1.2130908468490007,0.37833607025831006,-1.0040391776825544,-1.1387599925912983,1.8517637848357922,0.03999169085607133,1
KXNBAGAME-25NOV01DALDET,2025-11-01,DAL,DET,DET,0,2025-26,0.7305,-0.42653856479080904,-1.533627277400927,-0.052236910813173526,-0.9626035521547397,-1.1365281436671673,-1.204627905297212,-0.21785488102272055,-0.12918413934987705,-1.3964310031465668,1.4363975473636972,-0.5692401519841711,0.3330898878328098,0.9858596426003342,0.4311342198272434,-0.09955040176350768,-0.20038154858301963,0.0931416115263271,-1.353584648323763,-0.6645347203384467,-0.6871985755740998,1.516917932330284,-0.5877357736365809,1.3031648755920693,0.2593710600048745,2.534023206145436,0.9237347694900384,-0.619865493392418,-1.0781193439332872,0.1083846948514871,-0.757772945270218,0.14146093260566583,-0.40029963039831734,0.33368654278641696,-1.1595999140896396,-0.5756197357642715,0.10225813096426559,-0.578039126828155,-1.5712766716342474,0.03999169085607133,0
KXNBAGAME-25NOV01GSWIND,2025-11-01,GSW,IND,IND,0,2025-26,0.195,0.7456404222084503,0.6471816000312274,0.04362306737106767,0.38899057730159853,0.07162381704654394,1.3739021494627128,1.374172089242693,-0.7446756342525683,0.5893237980175486,1.6321034145368578,1.0607122969393863,-0.7831751265067666,-0.11527825568292054,-2.271218840925869,-0.6449315613928239,1.311454971315385,-1.4533056293719457,-3.405226618532894,-1.5899116412095968,-1.8505032169464444,1.9025072815796775,-1.6367964641887098,-0.34456678964239706,-1.9338697168936487,-0.05267926013958736,-1.2262444016037357,2.146471116502454,0.965834937554617,-0.9081636596048086,1.318117031280334,2.4558446755172527,2.0735818595425157,2.3043116028852624,-1.8601086149381887,1.54739955803108,1.435488220871972,2.089632870893471,-0.5180334542588506,1.1504586416037264,0
KXNBAGAME-25NOV01HOUBOS,2025-11-01,HOU,BOS,HOU,0,2025-26,0.6466,0.013028555333913172,2.3509385355250974,0.28327301283167294,1.313429958297679,1.0550033199530595,2.0386520957373184,1.0458751510786939,1.1179959950582092,-0.4768532764329832,1.1428387466039553,0.999893175710895,-0.08550949254453144,0.9858596426003342,-0.01925795696494194,-0.42418204440000673,-1.3047727652463954,0.7522830584665745,-1.1863474571567898,-1.1870020516313307,-0.7750927040333427,0.3065958082974611,-1.8788873927776635,-1.6195972448833524,0.16189369214271696,1.055907511125423,-1.2262444016037357,0.018519878121783073,2.0778433978402995,1.1441858590512737,0.39398180049138215,1.5886109681094887,2.266685506831027,1.3039912040225274,0.5615424315436272,0.967544068095786,2.0028201740241873,0.5858814581650391,-0.8142581091456811,2.260925592351381,1
KXNBAGAME-25NOV01MINCHA,2025-11-01,MIN,CHA,MIN,0,2025-26,0.6201,-0.42653856479080904,-0.28745077601112373,0.5229229582922782,-0.6055786877700465,0.2919599763443996,1.132492958447197,-0.2843669879754279,-1.2305899723336406,-1.6363208448979354,0.6144329052364195,-0.42327426103579274,1.26331073311579,0.9858596426003342,-0.46965013375712733,1.653460468473582,1.440121909179081,-0.05896795315219154,1.1012184077343266,1.616626991576477,-0.4131757044952791,0.6172094507483609,0.7841128217008205,1.4208599945373879,-0.7641413025477697,-0.6069726457720921,-0.1512548160568486,0.018519878121783073,-1.4577108533524685,-0.6540265709907359,-0.3935817213139807,-0.5747198878845498,-0.3207376126313751,0.09111037747738679,-1.295182243286132,-1.6979206840261316,-0.5785402128183929,0.23755485973641863,1.3251421761480937,1.1504586416037264,1
KXNBAGAME-25NOV01ORLWAS,2025-11-01,ORL,WAS,ORL,0,2025-26,0.77,-0.7195833115406242,-0.03432117416632073,0.6826895885993484,-0.5673260237288295,0.2121066031760476,-1.2384485165989005,-1.1669314840786467,0.28114352391858377,-1.7429385523429897,1.2406916801905365,-1.0071378248293055,0.7671929489648673,-0.11527825568292054,-1.3704344873414982,0.5626981492149495,2.1799568018953215,-1.3518992529196,-0.4397528537327952,1.049923295849183,-1.0853072750659687,1.516917932330284,-0.022856940262356254,1.3031648755920693,-1.2027894579274745,0.5016141254929182,-0.1512548160568486,0.44411012579791714,-0.45033338604771705,-1.0698872614501291,0.5624202415711418,0.45835510096416415,-1.612791630325764,-0.0650939713958523,-0.8733705524525975,-1.2115902731126598,-0.03957485732378778,0.13560561141584732,0.18412869065808055,0.03999169085607133,1
KXNBAGAME-25NOV01SACMIL,2025-11-01,SAC,MIL,SAC,0,2025-26,0.2352,-1.3056728050402537,-0.9105390267060254,0.17143637161672337,-0.7330875679074369,0.17661621510122505,0.21583776937379143,-1.3894912265742385,-2.0728414916741666,-0.836688039060037,-0.44237877749865095,1.766214103189881,-0.2250426193369788,0.9858596426003342,1.3319185734116146,1.224946700193404,-0.07171461071932596,0.8536894349189202,1.8537857679857075,1.3512088049700228,-1.4730754888567512,-0.8608830547076514,-0.022856940262356254,0.12621368613887937,0.11315500821163886,0.5016141254929182,-0.1512548160568486,-1.896636236420821,-1.6037075877444618,0.1776948099280521,-1.140173730424267,-1.1894945745000438,-0.7881644670121549,0.05068101659254911,-0.8432411459644878,-0.5756197357642715,-0.4083406268727281,1.1550980946215643,-0.5180334542588512,1.1504586416037264,1
KXNBAGAME-25NOV02ATLCLE,2025-11-02,ATL,CLE,CLE,0,2025-26,0.7896,0.013028555333913172,0.09548887806178459,0.4164118714208973,-0.2698053034082519,0.0346546628019398,-0.6553345286387191,-0.7832077901207232,-0.42073274219852,0.7225959323238645,-1.4013375266471422,0.20924459974051254,0.1470457187762136,-0.11527825568292054,-0.01925795696494194,-0.3592557158727053,-0.12532583482919776,-0.13502273549145083,-0.8503798856159905,-0.362053633800465,-1.4816925602743232,-1.0322560988184952,-0.6684327498328982,0.9304636655985594,1.0148206609365877,-0.021885183160003856,-0.1512548160568486,0.018519878121783073,0.33804897966904685,0.3933262790551444,-0.099193815282689,0.6220837546160563,-0.21962754838588458,0.49234115595570455,0.42972627815814834,0.967544068095786,-1.6848375214652136,-0.561047585441393,0.11830098957211846,0.03999169085607133,0
KXNBAGAME-25NOV02CHINYK,2025-11-02,CHI,NYK,NYK,0,2025-26,0.7047,2.210864155957525,1.3870988977314218,-0.2759101932430727,1.1285420820984629,1.4010346036825707,1.4683666155122634,0.007263019432590565,0.9722216936338866,1.5622103784536585,0.9667034661481096,-0.5692401519841711,-0.41108678839357415,-0.11527825568292054,-0.46965013375712733,-0.4111967786945448,-0.00738114178747798,-0.26178070605688303,-2.08823373809297,-0.4206369272406257,1.018981565105343,1.131328583080888,-1.152614607010804,0.24390880508419793,-0.9103573543410046,-1.1612660314045973,-0.1512548160568486,1.933675992664387,1.3454264469737984,-0.19195913714696497,0.9903449297197208,2.473802011724236,1.3301742560326582,-0.717476840219375,-0.12013539024985452,1.8934423504118205,0.5277570958284272,0.23755485973641863,0.5352097631165463,0.03999169085607133,0
KXNBAGAME-25NOV02MEMTOR,2025-11-02,MEM,TOR,TOR,0,2025-26,0.6207,0.013028555333913172,0.6471816000312274,1.0022228492134888,-0.3760627035227439,-0.6751530986944889,-0.9935406416556261,1.7578957832006163,-0.6366946702345514,0.7225959323238645,-0.3249552571947546,-0.2773083700874144,-0.4731015114124401,-0.11527825568292054,-0.7699115849519178,0.8418813618823359,1.2685659920274872,-0.45191766190503135,1.4118017627587078,1.353599959804315,-0.8440292753739272,-1.8891213193727054,1.2817441749114453,0.636225868235261,0.4055871117981088,-1.5615890321391845,-0.1512548160568486,0.5505076877169508,-0.1486068016375963,-0.1842580132495676,0.05255252803240982,-1.4852624649679793,-1.6492575551356135,1.8644891617441495,0.8816673754797938,-0.3885695777206279,-0.6920066034488356,-0.4760898785075827,0.7765780004317413,0.03999169085607133,0
KXNBAGAME-25NOV02MIALAL,2025-11-02,MIA,LAL,LAL,0,2025-26,0.6858,0.4525956754586354,1.8933581014210306,-0.2759101932430727,1.460065170455678,0.8864239765976563,1.4823613512233063,0.5905230342486275,0.8426445368122677,1.1623939755347092,0.8492799458442133,0.45252108465447666,-2.0854843099029385,0.9858596426003342,0.7313956710220336,0.3873970621912395,0.1427302857201635,0.1396195340669856,2.3898406932441345,-1.240803035402911,-0.4691866687095027,-0.9251479462492181,-0.2649478688513099,2.009335589263983,-0.4473398569957613,-1.2536482623433483,-0.1512548160568486,-0.19427524571628396,1.1264313453858108,-0.2997748717105103,0.9387511729925871,-1.0616805932621147,1.9086564268797939,0.7594199642252378,1.2356879017150817,0.9956015918023329,-0.8338395917368897,0.6283603116319437,-0.583861155344813,1.1504586416037264,0
KXNBAGAME-25NOV02NOPOKC,2025-11-02,NOP,OKC,OKC,0,2025-26,0.8695,-2.1848070452896984,-1.4946842617324951,1.2578494577048,-1.982674593253863,-2.4230547113794487,-1.1976305374416885,-0.33553014716982016,-0.8418585018687819,-2.1960638089844653,0.027315303716935573,0.30655519370609896,-1.899440140846343,-0.11527825568292054,2.2327029269959855,0.8094181976186879,-0.8222717482575425,1.1748096270180153,-0.7085269109654326,-2.32280059792021,1.9220506496669878,1.645447715413415,-1.1391651109780851,-1.4234387133078215,1.50220750024737,0.4400259715337504,0.9237347694900384,-3.173406979449223,-1.7302380908841903,1.5022881202801954,-2.2630966709559983,-1.2338597580702326,0.7541783982407395,-1.6056976475377887,-1.7471233406077773,-0.7533173859057326,1.052539152494227,-0.8329122476295832,-1.659046939748864,-1.0704752598915837,0
KXNBAGAME-25NOV02PHIBKN,2025-11-02,PHI,BKN,PHI,0,2025-26,0.6517,1.3317299157080804,1.815472070084167,0.8105028928450041,0.5420012334664671,-0.06294390440381605,1.8672165832770264,0.20168302437127145,-0.3235498745823065,-0.27694507497350856,-0.5598022978025484,-1.5910013886228183,2.1935315783987703,-0.11527825568292054,-2.271218840925869,-0.3332851844617869,1.9869563950997797,-1.7828763528420695,-0.6995677757243433,-0.18391259864568094,1.1534078792194804,-1.6320617532064432,-0.9105236784218519,0.7146892808654743,-1.3490055097207094,-3.193675112057116,1.9987243550369254,2.5720613641785883,1.6082205688793878,-0.8388535445282437,1.6640986940387594,0.4456793342298255,1.4495172826830693,-0.6733720828904595,0.9193291335899303,0.4344511176714029,-0.9189393847097225,-0.17024213354586748,3.826594817414662,-2.180942210639239,1
KXNBAGAME-25NOV02SASPHX,2025-11-02,SAS,PHX,PHX,0,2025-26,0.3303,2.210864155957525,0.4914095373575026,-1.9055298223751889,1.8425918108678492,1.791428872505604,1.2024666370024188,-1.53274807231853,1.7496846345636043,-0.7567247584762474,0.9667034661481096,0.30655519370609896,2.007487409342174,0.9858596426003342,-0.7699115849519178,0.16015491234568988,0.89328742325838,-0.5998019608980356,-0.9922328602665533,-0.33216419837180766,0.5303936157289568,-0.2824990308335598,0.13853701213027853,1.3227807287496214,1.136667370764283,0.5939963564316687,-0.1512548160568486,2.1464711165024544,0.24558438122078563,-2.01712550082986,1.743006792562611,1.9773344812959166,1.079885408474154,-1.4764462059211074,1.416464340643741,-0.6317347831773643,-0.2523243397558686,-0.578039126828154,0.9960036707182824,1.1504586416037264,0
KXNBAGAME-25NOV02UTACHA,2025-11-02,UTA,CHA,CHA,0,2025-26,0.4972,-0.42653856479080904,0.8808396940418158,0.7146429146607629,0.0064639368894273234,-0.8171146509937741,-0.8967437196542349,1.5472741111837112,2.2679932618500795,0.7625775726157601,2.610632750402665,-0.42327426103579274,-0.5971309574501704,-0.11527825568292054,-0.7699115849519178,1.0366603474642349,1.375788440247233,-0.40966500504988723,0.3516374258966339,0.935147863803148,0.11246565197666955,0.5743661897206506,0.4075269327846713,1.1266221971740904,-1.1784201159619354,-0.6377667227516756,-1.2262444016037357,0.23131500195985027,-0.11940745475919727,-0.4691995974532266,0.29534667733656794,-0.8366857337275753,-1.2903997041659703,1.033236999308916,1.1754290887388625,0.24740095962775918,1.0809057501518378,0.526411063311372,0.030530721457501776,1.1504586416037264,0
KXNBAGAME-25NOV03DALHOU,2025-11-03,DAL,HOU,HOU,0,2025-26,0.8253,-0.7195833115406242,-1.4622317486754681,0.12350638252460276,-1.0561100642554928,-1.288841059154946,-1.0226963410536338,0.060984336586699155,-0.15078033215347905,-1.4097582165771976,1.2406916801905365,-1.1287760672862874,-0.007991088770950037,-0.11527825568292054,0.4311342198272434,2.393620613684797,-0.20038154858301963,1.715643634763859,1.5312568993065434,3.840400987468384,0.4709358229477044,1.4526530407887173,-0.10355391645867508,1.5385551134827065,0.4055871117981088,1.055907511125423,-0.1512548160568486,-0.8326606172304852,-2.8933454082070673,0.23545323915852345,-1.9899532529888204,-2.0081378427595054,-3.393820548879482,-0.28929315448449944,-1.1294705076015283,-0.9216625281450109,-0.20977444326945183,-1.070793827044251,-0.759401691574046,0.03999169085607133,0
KXNBAGAME-25NOV03DETMEM,2025-11-03,DET,MEM,DET,0,2025-26,0.6466,0.7456404222084503,0.09548887806178459,-0.3557935083966078,0.3464876172558017,-0.9561186709534938,-0.48623147213026763,-1.0006512166968795,1.4689341281167623,-0.34358114212666724,0.45786821149789103,0.45252108465447666,2.007487409342174,-0.11527825568292054,-0.34096665467364595,0.26218200003144815,0.9392399010668432,-0.5696214917157899,-0.7853194987461866,-1.0580504873534224,1.750940231518039,-0.6956304764579112,0.4843811958287831,-0.42863473174619604,-0.5343732211584008,-1.0556863389031677,-1.2262444016037357,0.7785024632577369,-0.1277501252958836,-0.9296167904618422,0.6530344865793009,-0.13167166012237833,0.38300737785478506,-1.9618610648565982,1.5111567610349426,-0.582300098551545,0.6452758575528151,0.6890443880132362,2.171498332967609,1.1504586416037264,1
KXNBAGAME-25NOV03LALPOR,2025-11-03,LAL,POR,LAL,0,2025-26,0.2399,0.9549580984583182,0.7028144795575589,0.18056589334855705,0.31612836008023254,2.2274536402819867,-1.2426136165129023,-0.21858578329692765,-0.9066470802795924,0.12287132794544067,1.5202714904379089,0.2439983832996501,-1.447618587423181,-1.2164161539661753,0.7313956710220336,1.1015866759915363,0.19634150983003756,0.5621461026184261,-1.2236771873279877,-0.6489922139155461,1.594601935799212,-0.7109316411106661,0.20578449229387707,1.3227807287496214,2.5988278886966314,-0.021885183160003856,0.9237347694900384,0.17051639514897401,-0.3015557614768278,-0.00823232416622691,-0.1815704016537427,2.4525248318487374,-0.43806790966565917,-1.2889134778340745,-0.13520009349390852,-0.06123180114425272,0.14886039854462677,-1.641224145028402,-1.0101738861872354,-2.180942210639239,1
KXNBAGAME-25NOV03MIALAC,2025-11-03,MIA,LAC,MIA,0,2025-26,0.2739,0.013028555333913172,1.7181145309130885,0.15013415424244855,1.0052834979656522,1.0402156582552164,0.7324767627065137,0.11641109238062054,0.605086415972632,1.122412335242814,0.751427012257633,0.20924459974051254,-2.0234695868840737,-1.2164161539661753,0.4311342198272434,-0.8397105469747228,-0.5542156277081789,-0.10967114137836442,1.020586190564532,0.19628102000680636,1.980646735306483,-0.411028813916691,-0.7491297260292157,1.5385551134827065,1.136667370764283,0.5016141254929182,0.9237347694900384,-0.3006728076353175,1.9148137111025725,0.5088431375160888,0.7930746834100921,0.016815893051319784,0.37957389792139085,-1.322692121343921,0.7084232881731616,1.3042343525743436,-0.5643569139895868,-0.6460052923752024,-1.790702341920789,-2.180942210639239,1
KXNBAGAME-25NOV03MILIND,2025-11-03,MIL,IND,MIL,0,2025-26,0.7108,0.7456404222084503,1.555851965627959,0.4164118714208973,0.6865112976221761,2.452437350399156,1.7004459827204135,-1.7808893944113167,-1.0686185263066166,0.18950739509859935,-0.22710232360817428,-0.2773083700874144,-0.007991088770950037,-0.11527825568292054,-1.5205652129388936,-0.5864978657182549,0.9200930353133171,-1.1068338431597644,-3.00057234347709,-1.6532772443183437,-1.2231804177471377,1.7525558679826923,-1.5426499919596737,-0.540725321217929,-1.7876536651004138,-0.3298259529558397,-0.1512548160568486,1.6144833069072864,1.6033540110663216,-0.35753330094098335,1.2816979088847105,3.8702489802906985,2.349562608671592,-0.4081309728429599,-1.9806262408906286,1.2013567656503406,0.22990782042351438,1.0531488463009921,0.22801382471538859,0.03999169085607133,1
KXNBAGAME-25NOV03MINBKN,2025-11-03,MIN,BKN,MIN,0,2025-26,0.771,0.013028555333913172,-0.03432117416632073,0.15013415424244855,-0.1422964232708615,0.7518562551472938,1.6013166047671819,-0.22041303898244258,-1.3385709363516576,-1.076577880811407,0.06645647715156769,-0.39894661254439645,0.6121561414177037,-0.11527825568292054,-2.271218840925869,-0.6189610299819056,2.0191231295657035,-1.9941396371177897,-0.8951755618214301,-1.2228693741457162,0.9009276866845924,-1.3535805565263244,-1.1391651109780851,1.028542931386324,-0.9347266963065437,-2.793352111322529,-1.2262444016037357,1.6144833069072864,0.4353801359303763,-1.339426597858995,1.32722181187924,1.1660854102981522,1.9807595054810818,-0.7971104298410251,0.015446938946639432,0.03229327787756961,-0.6920066034488356,0.3734871908305142,2.422270527580799,1.1504586416037264,1
KXNBAGAME-25NOV03SACDEN,2025-11-03,SAC,DEN,DEN,0,2025-26,0.8534,-0.7195833115406242,-0.13167871333739903,0.6028062734458133,-0.5673260237288295,0.48567834458612963,0.16685619438513768,-0.7618898071230604,-2.040447202468761,-0.4768532764329832,-0.8142199251276582,1.425627024310332,-0.7831751265067666,-0.11527825568292054,0.4311342198272434,1.653460468473582,-0.5863823621741029,1.538182475972254,2.07776414901291,-0.19108606314855925,2.389095920499438,0.9385339084561901,1.0262037502897727,0.3616039240295165,-0.47170919896130037,-0.7917371076495939,0.9237347694900384,-0.8326606172304852,-1.3409134658388744,0.8592442748476148,-1.51346973497941,-1.1271720547228752,0.24614176395808396,-2.2439914966590147,-2.0860791635990115,-1.0525976387755618,-0.848022890565695,1.3250135084891836,0.008588154428847751,-1.0704752598915837,0
KXNBAGAME-25NOV03UTABOS,2025-11-03,UTA,BOS,UTA,0,2025-26,0.158,-0.7195833115406242,0.32265646946096543,0.8690839906242643,-0.48232010363723593,-1.140964442176522,-1.5649923498566032,1.4850256008305385,1.5769150921347768,0.6559598651707059,1.8278092817100207,-0.5205848550013779,-0.7831751265067666,-1.2164161539661753,-0.34096665467364595,-0.7673640666157328,-0.8299304945589511,0.15470976865810848,-1.5468459942386592,-1.2220153902763276,0.13708585602687728,-0.09888505500051521,-1.7636059982114958,-1.773721805406985,0.19670703780777277,0.5280090486182755,-0.1512548160568486,-0.2854731559325985,0.8142764228048336,1.2266979008090892,-0.4590494294299235,0.27500918927103296,-0.2699457887890858,0.9710177880770563,1.166820686885117,1.6823428863339942,2.610675838115848,-0.5003635090600992,-0.9318075753706139,-1.0704752598915837,1
KXNBAGAME-25NOV03WASNYK,2025-11-03,WAS,NYK,NYK,0,2025-26,0.8521,-1.4521951784151614,-0.2614887655655043,2.014078174491601,-1.7786603850340383,-0.9191495167088896,0.6625030841512919,-2.2200398441631615,1.0910007540537043,-0.5434893435861419,1.338544613777116,-1.1287760672862874,1.0772665640591939,-0.11527825568292054,-0.01925795696494194,0.06276541955474045,0.008702225445482872,0.03398789192912541,-1.8732144923068617,0.3552928164872476,1.7841775069858188,1.109906952567034,-0.6684327498328982,-0.14840825806686503,-0.9347266963065437,-0.9457074925475119,-1.2262444016037357,-1.0454557410685525,-0.24593795789892575,1.4522308149471215,-1.2979899274719697,0.6643363103971903,0.21962109136910368,-2.861458099263818,-0.02221481916349876,0.07905581738847978,1.0809057501518369,-0.13625905077234415,1.4348550112913643,1.1504586416037264,0
KXNBAGAME-25NOV04CHANOP,2025-11-04,CHA,NOP,NOP,0,2025-26,0.5814,-0.3009479590408886,1.147877515768201,0.8424562189064185,0.07932615411079327,0.3958961128492317,1.041527176325407,0.9106582303506663,0.6205122679752069,0.5798043598528111,1.0170278319926367,-1.2156605261841313,-0.3845090499569177,-0.11527825568292054,-2.271218840925869,-1.5279296293640985,1.6706501728515313,-2.3110345635313703,-2.2689096321215785,-0.7326826331157819,-0.9819024180550934,-1.0322560988184952,-1.8788873927776635,0.24390880508419793,-0.08179972751267356,-1.8695298019350204,-0.1512548160568486,1.3864885313664999,2.0031069742824914,-0.5885670178628671,1.7130910848804917,1.8836243486527608,1.2431532991000647,1.353871584334991,1.156060184567936,1.709064337483086,0.5642284356739267,-0.7916470756903048,1.05869671937158,0.03999169085607133,0
KXNBAGAME-25NOV04MILTOR,2025-11-04,MIL,TOR,TOR,0,2025-26,0.5419,0.9549580984583182,1.370409033873522,0.3403325236556272,0.6257927832710378,2.1387276700949327,1.7912451608456417,-2.2249125259911984,-0.9529246362873146,0.008638069968598438,0.09441445817630492,-0.4858310714422403,0.014157026592930366,-1.2164161539661753,-0.34096665467364595,0.7630422486706163,0.8243587065456864,-0.1531310170007983,1.4352661645806029,0.8480415091253577,-0.660608755199876,-1.384182885831832,1.4066323523581277,0.6642485156031939,-0.012173036182561983,-1.0556863389031677,-0.1512548160568486,0.9304989802849278,0.4527606995484688,-0.3437812939813455,0.5533154609722359,0.50815275599193,0.6801809858830907,-1.1270210154164348,0.30598050151055417,-0.9764415030006497,-0.4083406268727281,-0.33044809519248036,0.7609047382684166,-1.0704752598915837,0
KXNBAGAME-25NOV04OKCLAC,2025-11-04,OKC,LAC,OKC,0,2025-26,0.7448,2.210864155957525,1.2591432748208615,-0.9606243231305173,1.5912171614541366,-0.054071307385111636,-1.692444407225042,2.025284198514149,1.3609531640987453,-0.6196448489040367,-1.331442574085298,1.7036572927834321,0.41282310314277926,-0.11527825568292054,-0.01925795696494194,-0.5864978657182549,-0.3397707312686895,-0.11389640706387882,1.0683682451836671,0.5047399936305244,1.4524202574092628,-0.33605310711819725,-0.7356802299964968,1.9112563234762163,1.50220750024737,0.28605558663583286,-1.2262444016037357,1.6144833069072864,1.3808827967547117,-0.44829654687458026,1.2144959568451668,-0.7986584335245558,-1.557500763812132,0.42408379342285984,1.1829614403608897,0.07237545460120733,-2.3433478242311767,0.14288770058160197,0.08695446524546926,1.1504586416037264,1
KXNBAGAME-25NOV04ORLATL,2025-11-04,ORL,ATL,ATL,0,2025-26,0.4616,-0.3009479590408886,0.22993500358374971,0.08927067603023156,0.07932615411079327,0.43392152864368233,-1.1926324175448881,-0.7009812842726,0.6667898239829267,-1.1908111387882494,1.2686496612152738,-0.3815697207648277,1.3430439484257595,0.9858596426003342,-0.34096665467364595,-0.07172483239466579,0.43376264517375746,-0.3885386766223152,0.27057858323917405,-1.0324309712717181,-0.9523581731948441,-0.2824990308335598,0.7149439849611186,-0.512702673849996,0.19670703780777277,-0.13186402951565923,-0.1512548160568486,0.018519878121783073,0.22333725978962485,-0.24476684387196554,0.3321993607130919,0.1142985753177915,-0.136750446545323,0.1751194390562708,0.6610770779775609,-1.3371810935133903,1.2936552325839192,-0.4032689868500313,1.0430234572082553,1.1504586416037264,0
KXNBAGAME-25NOV04PHICHI,2025-11-04,PHI,CHI,CHI,0,2025-26,0.515,1.478252289082988,1.9452821223122723,0.38978409970305383,0.9627805379198554,0.3156202350609446,1.647965723803999,0.34664530875537286,-0.2587612961714959,0.2561434622517566,-0.4228081907813349,-1.1287760672862874,2.007487409342174,-0.11527825568292054,1.4820492990090097,1.1989761687824856,0.1427302857201635,0.6677777447562863,1.2923466262108674,1.6943395236909784,0.13831686622939127,0.8956906474284797,1.4162391352386423,0.7343051340230274,-0.6910332766511524,-0.6377667227516756,-0.1512548160568486,0.018519878121783073,0.5570440812570365,0.1815453718767516,0.20429887134750868,-0.6930270440717248,-0.008290938692448015,0.15236698487865388,-0.8131117394763767,-0.8094324333188263,-0.8338395917368897,-0.3061744646399634,1.8737063518644461,0.03999169085607133,0
KXNBAGAME-25NOV04PHXGSW,2025-11-04,PHX,GSW,GSW,0,2025-26,0.7932,-0.3009479590408886,0.5080994012154024,0.7739848059176738,-0.2849849319960365,-0.1554724161703182,0.766630582001324,0.7681322868805791,-0.44387152020237997,0.5226877308643899,1.6041454335121206,0.9738278380415412,0.41282310314277926,-0.11527825568292054,0.3024507407437618,0.40130984687566046,0.043166583801828536,0.2271428946954983,-0.16457941418509642,0.8121741866109721,1.4702699053456594,-0.6497269824996512,0.42674049854569923,1.504927936641187,0.5100271487932762,-0.7917371076495939,0.9237347694900384,-0.4374696729597892,0.07734052539763168,0.5308463486515064,-0.3701694283453655,0.0011220866183270417,-0.023090421163978598,-0.4917024872261224,0.14457296675282502,0.06569509181393388,0.0779439044005993,0.3249399297254802,0.8549443112483631,-1.0704752598915837,0
KXNBAGAME-25NOV05BKNIND,2025-11-05,BKN,IND,BKN,0,2025-26,0.365,-2.1848070452896984,-0.7436403881270333,1.892351218067165,-1.997247036698136,-1.2011713505177384,-1.35757037413934,0.32959092235724496,-1.3231450843490826,-1.076577880811407,0.6815320596957889,-0.6943537727970662,-2.510728124889444,-0.11527825568292054,-1.6278014455084615,-0.5169339422961473,0.8243587065456864,-0.9861119664307814,-2.8139236926210924,-2.0110964855928093,-1.1222375811412817,1.5536407274968929,-1.4754025117960752,-0.680838558057594,-1.5787735911100784,-0.39581326076923296,-0.1512548160568486,-0.4374696729597892,-0.1729395907029292,0.7783824739249545,-0.7213538228745942,1.1283599140649974,0.42444592877506515,1.036212320239836,-2.018287999000765,0.26610597543212344,0.9897274005380883,0.6162234963556853,-1.496045013250291,0.03999169085607133,1
KXNBAGAME-25NOV05GSWSAC,2025-11-05,GSW,SAC,SAC,0,2025-26,0.5413,0.562487455489816,0.37944836731076204,-0.17605604930115382,0.38899057730159853,-0.03188981483835062,1.0590205959642145,1.5095412812778488,-0.7446756342525683,0.6726188819589959,1.4363975473636972,0.5437497664972131,-0.7831751265067666,-1.2164161539661753,-0.9843840500910537,0.15087972255607776,0.89328742325838,-0.6058380547344848,0.7633310214990093,0.05896041380887184,-0.46857116360824713,-1.6137003556231386,-0.3802292634174776,-0.680838558057594,0.8233472597787795,-1.1876609545299546,-0.1512548160568486,1.1014950619405173,0.16858848439262536,-0.7666555079901545,0.7093974140963376,-0.5670238866529875,0.7068200543318458,1.419175503296701,0.6126548175502431,0.7320612798444133,1.536797498220582,-0.19390892333457174,0.2907068733686861,-1.0704752598915837,0
KXNBAGAME-25NOV05HOUMEM,2025-11-05,HOU,MEM,HOU,0,2025-26,0.743,0.7456404222084503,1.7830195570271399,-0.5688156821393673,1.6215764186297057,1.1733046135357998,2.5984415241790932,-0.08397794779740227,1.7928770201708104,-0.34358114212666724,1.5342504809502786,0.45252108465447666,1.2323033716063574,-0.11527825568292054,-0.5822481779551738,-0.002160908972558256,0.7927663780523689,-0.6262098714325006,-1.0724917801346285,-1.001687551973672,1.8455741408360262,-0.40299570247399574,0.34027945262107273,0.023230457061724823,-0.508263211909609,-0.9072148963230325,-0.1512548160568486,0.9494985449133264,1.335693331347666,-0.9784364151685488,1.6041588884292952,1.5925721452139694,2.5360360878128607,-1.3706254166354124,1.531332702879659,-0.4820946567424502,1.0986348736878448,0.6708391650988484,1.5171396376488173,0.03999169085607133,1
KXNBAGAME-25NOV05MIADEN,2025-11-05,MIA,DEN,DEN,0,2025-26,0.7611,0.3270050697087147,1.5929405519788458,0.20338969767813786,0.8808105435458187,1.3401939384114478,1.2314557324038689,-0.01758765789039987,0.20401426390571656,1.3223205367022883,0.7654060027700016,0.5567824353318893,-1.9791733561563125,-0.11527825568292054,0.7313956710220336,1.848239454055481,-0.2593538951038807,1.4071992397213073,2.0613390677375794,-0.4098767304863112,1.8488055426176144,0.5743661897206506,1.2817441749114453,-0.34456678964239706,-0.3254931471680654,-0.6377667227516756,-0.1512548160568486,-0.2854731559325985,-0.1937962670446419,0.3355678498246747,-0.38534406267687543,-0.5051540728306124,1.154356404270891,-1.3252298950791148,-0.2643261213000925,0.03229327787756961,0.8073707013105911,0.6162234963556849,-0.9474808375339382,0.03999169085607133,0
KXNBAGAME-25NOV05MINNYK,2025-11-05,MIN,NYK,NYK,0,2025-26,0.6012,0.3270050697087147,0.22993500358374971,-0.02484834561767701,0.1704039256375007,1.2324552603271675,1.5763260052831758,-0.6461636137071808,-0.7215368562487083,-0.5625282199156156,0.26216234432472935,-0.5900924221196536,0.41282310314277926,-0.11527825568292054,0.3024507407437618,0.15087972255607776,-0.3014769997616372,0.33579258375158305,-1.6236385820194132,0.3458989939239569,1.5921399153941926,1.1864127758308014,-0.2649478688513099,-0.34456678964239706,-0.4299331841632334,-0.9237117232763808,-0.1512548160568486,0.018519878121783073,0.05648384905591689,0.20079818162024096,-0.12303966923220455,2.0247177045647597,0.8755341545072792,-1.5943214204489773,-1.340376353018297,-0.2148801452515311,0.44265730285559524,-0.11198542021982673,0.9489838842283093,0.03999169085607133,0
KXNBAGAME-25NOV05NOPDAL,2025-11-05,NOP,DAL,NOP,0,2025-26,0.2683,-1.5568540165400953,-1.327785623153503,1.2989323054980484,-1.9061692651714288,-1.898303973416017,-0.2130009177717821,-1.1724132511351857,-1.0917573043104765,-1.5906275417071987,0.09441445817630492,0.035475681944824825,-1.8462846639730295,-1.2164161539661753,-0.9843840500910537,-1.602131147681012,0.020190344897598092,-1.0585450924681712,-1.2396756431156462,-1.411599809280937,-0.457492071785653,-0.3284025247918221,-1.0142769335314028,1.08458822612219,-0.6388132581535688,0.1320852017379145,-0.1512548160568486,-0.4374696729597892,0.20248058344791006,0.9269041490890245,-0.6042923580315179,-0.48327328501538097,0.8222560176097733,-0.5153300357951844,-0.5333386792296432,-0.4152910288697197,-0.7122684589185574,0.470581713040583,-1.4020054402703446,-1.0704752598915837,1
KXNBAGAME-25NOV05OKCPOR,2025-11-05,OKC,POR,POR,0,2025-26,0.3011,2.210864155957525,1.353023759021545,-1.0148308584132721,1.6959565987098502,0.2398334688595038,-0.9789627919566212,1.8868695803364686,1.0370102720446972,-0.4768532764329832,-1.425800760043787,1.8209513122955225,0.49587853575733115,-1.2164161539661753,0.3024507407437618,0.9299956648836732,0.34185768955683343,0.33579258375158305,-0.9005083804173162,-1.2373870999253505,1.1822135179582247,-0.8792444522909558,-0.034385079718973026,1.4208599945373879,2.7032679256917986,-0.2638386451424465,-0.1512548160568486,1.3864885313665,0.3145852187846185,-0.9770612144725856,0.9662822952797548,0.8041092739410306,0.1571672753392486,0.5167344121172793,1.3389887239600289,-0.3150855870606259,-2.0571491157213546,-0.6126290503654909,0.5375607524410451,-1.0704752598915837,0
KXNBAGAME-25NOV05PHICLE,2025-11-05,PHI,CLE,CLE,0,2025-26,0.8127,0.9549580984583182,1.537307672452514,0.2718611106668825,0.7897327720191113,-0.016045891590663483,1.4513730078631373,0.4830803999404132,-0.3975939641946601,-0.04847855901982268,-0.2410813141205429,-0.5900924221196536,2.5390421780753054,-1.2164161539661753,0.3024507407437618,-0.26650381797656464,-0.25552452195317404,0.027951798092676255,-1.105288614499325,-0.34582794028205144,-0.6753808776299978,-0.8792444522909558,-0.3802292634174776,1.08458822612219,1.2411074077594504,-0.13186402951565923,0.9237347694900384,0.47450942920335554,1.3495977822421426,0.38232467348743643,0.5403086315452275,0.7661951502267074,1.2662404917556522,0.8288149494669642,0.33826200846209936,0.22602379870848574,-0.9554107245552211,-1.2771196867406456,1.8893796140277705,-2.180942210639239,0
KXNBAGAME-25NOV05SASLAL,2025-11-05,SAS,LAL,LAL,0,2025-26,0.4236,1.478252289082988,0.48491903474609777,-1.207882203367648,1.2815527382633314,1.4025133698523549,0.33012811101398803,-1.2735213990669545,1.3069626820897382,-1.0099418136582483,0.751427012257633,0.5741593271114581,1.6974137942478476,0.9858596426003342,1.1067224850155217,0.8256497797505119,0.18964010681630275,0.38785389309095697,2.6399498853911743,-0.9254694916306031,0.08446016986955772,-1.2063068467435687,0.23940823237567563,1.4944194438782124,0.4055871117981088,-1.2536482623433483,-0.1512548160568486,0.284513782919367,-0.2581043524315912,-1.0073156297837846,0.6329822912126628,-0.8699596214052213,0.8712423045905354,-0.9732231761196747,1.7573032515404818,-0.8795762425851916,-0.5324444916247749,0.11861407002908499,2.0931320221509875,1.1504586416037264,0
KXNBAGAME-25NOV05UTADET,2025-11-05,UTA,DET,DET,0,2025-26,0.7967,-0.3009479590408886,-0.02041295428473851,0.45445154530353354,-0.3760627035227439,-1.099770241732532,-1.6874462873282416,1.3382360607609194,1.8700062801836776,0.3513378438991266,1.9396412058089696,-0.9028764741518922,-1.0489525108733322,-0.11527825568292054,0.9458681361611698,0.06740301444954927,-0.4852869109954853,0.4263339912983203,-0.5869386469792417,-0.5661557785847049,-1.2293354687596874,1.1864127758308014,-0.49551065798364674,0.3279767471879969,0.6144671857884448,2.243679051766505,-0.1512548160568486,-0.8934592240413617,-0.06865620899436355,0.6793680238155746,-0.5782786991775011,-0.3746238558638941,-0.811606847247057,1.836923688413575,0.4673880362682849,0.5867633892212272,1.172084099765587,-1.0586570117679923,-2.342401170069806,0.03999169085607133,0
KXNBAGAME-25NOV05WASBOS,2025-11-05,WAS,BOS,BOS,0,2025-26,0.8499,-1.5568540165400953,-0.6045581893112083,1.8010560007488396,-1.8333070479500628,-0.8019044846759934,0.6266832248908802,-2.261457639701474,0.9444551600292551,-0.27694507497350856,1.6041454335121206,-1.1113991755067187,0.9443778718759106,-0.11527825568292054,-0.5822481779551738,-0.9760558368820526,-0.9361955994910209,0.10264845931873451,-1.660435030331025,-1.7055837563184897,0.23310465182269172,-0.40299570247399574,-1.8284517826549649,-1.8893152257997088,0.4969721441688806,0.3630407790847916,-0.1512548160568486,-0.722463142385772,0.27547895064390665,1.9768698804572353,-1.3863279773304023,0.5975621820645094,1.6227600244947908,-1.788592375350149,0.9395050754346468,1.0727597819953354,2.532161148170674,-1.1223752919683496,0.4082563395936186,0.03999169085607133,0
KXNBAGAME-25NOV06LACPHX,2025-11-06,LAC,PHX,PHX,0,2025-26,0.5802,-0.3009479590408886,-0.7714568278902004,-0.0933197586064217,-0.43070936643876834,0.5226474988307387,0.6816625437556949,1.5063435838282013,-0.35131640818693793,-0.6767614778924579,2.023515148883181,1.3908732407511943,-0.11873166559035205,-0.11527825568292054,-0.5822481779551738,0.2656601962025527,0.7726621690111668,-0.4360729155843523,-0.29416690606511786,0.7558112512312218,1.1605169631389787,-0.32266458804703846,0.39071506274377127,1.5679788932190366,0.9538973060227395,0.3630407790847916,-0.1512548160568486,0.18951595977737262,-0.7803902891553302,-0.6201966338700311,0.002151064002752004,0.5771904140986049,-0.04440167592298154,0.2588003402383637,-0.020869756373849708,-0.7509792589301871,0.3362825616395548,0.30673470681109294,-0.3440602442459503,0.03999169085607133,0
KXNBAGAME-25NOV07BOSORL,2025-11-07,BOS,ORL,ORL,0,2025-26,0.6558,-0.23117540029093267,-0.45620384390766094,-1.0214878013427342,0.516499457438989,-1.1039952879319153,-1.3997767199345512,0.16757425157500994,-0.47472322420752733,-1.4319702389615843,-2.1515433508109267,0.7768897312064285,0.1470457187762136,-0.11527825568292054,-0.5822481779551738,0.14392333021386589,0.3504737791459204,-0.18255697445348792,0.1929860726690381,-1.1810241645456003,-0.3291592581739436,0.4404809990090558,-1.0719176308144867,1.4208599945373879,-0.3254931471680654,0.7094741451051073,0.9237347694900384,0.24018146545310284,-0.4527666649542501,-0.9880628200402952,0.49641058222907386,-0.9293772779724391,-0.1809515675269568,0.35604520448787796,-0.6436338279807596,-0.2638694723581994,-2.583113113956221,0.7699564898549599,-0.4028349773584167,-1.0704752598915837,0
KXNBAGAME-25NOV07CHAMIA,2025-11-07,CHA,MIA,MIA,0,2025-26,0.7544,-0.5364303448219897,0.9149148327516926,0.7426020749644997,0.0064639368894273234,0.37292242414008464,0.8359794955694443,0.6941284316172688,0.7535602414974049,0.17284837831030933,1.2896181469838262,-1.0983665066720418,-0.20178709820490395,0.9858596426003342,-0.01925795696494194,1.3369446169029964,0.3504737791459204,0.5938355952597842,1.0385044610467107,1.069650323232095,0.2783442767649475,-0.08167124476616658,1.1472492145842497,0.6852655011291442,0.8625122736519677,-1.831037205710541,-0.1512548160568486,-0.3804709790745927,-0.31893632509492237,0.28743582546594804,-0.42544845341015153,-0.4725215185889337,-0.1522899031404284,0.3024456730117687,0.5803733105986962,-0.6808354496638209,0.44265730285559524,-1.3681458013125847,1.1605729234331883,1.1504586416037264,0
KXNBAGAME-25NOV07CHIMIL,2025-11-07,CHI,MIL,MIL,0,2025-26,0.6026,1.5829111272079213,0.92534599766288,-0.02484834561767701,0.6257927832710378,1.086691166448434,1.4913579670375485,0.20168302437127145,0.990732716036975,1.1509706497370251,0.933153888918425,-0.2773083700874144,0.014157026592930366,0.9858596426003342,0.5437322640252898,0.8499971529482493,0.5917242876403469,0.08680371299805549,1.676842846974221,1.3386552420899873,-2.2098350950592365,-0.9653135034626967,-0.012769818237817119,0.0967899064025492,-0.7824183090219242,-0.09887037560896261,0.9237347694900384,0.759502898629338,0.05387676451320332,-0.4407329430467805,0.38097497106437367,-0.41423562690870946,0.1269763310973287,1.7174733039810999,1.3672350425426318,0.8122256332916896,0.6098176104808014,0.35224776409706204,0.07911783416380712,0.03999169085607133,0
KXNBAGAME-25NOV07CLEWAS,2025-11-07,CLE,WAS,CLE,0,2025-26,0.8866,0.562487455489816,0.13605451938306629,-0.15608522051277005,0.21366586711268673,-0.6307901136009619,-0.11741187474545257,-0.05733046905032599,-1.1496042493201286,-0.027059823149165295,0.9960593462240843,1.1823505393963678,0.1470457187762136,-0.11527825568292054,-1.7082286199356373,-0.7082347317069416,2.039227338606906,-2.0680817866142918,-0.5965377204518337,0.4912897476876273,-2.1549012647722106,0.6413087850764491,-0.3153834789740084,1.7150977919006853,-1.6048836003588702,0.8249519337785458,-0.1512548160568486,1.6144833069072864,0.6300424484530331,-1.5752735172167536,1.6345081570923152,-0.03283085999151194,-0.4288922305333101,1.4923552717814337,-1.2556373972704886,0.1959621661657572,-0.5147153680887684,1.9452047691059942,-0.4851196037158696,0.03999169085607133,1
KXNBAGAME-25NOV07DALMEM,2025-11-07,DAL,MEM,MEM,0,2025-26,0.6343,-1.0858892449778927,-1.835435648831269,-0.31585185081984024,-0.9498526641410007,-1.3960516064643032,-1.4469117672946659,-0.47942653240403715,-0.2587612961714959,-1.3264631326357503,0.9960593462240843,-0.2773083700874144,0.37960093009695867,-0.11527825568292054,-0.7699115849519178,-0.14283462078170867,0.8575466071851306,-0.7688125883186119,-1.395393946115507,-0.9897317778022116,1.6893897213925153,-0.24679631331046664,0.22820031901507565,0.04775027350866593,-0.3254931471680654,-0.3811494145884789,-0.1512548160568486,-0.24747402667580073,-1.271970563487099,-0.842062346152158,-0.1295430839457088,-0.014345366837266291,-0.34705109246575266,-1.5436753325439987,-0.009660899793452696,-1.0939045486768664,0.6908650323596898,0.03365636309527558,0.5388668576213217,0.03999169085607133,0
KXNBAGAME-25NOV07DETBKN,2025-11-07,DET,BKN,DET,0,2025-26,0.7562,1.111946355645719,-0.009981789373551155,-0.7152684265875157,0.5643152874905104,-0.39233906872325647,-0.4891470420700682,-1.6561791938749935,1.4014460256055015,-0.5768073771627206,0.18877264413479386,0.2700637209690039,2.1237650150025464,-0.11527825568292054,-1.7082286199356373,-0.7082347317069416,1.456205276412042,-1.6085841433146002,-1.3356663778415867,-1.2124080717456882,0.14262540193817438,-1.1259757323166113,-0.9710464105690896,0.5381466024474955,-0.5996482442803807,-2.1774705717308565,-0.1512548160568486,2.013474164103662,0.5205448976590382,-1.5608339099091357,1.5548413268518884,0.6603751332927096,0.4879357085779272,-1.2894604118287305,1.7667186910680155,0.26610597543212344,-0.24877851504866746,0.6071208848984911,3.053119329654604,0.03999169085607133,1
KXNBAGAME-25NOV07GSWDEN,2025-11-07,GSW,DEN,DEN,0,2025-26,0.8065,0.25723251095875904,0.3442914781656501,-0.0628880195003132,0.27564935051280703,-0.13786805700621782,1.0804014421894212,1.4665500155658961,-0.654691497570888,0.6559598651707059,1.5668681254791377,0.6147054079304519,-0.5764593831105487,-0.11527825568292054,0.9458681361611698,1.7647627459489525,-0.3014769997616372,1.3860729112937356,1.4800618407860426,-0.776235810454677,1.9909872210075723,1.2782197637473236,1.4642730496412115,-0.09236296333099904,-0.11661307317772936,-0.6597624920228067,-0.1512548160568486,-0.4881351786355195,-1.0674592649141887,0.17329416770096856,-0.8022852059759803,-1.1497570518011195,1.300969943955506,-0.36014663037863587,-1.3583105235469328,-0.5622590101897256,1.2058538588817895,0.5110377639614437,0.060832361639928764,0.03999169085607133,0
KXNBAGAME-25NOV07HOUSAS,2025-11-07,HOU,SAS,SAS,0,2025-26,0.3983,0.9549580984583182,1.7598391905578352,-0.6410910625163769,1.6640793786755026,1.0296530427567567,2.595942464230691,0.11397475146660349,2.008838948206842,-0.16271181699666634,1.184775718141062,0.45252108465447666,0.8114891796926281,-0.11527825568292054,0.9458681361611698,0.456960985613347,-0.9448116890801078,1.0420155626161338,1.3264766652245348,0.5149878000632038,-1.151781826001528,0.77328133020645,-1.1295583280975705,1.0005202840183909,0.30114707480294145,0.9239328954986357,-0.1512548160568486,0.018519878121783073,0.9741776080913013,0.21730058997180374,0.4362539961291596,-0.20712265258868973,1.482904915138838,0.902322878348486,0.8547661196868384,0.6669277426685016,0.13872947080976655,0.1064772547528265,-0.08545141855109807,0.03999169085607133,0
KXNBAGAME-25NOV07OKCSAC,2025-11-07,OKC,SAC,OKC,0,2025-26,0.84,1.722456244707833,1.2745968524670666,-0.8084656275999725,1.4798998851437164,-0.04914208681916638,-0.7311393470735441,2.020817573505116,1.144991236062714,-0.5434893435861419,-1.2382493040028406,1.6689035092242948,0.45711933387054005,-0.11527825568292054,-0.5822481779551738,0.2656601962025527,0.7927663780523689,-0.45191766190503135,0.7977277014424698,0.5899248846021887,-0.19990318691034942,-1.2866379611705259,-0.3153834789740084,-0.4916856883240458,0.5883571765396524,-1.022692684996471,-0.1512548160568486,1.6588156243735501,0.753734126201806,-1.151711702859963,1.3778039263176063,-0.6036804938262015,-0.9334065879877436,1.5954705609069046,1.7008106143752761,-0.1664475150438021,-0.5383541994701107,0.7557968720326579,1.0508600882899175,0.03999169085607133,1
KXNBAGAME-25NOV07TORATL,2025-11-07,TOR,ATL,TOR,0,2025-26,0.4537,0.013028555333913172,0.9392542175444623,0.363156327985208,0.32523613723290334,1.2989997379674554,1.0677673057836161,-0.5177989017998307,-0.9471399417863484,1.522228738161763,0.26216234432472935,-0.0036223245592052426,-0.7831751265067666,0.9858596426003342,-0.01925795696494194,0.21696544980707796,0.310265361063516,-0.10333324285009281,0.7137358085572725,-0.5667962664867469,-0.7460100879990329,-0.6439890457548676,0.44115067286646986,-0.050328992279099545,0.4055871117981088,0.016607413064475936,0.9237347694900384,0.018519878121783073,0.5387944894580374,0.04196250123644471,0.3029339945023229,0.41874332991935054,1.1468086682104088,0.16002406080381382,-0.2105236097141833,0.7571126402966872,0.22990782042351438,-0.2849350379065108,-0.5674042300733225,0.03999169085607133,1
KXNBAGAME-25NOV07UTAMIN,2025-11-07,UTA,MIN,MIN,0,2025-26,0.8488,-0.5364303448219897,-0.3263937916795556,0.363156327985208,-0.5035715836601343,-1.4459599646945203,-1.7005663520573462,1.4264011475869667,1.6444031946460376,0.17284837831030933,1.7299563481234392,-0.9159091429865691,-1.2482855491482567,-0.11527825568292054,-0.01925795696494194,0.1926180766093406,0.45099482435193144,-0.230091213415525,1.1672920301373475,1.979783632034629,-0.2709940261053269,-1.16614128953009,-0.3153834789740084,0.39102770376584667,-0.7824183090219242,0.016607413064475936,-0.1512548160568486,-0.3804709790745927,-0.39193469229091893,-0.05911474991688018,-0.19782893843750327,-1.8628946822618593,-2.585768805933984,1.2189976612532678,1.9644429211462353,0.3362497846984897,0.9745310089357972,-0.093780197305439,-0.8965427355031339,0.03999169085607133,0
KXNBAGAME-25NOV08CHICLE,2025-11-08,CHI,CLE,CLE,0,2025-26,0.7727,1.111946355645719,0.6715209848239969,0.1834188688897541,0.2933589171985557,1.0494579468163694,1.0590205959642145,0.07377512638529793,0.915531687524429,1.372297587067157,0.7758902456542778,-0.18607968824467802,-0.20178709820490395,-1.2164161539661753,0.7313956710220336,0.8527024166368862,-0.10745542679257535,0.6396093068528569,-0.5392988008559924,0.27758028437274607,-0.0972164191842708,-0.5681207710182958,0.31786362589987277,0.5708396910434173,1.5428230701899353,0.23473212500319285,-1.2262444016037357,0.284513782919367,-0.13846813952704146,0.21202898730394446,-0.2534692643197061,1.1269137700427247,0.5552733538233862,0.12378056809139715,1.0354528877628524,0.7376282488338082,0.15308161843415197,-1.205310196356116,-0.3114076147390243,0.03999169085607133,0
KXNBAGAME-25NOV08DALWAS,2025-11-08,DAL,WAS,DAL,0,2025-26,0.5776,-1.2079912227903156,-1.8841144184168084,-0.2404064976192783,-1.0419424109068938,-1.1582167141573376,-1.6874462873282416,-0.872743318710906,-0.22276764149882286,-1.254274059886495,1.110221102075094,-0.358400531725402,0.45711933387054005,-1.2164161539661753,-1.7707830889345522,-0.6406031394910033,2.394401698334813,-2.303992454055513,-0.6288901532668765,0.4688726711161368,-1.915418488292161,0.5743661897206506,-0.04078960163931568,1.8785632348802956,-1.7064225252152836,0.9532605878601446,-1.2262444016037357,0.3731784178518948,-0.9353669814166722,-1.891340477172389,0.9073902620408,-0.38669601465850334,-1.5290857574667955,0.7363466421040947,-0.5620333520754618,-0.8561949728297366,-0.5501736151607829,0.9398719037225797,-0.3571212960487211,0.03999169085607133,1
KXNBAGAME-25NOV08INDDEN,2025-11-08,IND,DEN,DEN,0,2025-26,0.8005,-1.6353481451337957,-0.7888421027421775,0.6028062734458133,-0.997668494192522,-2.771304144363636,-1.7486732560640617,-1.486701229043579,1.887360363686574,-1.1765319815411444,-0.3249552571947546,-1.5545099158857238,-0.31806470386527647,0.9858596426003342,1.1067224850155217,1.8725868272532185,-0.4939030005845723,1.6078993597832418,1.800030956539181,-0.10948790442833103,1.9263591853757738,1.0027987999977568,1.6516053158112352,-0.4916856883240458,-0.14272308242652185,-0.6762593189761554,-1.2262444016037357,-1.9764344078600957,-1.9978987706028437,0.7928220812325724,-1.8708323734864678,-3.2572290230392653,-1.1716782557793646,-2.4357246778249926,0.6086196291812991,-1.9784959210915967,0.12353307920747399,-0.985836120110441,0.2554420335012064,2.260925592351381,0
KXNBAGAME-25NOV08LALATL,2025-11-08,LAL,ATL,ATL,0,2025-26,0.3357,1.234048333458142,0.7553566435546479,0.13238230643055135,0.38899057730159853,2.183794829555024,-0.9838220751896215,0.06809033091925434,-1.2665836270063138,0.034023238407896714,1.305926969248257,0.37142892301648905,-1.0932487416010934,0.9858596426003342,-0.2694758329606006,-0.20776094930900738,0.16060069375678818,-0.26178070605688303,0.00322661096543778,-0.9857465197450554,-0.16328063338566273,-0.2110935957873758,0.2730319724574742,0.24390880508419793,0.3243559719129786,0.23473212500319285,-1.2262444016037357,1.0824954973121186,0.7192626750259183,-0.017400328805983824,0.4622676549831766,1.5534005049585455,-0.020722503968533982,0.16666019327228532,-0.7377882232561035,-0.1703443933363771,0.7736009421943879,0.03365636309527558,-0.9422564168128298,2.260925592351381,0
KXNBAGAME-25NOV08NOPSAS,2025-11-08,NOP,SAS,SAS,0,2025-26,0.8429,-1.0858892449778927,-1.5190236465252647,0.802514561329651,-1.6352128948794742,-1.89513518876648,-0.3448263300499236,-0.9271041753549459,-0.46122560370527604,-1.826233636284437,0.18877264413479386,0.17883503912626753,-1.8296735774501194,0.9858596426003342,1.1067224850155217,0.5334813013776636,-0.9361955994910209,1.085022731200834,1.1000985158291883,0.6392424530594695,-0.5650515882300011,0.5208121134360131,-0.8197395802009939,1.3473005451965636,0.8625122736519677,0.7094741451051073,-1.2262444016037357,-1.57744355066372,-1.5416589756278651,1.2548895150763433,-1.9504992037268947,-2.1362159024710663,-0.6930629926501086,-0.262646530264948,-0.6907110256184316,-0.715907354297004,-0.8338395917368897,-0.4760898785075827,-1.8016736254351158,2.260925592351381,0
KXNBAGAME-25NOV08PHXLAC,2025-11-08,PHX,LAC,PHX,0,2025-26,0.3914,-0.23117540029093267,0.1928464172328629,0.39866002360900243,-0.19188320999095776,-0.3991167470014318,0.7266456228269106,0.9122824576266767,-0.2587612961714959,0.344991551789302,1.5016328364214175,1.2634427010343554,0.04368784707810506,-0.11527825568292054,-0.5822481779551738,-0.9760558368820526,-0.05161040167812375,-0.5945203787911426,0.32177364175967504,0.495773163001927,1.1508227577942087,-0.4431612596874744,-0.7188683599555968,1.7886572412415098,1.136667370764283,-0.21434816428240117,-0.1512548160568486,0.24018146545310284,0.8733703391063558,0.3275458457648872,0.2864948073098539,-0.5169747283169988,0.1678229027187487,-0.16106265632450859,0.12843221327705082,0.7376282488338082,-0.20150085228598297,0.09029483438448185,0.182300143405693,0.03999169085607133,1
KXNBAGAME-25NOV08PORMIA,2025-11-08,POR,MIA,MIA,0,2025-26,0.3254,0.562487455489816,0.9149148327516926,0.3232146704084405,0.3411747472500771,-1.140964442176522,-0.7340549170133447,1.5415182557743414,-0.5422113267187881,-0.17699097424377128,1.5097872475536327,2.368323403351941,-0.08550949254453144,0.9858596426003342,0.23095991903071678,1.4153972638734822,0.17847110179341288,0.7804514963700039,1.1430277055260705,1.2340422180896975,0.46002086581877893,-0.31820174835665294,1.2144966947478482,0.1785226278923543,0.8929739511088911,-1.4076186472412662,-1.2262444016037357,0.24018146545310284,-0.3777405653361409,0.10774293452670358,-0.3204905659505415,-1.6278648407293053,-1.3819789016997956,0.7820338617908744,-0.15716945239148833,-0.9731013216070139,0.9686213010904615,1.03190941956754,0.941147253146647,2.260925592351381,0
KXNBAGAME-25NOV08TORPHI,2025-11-08,TOR,PHI,PHI,0,2025-26,0.6395,0.25723251095875904,0.6904516174405967,-0.009632476064621628,0.4598288440445932,0.8381176150513702,0.7810695950365287,-0.06834476026578312,-0.690685152243561,1.1890484023959724,0.13169176620928894,0.20924459974051254,-0.5764593831105487,-1.2164161539661753,0.5437322640252898,1.507376229287158,0.6118284966815491,0.49876711733571016,0.10339472025815896,1.4731577015189343,0.13939400015658346,-0.40299570247399574,-0.06320542836051567,0.0967899064025492,-0.508263211909609,1.8642520318394928,0.9237347694900384,-0.20314170920953675,-0.6149852587231298,-0.4441709447866887,-0.03343706651281288,0.5212938038464766,-0.47102142396893,-0.14651421206670354,-0.20110817018664953,0.8740189890739646,0.028977753682105062,0.5009237512312288,-1.7376744716015413,-2.180942210639239,0
KXNBAGAME-25NOV09BKNNYK,2025-11-09,BKN,NYK,NYK,0,2025-26,0.932,-1.696399134040007,-0.8456340005919741,1.4105153488871127,-1.6794868115938457,-1.4194654041525516,-1.049908327158442,0.32674852462422177,-1.4825455550423452,-0.8988817017363192,0.8492799458442133,-0.763861339915342,-2.3335432019784,-0.11527825568292054,0.5437322640252898,0.6552181673663504,-0.2928609101725502,0.6572145805425004,-1.03889502298055,0.7244273440311338,1.735706480261972,1.2839577004921072,0.037665791884881436,-0.34456678964239706,-0.508263211909609,-0.44530374162927827,1.9987243550369254,-1.6217758681299836,-1.1280015615172185,1.232427903708938,-1.6748266800377984,-0.28326527915260497,-1.2531740725892508,-0.9974705832160123,-1.9398260029379797,-0.6613510582009419,0.8681562677197568,-0.17873790423924887,-1.335394076076216,-2.180942210639239,0
KXNBAGAME-25NOV09BOSORL,2025-11-09,BOS,ORL,BOS,0,2025-26,0.3542,-0.42653856479080904,-0.5211088700217122,-0.8031400732564038,0.29973436120542524,-1.074419964536234,-1.2885963195634766,-0.08994698303674988,-0.42073274219852,-1.3164677225627772,-1.9688845414493101,0.7444528665512333,0.4261119723611075,-0.11527825568292054,-0.2694758329606006,0.29000756940029004,0.21421191786665997,0.01990367297741072,0.3167963444035173,-0.5951912301439696,-0.3183879189019786,0.39585260210519163,-0.8925910170448925,1.2900876401537007,-0.3254931471680654,0.8506136645948654,-0.1512548160568486,-0.1233435377702615,-0.6109297938789087,-0.7323213306142621,0.19620573303737002,-0.9958370271698497,-0.5080398627910481,0.1633931742108853,-0.5745872714455095,-0.30751450923504936,-2.3561803326953354,0.7473011013392774,-0.3059219729818611,0.03999169085607133,1
KXNBAGAME-25NOV09DETPHI,2025-11-09,DET,PHI,DET,0,2025-26,0.6709,1.234048333458142,0.1928464172328629,-0.7907137797880776,0.7573495643651709,0.1677436180825231,-0.9332855295664069,-1.7055658544862442,1.3249595094260724,-0.27694507497350856,0.06645647715156769,0.6957975695684407,1.4906980508516297,-0.11527825568292054,0.7313956710220336,1.653460468473582,0.6252313027090165,0.5832724310459982,0.2869325602665559,1.022823541060538,0.1325721519510061,0.0031227093511762135,0.13853701213027853,0.04775027350866593,-0.8128799864788484,2.0823767437782097,-1.2262444016037357,0.37317841785189504,-1.0975855751855519,-1.018546435467488,0.11830927680228599,-0.08740707787547478,-1.3771444040924294,-1.3177915927518178,0.9193291335899303,-0.29504449869880656,0.01715833799143357,1.0531488463009926,-0.4302631861442339,1.1504586416037264,1
KXNBAGAME-25NOV09HOUMIL,2025-11-09,HOU,MIL,HOU,0,2025-26,0.6182,0.562487455489816,1.401702528607084,-0.4556476523385266,1.2815527382633314,0.8331883944854249,2.803989204935058,0.4926734922893587,1.6444031946460376,-0.22696802460863993,1.7299563481234392,0.7262071301826858,0.6121561414177037,-0.11527825568292054,0.7313956710220336,0.9825550736914863,0.4286568143061517,0.3015880520117045,1.466552033676463,1.397437798433009,-1.978610345354363,-0.532418053495205,0.004042051803082877,-0.14840825806686503,-0.5691865668234566,0.02943827847263614,-0.1512548160568486,-0.11447707427700873,0.3116884581816034,-0.6350946414096367,0.6949453813996614,-0.4465538020151108,1.0190398028728735,1.7621395802111912,1.518778783509613,-0.1664475150438021,1.3645717267279451,0.9044728591668251,0.41086854995417266,0.03999169085607133,1
KXNBAGAME-25NOV09INDGSW,2025-11-09,IND,GSW,GSW,0,2025-26,0.8562,-1.696399134040007,-1.0403490789341308,0.5584266539160726,-1.1269483309984876,-3.0362497497833103,-2.0878512257275674,-1.3701629219896898,1.6489024014801206,-1.3431221494240404,-0.5206611243679162,-1.3315064713812572,-0.16302789631811285,-1.2164161539661753,-0.01925795696494194,0.11470648237657996,0.20170263224102453,-0.08431954726527797,-0.3322432308397398,0.8060255027513621,1.3576324718159594,-0.5395585969998222,0.6630673574063437,1.244317316119409,0.186263034108256,-0.5145904148333416,-0.1512548160568486,-1.2227850109336083,-0.8688573579714298,0.2611236521498448,-0.7476565223825448,-1.938069021089126,-2.047343900976456,-1.9477137055282079,1.526938831100141,-1.407992939058485,-1.2735218554298566,-1.0594661327864092,0.24995639174404322,-1.0704752598915837,0
KXNBAGAME-25NOV09MINSAC,2025-11-09,MIN,SAC,MIN,0,2025-26,0.6476,0.25723251095875904,0.603911582621858,0.02587121955917048,0.3748229239529996,1.4887747297564338,2.1144569141721434,-0.3355301471698173,-0.7266788069162318,-0.05482485112964725,0.784044656786493,-0.5205848550013779,0.5604772055686494,-0.11527825568292054,-0.7699115849519178,-0.07790829225440721,1.000509871478126,-0.8392336830771853,0.42131958888287463,0.5924156708879104,-0.5108358472277721,-1.3535805565263244,-0.2649478688513099,-0.27918061245055337,0.3243559719129786,-1.0996778774454303,-0.1512548160568486,0.7278369575820068,0.5083785031263708,-0.6976662730759812,0.866924570490107,0.7611650840622891,1.0870680906336696,0.12378056809139715,0.44228019752819436,0.14140587006969502,0.7736009421943879,-0.5893668210859957,1.1788583959570669,0.03999169085607133,1
KXNBAGAME-25NOV09OKCMEM,2025-11-09,OKC,MEM,OKC,0,2025-26,0.823,1.7712970358328026,1.4649849290682855,-0.962906703563474,1.7278338187441977,0.2520332897602223,-0.6168490054333475,2.056347545167886,1.296164585687935,-0.4768532764329832,-1.323055179777877,1.5472652667673132,0.7051782259460014,-0.11527825568292054,-0.46965013375712733,-0.08007250320531892,0.5877034458321055,-0.5152966471877475,-1.2057589168458114,-0.843871332910377,1.6187297357684165,-0.2824990308335598,0.21923398832659594,0.06736612666621902,-0.3254931471680654,-0.6993548767108434,-0.1512548160568486,1.6144833069072864,1.1556306922642097,-1.1160940048345052,1.600365229846418,1.0287646040094676,0.1417166156389726,0.3281734481203033,1.1001055725185878,-0.49144716464463184,-1.0040391776825537,1.3080219671024214,0.9960036707182824,0.03999169085607133,1
KXNBAGAME-25NOV10ATLLAC,2025-11-10,ATL,LAC,ATL,0,2025-26,0.3691,0.013028555333913172,-0.09273569766896715,-0.1161435629360025,0.031965712916905406,0.18548881211992946,-0.7288068911217036,0.19912486641155225,-0.38833845299311476,0.642632651740075,0.027315303716935573,0.6714699210770445,0.3330898878328098,-0.11527825568292054,-0.7699115849519178,-1.1383716582003007,-0.07171461071932596,-0.6843072746083237,0.5905476989923124,0.22178667157259152,0.5289574371593606,-0.996553381295402,-0.6684327498328982,1.3554738173455443,0.7305116713386308,-0.17585556805792138,-0.1512548160568486,0.5505076877169508,0.7809057406580925,-0.030235535301644495,0.5108264848440083,-0.28951513636189985,-0.6765566365335292,-0.2313035661446283,0.4272154942841388,0.9114290206826932,-0.95676151491987,-0.039973649580692584,0.3596692268873133,0.03999169085607133,1
KXNBAGAME-25NOV10CLEMIA,2025-11-10,CLE,MIA,MIA,0,2025-26,0.2322,0.8921627955833576,0.9781972332128941,-0.03626024778246741,0.6695101136038575,-0.41784778515203164,0.2403285568681183,-0.19738961734496707,-0.6474927666363547,0.4827060905724944,0.20345058417278117,1.2553334848705566,0.4261119723611075,-0.11527825568292054,0.4311342198272434,1.672938367031771,0.410786406269527,0.7649588555231176,1.2042484630068362,0.8526530220200642,0.4011375444653627,-0.18610169352121197,1.5103856074676785,0.18506124561153864,1.429099474350753,-1.2536482623433483,-0.1512548160568486,0.3377125638788836,-0.5233317532437115,-0.3190276814540013,-0.07491440035227315,-1.1546362159806072,-0.4251627609504865,-0.42528282291531766,-0.32350888404459466,-0.715907354297004,0.01715833799143357,-0.11926750938558227,1.1934867739761692,0.03999169085607133,0
KXNBAGAME-25NOV10LALCHA,2025-11-10,LAL,CHA,LAL,0,2025-26,0.7698,0.8921627955833576,0.41352350602063886,0.21936636070884397,0.0957201529856006,1.9023363352394238,-0.7428016268327484,0.10703117986165019,-1.0362242371012114,-0.11701851380592944,1.4951093075156465,0.30655519370609896,-0.9692192955633627,-0.11527825568292054,-0.7699115849519178,0.6795655405640878,0.89328742325838,-0.26178070605688303,-0.09631933615775934,0.3971380260873655,0.9081085795325682,1.109906952567034,-0.04078960163931568,1.3554738173455443,-1.3814979656747617,0.23473212500319285,0.9237347694900384,1.188893059231152,-0.20213893758132823,-0.4807512832993218,0.2528577012083403,1.4227696866685384,-0.8080549714538907,-0.5669897747035864,-1.5060880887029007,-0.05811429851019251,0.10698589724053481,1.177753483137247,-0.8544861486982135,-1.0704752598915837,1
KXNBAGAME-25NOV10MILDAL,2025-11-10,MIL,DAL,MIL,0,2025-26,0.6366,0.4525956754586354,0.8418966783733839,0.4430396431387431,0.19772725709551292,1.6716488127530846,1.496356086934349,-2.2515904589997007,-1.003829947895806,-0.07703687351403395,-0.20753173689085821,-0.2773083700874144,0.1470457187762136,-1.2164161539661753,-0.920042310549313,-1.7551717792096482,-0.3451318536796764,-0.8702189647709576,-1.1206471320554758,-1.901957347084751,-1.028434603709985,0.006692981103485984,-1.152614607010804,0.8912319592834532,0.11315500821163886,0.5016141254929182,-0.1512548160568486,0.9760979353930849,1.9440130579809716,0.570452128695258,0.7627254147470724,1.982616050768558,2.3769120522789775,-0.8847073784248435,-0.7076588167679924,0.7430838784434137,-0.7912896952504744,-0.2721913818664392,-0.2547226499150017,-1.0704752598915837,1
KXNBAGAME-25NOV10MINUTA,2025-11-10,MIN,UTA,MIN,0,2025-26,0.7303,0.4525956754586354,1.095026280218187,0.04362306737106767,0.6822610016175965,1.6272858276595576,2.0141613082429917,0.043077230868664856,-0.6474927666363547,0.0029264070697556147,0.49700938493252317,-0.2773083700874144,0.8912223950025976,-1.2164161539661753,-0.7699115849519178,-0.6622452490001038,0.7503241589653871,-1.0223285294494762,-1.773668545183662,-2.0139430984907762,1.080450007884031,1.2884205401824929,0.22820031901507565,1.7477908804966082,-0.6504177067085875,-1.3049717239759873,0.9237347694900384,0.8697003734740514,1.3146049141577112,-0.5051381756410761,1.217964444692369,2.412887910473102,2.822514603175076,-0.7354454450570802,-1.36046262401037,-0.16099188543419546,-0.9000283196046487,0.2602102482521016,1.5591962244537374,-2.180942210639239,1
KXNBAGAME-25NOV10NOPPHX,2025-11-10,NOP,PHX,PHX,0,2025-26,0.7516,-1.2079912227903156,-1.2783341746856538,0.8957117623421078,-1.5519779314564552,-1.646209550186134,-0.16746249204536784,-0.7050418524626275,-0.5467105335528711,-1.6096664180366722,0.0012211880938474888,0.04706027646453734,-1.9201117151859646,-0.11527825568292054,-0.01925795696494194,0.17314017805115184,0.20170263224102453,-0.04629215609564831,-0.2964066898753921,0.9387345960545881,1.0008857151284418,-0.31463147660434315,0.46132491691554955,1.3031648755920693,1.136667370764283,-0.23744372201708921,-0.1512548160568486,-0.8681264712034965,-1.0910968314347977,0.5049925755673892,-1.07846355080946,-0.9704854937011653,-0.774627873711529,-1.2163098131570478,-0.16281871610800858,-1.4547554785693952,-0.9378504498147963,-0.759282234953615,-1.1909388431375763,0.03999169085607133,0
KXNBAGAME-25NOV10PORORL,2025-11-10,POR,ORL,ORL,0,2025-26,0.5308,0.25723251095875904,1.1447868002389612,0.647185892975554,0.23314639046701024,-1.1187829496297583,-0.979934648603222,1.4949739928961112,-0.006805713462791441,-0.05482485112964725,1.6973387035945782,2.074364317414234,-0.16302789631811285,-0.11527825568292054,-0.46965013375712733,0.09522858381839118,0.12128579607621569,-0.03361635903910509,0.1873866131433563,-0.95506003270497,0.11418906626018395,0.2958849930405318,-1.0315691427163274,1.3031648755920693,-0.3254931471680654,0.6863785873704192,-1.2262444016037357,0.5150418337439396,0.7841501125334706,0.3830581138586162,0.18710095243846409,-0.9359792398132405,-0.03923172337959442,0.9944411479547774,-0.21554517746220075,0.674498820494078,0.29136878201500344,1.6761720304822632,-0.6058037223734667,1.1504586416037264,0
KXNBAGAME-25NOV10SASCHI,2025-11-10,SAS,CHI,SAS,0,2025-26,0.65,1.234048333458142,0.668816608735912,-0.8084656275999725,1.0832055913829461,1.257101363156906,0.47785032129723265,-0.17351347638758516,0.4611117972819444,-0.5434893435861419,1.044985813017374,0.6147054079304519,0.7671929489648673,-0.11527825568292054,0.7313956710220336,0.7661339786004869,0.4286568143061517,0.1607458624945576,0.8642990535811076,1.3655557339757776,0.43129729442686754,0.9670960824746637,1.2593283481902466,0.636225868235261,-0.2442620072829352,-0.27850249132320054,-0.1512548160568486,0.37317841785189504,-0.07560843444159973,-0.8901943705108847,0.6544796898489685,0.2823027852094452,-0.6119124970978895,-0.42957078543340604,-0.3611706421547312,-1.261470315257631,0.30082431456754105,0.6000410759873401,0.7400070553839849,0.03999169085607133,1
KXNBAGAME-25NOV10WASDET,2025-11-10,WAS,DET,DET,0,2025-26,0.8025,-1.7452399251649762,-0.8131814875349471,2.024729283178739,-2.14843613743247,-0.8215509495031288,0.21233908544603072,-1.4611196494463843,0.5510959339636248,-0.4368716361410877,1.9060916285792848,-1.5910013886228183,1.0772665640591939,-0.11527825568292054,1.3319185734116146,0.11470648237657996,-0.7954661362026054,0.7015798702404016,0.19186618076389975,-0.5497592882924136,-1.7496834813608435,0.9385339084561901,-0.3859933331457867,0.12621368613887937,0.844235267177813,1.3330542039416753,-1.2262444016037357,-2.2158289221779213,-0.6985278345141037,2.037516231149231,-2.0415470097159543,-0.7268290886966297,0.5270951391975934,0.1958591761335588,-0.27831477431242946,-0.042526785339887456,1.2936552325839186,-1.6994808583544423,-0.18889494882903904,1.1504586416037264,0
KXNBAGAME-25NOV11BOSPHI,2025-11-11,BOS,PHI,PHI,0,2025-26,0.4743,0.013028555333913172,-0.6184664091927905,-0.962906703563474,0.3634888012741204,-0.9856939943491776,-0.8057779375324469,-0.512043046390461,-0.4531270314039253,-1.076577880811407,-1.7927492609934645,0.9634017029737999,0.2400678033045113,-0.11527825568292054,0.4311342198272434,1.341814091542545,0.49120324243433583,0.4860913202791669,0.0709178550092164,0.9423213283060263,0.3106582945808482,0.006692981103485984,-0.06320542836051567,0.3616039240295165,-0.7641413025477697,1.9797298205129314,-0.1512548160568486,-0.3006728076353175,-1.4723105267916692,-1.0467838897579402,-0.09312396155008507,-0.7585185055324816,-1.2307281908407655,-0.5870002664546704,-0.32350888404459466,-0.715907354297004,-1.5571878320059642,1.2060727187818492,-1.2421381662044364,0.03999169085607133,0
KXNBAGAME-25NOV11DENSAC,2025-11-11,DEN,SAC,DEN,0,2025-26,0.7722,1.234048333458142,1.6640270091513796,-0.7552100841642833,1.6924146853727002,1.6317221261689099,-0.38127095429743485,1.8389041185917296,1.3249595094260724,1.6777128948524658,-0.19448467907931416,-0.11512404681143917,-0.8865329982048755,0.9858596426003342,-0.920042310549313,-0.04111670608893858,1.3597050730142721,-1.0983833117887356,0.2590596950720616,0.8562397542715023,-0.4829739829776208,-1.2464724039570472,-0.30529635694946927,-0.050328992279099545,0.2593710600048745,-1.1612660314045973,-0.1512548160568486,1.5435515989612638,1.2756724516531819,-1.5204030094478065,1.9938940801769076,0.9780615370721075,-0.8693840268159082,1.6660177537640328,1.7981034894931291,1.3852894210599231,-0.10103581891527832,-0.26086368760859885,0.19875706867718324,1.1504586416037264,1
KXNBAGAME-25NOV11GSWOKC,2025-11-11,GSW,OKC,OKC,0,2025-26,0.7569,0.013028555333913172,-0.014849666332106177,-0.2599335302123666,0.19772725709551292,-0.5908634270167897,0.20884040151827002,0.86936225185805,-0.19397271776068534,0.36276116969681077,0.7318564255403169,0.30655519370609896,-0.31806470386527647,-0.11527825568292054,1.7823107502038,1.2833803958679733,-1.3101338876573825,1.867753199442378,0.2277027217282549,-0.646601059081256,2.174530842201873,1.6775801611841985,-0.8701751903236925,-1.698060657513566,1.3559914484541358,0.5939963564316687,-0.1512548160568486,-1.2582508649066195,-0.9759216298588915,0.7552791022327657,-1.2039071946166084,-0.587395654618892,0.5917392786332344,-0.9196236446435654,-1.3177792981522145,0.8553139732696003,1.7617040939344968,-0.7309629993090119,-0.6496888564307753,0.03999169085607133,0
KXNBAGAME-25NOV11INDUTA,2025-11-11,IND,UTA,UTA,0,2025-26,0.3922,-1.7452399251649762,-1.5725702930693588,0.4749929692001576,-1.4088846326356061,-3.314750711759342,-2.1492725657927068,-1.3741422788159234,1.7820789237690071,-1.4364126434384608,-0.03139645643501261,-1.299069606726062,-0.038998450280382596,-0.11527825568292054,-0.920042310549313,-0.6449315613928239,0.7485371181617232,-1.0096527323929332,-1.9135306008917576,-1.923477740593382,1.1017054507140427,1.3562557034763694,0.34027945262107273,1.5974026729553668,-0.8372493284443875,-1.1612660314045973,-1.2262444016037357,-0.6198654933924181,-0.6985278345141058,-0.19195913714696333,-0.28432435412710955,-1.0183717235864524,-0.19890827292574728,-1.7686402232251648,0.28661159733962577,-1.2490003047213873,-1.1742387636282192,-0.3231660060267253,0.7985205674603953,1.1504586416037264,0
KXNBAGAME-25NOV11MEMNYK,2025-11-11,MEM,NYK,NYK,0,2025-26,0.8047,-0.8661056849155315,-0.6574094248612223,0.4110863170773286,-0.7585893439349151,-1.7797914275233104,-0.5573713786614097,1.3886683176811045,0.09757588508795764,0.6026510114481795,-0.0901082165869608,-0.42327426103579274,-1.2482855491482567,-0.11527825568292054,0.7313956710220336,0.9825550736914863,-0.5720860357448037,1.0903043133077268,-0.5840944770614344,1.046735089403461,1.6147084357735515,1.2170151051363087,0.22820031901507565,-0.34456678964239706,-0.4067242870531956,-0.5864432611190364,-0.1512548160568486,-1.151853302987586,-1.2322270080137248,0.710355879497955,-1.3283391961349895,-0.8623893718277679,-1.126579299527791,-0.14860714615291504,-0.7905146846102941,0.259870970164002,0.18735792393709838,-0.011654413936089897,-0.46683413119199124,0.03999169085607133,0
KXNBAGAME-25NOV11TORBKN,2025-11-11,TOR,BKN,TOR,0,2025-26,0.7959,0.013028555333913172,0.7055961235338738,0.21936636070884397,0.2869834731916862,0.6867905436767874,0.9190732388537707,-0.0515746136409564,-0.8094642126633789,1.1623939755347092,-0.0901082165869608,0.08760635728353114,-0.5041088729218727,0.9858596426003342,-1.8208266641336839,-1.073445329673002,1.6170389487416594,-1.9730133086902177,-1.582042596971502,-1.0949425905110743,0.19174270901834045,-1.535664415894093,-1.0315691427163274,1.0089270782287718,-0.9834653802376224,-1.8079416479758534,-0.1512548160568486,1.2952906211501856,1.3308267735345998,-1.0005771463735642,1.6185747910442299,1.6055119904219401,1.407249960744381,-0.17168046827406017,0.5125821460004485,1.5286945422267157,-0.7912896952504737,0.7473011013392774,0.9301759696323201,1.1504586416037264,1
KXNBAGAME-25NOV12ATLSAC,2025-11-12,ATL,SAC,ATL,0,2025-26,0.6288,0.4525956754586354,-0.34586529951377015,-0.6913034320414543,0.32523613723290334,0.31857776740051524,-0.3929332340566391,0.03284459902978527,-0.16157842855528234,0.8425408531995496,-0.20753173689085821,0.6714699210770445,0.5191340568894061,-0.11527825568292054,-0.920042310549313,-0.19693989455445712,1.391871807480194,-1.2251412823541676,0.17842747790226937,0.5979950321679246,-0.14432307626700722,-1.310737295498614,-0.022856940262356254,-0.22687167069707845,-0.17927709537483108,-1.8079416479758534,-1.2262444016037357,0.9760979353930849,-0.11454089694613111,-1.4972996377556158,1.1087070775054977,0.09709574903547523,-0.698657197024346,0.12786434191815074,0.806343859259519,0.6027962599106812,0.01715833799143357,0.5943772288584205,1.6542806815779056,1.1504586416037264,1
KXNBAGAME-25NOV12CHIDET,2025-11-12,CHI,DET,DET,0,2025-26,0.4304,0.4525956754586354,0.6861246156996592,0.427062980108037,0.10847104099933966,0.620246066036497,1.3739021494627108,0.5163364534167655,0.9398274044284836,1.2023756158266035,0.49700938493252317,-0.05835953366484655,-0.31806470386527647,-0.11527825568292054,1.7823107502038,0.6211318448895187,-0.4737987915433701,0.7776346525796609,0.05299958452704256,-0.4600909820064495,-1.49892670310947,1.4847854865595005,-0.4666903093421041,0.47929904297483616,1.429099474350753,0.8711430492479211,-0.1512548160568486,-0.939058179149519,0.04605551088506053,0.6513139296179182,-0.48462952730304015,0.4013141506596331,1.290393247149185,1.4381431742313098,-0.39130004864284085,1.1639467340416112,0.01715833799143357,-1.0368107442707266,-0.8471719596886621,0.03999169085607133,0
KXNBAGAME-25NOV12CLEMIA,2025-11-12,CLE,MIA,CLE,0,2025-26,0.3276,0.8921627955833576,1.5039279447367173,0.29924967586237905,0.7460154416862916,-0.6707168001851367,-0.07455299663037811,-0.10273777283534581,0.2595473311149818,0.6826142920319691,-0.0901082165869608,1.2553334848705566,0.4261119723611075,-0.11527825568292054,0.8815263966194288,2.04301843963738,0.6198701802980295,0.841013637862377,1.1370549486986792,0.8167856995056766,0.6596496869925539,0.1030903184158361,1.7524765360566321,-0.10917655175175883,1.136667370764283,-1.0688838004658463,-0.1512548160568486,0.018519878121783073,-0.4065343657301174,-0.22661419468524746,-0.07491440035227323,-1.2877317666911807,-0.6240678053678371,-0.5410578109037191,0.1058351584109682,-0.7439648780035509,0.01715833799143357,0.08463098725556123,1.0618313718042445,0.03999169085607133,1
KXNBAGAME-25NOV12DENLAC,2025-11-12,DEN,LAC,DEN,0,2025-26,0.64,1.3317299157080804,1.6207569917420104,-0.8031400732564038,1.7023320427167197,1.6494673202063188,-0.22149772159634518,1.6444841136530515,1.3285588748933401,1.402283817286078,-0.2662434970428064,-0.2773083700874144,-1.0622413800916604,-1.2164161539661753,-0.920042310549313,-1.2877022138130896,-0.23254828304894362,-0.6547304148097228,0.3889671560678344,0.04922499769782568,0.31324341600611694,-0.9572803920200015,-0.9105236784218519,1.06777463770143,0.5518031635913431,0.22446743267666502,-0.1512548160568486,1.6144833069072864,2.17760783300816,-0.41144116822275517,1.6823082552365711,0.8988379949824821,-0.19642195987052927,0.960341636501407,1.5972407795723984,1.6128671133463555,-0.9614892811961376,-0.578039126828154,-0.9129996607746241,-1.0704752598915837,1
KXNBAGAME-25NOV12GSWSAS,2025-11-12,GSW,SAS,GSW,0,2025-26,0.2894,-0.42653856479080904,-0.6963524405296543,-0.3398168453659017,-0.1847993833166583,-0.8526050390685992,0.16685619438513574,0.9537814645287918,-0.5503098990201388,-0.03705523322213846,1.4363975473636972,0.6714699210770445,-0.2250426193369788,-1.2164161539661753,1.3319185734116146,0.7379992362386569,-0.6667991983389118,1.0057989995974388,1.3431150592436982,0.2859493262927704,0.00044372354822224205,0.4886796676652297,-0.34564484504762727,0.9500795187561115,0.6249111894879615,0.8711430492479211,-0.1512548160568486,-1.2582508649066195,-1.0781193439332872,0.23545323915852345,-0.8579255318581831,-1.5634296931630767,-0.08453787238576801,0.6865246014177266,-0.7302558716340749,0.20999092801903066,0.35755750988276314,0.03365636309527558,-0.7813442586027001,-1.0704752598915837,1
KXNBAGAME-25NOV12LALOKC,2025-11-12,LAL,OKC,OKC,0,2025-26,0.7472,1.3317299157080804,0.6471816000312274,0.09155305646318827,0.35073791326038145,1.702702902318555,-0.3614450787067889,0.7286635640734807,-1.1334071047174272,-0.03705523322213846,0.9667034661481096,0.6714699210770445,-0.9692192955633627,-0.11527825568292054,1.7823107502038,0.9912119174951248,-1.8408850063451203,2.0959175464601563,0.46511980561708316,-0.07989736335396219,2.0633706209151828,1.0349312457685402,-0.3859933331457867,-1.3449753006776082,1.79463960383384,0.7787608183091705,-1.2262444016037357,-0.3006728076353175,-0.26053763133812424,1.3906218237679506,-1.2585358782100442,0.8829932865645588,-0.20636721209139722,-0.9416760233080221,-1.5211527919469563,0.23804845172557756,1.6766043009616634,-0.7819376234692975,-1.2421381662044364,1.1504586416037264,0
KXNBAGAME-25NOV12MEMBOS,2025-11-12,MEM,BOS,BOS,0,2025-26,0.7502,-0.8661056849155315,-0.5405803778559267,0.20338969767813786,-0.5163224716738732,-1.2829259944758071,-0.280975348368283,1.2351788400979362,0.1947587527041712,0.8825224934914437,0.027315303716935573,-0.49625720650998156,-1.3413076336765548,-1.2164161539661753,-0.01925795696494194,-0.4891083729273054,-0.972383175765184,0.4480639291095373,-1.1385654025376546,-0.7757234201330439,-0.22446184045043244,0.038825426874269355,-0.9105236784218519,-2.109993573822182,0.47869513769472594,0.1320852017379145,-1.2262444016037357,-0.6198654933924183,-0.04154252975013453,0.8476925890015196,-0.6940394810778764,-0.1152233437647203,0.33316272089067467,1.048551151159234,0.1058351584109682,1.248119305161251,1.5489546115024153,-0.6799883751487258,-1.0446550629465492,0.03999169085607133,0
KXNBAGAME-25NOV12MILCHA,2025-11-12,MIL,CHA,CHA,0,2025-26,0.461,0.4525956754586354,0.5108810451917172,0.3471796649545019,0.057467488944383485,1.4099072007012752,1.4263824083791292,-2.2234507214427843,-1.0686185263066166,-0.35690835555729816,0.08602706386888376,-0.20432542461322556,0.1470457187762136,-0.11527825568292054,-0.920042310549313,0.5237423520985692,0.89328742325838,-0.36318708250922876,0.13811136931737328,0.7665714479855383,1.143067393518394,0.7778716796022755,0.017491547835801726,1.7150977919006853,-1.4221135356173267,0.31684966361541633,-0.1512548160568486,0.9760979353930849,-0.012343182871737553,-0.38833779653056627,0.2983816042028699,0.9051758783496532,0.47736887809325507,-2.4081592044944204,-1.295182243286132,-0.26698697499225965,-1.1742387636282192,0.8492503496598487,-0.123067247743077,0.03999169085607133,0
KXNBAGAME-25NOV12ORLNYK,2025-11-12,ORL,NYK,ORL,0,2025-26,0.4359,-0.42653856479080904,-0.13167871333739903,-0.06821357384388191,-0.03178872715178979,0.08345394640482387,-1.442538412384965,0.19656670845183022,0.4539130663474112,-0.916651319643828,1.2015505067559045,-0.42327426103579274,0.7051782259460014,-0.11527825568292054,0.8815263966194288,1.224946700193404,-0.4416320570774461,1.1452327672194142,-0.48454852993823727,1.092964082866445,1.6264851000442342,1.0991961373101047,0.542021893111867,-0.28571923016973777,-0.10616906947821261,-0.7917371076495939,-1.2262444016037357,-0.9390581791495186,-1.019720650176489,0.2701082966968059,-0.8488207512592773,0.3981452089760537,-1.7876623152093536,-1.013346253967508,-0.459091213241087,-1.0245401150690159,1.0809057501518384,-0.22121675770615404,1.0618313718042445,1.1504586416037264,1
KXNBAGAME-25NOV12PHXDAL,2025-11-12,PHX,DAL,PHX,0,2025-26,0.486,0.013028555333913172,0.16039390417583585,-0.1321202259667086,0.21047814510925197,-0.19603285968440182,1.3878968851737556,1.166108575185507,-0.5503098990201388,0.6826142920319691,1.4363975473636972,1.5472652667673132,-0.2250426193369788,-0.11527825568292054,-0.920042310549313,-1.32665801092947,-0.48988215877633096,-0.4772692560181178,-0.9280257243720895,-2.6121303328695853,-1.1628609178241252,0.4886796676652297,-0.9508721665200098,0.8323843998107929,0.3324790859014916,0.9635252801866724,-0.1512548160568486,0.6569052496359843,1.1118316719466101,0.25855661085071235,0.4895819967798945,0.5122271095851105,2.792126332500202,1.6660177537640306,-0.7302558716340749,1.1358892103350642,0.44265730285559524,0.8492503496598487,-0.8471719596886627,0.03999169085607133,1
KXNBAGAME-25NOV12PORNOP,2025-11-12,POR,NOP,POR,0,2025-26,0.7287,0.013028555333913172,0.9587257253786767,0.5708529473843988,0.17222548106803484,-1.1276555466484628,-0.8757516160876687,1.214713576420177,-0.19397271776068534,-0.23696343468161307,1.2602622669078516,1.620248212241502,-0.31806470386527647,-0.11527825568292054,-1.3704344873414982,-1.4630033008367997,0.9415375249572648,-1.694145773446267,-1.7522661665521733,-0.273580904931645,-0.6975390612751862,-0.6359559343121723,-1.798190416581346,0.3027563645568572,0.2593710600048745,-1.9003238789146042,-0.1512548160568486,0.9760979353930849,1.8126159970281768,-0.2612692522235299,1.3363265924781462,0.4298346258119004,-0.4375943262265697,1.3701483400158976,0.30920865220571,1.0797741629219726,0.6979566817740921,0.95119959798042,1.1276590728902072,0.03999169085607133,1
KXNBAGAME-25NOV12WASHOU,2025-11-12,WAS,HOU,HOU,0,2025-26,0.9263,-1.7452399251649762,-0.5211088700217122,2.0886359353015678,-2.0081763692813412,-0.5686819344700262,0.1773522461684198,-0.9750696370996849,0.2271530419095765,-0.31692671526540406,2.317073949642923,-1.2260866612518726,1.26331073311579,-0.11527825568292054,0.7313956710220336,1.4153972638734822,-0.3755115473419366,1.217062283873159,1.0733455425398297,2.7046024411795067,0.36236072308628586,1.645447715413415,-0.3097795222937084,1.7477908804966082,0.5680493915683692,0.33737904826847204,0.9237347694900384,-1.7902386745017869,-1.4544664814770905,1.7820956218855912,-2.3116555008168302,-1.1697767151355158,-1.7536827034547233,-0.9563776090843273,-1.0014205300270629,-0.011351758999281345,0.4190184714742522,-1.252036935169711,0.6522367872693682,-1.0704752598915837,0
KXNBAGAME-25NOV13ATLUTA,2025-11-13,ATL,UTA,ATL,0,2025-26,0.5371,0.4525956754586354,0.08250787283897211,-0.8031400732564038,0.6950118896313356,0.7355898272796666,0.1283706711797641,0.20679934029070982,0.00039301747174178806,1.4822470978698676,0.08602706386888376,1.03638464844799,0.6121561414177037,-1.2164161539661753,-0.920042310549313,-0.19693989455445712,1.0702044628209586,-0.9716253412233034,-1.9045714656506683,-1.6867534119984373,1.3240258932874258,1.324123257705586,0.34027945262107273,1.7150977919006853,-1.4221135356173267,-1.43841272422085,-0.1512548160568486,0.9760979353930849,0.2066519187162522,-1.3471277217563906,1.190650102895651,1.8685341501594974,1.2555848643761494,-0.7909847691008988,-0.9336293654288168,0.7991989258565065,-1.1742387636282192,1.7158189603847083,1.4567975783200187,-1.0704752598915837,1
KXNBAGAME-25NOV13INDPHX,2025-11-13,IND,PHX,PHX,0,2025-26,0.6422,-1.7452399251649762,-1.7088708479088663,0.6507362625379339,-1.638400616882909,-3.194970652006818,-2.2612304514810613,-0.9980930587371604,1.1341931396609106,-1.1165595211033026,-0.3836670173467028,-1.299069606726062,0.1470457187762136,-0.11527825568292054,0.4311342198272434,0.6016539463313272,-0.3290484864467133,0.6508766820142288,0.05299958452703758,1.68477490435381,1.1766739720469277,-0.2824990308335598,1.0262037502897727,1.06777463770143,1.5753155261439873,-0.3298259529558397,-1.2262444016037357,-1.57744355066372,-1.7351046486972543,0.7090723588483879,-1.6409366633640932,-2.3239756972234775,-2.779701224240905,-1.5517918330246692,0.9871202981881765,-1.5015180180803063,-1.0465890741689696,-2.0053286033161575,0.33772665985865924,1.1504586416037264,0
KXNBAGAME-25NOV13TORCLE,2025-11-13,TOR,CLE,TOR,0,2025-26,0.2878,0.013028555333913172,0.3356374746837779,0.07557639343248217,0.1594745930542958,0.3629407524940422,0.9785508656257105,-0.12320303651310213,-0.9390413694849977,0.9624857740752347,-0.6772258181064448,-0.2773083700874144,-0.5041088729218727,-0.11527825568292054,0.8815263966194288,1.5171151785662524,0.2177859994739854,0.8156620437492905,-1.1251266996760168,-0.4995450367722753,0.19691295186888363,0.6493418965191443,0.7034158455045018,-0.34456678964239706,1.136667370764283,0.8711430492479211,-1.2262444016037357,-0.619865493392418,-0.8883235892236945,-0.09954565037820948,-0.47552474670413414,1.050947195794562,1.0367893155170629,-0.22681141493520302,-1.1144058043574743,0.18193340431248475,-0.23814104092706326,-0.985836120110441,-0.9788273618605868,1.1504586416037264,1
KXNBAGAME-25NOV14BKNORL,2025-11-14,BKN,ORL,ORL,0,2025-26,0.8861,-1.7452399251649762,-1.2610261677219068,1.2898027837662145,-1.8551657131164725,-1.7975366215607191,-1.145150278525274,0.8105246187845031,-1.5869271535930942,-1.076577880811407,0.7905681856922652,-1.0071378248293055,-1.6203738872614486,0.9858596426003342,-0.01925795696494194,0.23157387372572094,-0.0877979779522868,0.2198995820917593,0.164988775040639,-1.1666772355398456,0.690671144095813,0.5529445592067964,-0.5877357736365809,0.7735368403381336,-0.25238512127144824,0.7787608183091705,-0.1512548160568486,-1.2582508649066195,-1.1219183642508848,0.9978645050007448,-1.4861553931826923,-1.404982608983824,-0.009948480729261869,0.09294807569942469,-1.4985557370808735,-0.3511595461118993,0.01715833799143357,-0.5270645026678683,-1.7029320738061724,1.1504586416037264,0
KXNBAGAME-25NOV14CHAMIL,2025-11-14,CHA,MIL,MIL,0,2025-26,0.8021,-0.8661056849155315,0.0046218415021111415,0.5708529473843988,-0.45256803160517817,-0.28475882987145323,0.1003811997576746,1.5498322691434303,0.8102502476068625,-0.23696343468161307,1.67124458797149,-1.372052552200251,0.3330898878328098,-0.11527825568292054,-0.01925795696494194,0.11470648237657996,0.31428620287175735,-0.1730501266610805,1.14153451631922,1.6883616366052463,-2.1271112094505367,-1.6320617532064432,-0.18425089265499248,-0.521109468060376,-0.47170919896130037,0.22446743267666502,-0.1512548160568486,-0.6198654933924183,-0.08534155006773206,0.1892464957741457,-0.20238132873695622,-1.0152027819028677,-1.1039262250247028,2.6271339238899554,1.7102260539028098,-0.042526785339887456,1.5915045079888313,-0.6290137509884401,0.0744158555148104,0.03999169085607133,0
KXNBAGAME-25NOV14GSWSAS,2025-11-14,GSW,SAS,GSW,0,2025-26,0.4519,0.013028555333913172,-0.5795233935243587,-0.6433734429493336,0.1339728170268177,-0.9147132181995349,-0.018574053786202957,1.063782256796731,-0.5827041882255442,0.20283460852923024,0.9079917059961625,0.7444528665512333,-0.2250426193369788,-0.11527825568292054,0.8815263966194288,0.6406097434477075,-0.13604807965117394,0.5241187114487965,0.9578722438769159,0.13889330398378974,0.6932562655210818,0.45654722189444635,-0.10355391645867508,1.244317316119409,0.2593710600048745,0.6863785873704192,-0.1512548160568486,-0.619865493392418,-0.9175229361020935,-0.3652344248383774,-0.2843243541271096,-1.3352658919449525,-0.11437362904837185,0.2730425014591604,-0.7302558716340749,0.20999092801903066,-0.2381410409270625,0.3395041080569904,-0.6496888564307753,0.03999169085607133,1
KXNBAGAME-25NOV14LACDAL,2025-11-14,LAC,DAL,LAC,0,2025-26,0.6593,-0.8661056849155315,-1.1636686285508284,-0.2599335302123666,-0.5545751357150904,0.5670104839242681,0.425758805039457,0.8054083028650676,-1.003829947895806,-0.916651319643828,1.084126986452006,0.30655519370609896,0.3330898878328098,-0.11527825568292054,-0.920042310549313,-1.1903127210221403,-0.3933819553785613,-0.46459345896157456,-0.6234151261750994,-2.368232539771764,-1.5015118245347416,0.3922823303528819,-0.5877357736365809,0.8323843998107929,0.2593710600048745,1.4254364348804267,-0.1512548160568486,0.018519878121783073,0.01685616400666149,0.09683300900539185,-0.0658096197533673,0.8417970446779564,1.9393209545608017,1.6476407715436538,-0.9788234751609803,-0.23892945128571375,0.18735792393709763,0.03365636309527558,-0.7813442586027001,0.03999169085607133,1
KXNBAGAME-25NOV14LALNOP,2025-11-14,LAL,NOP,LAL,0,2025-26,0.8178,0.8921627955833576,-0.05379268200053528,0.26729634980096684,-0.24855382338535348,0.8642424840508952,-0.7113134714828981,0.3858703974710727,-1.003829947895806,-0.31692671526540406,1.4363975473636972,0.8904187574996111,-1.2482855491482567,-0.11527825568292054,-1.3704344873414982,-1.5603927936277493,0.89328742325838,-1.7194973675593535,-1.6895522198645623,-0.40628999823487105,-0.3175262117602214,-1.021545283561566,-1.4754025117960752,0.00851856719355974,-0.03306104358159546,-2.085088340792106,-0.1512548160568486,1.614483306907286,1.1264313453858108,-0.44609622576103763,1.0540783939120622,1.8083242581713852,-0.22874402958834975,0.5045924774359591,0.015446938946639432,0.7991989258565065,1.0383558536654216,0.6453518530187052,0.6010374642025085,0.03999169085607133,1
KXNBAGAME-25NOV14MIANYK,2025-11-14,MIA,NYK,NYK,0,2025-26,0.6568,0.4525956754586354,1.4260419133998536,0.8264795558757124,0.2742325851779472,0.8420609915041342,0.5062285353779629,0.8616877779788925,-0.29115558537690117,1.522228738161763,-0.03139645643501261,0.5255040301286655,-0.8761972110350646,-0.11527825568292054,0.4311342198272434,0.9912119174951248,-0.23254828304894362,0.8283378408058337,-0.42631415087116237,0.93514786380315,1.4248456288730296,0.7457392338314944,0.46132491691554955,-0.28571923016973777,0.040046982315021705,-0.8841193385883449,-0.1512548160568486,0.018519878121783073,0.32344930622984835,0.766830788078861,-0.40268650191288674,0.8988379949824838,-0.29338816902398795,-0.3922042549186336,-0.7302558716340766,0.7430838784434137,0.18735792393709838,0.3395041080569904,0.008588154428847751,0.03999169085607133,0
KXNBAGAME-25NOV14PHIDET,2025-11-14,PHI,DET,DET,0,2025-26,0.5193,0.4525956754586354,1.017140248881326,0.18741303464743175,0.516499457438989,-0.08068909844122978,0.870091663865115,0.521452769336201,0.16236446349876593,-0.03705523322213846,0.08602706386888376,-0.7881889884067382,2.1935315783987703,0.9858596426003342,1.7823107502038,0.796432931913226,-0.4416320570774461,0.8663652319754634,0.4516811027554478,-0.37759614022336174,-1.405862331799684,1.3562557034763694,-0.30529635694946927,0.5381466024474955,1.9408556556270744,0.31684966361541633,-0.1512548160568486,-0.939058179149519,0.16285289839865674,0.4549352702343153,-0.25701001233039183,-0.38141444518586226,0.8751789669279604,1.3756614346820133,-0.8432411459644878,0.18193340431248475,-0.32324083389989605,-1.9033793549955857,1.3251421761480937,1.1504586416037264,0
KXNBAGAME-25NOV14PORHOU,2025-11-14,POR,HOU,HOU,0,2025-26,0.7407,0.4525956754586354,1.1729123115550506,0.5548762843536927,0.32523613723290334,-0.3379944119836895,-0.7323055750494644,1.5012272679087602,-0.19397271776068534,-0.19698179438971902,1.084126986452006,1.2553334848705566,-0.13202053480868028,-0.11527825568292054,0.8815263966194288,1.653460468473582,-0.3933819553785613,1.3860729112937356,1.2356054363506428,2.893503673088603,0.1012634591338231,1.7739774984965464,-0.06320542836051567,1.4208599945373879,0.5518031635913431,0.40923189455416686,-0.1512548160568486,-0.3006728076353175,-0.3627353454125199,0.6859689871562007,-0.7668777258691238,-1.1197778574611759,-2.5310699187192123,1.0081217902743962,-1.3855704627504606,-0.09864183275298126,-0.23814104092706403,0.49242798053784825,-0.3863780520869259,0.03999169085607133,0
KXNBAGAME-25NOV14SACMIN,2025-11-14,SAC,MIN,MIN,0,2025-26,0.8411,-1.3056728050402537,-0.3263937916795556,1.8010560007488396,-1.651151504896648,-0.2448321432872785,0.2613206604346845,-0.005527770366005366,-1.2305899723336406,-0.07703687351403395,0.20345058417278117,-0.35029131556160326,-2.0854843099029385,-0.11527825568292054,0.4311342198272434,1.166513004518835,0.07303569437733085,0.7015798702404016,1.5894912783736135,1.4050097887416013,0.37528633021264673,-0.7644857173953036,0.17888550022843794,0.00851856719355974,-0.47170919896130037,0.40923189455416686,1.9987243550369254,-1.2582508649066193,-1.1219183642508848,1.252001593614819,-1.686460566358623,-1.3035764751091024,-0.7931370931225895,-0.26907847404208063,-0.32350888404459466,-0.18281440387262093,0.14480802745068236,0.08463098725556167,-1.7687597748921344,-2.180942210639239,0
KXNBAGAME-25NOV15DENMIN,2025-11-15,DEN,MIN,DEN,0,2025-26,0.6013,1.7712970358328026,1.6012854839077957,-1.1386499969012525,1.9573498029915004,1.5917954395847351,-0.2844740322960437,1.3886683176811017,1.296164585687935,1.0024674143671288,-0.3249552571947546,-0.20432542461322556,-1.1552634646199587,0.9858596426003342,0.8815263966194288,1.4392035843334945,-0.21646491581598276,1.1072053760497846,1.6880417660255795,1.3404486082157063,0.3390946302588358,-0.411028813916691,0.34027945262107273,0.3616039240295165,-0.03306104358159546,0.40923189455416686,-1.2262444016037357,0.6569052496359845,0.11905387808105711,-0.6655782568368296,0.5988393639667656,-0.0613513351437757,-1.1362482947425219,0.7581948320772146,1.1904937919829166,0.4625086413779487,-0.49344041984556003,-0.11926750938558227,-1.1104827640325112,2.260925592351381,1
KXNBAGAME-25NOV15LALMIL,2025-11-15,LAL,MIL,LAL,0,2025-26,0.5947,0.8921627955833576,-0.2290362525084773,0.011669741309653184,-0.15929760728918022,1.0239492303875941,-0.8022792536046862,0.07377512638529793,-1.0686185263066166,-0.23696343468161307,1.4951093075156465,1.1823505393963678,-1.0622413800916604,-1.2164161539661753,0.4311342198272434,0.7769550333550372,0.5716200785991447,0.055114220356697434,1.773153550815915,2.384187693384328,-1.9745890453594925,-1.5677968616648763,0.29993096452291335,-0.28571923016973777,-0.6179252507545353,-0.05267926013958736,-1.2262444016037357,0.3377125638788836,-0.7569265282709018,-0.39988948237666155,-0.1568574257424266,-0.527185762630771,-2.2277397259827487,1.4583578546737266,0.35440276193787357,-0.3792170698184452,1.2936552325839192,1.2570473429421356,-0.7155165575167374,0.03999169085607133,1
KXNBAGAME-25NOV15MEMCLE,2025-11-15,MEM,CLE,CLE,0,2025-26,0.8128,-1.3056728050402537,-1.1831401363850458,0.6507362625379339,-1.2941266405119547,-1.8019729200700738,-0.8127753053879703,1.30424910501036,-0.06439556093906648,0.642632651740075,0.26216234432472935,-0.35029131556160326,-1.3413076336765548,0.9858596426003342,0.4311342198272434,1.419725685775303,0.4268697735024879,0.5874976967315126,-1.111687996814389,-0.7004020428528344,0.21759392327105928,0.42441477612366524,0.8244613097989786,-0.6388045870056945,0.9173432930744302,1.2406719730029248,-0.1512548160568486,-1.2582508649066193,-1.9540997502852462,0.16614312408195847,-1.3495836841991031,-0.50500317084568,-0.09696943766185259,0.783922607185747,-0.34610593891067726,-0.12669935645952715,0.655406785287676,-0.8838868717898688,-1.8345874759780971,1.1504586416037264,0
KXNBAGAME-25NOV15OKCCHA,2025-11-15,OKC,CHA,OKC,0,2025-26,0.9189,1.7712970358328026,1.0366117567155404,-2.00138980055943,2.2761220033349767,0.6113734690177901,-0.36844244656231223,2.1100688623219948,0.8102502476068625,-0.11701851380592944,-1.4404787000817743,1.912179994138259,0.8912223950025976,0.9858596426003342,-0.920042310549313,0.29000756940029004,0.9737042594231888,-0.5786756324704636,-0.28296798701375675,0.13889330398378974,1.8384650569165308,0.5850770049775799,-0.18425089265499248,1.4208599945373879,-1.0565734061342396,0.1320852017379145,-1.2262444016037357,1.9336759926643872,0.5570440812570365,-2.144194045136896,2.0373946985939027,0.6326468935613402,-0.36300493457006355,0.21056076190986192,0.1510292681431318,0.04164578577975124,-2.067786589842959,2.072641329506709,0.5352097631165461,2.260925592351381,1
KXNBAGAME-25NOV15TORIND,2025-11-15,TOR,IND,TOR,0,2025-26,0.6453,0.4525956754586354,0.5303525530259345,-0.06821357384388191,0.40174146531533755,0.6424275585832555,0.9085771870704886,0.6058719820069455,-0.8742527910741872,1.4422654575779734,-0.7946493384103421,-0.5692401519841711,-0.2250426193369788,-0.11527825568292054,-1.8208266641336839,-1.7746496777678369,0.7807038526276472,-1.7702005557855263,-3.3873083480507176,-2.5224620265836233,-0.5346764114830584,1.0027987999977568,-1.3140085594034403,-0.4622619085877156,-1.2027894579274745,-0.05267926013958736,-0.1512548160568486,1.6144833069072864,1.7250179563929817,-0.6078198276063582,1.5548413268518884,2.85090607207085,2.389343617555065,0.8170011751824332,-1.3177792981522145,1.9214998741183673,-0.23814104092706403,0.44145335637756217,-0.123067247743077,0.03999169085607133,1
KXNBAGAME-25NOV16ATLPHX,2025-11-16,ATL,PHX,ATL,0,2025-26,0.5449,0.8921627955833576,0.7055961235338738,-0.7232567581028687,1.0392858660022894,1.1747833797055838,0.4817377478836341,0.360288817873878,-0.09678985014447176,1.9220451410807122,0.144738824020833,1.8391970486640699,0.7051782259460014,0.9858596426003342,0.8815263966194288,1.0301677146115051,-0.8919663396003751,1.3733971142371924,0.698057321885368,1.795963604148405,1.168918607771113,-0.12183680197964522,0.8244613097989786,0.5381466024474955,1.50220750024737,-0.14506149107833788,0.9237347694900384,0.018519878121783073,-0.24593795789892575,0.11993638069758072,-0.24790523173148593,0.34110425867152094,-0.9075074936625674,-0.5704609824563274,0.015446938946639432,0.7711414021499606,-0.2806909374134793,0.23755485973641907,0.6010374642025081,0.03999169085607133,1
KXNBAGAME-25NOV16BKNWAS,2025-11-16,BKN,WAS,BKN,0,2025-26,0.4473,-1.7452399251649762,-1.7672853714115155,0.8744095449678331,-1.8551657131164725,-2.165749397836994,-1.7259318105336132,0.17098512885463552,-1.716504310414713,-1.3564493628546712,0.027315303716935573,-1.0071378248293055,-1.2482855491482567,-0.11527825568292054,-2.271218840925869,-0.5864978657182549,2.598124349952326,-2.4293420027257735,-0.5517420442463942,0.14965350073810424,-1.0232643608594418,-0.15396924775042858,-0.3859933331457867,2.009335589263983,-1.6414376133071789,0.9635252801866724,1.9987243550369254,0.3377125638788837,-0.8883235892236965,-1.2316108632954479,0.41674375198864716,-1.1609740993477782,-1.3351533391598753,0.8519174414011551,-1.0918087494913917,-0.6878498305904571,-1.4295381425467162,0.44145335637756217,-1.571276671634248,-2.180942210639239,1
KXNBAGAME-25NOV16CHIUTA,2025-11-16,CHI,UTA,UTA,0,2025-26,0.351,0.013028555333913172,0.6471816000312274,0.6347595995072278,-0.08279227920674595,0.7488987228077207,1.3634060976794287,0.17354328681435754,0.7454616691960542,0.8825224934914437,0.6731446653883677,0.30655519370609896,-0.5041088729218727,2.086997540883589,-0.920042310549313,0.1536622794929603,1.5044553781109267,-1.0857075147321924,-1.6940317874851032,-1.2742792030830026,0.6441389584409157,1.2919908119348027,0.9051582859952959,1.9504880297913225,-1.2027894579274745,-1.0688838004658463,0.9237347694900384,0.6569052496359843,0.3672483265474459,-0.6193715134524518,0.7172015117525427,1.7291007160817544,1.847327371517775,-0.33156021359137094,-0.39130004864284085,-0.014469261633341557,-0.9189393847097217,1.0531488463009926,0.4035543609446213,1.1504586416037264,0
KXNBAGAME-25NOV16GSWNOP,2025-11-16,GSW,NOP,GSW,0,2025-26,0.825,0.013028555333913172,-1.0078965658771037,-0.8031400732564038,-0.019037839138050756,-1.393833457209627,-0.24248982516291134,1.291458315211764,-0.5827041882255442,-0.5168349167248787,0.8492799458442133,0.8904187574996111,0.05402363424791592,-0.11527825568292054,-1.3704344873414982,-1.7941275763260285,0.8611206887924561,-1.8462553381247855,-1.6671543817618375,-0.2628207081773285,-0.26840890468005535,-1.117942620873916,-1.4754025117960752,0.3027563645568572,0.040046982315021705,-2.085088340792106,-0.1512548160568486,0.9760979353930849,0.5862434281354356,-1.1969558057571654,1.3090122506814283,0.17948823280868184,0.00496939760204074,1.1202213818187199,0.3769998168039561,0.658911307323774,0.4001074063691792,0.5943772288584196,1.522625279405981,0.03999169085607133,1
KXNBAGAME-25NOV16LACBOS,2025-11-16,LAC,BOS,BOS,0,2025-26,0.7578,-0.8661056849155315,-1.0857825972139674,0.13948304555530888,-0.8223437840036103,0.043527259820644204,-0.4209227054787267,0.6723840889596528,-1.003829947895806,-1.3164677225627772,1.318974027059801,0.5984869756028544,0.4261119723611075,-0.11527825568292054,0.4311342198272434,-0.13850619887988802,-1.3583839893562673,0.9804474054843524,-0.7846795605146839,-0.49237157226939693,-0.009896762152864143,0.6814743422899276,-0.22459938075315045,-2.1688411332948414,-0.03306104358159546,0.1320852017379145,1.9987243550369254,-0.9390581791495188,-0.7131275079533043,1.078726305923405,-1.2949550006056678,0.581943826623982,0.037291467319861216,0.4917285898816898,-1.1821969689557206,-0.7720224017100978,2.527602230689987,0.4414533563775617,0.20607125768673457,-2.180942210639239,0
KXNBAGAME-25NOV16ORLHOU,2025-11-16,ORL,HOU,HOU,0,2025-26,0.6615,0.4525956754586354,0.3356374746837779,-0.3238401823351933,0.4782467933977718,0.46053931969980294,-0.2739779805127596,0.8054083028650619,0.3567301987311953,-0.23696343468161307,0.7318564255403169,-0.5692401519841711,0.7982003104742998,-0.11527825568292054,1.3319185734116146,1.9651068454046192,-0.5381322604752181,1.7029678377073159,1.4909407907216474,3.2378299692267065,0.04697590920311384,1.6775801611841985,0.05784003593396114,0.3027563645568572,1.2828834225575172,0.5016141254929182,-0.1512548160568486,-0.6198654933924184,-1.2241160783252782,0.15459143823586485,-0.885239873654901,-0.7299980303802125,-2.44404896178662,0.5468595365428327,-0.9336293654288168,-0.21087192757916684,0.31500761339634714,-1.2916838650721558,0.20607125768673457,0.03999169085607133,0
KXNBAGAME-25NOV16PORDAL,2025-11-16,POR,DAL,DAL,0,2025-26,0.4106,0.013028555333913172,0.725067631368091,0.8903862079985392,-0.23580293537161445,-0.6307901136009619,-1.1171608071031847,0.9486651486093562,0.00039301747174178806,-0.6767614778924579,1.1428387466039553,0.5984869756028544,-0.41108678839357415,-0.11527825568292054,-1.3704344873414982,-1.4240475037204194,-0.3290484864467133,-0.6674062118662661,-1.2684728635334273,-2.7520128906756898,-1.4523945174545756,0.42441477612366524,-1.152614607010804,1.1266221971740904,0.186263034108256,1.4254364348804267,-0.1512548160568486,0.9760979353930849,1.6082205688793878,0.882347646539802,0.30748638480177587,0.4425103925462408,1.1088923941183508,1.7156356057590618,-0.30091182917851367,0.32222102284521625,0.01715833799143357,0.28852948389670474,-1.3079658672903984,0.03999169085607133,0
KXNBAGAME-25NOV16SACSAS,2025-11-16,SAC,SAS,SAS,0,2025-26,0.7003,-1.3056728050402537,-0.5211088700217122,1.753126011656719,-1.7404077209928213,-0.267013635834042,0.0688930444078263,-0.19483145938524787,-1.1010128155120218,0.12287132794544067,0.144738824020833,-0.42327426103579274,-2.0854843099029385,-0.11527825568292054,0.4311342198272434,0.40687496074942825,-0.24863165028190448,0.4607397261660805,0.9578722438769209,0.37561763257873454,1.1792590934721991,0.07095787264505272,0.017491547835801726,1.3620124350647276,0.4055871117981088,0.039702970799163975,-0.1512548160568486,-1.2582508649066193,-0.6985278345141037,1.448380252998422,-1.5772031991717514,-0.8726004061415437,-0.21631246431226378,-0.9765922895267461,-0.8206440910984053,0.06970330948629815,-0.8763894882233049,-0.5780391268281544,-1.5054489705482856,0.03999169085607133,0
KXNBAGAME-25NOV17CHATOR,2025-11-17,CHA,TOR,TOR,0,2025-26,0.7519,-1.3056728050402537,-0.5795233935243587,0.8584328819371246,-1.0646106562646522,-0.8570413375779489,0.04090357298573484,1.9028580675847206,0.29194162032038706,-0.4768532764329832,1.6125328278195428,-1.44503549767444,0.2400678033045113,-0.11527825568292054,0.8815263966194288,0.5626981492149495,-0.4737987915433701,0.7396072614100313,0.9444335410152881,0.40072475833880566,0.25120050179959574,-0.7966181631660869,1.3086431669768843,-0.933042384368992,-0.39860117306468257,-0.05267926013958736,-0.1512548160568486,-1.5774435506637199,-0.8591242423452975,0.9632094474624623,-1.2949550006056678,-1.2845628250075942,-0.2536071601405203,1.190053914256168,0.7611497495273554,-1.2490003047213873,1.8468038869073287,-0.7309629993090119,0.20607125768673457,0.03999169085607133,0
KXNBAGAME-25NOV17CHIDEN,2025-11-17,CHI,DEN,CHI,0,2025-26,0.1461,-0.42653856479080904,1.3676273898972073,1.4655460771039932,-0.2740555994128316,0.677917946658083,1.3983929369570396,0.6314535616041402,1.1989817180717213,1.3623021769941839,0.49700938493252317,-0.1313424791390367,0.2400678033045113,-1.2164161539661753,1.7823107502038,1.4392035843334945,-1.0849667463959167,1.7916984171031183,1.437185979275121,0.4473522776075058,1.1508227577942087,1.3883881492471528,0.9455067740934554,-0.521109468060376,-0.6179252507545353,-0.6993548767108434,-0.1512548160568486,-1.57744355066372,-0.05614220318933509,1.841137571765628,-1.4861553931826923,-0.5366925876815285,0.6787602355658251,-0.36280108336602324,-0.1427324451159371,0.29416349913867035,0.7405065782605088,0.3395041080569904,0.6668651652884708,-1.0704752598915837,1
KXNBAGAME-25NOV17DALMIN,2025-11-17,DAL,MIN,MIN,0,2025-26,0.8881,-0.8661056849155315,-0.5989949013585759,0.13948304555530888,-0.5035715836601343,-0.7150797852786637,-2.2647291354088197,-1.548097020076848,0.8102502476068625,-0.6367798376005623,1.4951093075156465,0.30655519370609896,1.9144653248138763,-1.2164161539661753,0.4311342198272434,1.4002477872171142,-0.00738114178747798,0.9170684202016363,1.6970009012666665,1.3081680179527588,0.7708099082792411,-0.6680883800829557,0.5016734050137075,0.3027563645568572,-0.03306104358159546,0.6863785873704192,-0.1512548160568486,-0.9390581791495188,-1.5015098736700683,0.10838469485148547,-1.02181158263849,-1.715538893975153,-2.5211246664983427,-1.658378329902879,1.0323144079203417,-0.8000799254166427,0.8681562677197576,0.23755485973641907,0.8643482685463583,-1.0704752598915837,0
KXNBAGAME-25NOV17INDDET,2025-11-17,IND,DET,DET,0,2025-26,0.7655,-1.7452399251649762,-1.78675687924573,0.9702695231520743,-1.944421929212646,-3.390167786418337,-2.5096370103520984,-0.12831935243253767,0.7454616691960542,-1.3964310031465668,-0.5010905376506002,-1.299069606726062,-0.2250426193369788,-0.11527825568292054,1.7823107502038,0.6990434391222765,-0.5702989949411398,0.9043926231450932,0.5726294285101386,0.16041369749242074,-1.5506291316149048,1.0670636915393235,0.09818852403211913,0.42045148350217687,2.08707170742031,0.5016141254929182,0.9237347694900384,-2.535021607935022,-1.866501709650049,1.1133813634616874,-2.0415470097159543,-2.831006366597082,-1.8995464026941162,1.011797186718472,-0.23312066458026587,-1.0525976387755618,-0.6636400057912256,-2.362150972438159,-0.5180334542588512,-1.0704752598915837,0
KXNBAGAME-25NOV17LACPHI,2025-11-17,LAC,PHI,PHI,0,2025-26,0.6338,-1.3056728050402537,-1.0078965658771037,0.363156327985208,-0.9498526641410007,-0.31581291943692114,-0.37543981441783364,0.6723840889596528,-1.0686185263066166,-1.4364126434384608,0.7318564255403169,0.08760635728353114,0.3330898878328098,-1.2164161539661753,-0.01925795696494194,0.660087642005899,0.12128579607621569,0.3339817556006483,-0.2336927431877712,0.5693011741564173,0.7268628440496211,0.3280174388113151,-0.42634182124394465,0.06736612666621902,-0.9103573543410046,2.0721120514516818,0.9237347694900384,-0.9390581791495188,-1.2533154252036793,0.1776948099280521,-0.9216589960505246,-0.06452027682736387,-0.6663351273065269,-0.03201540339916618,-0.9788234751609803,-0.715907354297004,0.485207199342012,0.6963264771789913,-1.2421381662044357,-2.180942210639239,0
KXNBAGAME-25NOV17MILCLE,2025-11-17,MIL,CLE,CLE,0,2025-26,0.698,0.013028555333913172,0.2382799355126996,0.6507362625379339,-0.3633118155090048,1.0993663050465865,2.1855968207032834,-2.463917569656413,-1.5221385751822836,0.0029264070697556147,-0.03139645643501261,-0.6422230974583599,-0.41108678839357415,-0.11527825568292054,0.4311342198272434,1.2639024973097843,0.5072866096672967,0.42271233499645083,-1.1161675644349298,-0.6609479880870086,-0.08228016206047745,0.45654722189444635,0.7841128217008205,-0.5799570275330352,0.6249111894879615,1.702583127696679,-0.1512548160568486,-0.3006728076353175,-0.7715262017101003,0.1083846948514871,-0.5665725526931934,1.5706536319025035,2.0064514070516566,-1.709833880119944,-1.3855704627504606,-0.5475622120577256,0.4001074063691792,-0.8838868717898697,-1.5054489705482854,0.03999169085607133,0
KXNBAGAME-25NOV17NYKMIA,2025-11-17,NYK,MIA,MIA,0,2025-26,0.4988,0.4525956754586354,1.6402284995762249,0.31522633889308743,0.822520769768726,-0.09399799396928885,0.9295692906370528,1.2095972605007417,0.7130673799906488,0.8025592129076541,-0.9707846188661867,0.23357224823190884,-1.0622413800916604,0.9858596426003342,-0.01925795696494194,1.789805758380912,1.407955174713157,0.055114220356697434,0.890678729568759,0.8562397542715023,0.5795109228091229,-0.4431612596874744,1.7524765360566321,-0.34456678964239706,0.2593710600048745,-0.5145904148333416,0.9237347694900384,0.3377125638788836,-0.11454089694613317,-0.7810951152977723,0.54421068037333,-0.7014775552279523,0.06215459787202901,0.45865002188500575,0.806343859259519,-0.6597923068839112,-0.45089052335914404,-0.017318261065010977,-0.3863780520869259,0.03999169085607133,0
KXNBAGAME-25NOV17OKCNOP,2025-11-17,OKC,NOP,OKC,0,2025-26,0.9439,1.7712970358328026,1.1923838193892653,-1.9694364744980157,2.352627331417411,0.7843891108825457,0.6041916853552723,1.9923935961748978,0.6482788015798383,0.08288968765354518,-1.381766939929826,2.2041117760350155,0.9842444795308961,-0.11527825568292054,-1.3704344873414982,-1.4824811993949885,0.89328742325838,-1.6687941793331804,-1.1072084291938429,-0.16956566963992628,-0.6148151756664865,-0.7966181631660869,-1.2736600713052808,0.7146892808654743,0.3324790859014916,-1.7155594170371025,-1.2262444016037357,2.2528686784214873,2.0024117517377675,-2.063332244214236,2.8750345136932483,1.3393208890007984,0.5420130175288946,1.870002256410261,1.0097173530542591,0.9394865443892391,-1.514637935519549,1.3080219671024214,1.9175914859217549,1.1504586416037264,1
KXNBAGAME-25NOV18BOSBKN,2025-11-18,BOS,BKN,BOS,0,2025-26,0.8486,0.4525956754586354,-0.19009323684004545,-0.9469300405327679,0.6312574495626404,-0.9590762032930643,-0.280975348368283,-0.07715619323815394,0.5510959339636248,-0.19698179438971902,-2.497290382816845,0.08760635728353114,0.05402363424791592,-0.11527825568292054,-1.3704344873414982,-1.3071801123712812,0.7324537509287623,-1.4279540352588591,-1.5372469207660648,-1.3818811706261593,-0.25806841897896604,-1.4071346328109617,-0.9508721665200098,0.18506124561153864,-1.4221135356173267,-0.5145904148333416,-0.1512548160568486,1.2952906211501853,0.8344378766018243,-1.2085074916032608,1.4728983014617352,0.39814520897604844,0.7533496272223327,0.12970204014018455,1.3712702309115756,0.5186236887910416,-1.94013690038371,1.0531488463009921,0.40355436094462194,0.03999169085607133,1
KXNBAGAME-25NOV18DETATL,2025-11-18,DET,ATL,DET,0,2025-26,0.5477,2.210864155957525,1.2897413585603434,-0.6753267690107482,1.3835598423732436,1.2856908424393987,-0.1235345716190338,-1.3434443832992904,0.9398274044284836,0.44272445028060037,-0.0901082165869608,1.912179994138259,0.8912223950025976,-1.2164161539661753,1.3319185734116146,0.7574771347968484,-0.7793827689696445,1.1072053760497846,1.3341559240026113,0.4760461356190151,0.685500901245267,-0.18610169352121197,2.075264440841903,0.7735368403381336,2.0139636815236917,0.8711430492479211,-0.1512548160568486,0.6569052496359842,0.39644767342584286,0.07372963731320462,0.18912423701599876,-0.029661918307929032,-0.4226764478952685,-1.450718430812573,0.783746804393438,-1.1367702098952017,-0.6210901093048088,-0.06829288522529572,0.008588154428847751,-1.0704752598915837,1
KXNBAGAME-25NOV18GSWORL,2025-11-18,GSW,ORL,ORL,0,2025-26,0.4313,0.013028555333913172,-0.5016373621874977,-0.3717701714273139,-0.03178872715178979,-1.376088263172213,-0.06405694484709405,1.4807620042310066,-0.42073274219852,-0.11701851380592944,1.318974027059801,1.109367593922179,0.1470457187762136,-0.11527825568292054,0.4311342198272434,0.1536622794929603,-0.5863823621741029,0.5621461026184261,-0.10378528219200092,-0.21977992116006656,0.9233320723702854,0.16735520995740055,-0.4666903093421041,0.42045148350217687,-0.10616906947821261,0.9635252801866724,-0.1512548160568486,-0.3006728076353175,-0.4941324063653146,0.15459143823586485,-0.4300008437096045,-0.9137966480281443,0.10193560675550217,0.4090321698899766,-0.41389710350892345,0.23804845172557657,0.655406785287676,0.8492503496598487,-0.5838611553448133,0.03999169085607133,0
KXNBAGAME-25NOV18MEMSAS,2025-11-18,MEM,SAS,SAS,0,2025-26,0.6744,-1.3056728050402537,-1.533627277400927,0.28327301283167294,-1.2303722004432596,-2.2234212784585776,-0.907239771437517,0.7823848812275921,0.16236446349876593,0.20283460852923024,0.3795858646286257,-0.2773083700874144,-1.1552634646199587,0.9858596426003342,0.4311342198272434,0.5042644535403777,-0.20038154858301963,0.4860913202791669,1.1370549486986743,0.10302598146940413,1.3214407718621541,0.1030903184158361,0.7437643336026611,1.3620124350647276,0.4055871117981088,-0.14506149107833788,-0.1512548160568486,-1.2582508649066193,-1.5307092205484651,0.3509700976194662,-1.2312215364133263,-2.3968613559459317,-0.7210340145212972,-0.37566497092028844,0.03804399381272042,-0.3792170698184462,-0.7061899022776409,-0.4760898785075827,-0.7155165575167377,1.1504586416037264,0
KXNBAGAME-25NOV18PHXPOR,2025-11-18,PHX,POR,PHX,0,2025-26,0.4812,0.8921627955833576,0.7640106470365202,-1.1546266599319586,1.4218125064144607,0.9396595587098876,1.5978179208394192,1.621460692015576,-0.12918413934987705,0.24281624882112574,0.7318564255403169,1.2553334848705566,-0.5971309574501704,-0.11527825568292054,-0.01925795696494194,1.2639024973097843,1.3275383385483481,-0.22375331488725336,-0.4531915565944281,-0.9909273552193576,0.9879601080020781,0.3280174388113151,-0.5877357736365809,0.8912319592834532,0.2593710600048745,-0.14506149107833788,-0.1512548160568486,0.6569052496359842,-0.37733501885172044,-1.7860917839079744,1.1724405416978392,0.9875683621228616,1.8174916148551712,0.46416311655112147,-0.32350888404459466,0.5747387362041353,-0.1104913514678152,0.6963264771789909,-0.3205503510009638,0.03999169085607133,1
KXNBAGAME-25NOV18UTALAL,2025-11-18,UTA,LAL,LAL,0,2025-26,0.8218,-0.8661056849155315,0.35510898251799244,1.6572660334724756,-1.09011243229213,-1.5446676065276166,-1.148648962453033,0.3654051337933164,0.9722216936338866,0.9624857740752347,1.377685787211748,-0.7881889884067382,-0.8761972110350646,-0.11527825568292054,1.3319185734116146,0.017316989585630525,-0.3772985881456004,0.30863016148756184,1.1818506249041163,-0.2915145661888378,0.3132434160061198,-0.9251479462492181,-0.22459938075315045,1.0089270782287718,1.2828834225575172,-1.1612660314045973,0.9237347694900384,-1.57744355066372,0.2504509390338518,1.471483624690611,-1.003602021440678,-1.9437026951932772,-0.6190951792574039,0.041492525482357615,1.3260761211794105,0.8272564495630534,0.27245771690992965,-1.4446077375530133,0.20607125768673457,-1.0704752598915837,0
KXNBAGAME-25NOV19CHAIND,2025-11-19,CHA,IND,IND,0,2025-26,0.4642,-1.3056728050402537,-0.7547669640323007,0.31522633889308743,-0.745838455921176,-0.9413310092556506,-0.4838990161784271,1.8363459606320105,0.5187016447582194,-0.7567247584762474,1.4951093075156465,-1.299069606726062,0.7982003104742998,-0.11527825568292054,-1.8208266641336839,-1.6188264893023183,1.343621705781309,-2.112447076312193,-3.1006160203359037,-2.5224620265836233,0.08058248773165033,0.42441477612366524,-1.4350540236979157,-0.10917655175175883,-1.3490055097207094,-0.42220818389459025,-0.1512548160568486,0.3377125638788837,0.6446421218922316,-0.7348883719133945,0.9812401491208148,1.5167816232815607,1.399791021578731,1.2635618431376898,0.06064104867880302,0.4625086413779487,1.1660055431246705,0.03365636309527558,0.8643482685463577,0.03999169085607133,0
KXNBAGAME-25NOV19CHIPOR,2025-11-19,CHI,POR,CHI,0,2025-26,0.6034,-0.42653856479080904,1.4065704055656392,1.5294527292268199,-0.29955737544030964,0.45166672268109115,1.349411361968384,0.7005238265165695,1.263770296482532,1.282338896410393,-0.03139645643501261,-0.1313424791390367,0.2400678033045113,-0.11527825568292054,-0.46965013375712733,1.0301677146115051,1.6331223159746204,-0.6167030236400932,-0.5562216118669401,-1.285039399837319,0.6441389584409157,0.1352227641866172,-0.5877357736365809,0.9500795187561115,-0.10616906947821261,-0.42220818389459025,-1.2262444016037357,0.018519878121783073,0.27965028591225083,-0.06489059283992699,0.22554335941162248,0.7118704356509656,1.8448410584625583,0.04700562014847741,0.783746804393438,1.3042343525743436,-0.7061899022776409,-0.017318261065010977,0.4693820620305834,1.1504586416037264,1
KXNBAGAME-25NOV19DENNOP,2025-11-19,DEN,NOP,DEN,0,2025-26,0.79,1.3317299157080804,1.4065704055656392,-0.8670467253792328,1.6130758266205463,1.188092275233643,0.0024180497803651525,1.0586659408772898,1.6525017669473885,0.8025592129076541,-0.8533610985622904,-0.49625720650998156,-0.5971309574501704,-0.11527825568292054,-1.3704344873414982,-1.073445329673002,0.957620892190228,-1.4533056293719457,-0.6054968556929257,0.6302756224308741,0.11160394483491236,-0.8287506089368702,-1.1122661189126462,1.1854697566467507,0.3324790859014916,-1.6231771860983515,-0.1512548160568486,1.9336759926643872,1.8564150173457765,-1.3124726642181097,2.1921759687753033,1.2727731136455185,-0.44008063928178776,0.6828492049736509,1.7328231087688923,1.3322918762808904,-1.4720880390331328,-0.5780391268281544,0.7326928663744332,0.03999169085607133,1
KXNBAGAME-25NOV19GSWMIA,2025-11-19,GSW,MIA,MIA,0,2025-26,0.7885,0.013028555333913172,-0.44322283868484846,-0.3557935083966078,-0.006286951124311717,-1.0389295764614113,0.0024180497803651525,1.0305262033203786,-0.6798870558417577,0.0029264070697556147,1.084126986452006,1.3283164303447454,-0.13202053480868028,-1.2164161539661753,-0.01925795696494194,1.224946700193404,1.343621705781309,-0.26178070605688303,0.4606402379965422,0.6984235352082052,0.41664827301699225,-0.34676392237512654,1.550734095565838,-0.16802411122441813,0.040046982315021705,-0.23744372201708921,-0.1512548160568486,0.018519878121783073,-1.2533154252036773,-1.2200591774493543,0.18001945641709283,-1.0722437322074005,-0.48732058733090805,0.44578613433074055,-0.2331206645802643,-1.0806551624821088,0.9107061642061721,0.9002249738201343,0.0744158555148104,-1.0704752598915837,0
KXNBAGAME-25NOV19HOUCLE,2025-11-19,HOU,CLE,HOU,0,2025-26,0.5526,1.7712970358328026,2.0491301640947555,-0.6114201168879192,1.8298409228541102,1.609540633622149,2.9203204455331133,0.30145118480033106,2.2032046834392713,0.20283460852923024,0.3795858646286257,0.5984869756028544,0.7051782259460014,0.9858596426003342,0.8815263966194288,1.5171151785662524,0.20170263224102453,0.8283378408058337,-0.4218345832506214,-0.295101298440276,-0.17534453337026637,0.5529445592067964,0.7841128217008205,-0.34456678964239706,0.6980192153845788,1.7949653586354295,-0.1512548160568486,0.6569052496359845,0.3964476734258449,-0.5847164559141693,0.7080967311536368,1.443895964559108,2.2749732170150843,0.3428750338966064,1.145299682250753,-0.4072745935249931,0.5277570958284272,-0.06829288522529663,-0.7813442586027001,1.1504586416037264,1
KXNBAGAME-25NOV19NYKDAL,2025-11-19,NYK,DAL,NYK,0,2025-26,0.7618,0.4525956754586354,1.7570575465815204,0.31522633889308743,0.8990260978511602,0.2121066031760476,0.8316061406597434,1.1788993649841086,0.58349022316903,0.8025592129076541,-0.9120728587142385,0.08760635728353114,-0.6901530419784689,-0.11527825568292054,-1.3704344873414982,-0.7812768513001538,0.4268697735024879,-0.8448673706578711,-0.9549031300953503,-1.944998134102015,-2.0986748737725462,0.6493418965191443,-0.9508721665200098,1.5385551134827065,0.47869513769472594,1.6102008967579278,-0.1512548160568486,1.2952906211501853,1.900214037663374,-0.0764422786860206,1.2452787864890866,0.8227833945764413,1.9343483284503684,2.3404530012520137,-0.05234422565160675,1.220061781454704,-1.769937314438045,-0.2721913818664392,-1.6371043727202101,0.03999169085607133,1
KXNBAGAME-25NOV19SACOKC,2025-11-19,SAC,OKC,OKC,0,2025-26,0.9446,-1.3056728050402537,-0.34586529951377015,2.008752620148033,-1.8296639370889947,-0.0585076058944663,0.13536803903528552,-0.6501835762153113,-1.3925614183606647,0.2827978891130198,-0.14881997673890898,-0.49625720650998156,-2.0854843099029385,0.9858596426003342,1.7823107502038,1.595026772799013,-1.8087182718791963,2.463515661099909,0.9757905143590948,0.978188650820412,1.7867626284110874,0.42441477612366524,0.25958247642475535,-1.2272801817322896,2.2332877592135443,0.5939963564316687,-0.1512548160568486,-2.215828922177921,-1.4577108533524685,2.7537207536070762,-3.07949199799123,-0.7363359137473872,-0.5867731095395847,-1.7355616552284745,-1.272585188420051,0.013588262073204344,0.7830564747469249,-1.9033793549955857,-1.9004151770640592,1.1504586416037264,0
KXNBAGAME-25NOV19TORPHI,2025-11-19,TOR,PHI,TOR,0,2025-26,0.571,1.3317299157080804,0.6666531078654419,-0.7232567581028687,1.0137840899748116,1.0594396184624142,0.43275617289498036,0.29889302684061186,-0.0320012717336612,1.122412335242814,-0.7946493384103421,-0.42327426103579274,0.2400678033045113,-0.11527825568292054,-0.01925795696494194,0.1536622794929603,-0.13604807965117394,0.20722378503521607,-0.37255933942463587,0.24290853927550848,0.4347441229938992,0.5208121134360131,-0.3859933331457867,0.18506124561153864,-0.7641413025477697,1.6102008967579278,-0.1512548160568486,0.9760979353930851,0.38184799998664437,-0.4229928540688488,0.5715250221700479,1.0160888372751289,0.13425767647332126,-0.0926594447264227,-0.39130004864284085,1.0517166392154256,-0.7061899022776417,0.23755485973641863,-0.9788273618605868,0.03999169085607133,1
KXNBAGAME-25NOV19WASMIN,2025-11-19,WAS,MIN,MIN,0,2025-26,0.9247,-2.1848070452896984,-0.7547669640323007,2.3762158698542915,-2.390703009693512,-0.6130449195635531,0.3068035514955795,-0.8139056856373591,-0.35594416378770943,-0.5568165570167728,1.8473798684273355,-1.44503549767444,0.8912223950025976,0.9858596426003342,0.8815263966194288,1.5171151785662524,-0.5059655260092941,1.3860729112937356,1.6208482517174176,1.3261016792099518,0.49161679434987715,0.16735520995740055,0.8244613097989786,0.42045148350217687,0.5518031635913431,0.31684966361541633,-0.1512548160568486,-2.215828922177921,-1.7059053018188572,2.083722974533607,-2.706195993436087,-1.5887812266317523,-0.7061161361899959,-0.9324875321978306,-0.36870299377675825,-0.9684250676559222,1.038355853665421,-1.393633113392727,0.4035543609446213,1.1504586416037264,0
KXNBAGAME-25NOV20ATLSAS,2025-11-20,ATL,SAS,SAS,0,2025-26,0.5003,0.8921627955833576,0.6277100921970128,-0.6913034320414543,0.9627805379198554,1.3477990215703395,0.2333311890125969,1.0586659408772898,-0.4531270314039253,1.9620267813726078,1.4363975473636972,1.912179994138259,0.6121561414177037,-0.11527825568292054,0.4311342198272434,0.3094854679584788,-0.23254828304894362,0.38468494382682117,0.6935777542648269,-0.2556472436744522,1.355047350390685,-0.08970435620886184,0.5016734050137075,0.655841721392814,0.3324790859014916,-0.14506149107833788,-0.1512548160568486,0.3377125638788836,0.2358512655946533,-0.3305793673000949,0.4076389713897411,0.46786192601491994,0.338135347001108,-0.20108363982667052,-0.25571771944634847,1.0236591155088797,0.570306992314844,1.104123470461278,0.5352097631165461,0.03999169085607133,0
KXNBAGAME-25NOV20LACORL,2025-11-20,LAC,ORL,ORL,0,2025-26,0.6892,-1.3056728050402537,-0.44322283868484846,0.5548762843536927,-0.7330875679074369,-0.15610617310022215,0.0653943604800656,1.0561077829175733,-1.1334071047174272,-1.1165595211033026,0.3795858646286257,0.014623411809342294,0.4261119723611075,0.9858596426003342,0.8815263966194288,0.25105177228390974,-0.9402164412992623,0.9043926231450932,0.11123396359410753,-0.7111622396071489,1.5204951216080844,0.16735520995740055,-0.22459938075315045,0.24390880508419793,0.5518031635913431,0.7787608183091705,-0.1512548160568486,-1.5774435506637199,-0.5233317532437115,1.0787263059234067,-1.1765928528198908,-0.194446885854344,0.5345540783632448,-0.32053402425914357,-0.9110323105627341,-0.6317347831773653,0.10225813096426559,-0.3741406301870105,-0.2547226499150017,1.1504586416037264,0
KXNBAGAME-25NOV20PHIMIL,2025-11-20,PHI,MIL,PHI,0,2025-26,0.5863,-0.42653856479080904,-0.40427982301641935,-0.38774683445802227,0.04471660093064444,-0.29363142689015764,0.17385356224065715,0.5137782954570462,0.09757588508795764,-0.4768532764329832,0.6144329052364195,-0.42327426103579274,1.1702886485874915,-1.2164161539661753,-0.46965013375712733,-0.002160908972558256,0.8289539543265321,-0.6547304148097228,0.8593217562249523,2.498963125430361,-2.4063043233799006,-1.535664415894093,0.05784003593396114,-0.10917655175175883,-0.5448172248579175,-0.5145904148333416,0.9237347694900384,0.018519878121783073,-0.3043366516557239,-0.8735086020665261,0.4986867773788003,-0.821897339204182,-1.6136204013441708,2.081337551944643,1.145299682250753,-0.3792170698184462,0.5277570958284272,0.08463098725556123,1.1934867739761692,-2.180942210639239,1
KXNBAGAME-25NOV20SACMEM,2025-11-20,SAC,MEM,MEM,0,2025-26,0.5799,-1.3056728050402537,-0.6184664091927905,1.8010560007488396,-1.8424148251027337,-0.4222840836613863,0.2613206604346845,-0.949488057502493,-0.9390413694849977,0.0029264070697556147,0.3208741044766775,-0.35029131556160326,-2.271528478959535,-1.2164161539661753,-1.8208266641336839,-1.7551717792096482,0.2982028356387942,-1.3772508470326865,-2.5361905001473657,-1.1953710935513548,0.018539573525123414,0.713606788060711,0.17888550022843794,0.18506124561153864,-0.7641413025477697,-1.0688838004658463,-0.1512548160568486,0.3377125638788837,0.8490375500410229,1.0902779917695002,-0.3298482571216392,1.488261148129295,1.0094398719096742,-0.6935867633328804,-1.1595999140896396,-0.12669935645952815,0.10225813096426559,0.28852948389670474,-0.8471719596886624,-1.0704752598915837,0
KXNBAGAME-25NOV21BKNBOS,2025-11-21,BKN,BOS,BKN,0,2025-26,0.1301,-1.3056728050402537,-1.533627277400927,0.29924967586237905,-1.2431230884569988,-1.8729536962197164,-1.4180476248906382,-0.1385519842714201,-1.3277728399498543,-0.836688039060037,0.20345058417278117,-0.7152060429325487,-0.31806470386527647,0.9858596426003342,0.4311342198272434,-0.391718880136356,-1.004549910231108,0.5367945085053397,-0.721965613827063,0.05998519445214216,-0.26582378325478084,0.3922823303528819,-0.34564484504762727,-1.9334508954042031,-0.3254931471680654,0.22446743267666502,0.9237347694900384,-1.2582508649066193,-0.8591242423452975,0.9401060757702734,-1.2767454394078561,-0.8314041642549377,-1.0541999639203659,0.09111037747738475,-1.2047940238218031,-0.3511595461118993,1.5489546115024153,-0.2721913818664392,-0.3863780520869259,0.03999169085607133,1
KXNBAGAME-25NOV21DENHOU,2025-11-21,DEN,HOU,DEN,0,2025-26,0.4785,1.3317299157080804,1.4649849290682855,-0.38774683445802227,1.2688018502495924,1.2812545439300465,0.07938909619110841,0.9512233065690725,1.166587428866316,0.6026510114481795,-0.5010905376506002,-0.35029131556160326,-0.8761972110350646,-0.11527825568292054,1.7823107502038,1.6339825699153934,-0.6507158311059487,1.5762098671418838,1.1056979753548675,2.5922181639677633,0.19691295186888363,2.545156196995336,-0.18425089265499248,0.5381466024474955,0.47869513769472594,0.6863785873704192,-0.1512548160568486,-0.3006728076353175,-0.12914057038533167,0.1892464957741457,-0.22969567053367398,0.12878516587132366,-1.7453949932706665,0.5450218383207948,-0.9788234751609803,0.5466812124975885,-0.7487397987640576,-0.578039126828154,-1.1104827640325112,0.03999169085607133,1
KXNBAGAME-25NOV21INDCLE,2025-11-21,IND,CLE,CLE,0,2025-26,0.8788,-1.3056728050402537,-1.280497675556124,1.1300361534591443,-1.7404077209928213,-2.2589116665334026,-2.0023278408267418,0.2758696052031335,0.2595473311149818,-1.076577880811407,0.144738824020833,-1.372052552200251,0.05402363424791592,-0.11527825568292054,0.8815263966194288,1.5755488742408215,0.23386936670694852,0.841013637862377,-0.22473360794668926,-0.2807543694345233,-0.24514281185260808,0.45654722189444635,0.6227188693081843,-0.4622619085877156,0.2593710600048745,1.3330542039416753,-0.1512548160568486,-1.5774435506637199,-2.1438955049948367,0.6513139296179166,-1.8503466171389293,-1.4588546176047685,-1.2332145038959834,0.3741159036712526,-0.1427324451159355,-1.1928852573082944,0.44265730285559524,-1.1387599925912988,-0.9129996607746241,0.03999169085607133,0
KXNBAGAME-25NOV21MIACHI,2025-11-21,MIA,CHI,MIA,0,2025-26,0.4478,0.4525956754586354,1.3676273898972073,1.1140594904284382,0.0064639368894273234,0.31857776740051275,0.551711426438856,0.4447080305446197,0.03278730667714708,1.5622103784536585,-0.14881997673890898,0.37953813918028784,-0.13202053480868028,-0.11527825568292054,-0.46965013375712733,1.3612919901007339,1.7135391521394292,-0.46459345896157456,0.2097844512460761,1.397836324238723,0.33650950883356706,0.9706663542269734,1.389340143173203,-0.050328992279099545,0.11315500821163886,0.8711430492479211,-0.1512548160568486,0.6569052496359842,0.0022564905674630066,-0.4229928540688488,0.33480072659849364,0.07491315725037904,-0.5818004834291501,0.0819218863671953,-0.6624647070358287,0.12581835689939094,-0.06794145498139846,0.18658023557613343,-0.7155165575167374,0.03999169085607133,1
KXNBAGAME-25NOV21MINPHX,2025-11-21,MIN,PHX,PHX,0,2025-26,0.3604,1.3317299157080804,1.5818139760735783,-0.6593501059800421,1.5620722745655902,1.3522353200796866,0.6951574674770604,0.25540434152538005,0.7130673799906488,0.7225959323238645,-0.03139645643501261,0.8174358120254223,0.2400678033045113,-0.11527825568292054,1.3319185734116146,1.0691235117278854,-1.1814669497936887,1.6269130553680566,0.9802700819796357,1.5054382917818818,1.5696124286882562,0.038825426874269355,0.21923398832659594,0.5381466024474955,1.79463960383384,-0.6069726457720921,0.9237347694900384,0.018519878121783073,0.38184799998664437,0.374073469311655,-0.05670483915446144,0.26821859994906305,-0.5544510398217657,-0.9306498339757948,0.4673880362682849,0.35027854655176316,-0.4083406268727281,-0.6799883751487262,0.6010374642025081,-1.0704752598915837,0
KXNBAGAME-25NOV21NOPDAL,2025-11-21,NOP,DAL,DAL,0,2025-26,0.5512,-1.3056728050402537,-1.2220831520534747,0.8903862079985392,-1.5108917367455186,-0.7638790688815428,-0.4104266536954426,-0.26390172429767156,-0.7770699234579735,-1.2365044419789861,1.0254152263000589,0.6714699210770445,-1.5273518027331505,-0.11527825568292054,-1.3704344873414982,-0.761798952741965,0.28211946840583335,-0.718109400092439,-1.0131375091624202,-1.9163042760905058,-2.114185602324176,0.8742690169146256,-0.9508721665200098,1.7150977919006853,0.6980192153845788,1.7949653586354295,-0.1512548160568486,0.018519878121783073,-0.34813567197331935,0.44338358438822,-0.5665725526931935,0.1668124660743432,1.031816689406628,1.3150173933547569,-1.1595999140896396,-0.21087192757916684,-0.49344041984556003,-0.01731826106501007,-2.3612090846657954,0.03999169085607133,0
KXNBAGAME-25NOV21OKCUTA,2025-11-21,OKC,UTA,OKC,0,2025-26,0.9099,1.7712970358328026,1.2897413585603434,-1.985413137528724,2.429132659499845,1.0239492303875892,0.6846614156937783,2.02564964965125,0.3891244879366006,-0.03705523322213846,-0.6185140579544965,1.766214103189881,0.7982003104742998,-0.11527825568292054,-0.920042310549313,0.23157387372572094,1.7778726210712772,-1.2504928764672543,-1.3894211892881108,-1.220478219311424,0.6234579870387429,0.5208121134360131,1.1069007264860902,1.1266221971740904,-0.6179252507545353,-1.346030493282099,0.9237347694900384,1.9336759926643872,0.7906388562842248,-2.7102266515955162,2.629205437522788,1.710087065980243,1.3276879429774402,1.01363488494051,-0.09753833538377193,-0.8000799254166427,-1.2593385566010513,1.6648443362244227,1.522625279405981,-1.0704752598915837,1
KXNBAGAME-25NOV21PORGSW,2025-11-21,POR,GSW,POR,0,2025-26,0.2723,-0.8661056849155315,0.7055961235338738,1.385662761950458,-0.6438313518112636,-0.870350233106008,-1.634966028411825,0.1581943390560396,0.9722216936338866,-0.8766696793519324,0.8492799458442133,-0.35029131556160326,-0.41108678839357415,-0.11527825568292054,-0.01925795696494194,-0.6644094599510155,-0.3772985881456004,-0.13502273549145083,-1.367023351185396,0.020531139686316376,0.7242777226243466,-0.12183680197964522,-0.022856940262356254,1.4797075540100482,1.50220750024737,-0.05267926013958736,-0.1512548160568486,-0.6198654933924183,1.024233631311415,1.2751049653070097,-0.36626737951726296,0.34110425867152094,-1.181001929736427,-0.3995550478067831,0.7611497495273538,-0.6036772594708184,-0.4508905233591448,-1.2916838650721558,-0.2547226499150011,0.03999169085607133,1
KXNBAGAME-25NOV21WASTOR,2025-11-21,WAS,TOR,TOR,0,2025-26,0.894,-2.1848070452896984,-1.241554659887692,2.0726592722708572,-2.467208337775946,-0.5598093374513193,0.4572469603893053,-0.7218119990874571,-0.5827041882255442,-0.8766696793519324,1.9060916285792848,-1.7369672795711966,0.9842444795308961,-0.11527825568292054,1.7823107502038,0.6990434391222765,-1.1171334808618407,1.3353697230675625,1.2221667334890098,-0.033269844085262075,0.5278084943036881,0.2316201014989673,1.3086431669768843,-0.521109468060376,-0.03306104358159546,0.22446743267666502,-0.1512548160568486,-2.8542142936921224,-1.4577108533524685,2.303205005609397,-2.7244055546338988,-1.2687181165896675,0.34310797311154123,-0.892058171312995,-0.5720764875715,-1.5295755417868522,1.7617040939344968,-1.1897346167515845,0.5352097631165467,0.03999169085607133,0
KXNBAGAME-25NOV22ATLNOP,2025-11-22,ATL,NOP,ATL,0,2025-26,0.8099,0.4525956754586354,0.588767076528581,-0.2599335302123666,0.5930047855214232,1.4365249917573932,0.961057445986903,0.5854067183291891,-0.971435658690403,1.9620267813726078,1.7886681082753884,1.6932311577156909,0.7051782259460014,-0.11527825568292054,-1.3704344873414982,-1.015011633998433,0.6359535475309926,-1.1617622970714516,-0.6458129642778168,-0.8797386554247606,0.09609321628327991,-0.6680883800829557,-1.2736600713052808,0.7735368403381336,1.2828834225575172,-1.43841272422085,-1.2262444016037357,1.2952906211501853,1.1994297125818072,-0.6424748851446423,1.2543835670879926,1.4787543230785412,1.2879069340939684,0.3539012232288338,-0.2105236097141833,2.2581901585969253,0.7405065782605088,0.28852948389670474,1.5226252794059807,1.1504586416037264,1
KXNBAGAME-25NOV22DETMIL,2025-11-22,DET,MIL,DET,0,2025-26,0.7798,2.210864155957525,0.9976687410471087,-0.7392334211335772,1.243300074222114,1.494196872378972,-0.4139253376232033,-1.4687941233255417,0.7130673799906488,0.4027428099887049,-0.03139645643501261,1.9851629396124477,0.5191340568894061,2.086997540883589,-0.46965013375712733,-0.3722409815781672,0.6359535475309926,-0.7434609942055255,0.3710488855856605,2.212024545315276,-2.085749266646188,-1.3750021870401785,0.05784003593396114,0.06736612666621902,-0.39860117306468257,-0.5145904148333416,-0.1512548160568486,1.933675992664387,1.024233631311415,-0.9890254605274705,1.4182696178682994,0.8006008027913434,-1.8324159502032573,0.4292468503323975,1.4616584503759045,0.23804845172557657,-0.06794145498139846,1.6648443362244219,0.7326928663744335,2.260925592351381,1
KXNBAGAME-25NOV22LACCHA,2025-11-22,LAC,CHA,LAC,0,2025-26,0.46,-1.7452399251649762,-0.93001053454024,0.6347595995072278,-1.1156142083196083,-0.6574079046570777,0.07938909619110841,0.7593614595901166,-0.9390413694849977,-1.4364126434384608,0.9079917059961625,-0.35029131556160326,0.4261119723611075,-0.11527825568292054,-1.3704344873414982,-0.5085862714854942,0.4268697735024879,-0.6674062118662661,-1.3983803245292026,-0.7290959008643417,1.9987425852833842,0.713606788060711,-0.5877357736365809,1.0089270782287718,-1.2027894579274745,0.40923189455416686,0.9237347694900384,-0.30067280763531756,-0.31893632509492237,0.15459143823586485,-0.3207434765227334,0.5153960512686969,0.5569308958601958,-0.8736811890926099,-1.1595999140896396,-0.6036772594708174,-0.06794145498139846,0.59437722885842,0.008588154428847751,-1.0704752598915837,1
KXNBAGAME-25NOV22MEMDAL,2025-11-22,MEM,DAL,MEM,0,2025-26,0.5003,-1.3056728050402537,-1.2999691833903386,-0.08419023687458801,-0.7840911199623931,-2.2456027710053434,-1.1976305374416885,-0.14622645815057767,0.9722216936338866,0.7225959323238645,0.027315303716935573,-0.5692401519841711,-0.7831751265067666,-0.11527825568292054,-0.920042310549313,-0.4501525758109251,0.3625363045706422,-0.5786756324704636,-0.8921891834077369,-1.4787229414150018,-1.7626090884872014,1.0991961373101047,-0.9508721665200098,2.009335589263983,0.47869513769472594,2.0721120514516818,-1.2262444016037357,-0.3006728076353175,-0.6401291407573078,-0.3190276814540013,-0.14775264514352066,-0.9771754816998465,0.1690660592463584,1.1496245533713283,-0.09753833538377193,1.1639467340416112,-1.4295381425467162,-0.7309629993090119,-2.0320705792359837,1.1504586416037264,1
KXNBAGAME-25NOV22NYKORL,2025-11-22,NYK,ORL,ORL,0,2025-26,0.4998,0.8921627955833576,1.7960005622499522,0.15545970858601726,1.0520367540160285,0.2875236778350449,0.6951574674770604,0.3423817121558409,0.7130673799906488,0.9225041337833392,-1.1469198993220324,0.014623411809342294,0.05402363424791592,0.9858596426003342,0.8815263966194288,0.3679191636330507,-1.036716644697032,1.0565021878236118,-0.05898960598655886,-0.3237951564517853,1.8720716354450644,0.5850770049775799,-0.10355391645867508,0.12621368613887937,0.6980192153845788,0.5016141254929182,-0.1512548160568486,0.018519878121783073,1.0680326516290126,0.8592442748476148,-0.011180936159931794,0.24286706648038398,0.7135686183388622,-1.083178786404956,0.0832381035448856,0.7150263547368678,-0.9189393847097225,-0.4760898785075827,-0.3205503510009638,1.1504586416037264,0
KXNBAGAME-25NOV22SACDEN,2025-11-22,SAC,DEN,SAC,0,2025-26,0.1846,-1.7452399251649762,-1.3778552147272023,1.8649626528716685,-2.390703009693512,-0.6618442031664299,0.17735224616841785,-1.3127464877826545,-1.1334071047174272,-0.23696343468161307,0.7318564255403169,-0.5692401519841711,-1.899440140846343,-0.11527825568292054,1.7823107502038,1.595026772799013,-0.3451318536796764,1.3100181289544761,1.5133386288243647,0.626688890179434,0.8664594010143045,0.8742690169146256,0.9858552621916148,-0.7564997059510131,-0.25238512127144824,-0.8841193385883449,-1.2262444016037357,-2.535021607935022,-2.231493545630034,1.598552168997649,-2.6515673098426515,-1.5475849847451462,-0.31327867346572524,-1.5573049276907849,-1.408167517616545,-0.8561949728297366,1.0809057501518378,-0.22121675770615357,-0.7155165575167377,1.1504586416037264,1
KXNBAGAME-25NOV22WASCHI,2025-11-22,WAS,CHI,CHI,0,2025-26,0.8593,-2.1848070452896984,-1.2026116442192603,2.2803558916700504,-2.607468105927076,-0.5553730389419647,-0.004579318075156257,-0.8471617391137114,-1.2305899723336406,-0.836688039060037,1.6125328278195428,-1.299069606726062,0.7982003104742998,-1.2164161539661753,-0.920042310549313,0.8159108304714175,2.003039762332743,-1.0476801235625626,-0.3501615013219186,0.7522245189797817,0.2072534375699729,0.906401462685409,1.187597702682409,0.47929904297483616,-0.10616906947821261,1.5178186658191772,-1.2262444016037357,-0.9390581791495188,-1.5161095471092667,0.21234986746633458,-1.1128593886275493,-0.15325064396773982,-0.5295879092695938,-0.7542308046601369,-1.4985557370808735,-1.4173454469606666,0.8256063712333408,-0.832912247629584,-0.5180334542588506,0.03999169085607133,0
KXNBAGAME-25NOV23BKNTOR,2025-11-23,BKN,TOR,TOR,0,2025-26,0.8577,-0.8661056849155315,-1.5141557695667096,0.10752971949389666,-1.0773615442783913,-1.56684909907438,-1.078675283897811,-0.4225075178002782,-1.5221385751822836,-0.5168349167248787,0.08602706386888376,-0.6422230974583599,-0.13202053480868028,-0.11527825568292054,1.7823107502038,1.2444245987515956,-0.972383175765184,1.5762098671418838,1.625327819337966,0.20704121676112286,0.4683507015224357,0.2316201014989673,1.6717795598603147,-0.6976521464783538,0.2593710600048745,0.22446743267666502,-0.1512548160568486,-1.896636236420821,-2.0708971377988403,0.7783824739249545,-1.904975300732365,-2.2732726302861175,-0.9149664328282174,-0.6347804202276618,-1.2273910786878857,-1.5295755417868533,0.5703069923148433,-0.6290137509884406,-0.2547226499150011,0.03999169085607133,0
KXNBAGAME-25NOV23CHAATL,2025-11-23,CHA,ATL,ATL,0,2025-26,0.7316,-1.3056728050402537,-0.3263937916795556,0.5229229582922782,-0.6310804637975247,-1.0167480839146454,-0.6973187357718514,1.9898354382151786,0.5187016447582194,-0.5568165570167728,0.8492799458442133,-1.0801207703034943,0.2400678033045113,-1.2164161539661753,0.8815263966194288,0.7379992362386569,-0.5220488932422549,0.8917168260885499,1.2938398154177126,1.422943449998794,0.628628229889289,-1.117942620873916,1.9945674646455858,0.8323843998107929,1.429099474350753,1.055907511125423,-1.2262444016037357,-1.5774435506637199,-0.8007255485884994,0.7552791022327657,-1.0946498274297374,-1.6458221769362833,-1.486818435528107,0.9842317133878996,1.145299682250753,-1.7820932551457713,0.01715833799143357,-1.7504554825147285,-0.5838611553448133,0.03999169085607133,0
KXNBAGAME-25NOV23LACCLE,2025-11-23,LAC,CLE,CLE,0,2025-26,0.7461,-1.3056728050402537,-0.6963524405296543,0.5708529473843988,-0.9116000000997836,-0.6086086210541984,0.1738535622406591,1.004944623723184,-1.0362242371012114,-1.2365044419789861,0.26216234432472935,-0.7152060429325487,0.2400678033045113,-1.2164161539661753,0.8815263966194288,1.6339825699153934,0.23386936670694852,0.8790410290320066,0.09331569311193369,-0.20901972440575006,-0.674272968447739,0.713606788060711,0.542021893111867,-0.6976521464783538,-0.25238512127144824,1.702583127696679,-0.1512548160568486,-1.5774435506637199,-1.749704322136457,0.24700492500461707,-1.2858502200067619,-0.5050031708456784,0.26354595534460046,1.2029178018104332,-1.2273910786878857,-1.2490003047213873,0.6979566817740921,-0.32316600602672485,-1.0446550629465494,-1.0704752598915837,0
KXNBAGAME-25NOV23LALUTA,2025-11-23,LAL,UTA,LAL,0,2025-26,0.7949,1.3317299157080804,0.45246652168907076,-0.24395686718165818,0.49099768141151084,1.3877257081545094,-0.3684424465623103,0.4421498725849005,-0.8742527910741872,-0.35690835555729816,0.9079917059961625,1.5472652667673132,-1.5273518027331505,3.1881354391668437,-0.920042310549313,0.543220250656758,2.196040169128282,-1.3772508470326865,-0.9145870215104542,-0.8725651909218842,0.8380230653363112,0.2316201014989673,1.389340143173203,1.5385551134827065,-0.17927709537483108,-1.346030493282099,-0.1512548160568486,1.6144833069072864,-0.07074187662853358,-1.7514367263696902,1.3363265924781462,1.634032465574204,0.338135347001108,-0.2764292669302322,-0.7754499813662401,-1.2209427810148414,-0.45089052335914326,1.20607271878185,-0.1230672477430767,3.371392543099036,1
KXNBAGAME-25NOV23MIAPHI,2025-11-23,MIA,PHI,MIA,0,2025-26,0.5158,0.8921627955833576,1.815472070084167,0.7465962407221773,0.5930047855214232,0.13225323000770056,0.8840863995761579,0.7030819844762859,0.3891244879366006,1.8021002202050274,-0.44237877749865095,0.8174358120254223,0.2400678033045113,-0.11527825568292054,-0.01925795696494194,-0.08007250320531892,-0.2647150175148676,0.1565205968090432,-0.4621506918355175,0.07433212345789482,0.7139372369232603,0.45654722189444635,-0.34564484504762727,0.3616039240295165,-0.25238512127144824,1.055907511125423,0.9237347694900384,0.6569052496359842,1.418424814169797,0.7321757305405785,0.30748638480177587,0.41715885907756173,0.5718487741914972,-0.0007745336245179539,-0.05234422565160675,1.500637018520169,-0.5785402128183921,0.7473011013392774,-0.5838611553448133,-1.0704752598915837,1
KXNBAGAME-25NOV23ORLBOS,2025-11-23,ORL,BOS,BOS,0,2025-26,0.6331,0.8921627955833576,0.4914095373575026,-0.6433734429493336,0.835271657782465,0.11007173746093708,-0.14802535911336262,1.8823928039069586,0.06518159588255236,-0.27694507497350856,-0.03139645643501261,0.16058930275772,-0.2250426193369788,-1.2164161539661753,-0.01925795696494194,-0.46963047436911665,-0.9241330740662991,0.42271233499645083,-0.5830990175902059,0.10661271372084428,0.07282712345583554,0.3601498845820985,-0.42634182124394465,-1.7569082169862251,-0.39860117306468257,-0.3298259529558397,-0.1512548160568486,0.6569052496359842,0.7176404890882303,0.20079818162024096,0.289276823603964,0.4868755761164332,-0.18399039459444608,1.3021535058004874,-0.2105236097141833,0.09776083319284404,1.2511053360975024,0.3904787322172761,0.07441585551480982,-1.0704752598915837,0
KXNBAGAME-25NOV23POROKC,2025-11-23,POR,OKC,OKC,0,2025-26,0.9109,-0.8661056849155315,1.056083264549755,1.6412893704417695,-0.6183295757837857,-0.6086086210541984,-1.3760634177575057,0.5009875056584475,1.263770296482532,-0.6767614778924579,1.318974027059801,-0.5692401519841711,-0.41108678839357415,-0.11527825568292054,1.7823107502038,1.4586814828916832,-1.856968373578081,2.412812472873737,1.2938398154177126,1.4839178982732488,1.701453621377119,-0.15396924775042858,0.09818852403211913,-0.5799570275330352,1.9408556556270744,0.6863785873704192,-0.1512548160568486,-1.896636236420821,-0.3043366516557239,2.522687036685189,-2.178118718699543,-1.3542795420464622,-2.0114304901788773,-0.8479534139840795,0.987120298188178,-0.5475622120577246,1.3787550255567513,-1.7504554825147285,-0.7813442586026994,0.03999169085607133,0
KXNBAGAME-25NOV23SASPHX,2025-11-23,SAS,PHX,PHX,0,2025-26,0.5469,0.4525956754586354,0.8224251705391694,0.12350638252460276,0.4399941293565547,1.0461307229343553,-0.0010806341473955522,1.3477377903255947,-0.2263670069660906,0.8025592129076541,0.6731446653883677,0.37953813918028784,-0.5041088729218727,0.9858596426003342,1.3319185734116146,0.9912119174951248,-0.9080497068333383,1.3607213171806491,1.016106622943986,1.8569380524228578,1.3783134432181323,0.07095787264505272,0.017491547835801726,1.4797075540100482,2.0139636815236917,-0.9765015695270958,-0.1512548160568486,-0.6198654933924184,-0.12914057038532958,0.7437274163866721,-0.6667251392811587,0.024210090313020856,-1.292886017221187,-0.009963024734705369,-0.2105236097141833,0.5466812124975885,-0.5785402128183936,-1.138759992591298,0.33772665985865924,1.1504586416037264,0
KXNBAGAME-25NOV24CHINOP,2025-11-24,CHI,NOP,NOP,0,2025-26,0.3408,-0.42653856479080904,0.8808396940418158,1.8170326637795458,-0.8733473360585664,-0.6485353076383732,0.15636014260185363,0.2656369733642596,1.1989817180717213,1.0824306949509184,0.26216234432472935,-0.20432542461322556,1.7284211557572802,-0.11527825568292054,-1.8208266641336839,-1.3656138080458504,0.6842036492298775,-1.4279540352588591,-0.9190665891309977,-1.4213352253919833,0.4812763086487908,-0.3788963681459076,-1.5157509998942345,1.06777463770143,0.9904513189710487,-1.1612660314045973,-0.1512548160568486,0.9760979353930851,1.6812189360753842,0.8245892173093307,0.398534190790835,0.1826571744922683,1.0914882027318331,-0.1496280896096014,1.1001055725185878,1.8092697792921808,-0.5785402128183921,-0.832912247629584,2.049246888093679,0.03999169085607133,0
KXNBAGAME-25NOV24CLETOR,2025-11-24,CLE,TOR,TOR,0,2025-26,0.5423,0.8921627955833576,1.3676273898972073,-0.06821357384388191,0.9500296499061164,0.003600573236469458,-0.3579463947790282,-1.3894912265742385,0.9722216936338866,0.3227795294049153,-0.7359375782583929,-0.1313424791390367,1.4493549021723862,-1.2164161539661753,1.7823107502038,1.2833803958679733,-0.8919663396003751,1.538182475972254,1.437185979275121,0.93514786380315,0.7191074797738063,-0.31463147660434315,1.5910825836639975,-1.109585062786971,0.7711272412811959,-0.05267926013958736,-1.2262444016037357,-0.6198654933924184,0.0606551843242611,0.5935555003874452,-0.4300008437096044,-1.0183717235864542,-0.9075074936625674,-1.5076870756957557,0.8967320787238477,-0.8842524965362835,0.27245771690993115,-0.6290137509884406,1.0618313718042451,0.03999169085607133,0
KXNBAGAME-25NOV24DALMIA,2025-11-24,DAL,MIA,MIA,0,2025-26,0.739,-0.8661056849155315,-0.5405803778559267,0.33120300192379354,-0.6183295757837857,-1.0389295764614113,-1.4180476248906382,-1.4022820163728373,1.0370102720446972,-0.916651319643828,1.7299563481234392,0.014623411809342294,2.286553662927068,-0.11527825568292054,0.8815263966194288,1.9845847439628108,0.7646204853946863,0.6889040731838584,-0.08138744408928114,0.4652859388646986,0.473520944372976,1.0349312457685402,1.7928250241547916,-0.6388045870056945,0.4055871117981088,0.1320852017379145,-1.2262444016037357,-1.2582508649066193,-1.895701056528448,-0.30747599560790767,-0.9398685572483365,-0.6888017884936101,-1.3351533391598767,-1.342294235712327,-0.0071501159194431625,-1.8943233499719578,1.71915419744808,-0.2721913818664392,1.5226252794059807,1.1504586416037264,0
KXNBAGAME-25NOV24DENMEM,2025-11-24,DEN,MEM,DEN,0,2025-26,0.7326,1.3317299157080804,1.4260419133998536,-0.3238401823351933,1.1922965221671582,1.3655442156077482,0.7826245656710877,1.0740148886356078,0.8426445368122677,0.7625775726157601,-0.44237877749865095,-0.7881889884067382,-1.0622413800916604,-0.11527825568292054,-0.920042310549313,-1.3071801123712812,-0.3772985881456004,-0.5533240383573771,-2.4062830391515906,-1.3818811706261593,-0.21412135474934607,1.5811828238718484,0.8244613097989786,0.00851856719355974,-0.6910332766511524,-0.3298259529558397,-0.1512548160568486,1.6144833069072864,2.046210772055367,0.039074579774922125,1.2452787864890869,2.673445337790091,1.5091887960082744,0.925425370282681,-0.5268823778393348,-0.042526785339887456,-0.3232408338998953,-0.06829288522529617,-0.5180334542588506,0.03999169085607133,1
KXNBAGAME-25NOV24DETIND,2025-11-24,DET,IND,DET,0,2025-26,0.8056,2.210864155957525,1.1339692958866188,-0.6433734429493336,1.2560509622358533,2.0842245741228838,0.13886672296304817,-1.5992601792712344,0.2271530419095765,0.4827060905724944,0.3208741044766775,1.9851629396124477,0.7051782259460014,-0.11527825568292054,-1.8208266641336839,-1.3461359094876615,1.3597050730142721,-1.9476617145771313,-2.3928443362899574,-2.027492975885101,0.4269887587180815,0.1030903184158361,-1.0315691427163274,0.18506124561153864,-1.2027894579274745,0.31684966361541633,0.9237347694900384,2.891254049935689,1.8564150173457765,-1.4395412085251462,2.2923285553632686,3.1773070654801074,1.4992435437874079,-1.450718430812573,0.0832381035448856,1.0517166392154247,0.10225813096426559,2.2255652019875662,0.27189895877269665,-1.0704752598915837,1
KXNBAGAME-25NOV24HOUPHX,2025-11-24,HOU,PHX,HOU,0,2025-26,0.6876,1.3317299157080804,1.017140248881326,-0.8350933993178183,1.3325562903182875,0.48272081224656643,2.32904286174149,-0.07715619323815111,2.2032046834392713,-0.5967981973086682,0.49700938493252317,0.45252108465447666,0.1470457187762136,0.9858596426003342,1.3319185734116146,0.6211318448895187,-1.1653835825607255,1.3226939260110193,0.39344672368837535,1.11089774412364,0.9233320723702825,0.19948765572818394,-0.2649478688513099,0.655841721392814,2.160179733316927,-0.7917371076495939,-1.2262444016037357,0.018519878121783073,0.2942499593514493,0.23545323915852345,-0.0020761555610257342,0.0622373905160439,0.8801515930383951,-0.7101260473312214,1.3938672857776584,-0.23892945128571375,-0.11049135146781446,-1.1897346167515845,0.6668651652884708,2.260925592351381,1
KXNBAGAME-25NOV24MINSAC,2025-11-24,MIN,SAC,SAC,0,2025-26,0.1822,0.8921627955833576,1.4065704055656392,-0.5155601387036779,1.3325562903182875,0.9662773497660058,0.17735224616841785,0.027728283110346894,0.6806730907852436,0.20283460852923024,0.6731446653883677,1.4742823212931244,0.4261119723611075,0.9858596426003342,-1.3704344873414982,-1.2682243152549009,1.8100393555372012,-2.251880843934168,-0.6278946937956429,0.22856161026975183,-1.0465304536868918,-1.4713995243525286,-0.022856940262356254,0.24390880508419793,-0.39860117306468257,-1.7155594170371025,-0.1512548160568486,1.614483306907286,2.0024117517377698,-1.6705749254470317,2.5654719733304465,1.1301707378841892,-0.037297924336646304,0.7655456249653682,1.5068525601080698,0.15387588060593685,0.3150076133963464,1.3080219671024214,1.5226252794059807,1.1504586416037264,0
KXNBAGAME-25NOV24NYKBKN,2025-11-24,NYK,BKN,NYK,0,2025-26,0.86,0.8921627955833576,1.7181145309130885,0.12350638252460276,1.0265349779885504,0.504902304793325,0.5237219550167664,0.4626151362626568,0.6158845123744353,0.9624857740752347,-0.8533610985622904,0.16058930275772,-0.038998450280382596,-0.11527825568292054,-0.920042310549313,-1.4045696051622307,-0.00738114178747798,-0.9082463559405872,-1.3939007569086566,-0.43498385624638036,-0.18568501907135276,-1.6641941989772242,-0.42634182124394465,0.06736612666621902,-1.0565734061342396,0.1320852017379145,-1.2262444016037357,1.2952906211501853,2.3382042408393535,0.09683300900539185,1.3818504954726756,1.3424898306843829,0.6688149833449571,0.46600081477315736,1.5972407795723984,0.967544068095786,-0.6636400057912248,0.8492503496598487,-0.123067247743077,1.1504586416037264,1
KXNBAGAME-25NOV24PORMIL,2025-11-24,POR,MIL,POR,0,2025-26,0.5813,-0.8661056849155315,0.6666531078654419,1.6253127074110634,-0.8605964480448274,-1.1587096362139355,-1.2711028999246712,0.45238250442377725,1.4905303209203642,-0.8766696793519324,1.2602622669078516,-0.9341548793551167,-0.31806470386527647,-1.2164161539661753,-0.920042310549313,-0.391718880136356,0.8611206887924561,-0.9335979500536737,0.5278337523046991,2.3519071031213823,-1.4601498817303902,-1.6320617532064432,0.25958247642475535,0.00851856719355974,-0.25238512127144824,-0.3298259529558397,-0.1512548160568486,0.018519878121783073,0.7906388562842248,0.5589004428491644,0.05255252803240982,-1.2053392829179705,-2.5385288578848635,1.3646352453497839,2.184764206090538,-0.8000799254166437,0.9107061642061729,-0.4760898785075827,0.008588154428847751,-1.0704752598915837,1
KXNBAGAME-25NOV24UTAGSW,2025-11-24,UTA,GSW,GSW,0,2025-26,0.8299,-0.8661056849155315,0.5692955686943636,1.8489859898409602,-1.102863320305869,-0.8481687405592421,-0.5258832233115595,0.5802904024097508,0.4863073555528142,1.3623021769941839,1.7299563481234392,-0.1313424791390367,-1.4343297182048529,-1.2164161539661753,-0.46965013375712733,-0.5670199671600661,-0.055631243486365105,-0.32515969133959916,-1.4207781626319225,-0.18391259864568094,0.7682247868539724,-0.34676392237512654,-0.18425089265499248,1.3620124350647276,1.8677476297304572,-0.05267926013958736,0.9237347694900384,-0.3006728076353177,0.8490375500410229,1.379070137921857,-0.5574677720942874,0.3949762672924673,-0.2511208470853009,-0.12757571094514875,0.5803733105986962,1.0797741629219726,0.27245771690993115,-1.393633113392728,-0.9788273618605868,-2.180942210639239,0
KXNBAGAME-25NOV25ATLWAS,2025-11-25,ATL,WAS,WAS,0,2025-26,0.1796,0.8921627955833576,0.43299501385485617,-0.5954434538572131,0.7587663297000308,0.9928951408221214,1.0695166477474964,0.4907548738195707,-1.003829947895806,2.3218615439996615,0.20345058417278117,1.109367593922179,0.9842444795308961,-0.11527825568292054,-2.271218840925869,-0.6644094599510155,2.276457005293091,-2.226529249821082,-0.2740088517726723,0.4401788131046275,-0.0176521264286818,-0.7644857173953036,-0.2649478688513099,1.4797075540100482,-1.2027894579274745,0.31684966361541633,0.9237347694900384,2.2528686784214873,0.8198382031626259,-2.063332244214236,2.1375472851818675,0.8988379949824838,0.45001943448586923,0.36676511078310103,-0.1653294999820181,1.8092697792921808,-0.9189393847097225,1.6138697120641365,0.469382062030584,-1.0704752598915837,0
KXNBAGAME-25NOV25LACLAL,2025-11-25,LAC,LAL,LAL,0,2025-26,0.7057,-1.3056728050402537,-0.7352954561980833,0.4749929692001576,-0.8605964480448274,-0.38679369558656373,-0.21450035374082183,1.0893638363939258,-1.1010128155120218,-1.3564493628546712,0.08602706386888376,-0.9341548793551167,0.2400678033045113,-0.11527825568292054,1.3319185734116146,0.3094854679584788,-0.2968817519807916,0.43538813205299404,1.1012184077343217,-0.6143204688183085,0.49420191577514877,-0.7323532716245201,-0.3859933331457867,0.8323843998107929,1.429099474350753,-1.43841272422085,-0.1512548160568486,-1.896636236420821,-0.7861258751492988,0.5589004428491644,-0.9307637766494307,-1.0595679654730548,0.2685185814550351,0.4329222467764733,-0.25571771944634847,-0.6878498305904571,-0.5359903163319768,-1.6485062341941572,1.1934867739761692,0.03999169085607133,0
KXNBAGAME-25NOV25ORLPHI,2025-11-25,ORL,PHI,ORL,0,2025-26,0.6591,0.8921627955833576,0.8224251705391694,-0.46763014961155736,0.9117769858648992,0.26977848379763114,0.1913469818794626,1.6598330614113694,0.16236446349876593,0.0029264070697556147,-0.6772258181064448,-0.2773083700874144,0.05402363424791592,-0.11527825568292054,-0.46965013375712733,-0.31380728590359536,0.0891190616102917,-0.2744565031134263,-0.7846795605146839,-0.04761677309101672,0.6234579870387429,0.5529445592067964,-0.5877357736365809,0.3616039240295165,-0.47170919896130037,1.3330542039416753,-0.1512548160568486,0.9760979353930848,0.8490375500410229,-0.39988948237666155,0.8446684401372258,0.7435598524868176,0.16409343313592373,0.7508440391890651,-0.27831477431243107,0.40639359396485597,-0.7487397987640568,0.13560561141584732,-0.9129996607746241,0.03999169085607133,1
KXNBAGAME-25NOV26DETBOS,2025-11-26,DET,BOS,BOS,0,2025-26,0.4273,2.210864155957525,1.2897413585603434,-0.46763014961155736,1.217798298194636,2.057606783066771,0.26831802829020784,-1.3587933310576055,0.29194162032038706,0.5226877308643899,0.49700938493252317,1.766214103189881,0.2400678033045113,-0.11527825568292054,0.4311342198272434,0.25105177228390974,-0.9080497068333383,0.8790410290320066,0.3755284532062015,0.5979950321679266,-0.5139954400808828,0.3922823303528819,-0.22459938075315045,-2.0511460143495226,-0.6179252507545353,0.22446743267666502,0.9237347694900384,1.2952906211501856,0.7760391828450263,0.31631504008118366,0.23464814001052842,1.1998874549230625,-0.22874402958834975,-0.6090526451191272,-0.07494128051768933,0.5186236887910416,1.8468038869073287,1.6648443362244227,0.008588154428847751,-1.0704752598915837,0
KXNBAGAME-25NOV26HOUGSW,2025-11-26,HOU,GSW,HOU,0,2025-26,0.3426,1.3317299157080804,0.7445391392023056,-0.9788833665941824,1.2688018502495924,0.23428809572281106,1.5033534547898724,0.35261434399471764,1.8144732129744126,-0.7567247584762474,0.26216234432472935,0.9634017029737999,-0.5041088729218727,-0.11527825568292054,-0.01925795696494194,-0.21641779311264592,-0.1199647124182108,-0.04629215609564831,-1.237115890189623,-0.2915145661888378,0.49937215862569484,-0.15396924775042858,0.05784003593396114,0.8323843998107929,1.9408556556270744,-0.14506149107833788,-0.1512548160568486,0.9760979353930851,0.7176404890882282,-0.6193715134524534,0.9357162461262851,1.038271429060225,1.2655301165970172,-0.1000102376145763,1.3712702309115756,-0.5756197357642715,-0.4083406268727281,-0.6799883751487262,-0.2547226499150017,0.03999169085607133,1
KXNBAGAME-25NOV26INDTOR,2025-11-26,IND,TOR,TOR,0,2025-26,0.8106,-1.7452399251649762,-1.3389121990587705,1.385662761950458,-1.982674593253863,-2.1968034874024593,-1.4040528891795934,0.44982434646405806,-0.35594416378770943,-1.1165595211033026,0.26216234432472935,-0.9341548793551167,0.3330898878328098,-0.11527825568292054,1.7823107502038,0.9327782218205558,-0.9080497068333383,1.3226939260110193,1.4595838173778382,0.3289901133100344,0.3933821801895479,-0.2824990308335598,1.389340143173203,-0.7564997059510131,0.7711272412811959,-0.5145904148333416,-0.1512548160568486,-2.535021607935022,-1.7059053018188572,1.6563105982281203,-2.3693191112765675,-2.606011507062541,-1.2307281908407668,0.045167921926433395,-0.05234422565160675,-1.7540357314392254,0.740506578260508,-1.1897346167515845,0.6010374642025087,0.03999169085607133,0
KXNBAGAME-25NOV26MEMNOP,2025-11-26,MEM,NOP,MEM,0,2025-26,0.648,-0.8661056849155315,-1.1636686285508284,-0.24395686718165818,-0.5673260237288295,-2.134695308271526,-1.39705552132407,-0.22297119694216175,1.3285588748933401,1.122412335242814,-0.5010905376506002,-0.7881889884067382,-0.41108678839357415,-0.11527825568292054,-1.8208266641336839,-0.5475420686018745,1.1827880334516914,-1.2885202676368839,-0.5562216118669401,-1.2491720773229313,0.15296588763926364,-0.411028813916691,-1.1122661189126462,0.9500795187561115,1.2097753966609002,-0.9765015695270958,-0.1512548160568486,0.6569052496359843,-0.46493305948691555,-1.0236805180657513,0.5168963385766122,-1.1356225658790973,-0.13177782043488973,-0.26724077582004274,1.2130908468489991,1.5567520659332628,-1.0465890741689705,-1.3936331133927276,0.40355436094462194,0.03999169085607133,1
KXNBAGAME-25NOV26MILMIA,2025-11-26,MIL,MIA,MIA,0,2025-26,0.7996,-0.8661056849155315,-0.36533680734798746,0.6028062734458133,-0.720336679893698,0.5581378869055588,2.465491534924171,-1.2590251706285458,-1.6841100212093079,0.08288968765354518,-0.0901082165869608,0.16058930275772,-0.2250426193369788,-0.11527825568292054,1.3319185734116146,1.8677173526136697,0.442953140735451,0.8663652319754634,-0.05898960598655886,-0.09424429235971685,0.02888005922621267,1.516917932330284,1.6314310717621554,-0.6976521464783538,0.040046982315021705,0.40923189455416686,-0.1512548160568486,-1.57744355066372,-1.6767059549404584,0.11993638069758072,-1.1401737304242672,0.43617250917906975,1.812518988744738,-0.9232990410876412,-2.244258547661588,-1.0806551624821088,0.44265730285559524,0.08463098725556123,-0.4522057531728885,0.03999169085607133,0
KXNBAGAME-25NOV26MINOKC,2025-11-26,MIN,OKC,OKC,0,2025-26,0.7848,0.4525956754586354,1.1534408037208332,-0.38774683445802227,1.0647876420297677,0.29195997634439463,-0.13752930733007857,0.5572669807722752,0.7454616691960542,-0.27694507497350856,0.6144329052364195,1.6932311577156909,0.4261119723611075,-0.11527825568292054,1.7823107502038,1.3807698886589226,-2.049968780373623,2.514218849326082,1.320717221140976,1.2794741599412516,1.497229028780643,0.1352227641866172,0.29993096452291335,-0.4034143491150563,1.721531577937223,0.8711430492479211,0.9237347694900384,-0.939058179149519,-0.1729395907029292,1.1942431643843476,-1.0491259244352076,-0.729998030380216,-0.9895558244847249,-0.6623458935582341,0.4221939265361213,-0.4072745935249921,0.740506578260508,-0.017318261065010977,-0.3205503510009638,-1.0704752598915837,0
KXNBAGAME-25NOV26NYKCHA,2025-11-26,NYK,CHA,NYK,0,2025-26,0.7164,0.8921627955833576,1.4260419133998536,-0.1321202259667086,1.0392858660022894,0.7622076183357847,0.05839699262454225,-0.08483066711730866,0.4863073555528142,0.8425408531995496,-1.0294963790181348,0.08760635728353114,0.05402363424791592,-0.11527825568292054,-1.8208266641336839,-0.6059757642764436,0.7324537509287623,-0.9716253412233034,-1.1699223758814612,-1.0303814099851794,1.7298899570551123,0.3922823303528819,-0.7491297260292157,0.8912319592834532,-1.2758974838240917,-0.14506149107833788,0.9237347694900384,1.933675992664387,1.5206225282441905,-0.6193715134524518,1.4364791790661111,1.3678413641530673,0.7508633141671146,-1.2890009872732222,0.06064104867880302,1.1078316866285185,-1.3869882460603,0.9511995979804204,0.14024355660077248,-1.0704752598915837,1
KXNBAGAME-25NOV26PHXSAC,2025-11-26,PHX,SAC,PHX,0,2025-26,0.6769,1.3317299157080804,0.296694459015346,-1.2664633011469082,1.205047410180897,0.2520332897602223,0.9925456013367533,0.2861022370420131,0.00039301747174178806,-0.836688039060037,0.9079917059961625,2.1311288305608267,-0.8761972110350646,-0.11527825568292054,-1.3704344873414982,-1.3461359094876615,1.7457058866053532,-2.251880843934168,-0.9011483186488214,-0.5210654302809062,-0.8371356182398667,-1.4071346328109617,-0.022856940262356254,0.00851856719355974,-0.25238512127144824,-1.9003238789146042,-0.1512548160568486,1.9336759926643872,1.2286290594602063,-2.167297416829085,2.4744241673413874,0.8132765695256855,1.0616524460692305,0.802299589406128,0.9871202981881765,-0.5756197357642715,0.6554067852876768,1.6648443362244227,0.7326928663744332,0.03999169085607133,1
KXNBAGAME-25NOV26SASPOR,2025-11-26,SAS,POR,SAS,0,2025-26,0.5071,0.4525956754586354,0.5108810451917172,-0.18005021505883148,0.4782467933977718,0.8553698870321859,0.17385356224065715,1.4526222666740898,0.06518159588255236,0.642632651740075,0.9667034661481096,-0.1313424791390367,-0.5971309574501704,0.9858596426003342,-0.920042310549313,0.5821760477731384,1.424038541946118,-0.7434609942055255,-0.9414644272337175,-1.3388403836088973,-0.03057773355504265,1.4205205950179338,-0.8701751903236925,1.1266221971740904,-0.9834653802376224,-0.14506149107833788,-0.1512548160568486,0.9760979353930849,-0.05614220318933509,-1.1507490623727894,0.8719827819339435,1.2727731136455114,1.046734567737928,1.066928133379615,-0.9562264202948978,1.0517166392154256,-0.1104913514678152,0.5943772288584196,-0.3205503510009638,1.1504586416037264,1
KXNBAGAME-25NOV28CHICHA,2025-11-28,CHI,CHA,CHA,0,2025-26,0.4289,-0.8661056849155315,1.2118553272234824,2.328285880762173,-1.0646106562646522,-0.41784778515203164,0.21933645330155213,0.13772907537828327,0.7130673799906488,1.2023756158266035,0.20345058417278117,-0.7152060429325487,1.1702886485874915,2.086997540883589,-1.8208266641336839,-0.8202326484165341,0.9415375249572648,-1.2758444705803407,-1.4566147035962724,-1.1738507000427238,1.7298899570551123,-0.05757191043807847,-0.9508721665200098,0.7146892808654743,-1.495221561513944,-0.42220818389459025,-0.1512548160568486,0.6569052496359843,1.5206225282441925,1.0094161908468418,0.152705114620375,0.7277151440688925,0.9646862369157705,-1.1291212419559093,0.535179200866531,1.500637018520169,-0.36579073038631205,0.543402604698134,1.1276590728902065,2.260925592351381,0
KXNBAGAME-25NOV28CLEATL,2025-11-28,CLE,ATL,ATL,0,2025-26,0.2948,0.4525956754586354,0.41352350602063886,-0.148096888997417,0.38899057730159853,-0.25814103881533756,-0.8897463517987135,-0.8113475276776371,0.32433590952579006,0.04290804736165111,-0.6185140579544965,-0.42327426103579274,1.26331073311579,2.086997540883589,0.8815263966194288,0.7769550333550372,-0.18429818135005877,0.6508766820142288,1.5088590612038262,1.5448923465477038,-0.06159919065830467,-1.342869741269395,2.7208402504124436,0.18506124561153864,0.7711272412811959,0.8711430492479211,0.9237347694900384,-0.3006728076353175,-0.2751373047773248,0.02752289392882687,-0.1932765481380503,-1.2560423498553306,-1.7081002974424129,-0.5373824144596392,1.167896737116834,-1.86626582626541,-0.5785402128183929,-0.8329122476295836,0.2718989587726972,1.1504586416037264,0
KXNBAGAME-25NOV28DALLAL,2025-11-28,DAL,LAL,LAL,0,2025-26,0.8081,-0.8661056849155315,-0.5795233935243587,0.13948304555530888,-0.49082069564639524,-1.4648142333592695,-1.2641055320691497,-0.7627425264429697,1.2313760072771265,-1.0365962405195115,1.6125328278195428,0.08760635728353114,2.1935315783987703,2.086997540883589,1.3319185734116146,0.40687496074942825,-0.3290484864467133,0.5241187114487965,1.4147881411723986,-0.1767391341428026,0.5459043442805893,-0.8287506089368702,-0.5473872855384214,0.7735368403381336,1.063559344867666,-1.2536482623433483,0.9237347694900384,-1.57744355066372,-0.7423268548317012,0.3394184117733709,-0.7304586034735001,-2.0514467124351663,-0.7807055278465049,-0.9343252304198706,1.4390613955098235,-0.3511595461118993,0.61285688880126,-0.6799883751487262,2.444213094609453,1.1504586416037264,0
KXNBAGAME-25NOV28MEMLAC,2025-11-28,MEM,LAC,MEM,0,2025-26,0.2752,-0.42653856479080904,-0.6963524405296543,-0.18005021505883148,-0.3123082634540487,-1.451505337831208,-0.9562213464261727,-0.07715619323815111,1.3933474533041508,1.642173659037448,-0.44237877749865095,-0.8611719338809272,-0.5041088729218727,-0.11527825568292054,-1.3704344873414982,-0.391718880136356,0.8450373215594952,-0.9209221529971305,-0.03211220026329313,-0.0009892538223146058,1.4455266002752023,-1.5035319701233096,-1.3543570475015982,0.12621368613887937,-1.0565734061342396,0.039702970799163975,0.9237347694900384,0.6569052496359843,-0.23133828445972726,-0.7348883719133962,0.43495331318645886,-1.0183717235864524,-0.6837393186930434,-1.0813410881829162,2.0265848220279614,2.089845016357646,-0.4083406268727281,0.13560561141584732,-0.3863780520869265,-1.0704752598915837,1
KXNBAGAME-25NOV28MILNYK,2025-11-28,MIL,NYK,NYK,0,2025-26,0.6992,-1.3056728050402537,-0.8131814875349471,0.5388996213229843,-0.9626035521547397,0.3585044539846875,2.1960928724865676,-1.604376495190673,-1.8784757564417371,0.24281624882112574,0.08602706386888376,-0.05835953366484655,-0.6901530419784689,-0.11527825568292054,0.8815263966194288,1.653460468473582,-0.10388134518524995,1.1579085642759575,1.2356054363506428,0.6589694804423795,0.12194443053600161,0.19948765572818394,0.6227188693081843,-0.8741948248963327,0.040046982315021705,0.039702970799163975,-0.1512548160568486,-1.5774435506637199,-1.8519020362108505,0.46648695608040885,-1.5225745155783157,-0.6222540131383251,1.0989471418974843,-1.2375454370561552,-1.4533616273487084,-0.26698697499225965,0.6979566817740921,-0.06829288522529572,-0.5180334542588512,0.03999169085607133,0
KXNBAGAME-25NOV28ORLDET,2025-11-28,ORL,DET,ORL,0,2025-26,0.3872,0.8921627955833576,1.2313268350576971,-0.5794667908265069,1.2688018502495924,0.4250489316249779,-0.1235345716190338,1.7800664855181798,0.2595473311149818,0.4027428099887049,-0.8533610985622904,-0.1313424791390367,-0.2250426193369788,0.9858596426003342,1.7823107502038,1.3223361929843536,-0.20038154858301963,1.018474796653982,1.6611643603023187,0.10302598146940413,-0.8397207396651412,0.3922823303528819,0.38062794071923217,0.47929904297483616,1.721531577937223,0.31684966361541633,-0.1512548160568486,-0.6198654933924184,-0.07074187662853358,-0.2728209380696252,0.17091467581818698,-0.8757693478251265,-0.16409989015270882,1.8773530492984125,-0.09753833538377193,0.013588262073204344,-0.9614892811961384,-1.2916838650721567,-0.3863780520869265,1.1504586416037264,1
KXNBAGAME-25NOV28PHIBKN,2025-11-28,PHI,BKN,PHI,0,2025-26,0.7272,-0.42653856479080904,-0.5016373621874977,0.5388996213229843,-0.7585893439349151,-0.6840256957131958,-0.1165372037635124,0.8335480404219786,0.5187016447582194,-0.5967981973086682,0.6731446653883677,-0.7881889884067382,0.7051782259460014,0.9858596426003342,-0.920042310549313,-1.579870692185938,-0.20038154858301963,-0.8702189647709576,-1.505889947422258,-0.4636777142578877,-0.04091821925612903,-1.535664415894093,-0.6684327498328982,-0.050328992279099545,-1.3490055097207094,-0.14506149107833788,1.9987243550369254,0.33771256387888376,0.8052385297234232,0.5357970711569738,0.07986686982912759,0.5724370015732262,0.2337101986819966,0.6295559565345479,1.439061395509822,0.04164578577975124,0.5277570958284272,0.3904787322172765,0.6010374642025081,-1.0704752598915837,1
KXNBAGAME-25NOV28PHXOKC,2025-11-28,PHX,OKC,OKC,0,2025-26,0.8896,1.3317299157080804,0.2382799355126996,-1.2984166272083226,1.1922965221671582,0.3230140659098625,0.8001179853098932,0.19145039253238902,0.09757588508795764,-0.916651319643828,0.9667034661481096,2.2041117760350155,-0.5971309574501704,-0.11527825568292054,2.2327029269959855,1.2639024973097843,-2.307302656101012,2.6409768198915144,1.576052575511983,0.8275458962599931,1.2025251862996464,-0.21823413929199306,0.09818852403211913,-0.7564997059510131,1.6484235520406043,0.6863785873704192,-0.1512548160568486,-0.619865493392418,-0.7715262017101003,0.7206240446944832,-1.0491259244352076,-0.8884451145594687,-0.00994848072926049,-0.7156391419973391,0.21882043274137958,-0.715907354297004,1.2511053360975017,0.39047873221727697,-0.9129996607746241,0.03999169085607133,0
KXNBAGAME-25NOV28SACUTA,2025-11-28,SAC,UTA,UTA,0,2025-26,0.5621,-1.3056728050402537,-1.3973267225614168,1.3696860989197497,-2.0081763692813412,-0.6795893972038412,-0.6308437411443922,-0.46599620311551004,-1.2953785507444513,-0.31692671526540406,0.144738824020833,0.014623411809342294,-1.6203738872614486,-0.11527825568292054,-1.3704344873414982,0.8353887290296064,2.405123943156787,-1.3518992529196,-0.7354043166886959,-0.43498385624638036,0.220179044696328,0.19948765572818394,1.7524765360566321,1.4208599945373879,0.040046982315021705,-1.0688838004658463,1.9987243550369254,0.018519878121783073,-1.6767059549404584,-0.7348883719133962,-0.46641996610522835,0.030547973680188432,-0.15166832487662424,-0.4896022606866479,-1.0466146397592282,-1.4454029706672136,-0.9189393847097217,-0.01731826106501007,-0.38637805208692616,-2.180942210639239,0
KXNBAGAME-25NOV28SASDEN,2025-11-28,SAS,DEN,SAS,0,2025-26,0.2645,0.8921627955833576,0.4914095373575026,-0.43567682355014287,0.6695101136038575,0.5004660062839752,-0.039566157352769124,1.7212288524446329,0.7130673799906488,0.44272445028060037,0.3795858646286257,0.23357224823190884,-0.13202053480868028,-0.11527825568292054,1.3319185734116146,1.5171151785662524,-0.23254828304894362,1.1705843613325009,1.7507557127131979,1.6991218333595628,0.7863206368308736,0.3280174388113151,0.7437643336026611,-0.6388045870056945,-1.2027894579274745,-1.1612660314045973,1.9987243550369254,-0.30067280763531784,-0.7715262017101003,-0.14575239376258722,-0.36626737951726307,-0.8852761728758806,-1.2108376863990309,0.6791738085295751,0.2640145424735448,-0.21087192757916684,0.740506578260508,1.0021742221407062,0.7326928663744332,-2.180942210639239,1
KXNBAGAME-25NOV28WASIND,2025-11-28,WAS,IND,IND,0,2025-26,0.7008,-1.7452399251649762,-0.11220720550318447,2.12058926136298,-1.7659094970202993,0.1633073195731709,0.8351048245875041,-0.07203987731871273,-1.003829947895806,-0.27694507497350856,1.084126986452006,-0.7152060429325487,0.6121561414177037,0.9858596426003342,-1.8208266641336839,-1.4630033008367997,1.1988714006846544,-1.8969585263509585,-2.043438061887533,-1.4930698704207546,0.41664827301699514,-0.7966181631660869,-1.4754025117960752,0.24390880508419793,-0.9103573543410046,0.5016141254929182,-0.1512548160568486,0.018519878121783073,1.0096339578722144,0.6744173013101055,0.09807643102693947,1.5579778651681684,1.6235591965482525,-0.34626179936768015,-0.1427324451159355,0.8272564495630534,0.6128568888012593,0.13560561141584732,0.07441585551480982,1.1504586416037264,0
KXNBAGAME-25NOV29BKNMIL,2025-11-29,BKN,MIL,MIL,0,2025-26,0.8377,-1.3056728050402537,-1.78675687924573,-0.052236910813173526,-1.1283650963333474,-1.5934668901304982,-0.6658305804220032,0.24517170968650046,-1.6517157320039024,-0.8766696793519324,0.20345058417278117,-1.5910013886228183,-0.13202053480868028,-1.2164161539661753,-1.3704344873414982,-0.8981442426492919,0.5233699769002599,-0.9969769353363898,0.218743586487163,2.2658255290868525,-1.3929367246733202,-1.6320617532064432,0.21923398832659594,0.18506124561153864,-0.25238512127144824,-0.8841193385883449,-1.2262444016037357,0.018519878121783073,-0.6693284876357067,-0.41144116822275517,-0.09312396155008511,-1.297238591741933,-2.0487251860071285,1.1680015355917073,-0.007150115919441557,-0.7720224017100968,0.01715833799143357,-0.9348614959501549,0.5352097631165463,0.03999169085607133,0
KXNBAGAME-25NOV29BOSMIN,2025-11-29,BOS,MIN,MIN,0,2025-26,0.6859,0.8921627955833576,0.4914095373575026,-0.8031400732564038,0.9627805379198554,0.44723042417174386,1.4088889887403238,-0.34064646308925856,0.6806730907852436,-0.11701851380592944,-1.8514610211454126,-0.7881889884067382,0.5191340568894061,0.9858596426003342,0.4311342198272434,1.0106898160533164,-0.7311326672707574,1.233963346615217,0.0037243407010570354,-0.15163200838273347,-0.20119574762298523,1.131328583080888,-0.4666903093421041,0.5381466024474955,1.50220750024737,0.6863785873704192,0.9237347694900384,0.3377125638788836,-0.39193469229091893,-0.05333890699383337,-0.2023813287369563,0.3125837835192554,1.101433454952701,-0.1000102376145763,-0.32350888404459466,0.23804845172557657,-1.727387417951629,-1.597531610033871,-0.12306724774307641,0.03999169085607133,0
KXNBAGAME-25NOV29CHIIND,2025-11-29,CHI,IND,IND,0,2025-26,0.4292,-0.8661056849155315,1.3286843742287753,2.2803558916700504,-0.9498526641410007,-0.4843922627923245,-0.064056944847096,0.2656369733642568,0.6806730907852436,1.0824306949509184,0.027315303716935573,-0.7881889884067382,0.9842444795308961,-1.2164161539661753,-1.3704344873414982,-1.092923228231191,0.7002870164628383,-1.2631686735237975,-1.295350269256688,-0.9191927101905863,0.4269887587180787,-0.5716910427706056,-1.1929630951089636,0.5381466024474955,-0.9103573543410046,0.6863785873704192,-1.2262444016037357,0.3377125638788836,1.8126159970281768,1.1480364209999716,0.2255433594116225,0.5660991182060534,0.5867666525227997,-0.1110364269468016,0.8741350238577652,1.5848095896398087,-0.36579073038631205,0.08463098725556123,0.20607125768673515,0.03999169085607133,0
KXNBAGAME-25NOV29DALLAC,2025-11-29,DAL,LAC,DAL,0,2025-26,0.1859,-1.3056728050402537,-0.4237513308506339,0.5229229582922782,-0.6948349038662198,-1.3228526810599843,-0.6063529536500654,-0.37901883248504914,0.8426445368122677,-0.9566329599357221,1.4951093075156465,-0.42327426103579274,2.007487409342174,-1.2164161539661753,-1.3704344873414982,-0.31380728590359536,0.8128705870935712,-0.8448673706578711,-0.5024668004204111,0.04563826544638552,2.205552299305135,-1.117942620873916,-1.6367964641887098,0.24390880508419793,-0.47170919896130037,0.039702970799163975,-1.2262444016037357,0.018519878121783073,-0.08534155006773414,-0.2035108229930586,0.10718121162584536,-0.5937335379860613,-0.46743008288917215,-1.8384727556626106,1.3712702309115756,0.4625086413779487,0.9107061642061737,0.03365636309527558,1.390969877234056,0.03999169085607133,1
KXNBAGAME-25NOV29DENPHX,2025-11-29,DEN,PHX,DEN,0,2025-26,0.6272,0.8921627955833576,1.6207569917420104,0.28327301283167294,0.835271657782465,1.565177648528622,1.3494113619683858,0.6979656685568447,0.4539130663474112,0.44272445028060037,-0.14881997673890898,-1.372052552200251,-1.0622413800916604,-1.2164161539661753,0.8815263966194288,0.3679191636330507,-0.9402164412992623,0.9804474054843524,0.23218228934880084,0.5800613709107318,0.10901882340964075,0.3601498845820985,-1.3140085594034403,1.3031648755920693,2.0139636815236917,-0.42220818389459025,-1.2262444016037357,0.018519878121783073,0.9366355906762179,0.8823476465398037,-0.1113335227478969,0.949541061919842,0.5519582697497639,0.42557145388831763,0.06064104867880462,1.220061781454705,-1.0465890741689705,-2.362150972438158,-0.4522057531728885,0.03999169085607133,1
KXNBAGAME-25NOV29DETMIA,2025-11-29,DET,MIA,DET,0,2025-26,0.4248,1.3317299157080804,0.9781972332128941,-0.1640735520281231,0.7715172177137698,1.0239492303875892,0.6216851049940778,-0.6194856806986783,0.5187016447582194,-0.03705523322213846,1.1428387466039553,1.2553334848705566,0.9842444795308961,-1.2164161539661753,1.3319185734116146,1.4781593814498721,0.3625363045706422,0.6762282761273152,-0.30984539273702494,-0.6358408623269395,0.1400402805129028,1.838242390038113,1.6717795598603147,-0.34456678964239706,-0.03306104358159546,0.40923189455416686,0.9237347694900384,0.018519878121783073,-0.3773350188517184,-0.37678611068447265,0.061657308631315716,0.9463721202362592,0.8776652799831784,-0.5428955091257549,-0.9336293654288168,-1.1928852573082944,1.0809057501518378,0.9002249738201343,0.40355436094462194,-2.180942210639239,1
KXNBAGAME-25NOV29NOPGSW,2025-11-29,NOP,GSW,GSW,0,2025-26,0.8247,-1.7452399251649762,-0.40427982301641935,1.241872794674094,-1.2558739764707378,-0.49770115832037864,-1.169641066019601,0.3679632917530356,-0.38833845299311476,-0.836688039060037,1.1428387466039553,1.4742823212931244,-0.31806470386527647,0.9858596426003342,-0.01925795696494194,-0.29432938734540653,-0.5220488932422549,0.2198995820917593,-1.2102384844663574,-0.3417288177089761,0.6467240798661931,-0.12183680197964522,-0.06320542836051567,1.06777463770143,2.2332877592135443,-0.14506149107833788,0.9237347694900384,-1.2582508649066195,-0.08534155006773414,1.275104965307008,-1.0582307050341138,0.49638240116718896,-0.5992046748156707,-0.19373284693851894,-0.1879265548481007,-0.5475622120577246,0.059708234477850335,-0.5270645026678683,-0.123067247743077,0.03999169085607133,0
KXNBAGAME-25NOV29TORCHA,2025-11-29,TOR,CHA,CHA,0,2025-26,0.2295,1.7712970358328026,0.6666531078654419,-0.9788833665941824,1.217798298194636,1.3477990215703395,-0.15852141089664473,0.14284539129772164,-0.2587612961714959,1.1623939755347092,-0.7359375782583929,0.6714699210770445,-0.6901530419784689,0.9858596426003342,-1.3704344873414982,-0.5280641700436858,0.7807038526276472,-0.9589495441667601,-1.1296062672965677,-0.8976723166819554,1.5851231572398885,-0.411028813916691,-0.7087812379310577,0.47929904297483616,-1.3490055097207094,-0.3298259529558397,-1.2262444016037357,2.2528686784214873,0.8928365703586204,-1.2662659208337321,1.5548413268518884,1.7576211912340254,0.5047183217006422,-1.0225347450777016,0.1058351584109682,1.3042343525743445,-0.8763894882233056,1.4099712154229935,-0.2547226499150017,2.260925592351381,0
KXNBAGAME-25NOV30ATLPHI,2025-11-30,ATL,PHI,ATL,0,2025-26,0.404,0.8921627955833576,0.9003112018760303,0.10752971949389666,0.5037485694252499,1.5252509619444423,1.3284192584018177,-0.5939041011014864,-1.2953785507444513,2.6417146663348197,0.3795858646286257,0.6714699210770445,0.7982003104742998,-0.11527825568292054,-0.01925795696494194,-0.5864978657182549,0.12128579607621569,-0.4772692560181178,-0.6726903700010824,-0.39552980148055655,1.3369515004137866,0.42441477612366524,-0.5070387974402635,0.24390880508419793,-0.6179252507545353,1.1482897420641736,-0.1512548160568486,0.6569052496359842,1.1118316719466101,-0.00713216360945562,0.6989919505547307,1.5611468068517496,1.2133175424374623,-1.3753728037090152,-1.2047940238218047,2.2020751111838313,0.10225813096426559,0.9002249738201352,-0.2547226499150011,0.03999169085607133,1
KXNBAGAME-25NOV30BOSCLE,2025-11-30,BOS,CLE,BOS,0,2025-26,0.2995,0.4525956754586354,0.08250787283897211,-0.6114201168879192,0.5420012334664671,0.10119914044222776,1.2619442637743565,-0.7550680525638122,0.7778559584014595,-0.39688999584919366,-1.6166139805376187,-0.9341548793551167,0.8912223950025976,-1.2164161539661753,-0.01925795696494194,0.3484412650748592,0.024785592678443723,0.20722378503521607,-0.35912063656300547,-0.6286673978240631,-0.40542034021946427,0.5850770049775799,-0.06320542836051567,-0.16802411122441813,-0.25238512127144824,0.9635252801866724,-0.1512548160568486,0.3377125638788836,-0.20213893758132823,-0.45764791160713125,0.23464814001052842,0.32209060857000765,1.3276879429774402,-0.2525391900437376,0.12843221327705082,-0.23892945128571375,-1.0465890741689705,-0.4760898785075827,-0.057239546657114906,-1.0704752598915837,1
KXNBAGAME-25NOV30HOUUTA,2025-11-30,HOU,UTA,HOU,0,2025-26,0.8375,1.3317299157080804,0.6277100921970128,-1.0108366926555945,1.217798298194636,-0.06294390440381605,1.5243455583564367,0.24517170968650046,1.7820789237690071,-0.7167431181843533,-0.14881997673890898,0.8174358120254223,-0.8761972110350646,2.086997540883589,-0.920042310549313,1.3223361929843536,2.4855407793215956,-1.0983833117887356,-0.2919271222548461,-0.37400940797192356,-0.00472651930232382,0.3601498845820985,2.075264440841903,1.3031648755920693,0.040046982315021705,-0.7917371076495939,-0.1512548160568486,1.6144833069072864,-0.5233317532437115,-2.5138479922119132,1.6549939134398537,0.15730564102359093,1.3376331951983054,0.18115759035725362,0.9871202981881765,-1.9504383973850508,-1.0465890741689705,0.543402604698134,-0.057239546657114615,2.260925592351381,1
KXNBAGAME-25NOV30MEMSAC,2025-11-30,MEM,SAC,MEM,0,2025-26,0.6341,-0.42653856479080904,-0.8131814875349471,-0.1321202259667086,-0.42706625557770006,-1.624520979695966,-0.7672924143270733,-0.19994777530468624,1.7496846345636043,1.522228738161763,-0.44237877749865095,-1.0801207703034943,-0.038998450280382596,-0.11527825568292054,-1.3704344873414982,-1.32665801092947,1.1667046662187306,-1.7828763528420695,-0.6502925318983627,-0.9694069617107266,-0.6354961470686593,-1.2786048497278306,-0.22459938075315045,-0.4034143491150563,0.040046982315021705,-1.43841272422085,-0.1512548160568486,0.6569052496359843,0.38184799998664437,-0.9312670312969975,0.9721353685219087,-0.7046464969115352,0.12182611119723806,0.30979646589991827,2.1169730414922916,1.220061781454704,-0.025391558494982442,-0.7819376234692975,0.9960036707182824,0.03999169085607133,1
KXNBAGAME-25NOV30NOPLAL,2025-11-30,NOP,LAL,LAL,0,2025-26,0.9196,-1.7452399251649762,-0.44322283868484846,0.9702695231520743,-1.0646106562646522,-0.666280501675782,-1.4495357802404885,0.28098592112257476,-0.06439556093906648,-0.916651319643828,0.7318564255403169,1.109367593922179,-0.41108678839357415,-1.2164161539661753,1.3319185734116146,0.5237423520985692,-0.2647150175148676,0.549470305561883,1.4327064116545725,0.2644289327841395,0.3727012087873723,-0.8287506089368702,-0.6280842617347389,0.655841721392814,0.5518031635913431,-1.346030493282099,-0.1512548160568486,-2.2158289221779213,-0.7277271813925028,0.8938993323858972,-1.1583832916220789,-1.4937129761241998,-1.218296625564682,-0.061418574951774475,0.5351792008665327,-0.21087192757916784,0.059708234477850335,0.39047873221727697,0.6668651652884712,-1.0704752598915837,0
KXNBAGAME-25NOV30OKCPOR,2025-11-30,OKC,POR,OKC,0,2025-26,0.8509,2.210864155957525,1.056083264549755,-2.049319789651551,2.327125555389933,1.2989997379674554,1.1045034870251074,1.166108575185507,-0.6798870558417577,0.08288968765354518,-0.7946493384103421,1.6932311577156909,0.2400678033045113,-0.11527825568292054,-0.920042310549313,0.017316989585630525,1.0862878300539216,-0.8448673706578711,-1.0534536177473188,-1.4285086898948616,-0.5295061686325152,1.131328583080888,-1.1929630951089636,1.0089270782287718,-1.3490055097207094,0.31684966361541633,1.9987243550369254,2.2528686784214873,0.7760391828450263,-2.259710903597839,2.2650142135665505,1.6688908240936406,1.7702516668060508,1.2157816893646984,-1.2725851884200492,0.8833714969761463,-1.3018884530874681,2.1236159536669943,-0.057239546657114906,-2.180942210639239,1
KXNBAGAME-25NOV30SASMIN,2025-11-30,SAS,MIN,MIN,0,2025-26,0.6375,0.8921627955833576,0.8418966783733839,-0.020283584751761306,0.5675030094939452,0.6291186630552014,-0.022072737713963664,1.767275695719581,0.5510959339636248,0.44272445028060037,-0.3249552571947546,-0.1313424791390367,-0.038998450280382596,-0.11527825568292054,0.4311342198272434,0.660087642005899,-0.4416320570774461,0.7776346525796609,-0.3277636632191988,-0.273580904931647,-0.04867358353194382,0.6493418965191443,-0.5070387974402635,0.18506124561153864,0.9904513189710487,0.1320852017379145,-1.2262444016037357,0.3377125638788836,0.1336535515202556,0.30476335423508844,-0.15685742574242656,0.6770120771315326,0.1690660592463584,1.3058289022445633,-0.07494128051768933,0.658911307323775,-0.36579073038631205,-0.7819376234692984,-0.123067247743077,1.1504586416037264,0
KXNBAGAME-25NOV30TORNYK,2025-11-30,TOR,NYK,NYK,0,2025-26,0.7536,1.7712970358328026,0.4914095373575026,-1.1706033229626647,1.2560509622358533,1.294563439458108,-0.5468753268781257,0.2400553937670621,0.1947587527041712,1.3623021769941839,-0.44237877749865095,0.5984869756028544,-0.8761972110350646,-1.2164161539661753,0.8815263966194288,1.2833803958679733,-0.18429818135005877,0.9804474054843524,0.8458830533633145,0.5155001903848389,0.015954452099854688,0.006692981103485984,0.34027945262107273,-0.933042384368992,0.2593710600048745,-0.5145904148333416,-0.1512548160568486,0.6569052496359845,-0.5963301204397081,-0.7117850002212056,0.18912423701599884,0.3220906085700147,-0.7508697711839011,0.16278060813687065,0.12843221327705082,0.7150263547368678,0.35755750988276314,0.23755485973641818,-0.25472264991500143,-1.0704752598915837,0
KXNBAGAME-25OCT21GSWLAL,2025-10-21,GSW,LAL,GSW,0,2025-26,0.5743,,,,,,,,,,,,,0.9858596426003342,,,,,,,,,,,,,0.9237347694900384,,,,,,,,,,,,,0.03999169085607133,1
KXNBAGAME-25OCT21HOUOKC,2025-10-21,HOU,OKC,OKC,0,2025-26,0.5673,,,,,,,,,,,,,0.9858596426003342,,,,,,,,,,,,,0.9237347694900384,,,,,,,,,,,,,0.03999169085607133,0
KXNBAGAME-25OCT22BKNCHA,2025-10-22,BKN,CHA,CHA,0,2025-26,0.6613,,,,,,,,,,,,,0.9858596426003342,,,,,,,,,,,,,0.9237347694900384,,,,,,,,,,,,,0.03999169085607133,0
KXNBAGAME-25OCT22CLENYK,2025-10-22,CLE,NYK,NYK,0,2025-26,0.4718,,,,,,,,,,,,,0.9858596426003342,,,,,,,,,,,,,0.9237347694900384,,,,,,,,,,,,,0.03999169085607133,0
KXNBAGAME-25OCT22DETCHI,2025-10-22,DET,CHI,CHI,0,2025-26,0.446,,,,,,,,,,,,,0.9858596426003342,,,,,,,,,,,,,0.9237347694900384,,,,,,,,,,,,,0.03999169085607133,0
KXNBAGAME-25OCT22LACUTA,2025-10-22,LAC,UTA,UTA,0,2025-26,0.9881,,,,,,,,,,,,,0.9858596426003342,,,,,,,,,,,,,0.9237347694900384,,,,,,,,,,,,,0.03999169085607133,0
KXNBAGAME-25OCT22MIAORL,2025-10-22,MIA,ORL,ORL,0,2025-26,0.7298,,,,,,,,,,,,,0.9858596426003342,,,,,,,,,,,,,0.9237347694900384,,,,,,,,,,,,,0.03999169085607133,0
KXNBAGAME-25OCT22MINPOR,2025-10-22,MIN,POR,MIN,0,2025-26,0.5538,,,,,,,,,,,,,0.9858596426003342,,,,,,,,,,,,,0.9237347694900384,,,,,,,,,,,,,0.03999169085607133,1
KXNBAGAME-25OCT22NOPMEM,2025-10-22,NOP,MEM,MEM,0,2025-26,0.4497,,,,,,,,,,,,,0.9858596426003342,,,,,,,,,,,,,0.9237347694900384,,,,,,,,,,,,,0.03999169085607133,0
KXNBAGAME-25OCT22PHIBOS,2025-10-22,PHI,BOS,PHI,0,2025-26,0.3645,,,,,,,,,,,,,0.9858596426003342,,,,,,,,,,,,,0.9237347694900384,,,,,,,,,,,,,0.03999169085607133,1
KXNBAGAME-25OCT22SACPHX,2025-10-22,SAC,PHX,PHX,0,2025-26,0.2987,,,,,,,,,,,,,0.9858596426003342,,,,,,,,,,,,,0.9237347694900384,,,,,,,,,,,,,0.03999169085607133,0
KXNBAGAME-25OCT22SASDAL,2025-10-22,SAS,DAL,SAS,0,2025-26,0.8312,,,,,,,,,,,,,0.9858596426003342,,,,,,,,,,,,,0.9237347694900384,,,,,,,,,,,,,0.03999169085607133,1
KXNBAGAME-25OCT22TORATL,2025-10-22,TOR,ATL,TOR,0,2025-26,0.3894,,,,,,,,,,,,,0.9858596426003342,,,,,,,,,,,,,0.9237347694900384,,,,,,,,,,,,,0.03999169085607133,1
KXNBAGAME-25OCT22WASMIL,2025-10-22,WAS,MIL,MIL,0,2025-26,0.8738,,,,,,,,,,,,,0.9858596426003342,,,,,,,,,,,,,0.9237347694900384,,,,,,,,,,,,,0.03999169085607133,0
KXNBAGAME-25OCT23DENGSW,2025-10-23,DEN,GSW,GSW,0,2025-26,0.5203,,,,,,,,,,,,,0.9858596426003342,,,,,,,,,,,,,-0.1512548160568486,,,,,,,,,,,,,1.1504586416037264,0
KXNBAGAME-25OCT23OKCIND,2025-10-23,OKC,IND,OKC,0,2025-26,0.6713,,,,,,,,,,,,,-0.11527825568292054,,,,,,,,,,,,,0.9237347694900384,,,,,,,,,,,,,-1.0704752598915837,1
KXNBAGAME-25OCT24ATLORL,2025-10-24,ATL,ORL,ATL,0,2025-26,0.3322,,,,,,,,,,,,,-0.11527825568292054,,,,,,,,,,,,,-0.1512548160568486,,,,,,,,,,,,,0.03999169085607133,1
KXNBAGAME-25OCT24BOSNYK,2025-10-24,BOS,NYK,NYK,0,2025-26,0.5994,,,,,,,,,,,,,-0.11527825568292054,,,,,,,,,,,,,-0.1512548160568486,,,,,,,,,,,,,0.03999169085607133,0
KXNBAGAME-25OCT24CLEBKN,2025-10-24,CLE,BKN,CLE,0,2025-26,0.871,,,,,,,,,,,,,-0.11527825568292054,,,,,,,,,,,,,-0.1512548160568486,,,,,,,,,,,,,0.03999169085607133,1
KXNBAGAME-25OCT24DETHOU,2025-10-24,DET,HOU,DET,0,2025-26,0.315,,,,,,,,,,,,,-0.11527825568292054,,,,,,,,,,,,,0.9237347694900384,,,,,,,,,,,,,-1.0704752598915837,1
KXNBAGAME-25OCT24GSWPOR,2025-10-24,GSW,POR,POR,0,2025-26,0.3973,,,,,,,,,,,,,-1.2164161539661753,,,,,,,,,,,,,-0.1512548160568486,,,,,,,,,,,,,-1.0704752598915837,0
KXNBAGAME-25OCT24MIAMEM,2025-10-24,MIA,MEM,MIA,0,2025-26,0.4134,,,,,,,,,,,,,-0.11527825568292054,,,,,,,,,,,,,-0.1512548160568486,,,,,,,,,,,,,0.03999169085607133,1
KXNBAGAME-25OCT24MILTOR,2025-10-24,MIL,TOR,MIL,0,2025-26,0.4732,,,,,,,,,,,,,-0.11527825568292054,,,,,,,,,,,,,-0.1512548160568486,,,,,,,,,,,,,0.03999169085607133,1
KXNBAGAME-25OCT24MINLAL,2025-10-24,MIN,LAL,LAL,0,2025-26,0.4267,,,,,,,,,,,,,-0.11527825568292054,,,,,,,,,,,,,0.9237347694900384,,,,,,,,,,,,,-1.0704752598915837,0
KXNBAGAME-25OCT24PHXLAC,2025-10-24,PHX,LAC,LAC,0,2025-26,0.7046,,,,,,,,,,,,,-0.11527825568292054,,,,,,,,,,,,,-0.1512548160568486,,,,,,,,,,,,,0.03999169085607133,0
KXNBAGAME-25OCT24SASNOP,2025-10-24,SAS,NOP,SAS,0,2025-26,0.6745,,,,,,,,,,,,,-0.11527825568292054,,,,,,,,,,,,,-0.1512548160568486,,,,,,,,,,,,,0.03999169085607133,1
KXNBAGAME-25OCT24UTASAC,2025-10-24,UTA,SAC,SAC,0,2025-26,0.629,,,,,,,,,,,,,-0.11527825568292054,,,,,,,,,,,,,-0.1512548160568486,,,,,,,,,,,,,0.03999169085607133,0
KXNBAGAME-25OCT24WASDAL,2025-10-24,WAS,DAL,WAS,0,2025-26,0.1701,,,,,,,,,,,,,-0.11527825568292054,,,,,,,,,,,,,-0.1512548160568486,,,,,,,,,,,,,0.03999169085607133,1
KXNBAGAME-25OCT25CHAPHI,2025-10-25,CHA,PHI,PHI,0,2025-26,0.6867,,,,,,,,,,,,,0.9858596426003342,,,,,,,,,,,,,0.9237347694900384,,,,,,,,,,,,,0.03999169085607133,0
KXNBAGAME-25OCT25CHIORL,2025-10-25,CHI,ORL,CHI,0,2025-26,0.3149,,,,,,,,,,,,,0.9858596426003342,,,,,,,,,,,,,-1.2262444016037357,,,,,,,,,,,,,2.260925592351381,1
KXNBAGAME-25OCT25INDMEM,2025-10-25,IND,MEM,MEM,0,2025-26,0.5389,,,,,,,,,,,,,-0.11527825568292054,,,,,,,,,,,,,-1.2262444016037357,,,,,,,,,,,,,1.1504586416037264,0
KXNBAGAME-25OCT25OKCATL,2025-10-25,OKC,ATL,OKC,0,2025-26,0.758,,,,,,,,,,,,,-0.11527825568292054,,,,,,,,,,,,,-1.2262444016037357,,,,,,,,,,,,,1.1504586416037264,1
KXNBAGAME-25OCT25PHXDEN,2025-10-25,PHX,DEN,DEN,0,2025-26,0.8784,,,,,,,,,,,,,-1.2164161539661753,,,,,,,,,,,,,-0.1512548160568486,,,,,,,,,,,,,-1.0704752598915837,0
KXNBAGAME-25OCT26BKNSAS,2025-10-26,BKN,SAS,SAS,0,2025-26,0.7777,,,,,,,,,,,,,-0.11527825568292054,,,,,,,,,,,,,-0.1512548160568486,,,,,,,,,,,,,0.03999169085607133,0
KXNBAGAME-25OCT26BOSDET,2025-10-26,BOS,DET,DET,0,2025-26,0.4223,,,,,,,,,,,,,-0.11527825568292054,,,,,,,,,,,,,-0.1512548160568486,,,,,,,,,,,,,0.03999169085607133,0
KXNBAGAME-25OCT26CHAWAS,2025-10-26,CHA,WAS,CHA,0,2025-26,0.452,,,,,,,,,,,,,-1.2164161539661753,,,,,,,,,,,,,-0.1512548160568486,,,,,,,,,,,,,-1.0704752598915837,1
KXNBAGAME-25OCT26INDMIN,2025-10-26,IND,MIN,MIN,0,2025-26,0.8444,,,,,,,,,,,,,-1.2164161539661753,,,,,,,,,,,,,-0.1512548160568486,,,,,,,,,,,,,-1.0704752598915837,0
KXNBAGAME-25OCT26LALSAC,2025-10-26,LAL,SAC,LAL,0,2025-26,0.4534,,,,,,,,,,,,,-0.11527825568292054,,,,,,,,,,,,,-0.1512548160568486,,,,,,,,,,,,,0.03999169085607133,1
KXNBAGAME-25OCT26MILCLE,2025-10-26,MIL,CLE,CLE,0,2025-26,0.6602,,,,,,,,,,,,,-0.11527825568292054,,,,,,,,,,,,,-0.1512548160568486,,,,,,,,,,,,,0.03999169085607133,0
KXNBAGAME-25OCT26NYKMIA,2025-10-26,NYK,MIA,MIA,0,2025-26,0.3873,,,,,,,,,,,,,-0.11527825568292054,,,,,,,,,,,,,-0.1512548160568486,,,,,,,,,,,,,0.03999169085607133,0
KXNBAGAME-25OCT26PORLAC,2025-10-26,POR,LAC,LAC,0,2025-26,0.7643,,,,,,,,,,,,,-0.11527825568292054,,,,,,,,,,,,,-0.1512548160568486,,,,,,,,,,,,,0.03999169085607133,0
KXNBAGAME-25OCT26TORDAL,2025-10-26,TOR,DAL,DAL,0,2025-26,0.5057,,,,,,,,,,,,,-0.11527825568292054,,,,,,,,,,,,,-0.1512548160568486,,,,,,,,,,,,,0.03999169085607133,0
KXNBAGAME-25OCT27ATLCHI,2025-10-27,ATL,CHI,CHI,0,2025-26,0.4474,-0.7195833115406242,-1.1701591311622332,0.7892006754707293,-1.3961337446218671,-1.4441115069822927,-1.2326173767192994,-0.5487099771464389,-1.2305899723336406,-0.5434893435861419,1.044985813017374,-0.5205848550013779,0.45711933387054005,-0.11527825568292054,,,,,,,,,,,,,-0.1512548160568486,,,,,,,,,,,,,0.03999169085607133,0
KXNBAGAME-25OCT27BKNHOU,2025-10-27,BKN,HOU,HOU,0,2025-26,0.8935,-2.1848070452896984,0.06303636500475757,2.014078174491601,-1.5661455848050545,-1.0300569794427046,0.16685619438513768,2.9559664276692326,-2.310399612513802,-0.4102172092798245,1.044985813017374,0.20924459974051254,-3.5738376623557073,-1.2164161539661753,,,,,,,,,,,,,0.9237347694900384,,,,,,,,,,,,,-2.180942210639239,0
KXNBAGAME-25OCT27BOSNOP,2025-10-27,BOS,NOP,BOS,0,2025-26,0.6476,-2.1848070452896984,-1.4946842617324951,-0.329165736678762,-0.7160863838891183,-1.6215634473563956,-1.7224331266058526,-0.37816611316514276,-1.554532864387689,-3.742020566937736,-0.9120728587142385,0.6957975695684407,1.3873401791535203,-1.2164161539661753,,,,,,,,,,,,,0.9237347694900384,,,,,,,,,,,,,-2.180942210639239,1
KXNBAGAME-25OCT27CLEDET,2025-10-27,CLE,DET,CLE,0,2025-26,0.5343,0.7456404222084503,0.8418966783733839,0.4696674148565889,0.1764757770726145,0.5374351605285819,0.7499701823453172,-1.4099564902519948,-2.094437684477769,-0.5434893435861419,1.044985813017374,1.6689035092242948,-1.0932487416010934,-1.2164161539661753,0.7313956710220336,-0.09955040176350768,-0.3933819553785613,0.24525117620484574,-1.2460750254307076,-1.2766703579172967,-0.9991365608902373,1.8596640205519672,-0.39944282917850554,0.04775027350866593,-1.0565734061342396,3.519433669492112,-1.2262444016037357,0.018519878121783073,0.7030408156490298,0.6243599959770315,-0.05366991228815937,1.2611536608057046,1.4130513578732211,-0.3009319098907414,-2.7715231612035067,-0.10799434065516389,0.7263232794317027,1.902725915639089,-3.282796899869268,0.03999169085607133,1
KXNBAGAME-25OCT27DENMIN,2025-10-27,DEN,MIN,DEN,0,2025-26,0.7089,,,,,,,,,,,,,-0.11527825568292054,0.7313956710220336,-0.29432938734540653,0.30356395804978115,-0.4307913334774593,0.08286336866400144,0.8514574446029162,-1.205946274911988,0.1459335794435465,-2.147877313432056,0.24390880508419793,-0.5691865668234566,0.7479667413295871,-1.2262444016037357,,,,,,,,,,,,,1.1504586416037264,1
KXNBAGAME-25OCT27MEMGSW,2025-10-27,MEM,GSW,GSW,0,2025-26,0.779,0.7456404222084503,1.490946939513905,1.2685005663919398,-0.036039023156369476,-0.6899407603923321,-1.2442796564785037,1.207891821860929,-0.2587612961714959,-0.01040080636087527,-0.1292493900215929,-1.493690794657233,1.6974137942478476,-0.11527825568292054,0.7313956710220336,1.848239454055481,1.75106700901634,-0.1772753923465949,0.26204607348575476,1.8557424750057139,1.3274727218544546,-0.818039793679941,0.8110118137662597,1.8131770576884518,1.8677476297304572,-1.4076186472412662,0.9237347694900384,0.018519878121783073,-0.2702707469642586,-0.33828049119749065,0.09807643102693947,-0.6824639051264391,-2.175527151823194,-0.07428246250604174,0.3920645200480101,-0.5756197357642715,-1.4011715448891053,-2.3451594310513966,2.202844857294258,-1.0704752598915837,0
KXNBAGAME-25OCT27OKCDAL,2025-10-27,OKC,DAL,OKC,0,2025-26,0.7686,2.210864155957525,2.3347122789965855,0.6294340451636591,1.0265349779885504,-0.837817377370756,-1.9090296027531113,1.9668120165777032,1.7928770201708104,-1.7429385523429897,-0.9120728587142385,1.425627024310332,-1.7133959717897467,-0.11527825568292054,-0.7699115849519178,-0.5540347014546041,1.3221772161373613,-1.402602441145773,-0.2904339330479983,0.409093800258828,-0.16328063338566273,0.2530417320128214,-0.6684327498328982,2.597811183990578,0.6492805314535006,0.1320852017379145,-1.2262444016037357,2.1464711165024544,2.163008159568961,-0.49230296914541544,1.7369369388300069,-0.3972591536037891,-1.6451137000435856,1.530640651407225,1.0699761660304798,-0.7626698938079152,-2.5358354511935364,0.543402604698134,-1.3079658672903984,1.1504586416037264,1
KXNBAGAME-25OCT27ORLPHI,2025-10-27,ORL,PHI,PHI,0,2025-26,0.3696,-0.7195833115406242,-1.105254105048182,-0.2759101932430727,-0.5035715836601343,-1.2075089198168123,-3.06359529891427,-0.42932927235953217,1.3609531640987453,-3.2089320297124693,2.610632750402665,-0.5205848550013779,0.1470457187762136,-0.11527825568292054,,,,,,,,,,,,,-0.1512548160568486,,,,,,,,,,,,,0.03999169085607133,0
KXNBAGAME-25OCT27PHXUTA,2025-10-27,PHX,UTA,UTA,0,2025-26,0.7091,-0.7195833115406242,-0.9105390267060254,1.6412893704417695,-1.9061692651714288,-1.429323845284447,-1.2092928172008928,-0.12235031719319574,-0.5827041882255442,-1.3431221494240404,2.023515148883181,0.20924459974051254,0.1470457187762136,-0.11527825568292054,,,,,,,,,,,,,0.9237347694900384,,,,,,,,,,,,,-1.0704752598915837,0
KXNBAGAME-25OCT27PORLAL,2025-10-27,POR,LAL,POR,0,2025-26,0.5753,-0.7195833115406242,0.8418966783733839,0.20338969767813786,0.38899057730159853,-1.562412800565028,-0.33462183526062156,1.9327032437814444,-1.3385709363516576,-0.14367294066719263,1.4363975473636972,2.398732963966186,-1.4033223566954198,-1.2164161539661753,0.7313956710220336,1.1340498402551842,0.1427302857201635,0.6255250879011423,3.1737650268393245,-1.0734221970024433,-0.32700499031955055,-0.818039793679941,-0.6684327498328982,1.028542931386324,-0.8128799864788484,-2.0235001868329388,-1.2262444016037357,-1.0454557410685523,-0.22160516883359288,0.04677570367231787,-0.17506698694023842,-3.365501197228419,0.5014032376270173,1.622525562509132,-0.3611706421547328,0.3596310544539448,0.30082431456754183,2.2425567433743283,0.44743949500193,0.03999169085607133,1
KXNBAGAME-25OCT27TORSAS,2025-10-27,TOR,SAS,SAS,0,2025-26,0.6518,-0.7195833115406242,2.3347122789965855,1.6945449138774586,0.1764757770726145,2.045776653708493,-0.42792007333425003,-0.9580152507015541,0.7130673799906488,1.8554090739275537,1.4363975473636972,1.1823505393963678,-1.7133959717897467,-1.2164161539661753,2.2327029269959855,1.0691235117278854,-1.6800513340155026,2.0198627641208966,1.8149628486076592,0.8634132187743767,-2.6708484158993864,2.3952047833983507,-1.4754025117960752,1.028542931386324,-0.5691865668234566,2.9035521299004396,-1.2262444016037357,-2.109431360258888,0.9463687063023524,2.434124111865133,-1.3283391961349895,0.17315034944151428,-0.9075074936625661,1.2121062929206228,-1.189729320577749,2.3236577139122,0.30082431456754183,1.2230642601686115,-3.282796899869268,0.03999169085607133,0
KXNBAGAME-25OCT28CHAMIA,2025-10-28,CHA,MIA,MIA,0,2025-26,0.6234,0.7456404222084503,3.178477618479263,0.4164118714208973,1.749085298767096,1.6760851112624369,1.986171836820902,-1.1711950806781757,1.6848960561527937,1.7221369396212376,0.45786821149789103,-0.5205848550013779,-0.7831751265067666,-0.11527825568292054,0.7313956710220336,2.3027237537465775,-0.018103386609454167,1.5128308818591676,1.02357256897823,1.1383960247180012,0.3537436516687139,2.3952047833983507,0.6765168534390626,2.205494120839514,1.3803607904196749,-1.7155594170371025,-0.1512548160568486,0.018519878121783073,0.654375237518366,0.31631504008118366,0.15877496835297894,0.46891823990944814,0.6174311802038077,-1.0911421453671202,-0.5118176745952808,0.7337313705412322,-1.2593385566010504,-1.32566694784568,0.6668651652884708,0.03999169085607133,0
KXNBAGAME-25OCT28LACGSW,2025-10-28,LAC,GSW,GSW,0,2025-26,0.4906,0.7456404222084503,0.25775144334691413,-0.48893236698583215,0.5590024174847857,2.5337694897372898,2.0094963963393107,1.9923935961748978,-0.2587612961714959,0.7892319994770233,2.806338617575826,1.425627024310332,1.3873401791535203,-0.11527825568292054,1.1067224850155217,2.1404079324283294,1.4159968583296374,0.2769406688462038,0.8593217562249499,2.145669998663664,1.10558313285195,-1.0054790606761754,1.550734095565838,1.5679788932190366,1.136667370764283,-1.022692684996471,-1.2262444016037357,-0.24747402667580093,-1.413911833034871,-1.3683058124742307,0.19671155418175368,1.1977748271340025,-0.06423298243482935,0.6470140896439099,0.5238806734334905,-0.5288571962533604,0.9036145147917698,0.2035717769628953,1.7091370991495405,1.1504586416037264,0
KXNBAGAME-25OCT28NYKMIL,2025-10-28,NYK,MIL,MIL,0,2025-26,0.4406,0.7456404222084503,-1.0403490789341308,-1.394276605392564,0.4314935373473953,-3.1299049405363117,-0.8360998649063769,1.3357997198469023,2.33278184026089,-1.6096664180366722,1.2406916801905365,-0.2773083700874144,-1.0932487416010934,-0.11527825568292054,0.7313956710220336,1.3937551543643845,0.410786406269527,0.5832724310459982,1.874690416881582,0.9471036379746125,-2.464038701877636,0.2530417320128214,0.13853701213027853,0.24390880508419793,0.8929739511088911,0.7479667413295871,-0.1512548160568486,0.018519878121783073,-1.8275692471455196,-1.3009209783720146,-0.11436844961419891,-3.5662008371888057,-1.255591321392936,2.712893174251732,1.4465937471318504,-1.2302952889170229,0.7263232794317035,-0.8159207062428213,-1.3079658672903987,0.03999169085607133,0
KXNBAGAME-25OCT28PHIWAS,2025-10-28,PHI,WAS,PHI,0,2025-26,0.639,2.210864155957525,2.0101871484263234,0.7359451320350376,0.729014257667973,0.1677436180825231,2.312715670078605,0.12493828557968449,-1.3385709363516576,-0.4102172092798245,-1.4991904602337225,-1.7369672795711966,1.0772665640591939,-1.2164161539661753,-0.7699115849519178,0.22508124087299133,1.75106700901634,-1.2335918137251964,-0.5442760982121575,0.5047399936305244,-2.0676534166692844,1.324123257705586,-0.6684327498328982,0.24390880508419793,-1.0565734061342396,0.4400259715337504,-0.1512548160568486,2.1464711165024544,1.335693331347666,-0.723336686067301,1.4030949835367894,0.5006076567453018,1.288735705112374,1.5612689551078607,-1.8676409665602174,0.1725808964103021,-1.2593385566010513,-0.4760898785075827,0.44743949500193,-1.0704752598915837,1
KXNBAGAME-25OCT28SACOKC,2025-10-28,SAC,OKC,OKC,0,2025-26,0.7896,-0.7195833115406242,-0.39129881779360687,0.20338969767813786,-0.4185656635685407,0.2121066031760476,1.799575360673645,-3.2518302212500134,-2.310399612513802,-0.8100336121987738,-0.3249552571947546,1.912179994138259,1.0772665640591939,-0.11527825568292054,2.2327029269959855,1.0691235117278854,-0.35317353729615686,0.9741095069560808,-0.6637312347599931,-2.8488546614645323,1.8811195604335151,2.207765516402116,-1.8788873927776635,-0.933042384368992,0.4055871117981088,-1.2536482623433483,-1.2262444016037357,-2.109431360258888,-1.0975855751855519,0.4029526839268907,-1.002084558007527,0.6168021851434151,3.2487791636417107,-3.671576732145611,-3.166971621359948,0.7337313705412322,0.44265730285559524,1.0531488463009921,1.6542806815779054,1.1504586416037264,0
KXNBAGAME-25OCT29ATLBKN,2025-10-29,ATL,BKN,ATL,0,2025-26,0.6092,-1.0858892449778927,-0.5211088700217122,1.0821061643670238,-1.2048704244157815,-0.7638790688815452,-1.0576831803312468,-0.9366972677038914,-1.554532864387689,0.12287132794544067,-0.47173465757462557,-0.45976573377288715,-0.5506199151860215,-0.11527825568292054,-2.271218840925869,-0.24563464094993184,2.4212073103897476,-2.0680817866142918,-0.6973279919140716,0.31643655042999885,1.4739629359531927,-2.290776891507492,-0.7693039700782954,0.6852655011291442,-0.873803341392696,-3.7941596131589965,-0.1512548160568486,0.8165015925145346,-0.20943877430092747,-0.9543704029891864,0.6216013154640304,-0.05659792261840222,-0.9758811026810333,-1.7190223712301336,0.5238806734334905,0.6168250217639547,-0.8338395917368897,0.28852948389670474,2.3125576924375286,0.03999169085607133,1
KXNBAGAME-25OCT29CLEBOS,2025-10-29,CLE,BOS,BOS,0,2025-26,0.4154,1.111946355645719,0.6471816000312274,-0.4756184811269104,0.8033944377481174,0.26756033454295997,0.16685619438513574,-1.128559114682853,-1.2305899723336406,-0.5768073771627206,1.5831769477435682,1.729722630452786,-1.0157303378275115,-0.11527825568292054,-1.1452383989454056,-0.7812768513001538,-1.237758735109054,0.4670776246943521,-1.0668923206089493,-1.4500290834034926,-0.19344038334716757,-0.3628301452605171,-2.9884708154770316,-1.0801612830506409,-0.14272308242652185,1.5178186658191772,-0.1512548160568486,1.6144833069072864,1.0680326516290126,0.5473487570030691,0.23464814001052842,0.9416187077108821,1.118837646339219,-0.6715343846684236,-0.605972069870623,1.6689821607594484,1.9319036798801608,1.3080219671024214,-1.8016736254351158,0.03999169085607133,0
KXNBAGAME-25OCT29HOUTOR,2025-10-29,HOU,TOR,HOU,0,2025-26,0.6895,-0.7195833115406242,1.6207569917420104,0.09687861080675697,0.9840320179427539,-0.12800961587432486,1.8578867594696646,1.54045235662446,0.49710545195461747,-1.209850015117723,1.044985813017374,1.1823505393963678,-1.0932487416010934,-0.11527825568292054,-1.1452383989454056,1.166513004518835,1.5366221125768507,-0.45191766190503135,1.5312568993065434,-0.14087181162841897,-1.027142042997352,-1.4071346328109617,1.6516053158112352,1.1266221971740904,0.9538973060227395,-1.4846038396902252,-0.1512548160568486,0.28451378291936685,0.33804897966904685,-1.0313816419631487,1.0237291252490426,-1.1789314355547598,1.4130513578732227,1.8384551035986085,1.3336084728014392,-2.001877190847052,-0.053758156152593876,0.16109292349599016,0.28287024228702395,0.03999169085607133,1
KXNBAGAME-25OCT29INDDAL,2025-10-29,IND,DAL,DAL,0,2025-26,0.6523,-2.1848070452896984,0.06303636500475757,1.9075670876202204,-1.4811396647134607,-2.1095562833851944,-0.8827489839431901,-1.6231363202286164,1.7928770201708104,-1.3431221494240404,0.06645647715156769,-2.4667967343130877,-0.16302789631811285,0.9858596426003342,-1.1452383989454056,-1.4630033008367997,0.410786406269527,-1.2758444705803407,-1.2460750254307076,-0.14087181162841897,-0.48426654369025657,-0.4431612596874744,-1.1727888510598838,1.1266221971740904,0.040046982315021705,-0.09887037560896261,-0.1512548160568486,-0.7794618362709685,1.1410310188250092,1.0864274298208023,-0.1447177182772186,-0.6296482104000244,-0.5345605353800283,-0.8200816576165008,1.5595790214622618,-0.13137561041061896,-0.7629230975928629,-1.7504554825147285,-0.04626826314278731,1.1504586416037264,0
KXNBAGAME-25OCT29LALMIN,2025-10-29,LAL,MIN,LAL,0,2025-26,0.2723,0.013028555333913172,0.45246652168907076,0.3232146704084405,0.03834115692377492,2.274985410025048,-1.6961929971476453,-0.060528166499976395,-0.7446756342525683,-0.8766696793519324,2.317073949642923,-0.09485100640194162,-1.4808407604690017,-0.11527825568292054,-0.01925795696494194,-0.29432938734540653,0.6922453328463579,-0.7371230956772539,0.06419850357839872,0.23573507477263017,-0.6135226149538507,-0.7644857173953036,-2.383243494004649,0.24390880508419793,-0.508263211909609,1.5178186658191772,-0.1512548160568486,0.018519878121783073,0.5570440812570365,-0.2612692522235299,0.5533154609722359,1.5754070444278823,-1.3736911915157388,0.39433058411367145,0.015446938946639432,1.0376878773621523,1.5064047150159994,0.28852948389670474,-2.1308121308649275,0.03999169085607133,1
KXNBAGAME-25OCT29MEMPHX,2025-10-29,MEM,PHX,MEM,0,2025-26,0.5587,0.013028555333913172,1.2313268350576971,1.5614060552882343,-0.4398171435914391,-0.6973345912412524,-1.381311443649147,1.8452995134910275,-0.5827041882255442,0.5226877308643899,-0.3249552571947546,-1.1895951885147782,0.8447113527384488,-0.11527825568292054,-1.1452383989454056,0.24131282300481532,2.1799568018953215,-1.5610499043525632,-1.5820425969715044,-0.8402846006589367,-0.1675891690944516,-0.12183680197964522,0.037665791884881436,1.4208599945373879,0.9538973060227395,0.8249519337785458,-0.1512548160568486,0.8165015925145346,0.739539999247028,-0.434544539914944,0.803696927442149,0.6168021851434169,-0.4040290999811423,1.4464128162304803,-0.32350888404459466,0.3362497846984897,-1.2593385566010513,-1.4955823617132993,0.008588154428847751,0.03999169085607133,1
KXNBAGAME-25OCT29NOPDEN,2025-10-29,NOP,DEN,DEN,0,2025-26,0.8571,-2.1848070452896984,-1.2350641572762873,1.2152450229562481,-1.7786603850340383,-2.789788721485937,-1.6874462873282416,0.13346547877875128,-0.47472322420752733,-2.542571358180888,0.06645647715156769,0.45252108465447666,-2.3335432019784,-0.11527825568292054,0.7313956710220336,2.887060710492277,0.8396761991485082,1.217062283873159,2.3823747472098953,1.3894672823187006,3.145674790962342,0.038825426874269355,0.9455067740934554,-0.14840825806686503,0.4055871117981088,-1.7155594170371025,-0.1512548160568486,-2.1094313602588874,-3.0928742785427943,0.27780942059420166,-2.147769450036523,-3.682395365586921,-2.1672394416391367,-2.1386301319288323,-0.3611706421547312,-2.446121316200705,0.15899132627948695,0.03365636309527558,-0.43026318614423426,0.03999169085607133,0
KXNBAGAME-25OCT29ORLDET,2025-10-29,ORL,DET,DET,0,2025-26,0.4215,-1.0858892449778927,-0.4237513308506339,0.6028062734458133,-0.7585893439349151,-0.04298056111173113,-2.6408376576431385,-0.9494880575024902,0.9560245490311851,-2.3759811902979924,1.7299563481234392,-1.1895951885147782,0.6121561414177037,-0.11527825568292054,-0.01925795696494194,-1.073445329673002,-0.27275670113134803,-0.48360715454638936,-1.9628058447177408,-1.2617256402029688,-1.49892670310947,1.7257788298403725,-0.9710464105690896,1.7150977919006853,-0.14272308242652185,2.4416409752066857,-0.1512548160568486,-0.7794618362709685,0.48404571406103997,0.6339864008487761,-0.19782893843750327,1.3535811265769329,-1.0069600158712428,0.385142093003482,-0.5494794327054174,-0.996482591362469,0.01715833799143357,-0.7309629993090119,-1.3079658672903984,0.03999169085607133,0
KXNBAGAME-25OCT29PORUTA,2025-10-29,POR,UTA,POR,0,2025-26,0.5358,0.013028555333913172,0.9392542175444623,-0.15608522051277005,0.7396399976794222,-1.340597875097393,-0.5416273009864846,2.414489659528612,-0.5827041882255442,-0.3768991757032459,1.7299563481234392,2.459552085194677,-0.08550949254453144,-0.11527825568292054,0.7313956710220336,1.5885341399462833,0.03550783750041991,1.0057989995974388,-0.1709787965001578,-0.5234565851151983,2.387372506215924,3.037853698814009,1.3489916550750438,1.6170185261129189,-0.08179972751267356,-1.0996778774454303,-0.1512548160568486,-0.5134679314733845,-0.4892658485522484,-0.13612598889084254,-0.19782893843750327,-0.8409109893056917,-0.026938286606575584,0.03904226118630913,-2.5455526125426853,-1.206914019161568,0.08807483213546101,1.7752893552383744,0.7217215828601062,0.03999169085607133,1
KXNBAGAME-25OCT29SACCHI,2025-10-29,SAC,CHI,CHI,0,2025-26,0.6299,-1.0858892449778927,-1.0078965658771037,-0.1960268780895376,-0.5035715836601343,-0.36461220303980274,1.2252080825328653,-1.652981496425343,-1.554532864387689,-1.1765319815411444,0.11538294394485837,1.912179994138259,0.37960093009695867,-1.2164161539661753,2.2327029269959855,0.41986022645489024,-0.7686605241476684,0.8790410290320066,0.41136499417055417,0.42104957443028856,-0.12881234771537192,1.645447715413415,1.080001734420651,2.4016526524150468,-0.3254931471680654,-0.17585556805792138,-0.1512548160568486,-2.3754252650564713,-1.073252786120221,0.4125790887986354,-0.994497240841772,-0.5557062377830401,0.5739207017375123,-1.0942049757371834,-2.244258547661588,-1.5810143352488542,-1.6493792743931999,1.5628950879038506,0.3925830774302943,-1.0704752598915837,0
KXNBAGAME-25OCT30GSWMIL,2025-10-30,GSW,MIL,MIL,0,2025-26,0.2686,1.3317299157080804,0.9976687410471087,-0.08419023687458801,0.7205136656588136,0.504902304793325,1.7692534332997152,0.7286635640734807,-0.9066470802795924,1.0024674143671288,1.084126986452006,1.3283164303447454,-1.1552634646199587,-0.11527825568292054,1.1067224850155217,1.312597243705259,0.12932747969269612,0.7522830584665745,2.2255898804908543,1.1951859520324448,-1.2533401677086395,-0.2824990308335598,0.13853701213027853,-0.050328992279099545,0.4055871117981088,1.2868630884723,-0.1512548160568486,0.17811622100033353,-0.2386381211793265,-0.15152823668563403,-0.02939049735774359,-1.2180150496523074,0.42391314740609176,1.416090795566851,-0.436494158375006,0.6027962599106812,0.8256063712333401,0.6453518530187052,-1.7358459243491535,0.03999169085607133,0
KXNBAGAME-25OCT30MIASAS,2025-10-30,MIA,SAS,SAS,0,2025-26,0.6879,1.111946355645719,3.0811200793081848,0.0036814097943001288,2.014728799053326,1.5319054097084754,1.5400896360313636,1.0906429153737853,1.2799674410852333,1.2223664359725512,1.1428387466039553,0.999893175710895,-1.9459511831104919,-0.11527825568292054,2.2327029269959855,1.0691235117278854,-1.7604681701803113,2.0832417494036126,2.6063531282370884,1.751129451005422,-1.6798852028785018,1.8061099442673296,-0.8701751903236925,1.7150977919006853,0.040046982315021705,1.7487742431660542,0.9237347694900384,-0.7794618362709685,1.506022854804992,1.2693291223839611,-0.061257229453914305,-0.7537650930070993,-0.12431888126923842,1.9793453006215278,-0.38000152120980035,1.4585507329603495,-0.4083406268727281,0.6708391650988484,-2.624519889009645,-1.0704752598915837,0
KXNBAGAME-25OCT30ORLCHA,2025-10-30,ORL,CHA,ORL,0,2025-26,0.5845,-1.3056728050402537,-0.3263937916795556,1.0980828273977299,-1.09011243229213,-0.1516698745908724,-1.9183594265604733,-1.1797222738772426,0.7130673799906488,-2.276027089568255,1.67124458797149,-1.44503549767444,0.5191340568894061,-1.2164161539661753,-0.01925795696494194,2.481271157196652,1.4964136944944462,0.43538813205299404,0.98250986578991,1.9394328942059476,-0.6264482220802087,1.0027987999977568,1.2481204348296466,0.8323843998107929,-0.3254931471680654,-1.022692684996471,-0.1512548160568486,-0.9390581791495188,-2.1073963213968385,-0.278596780992672,-1.0946498274297374,-0.8076371016280491,-2.712570771750048,-0.40047389691780405,-0.2105236097141833,-2.46950258595616,0.6128568888012593,-0.7819376234692975,1.094745222347226,-1.0704752598915837,1
KXNBAGAME-25OCT30WASOKC,2025-10-30,WAS,OKC,OKC,0,2025-26,0.8998,-1.0858892449778927,1.0366117567155404,2.200472576516515,-1.0773615442783913,-0.3535214567664198,0.647925234452287,-1.9535650566923817,1.5229246101257696,0.12287132794544067,0.4089417447046003,-0.45976573377288715,0.37960093009695867,-0.11527825568292054,2.2327029269959855,0.5237423520985692,-0.7472160345037205,0.9297442172581796,-0.6547720995189037,-2.5655028136008853,2.1099028065700773,1.7739774984965464,-1.5560994879923924,-0.6976521464783538,0.6980192153845788,-0.05267926013958736,-0.1512548160568486,-2.3754252650564713,0.38184799998664437,2.129929717917985,-1.4406314901881627,0.20642423711915503,2.233949051604007,-2.901581177111649,-0.1879265548481007,1.1639467340416112,0.8043314229901325,-0.8074249355494407,0.3048128093156783,0.03999169085607133,0
KXNBAGAME-25OCT31ATLIND,2025-10-31,ATL,IND,ATL,0,2025-26,0.4865,-0.42653856479080904,-0.36533680734798746,0.7465962407221773,-0.8350946720173492,-0.5952997255261443,-0.6028542697223047,-1.0313491122135128,-1.2305899723336406,0.6026510114481795,-1.1469198993220324,0.014623411809342294,0.1470457187762136,-0.11527825568292054,-2.271218840925869,-0.4404136265318307,1.1345379317528066,-1.1807759926562664,-2.9483107212374087,-1.2617256402029688,-2.15166986299062,1.9667721731212442,-1.6771449522868693,-0.050328992279099545,-1.9704237298419573,0.3630407790847916,-0.1512548160568486,1.2952906211501856,0.05335534760465978,-0.27282093806962354,0.24830531090888736,1.6562150573592984,0.44131733879260965,0.7903545509628818,-2.244258547661588,1.5848095896398087,-0.7912896952504737,1.3844839033428502,-0.15598109828605802,0.03999169085607133,1
KXNBAGAME-25OCT31BOSPHI,2025-10-31,BOS,PHI,BOS,0,2025-26,0.5485,-0.42653856479080904,-0.28745077601112373,-1.3623232793311495,0.8990260978511602,-1.1187829496297583,-1.1066647553199005,0.12493828557968734,0.32433590952579006,-2.1960638089844653,-1.381766939929826,0.30655519370609896,0.8912223950025976,-0.11527825568292054,2.2327029269959855,2.6760501427785512,1.3355800221648286,0.6889040731838584,-0.09258636314063978,2.2353383049496283,0.6079472584871133,-0.12183680197964522,-0.36581908909670696,-1.2272801817322896,-1.6048836003588702,2.2106853978598084,0.9237347694900384,-1.8966362364208205,-2.2241937089104327,-1.9420395428302464,0.14360033402146913,-0.7379203845891777,-2.3408669699951186,-0.34074870470156443,0.30920865220570837,-1.2910865902812076,-0.1104913514678152,1.3335092791825647,-0.9459135113176058,-1.0704752598915837,1
KXNBAGAME-25OCT31DENPOR,2025-10-31,DEN,POR,POR,0,2025-26,0.2683,1.111946355645719,2.448296074696176,-0.5155601387036779,2.014728799053326,2.4413466041257754,0.7528857522851178,2.830190327983025,1.0370102720446972,2.0219992418104495,-0.1781758568148836,-0.09485100640194162,-1.4808407604690017,-0.11527825568292054,0.4311342198272434,1.5755488742408215,0.5072866096672967,0.6255250879011423,-0.9952192386802464,-0.23412685016581922,2.290861306339106,-0.7966181631660869,0.29993096452291335,1.7739453513733456,2.745043940489866,-0.05267926013958736,-0.1512548160568486,0.49730890675743405,0.6519419586118329,-0.7348883719133945,0.9857925394202677,2.443697065730178,0.6924349573695167,0.4062756225569218,1.280882011447247,1.2060330196014315,-1.4082631943035084,-1.9798412912360144,-1.0117412124035678,0.03999169085607133,0
KXNBAGAME-25OCT31LALMEM,2025-10-31,LAL,MEM,LAL,0,2025-26,0.5207,0.4525956754586354,0.374580490352207,0.23534302373955235,0.057467488944383485,2.4480010518898037,-1.386559469540788,-0.5606480476251313,-0.8418585018687819,-0.11701851380592944,2.3757857097948722,-0.42327426103579274,-1.1552634646199587,-0.11527825568292054,0.4311342198272434,0.9522561203787473,1.2149547679176154,-0.33783548839614236,-0.5293442061436768,-0.8295244039046222,1.799688235537451,-0.6680883800829557,0.7841128217008205,0.00851856719355974,-0.47170919896130037,0.31684966361541633,-0.1512548160568486,0.018519878121783073,-0.43573371260851856,-0.700233314375112,0.28017204300505805,2.1188805431627147,-0.41521750872961716,-1.6804307085673358,-0.12013539024985291,-0.6317347831773653,1.7191541974480806,0.03365636309527558,-1.0446550629465492,0.03999169085607133,1
KXNBAGAME-25OCT31NOPLAC,2025-10-31,NOP,LAC,LAC,0,2025-26,0.8298,-2.1848070452896984,-2.2735445751011216,1.161989479520559,-2.41620478572099,-3.148389517658615,-2.6058508183655276,-1.1541406942800478,-0.9876328032931044,-2.8757516939466785,-0.03139645643501261,0.45252108465447666,-2.178506394431237,-0.11527825568292054,-0.01925795696494194,-1.5603927936277493,-1.036716644697032,-0.19840172077416693,0.7585314847627121,0.002597478429123559,1.6872354535381224,0.038825426874269355,-1.0719176308144867,2.3035733866272805,0.7711272412811959,0.3630407790847916,0.9237347694900384,-1.57744355066372,-0.537931426682912,1.5870004831515536,-1.5863079797706576,-2.7898101247104763,-1.8585222372830361,-2.026836823421515,-0.7189573442010344,-1.2770578284279341,-1.684837521465213,-0.22121675770615357,-1.8016736254351158,-1.0704752598915837,0
KXNBAGAME-25OCT31NYKCHI,2025-10-31,NYK,CHI,CHI,0,2025-26,0.3255,0.013028555333913172,-1.0078965658771037,-0.8350933993178183,0.0064639368894273234,-2.871120860824073,-0.9264825330402048,1.5639021379218887,1.8468675021798178,-1.4763942837303563,0.7025005454643423,-0.09485100640194162,-1.4808407604690017,0.9858596426003342,2.2327029269959855,0.8256497797505119,-0.6748408819553922,1.069177984880155,1.060902299149428,1.0337830007177096,-0.12881234771537192,1.4044543721325433,1.550734095565838,2.009335589263983,-0.6910332766511524,-0.7917371076495939,-0.1512548160568486,-1.57744355066372,-1.3774126494368728,-0.11687317914735154,-0.7668777258691238,-2.805654833128401,-1.3799069741537804,1.2167005384757195,0.2979101247726679,-2.1187835396243293,-0.9402143329529301,0.41596604429741935,-0.4851196037158696,1.1504586416037264,0
KXNBAGAME-25OCT31TORCLE,2025-10-31,TOR,CLE,TOR,0,2025-26,0.3653,-1.3056728050402537,1.1144977880524043,1.9288693049944954,-0.8095928959898713,1.5075057679070334,1.0135377049033194,-1.0262327962940743,-2.526361540549834,1.4822470978698676,0.3795858646286257,0.45252108465447666,-1.7133959717897467,-0.11527825568292054,0.4311342198272434,0.1341843809347715,-0.03954787625340197,0.11849320563941354,-0.3859980422862687,-0.04761677309101672,-1.1008180036176012,-1.117942620873916,-0.5877357736365809,1.1854697566467507,0.9904513189710487,-0.9765015695270958,-0.1512548160568486,-1.2582508649066193,0.7322401625274287,1.425276881306233,-0.6667251392811587,1.3456587723679694,0.7483770011118993,0.04700562014847333,-0.9788234751609803,1.444521971107076,-0.5785402128183936,-0.3741406301870114,-0.5180334542588506,0.03999169085607133,1
KXNBAGAME-25OCT31UTAPHX,2025-10-31,UTA,PHX,PHX,0,2025-26,0.5959,0.013028555333913172,2.0588659180118625,0.802514561329651,0.7077627776450746,0.04574540907532277,-0.8127753053879683,2.1394876788587682,2.4947532862879145,1.3223205367022883,2.317073949642923,0.2700637209690039,-0.31806470386527647,-0.11527825568292054,-1.3704344873414982,0.09522858381839118,1.6974557849064682,-1.2758444705803407,-1.2102384844663574,-0.37042267572048543,0.37787145163791547,-0.34676392237512654,-0.10355391645867508,1.8916404703186642,1.136667370764283,0.5016141254929182,-0.1512548160568486,0.9760979353930849,1.469523671206994,-0.6366990422215939,1.4182696178682994,0.8845777574063511,-0.32571023874180843,1.2699937869148243,1.9813907122957977,0.9956015918023329,0.3150076133963464,-0.6035264389082973,-0.5838611553448133,0.03999169085607133,0
KXNBAGAME-26APR01ATLORL,2026-04-01,ATL,ORL,ATL,0,2025-26,0.5597,1.3317299157080804,1.1339692958866188,-0.6273967799186275,1.243300074222114,0.5315200958494406,0.38027591397856203,0.25540434152538005,-0.09678985014447176,1.3623021769941839,-0.7359375782583929,0.5255040301286655,-0.7831751265067666,-0.11527825568292054,-0.920042310549313,-0.3722409815781672,1.0541210955879976,-1.0730317176756492,-0.8115569662379447,-0.7004020428528344,2.024593799536103,-1.3750021870401785,-1.0719176308144867,0.8912319592834532,-0.8372493284443875,-2.639381726424611,-1.2262444016037357,1.6144833069072864,1.1264313453858108,-1.2085074916032608,1.6549939134398537,0.949541061919842,0.7508633141671159,-1.254084721054496,0.8967320787238477,1.6970396844659952,-1.1742387636282192,0.9511995979804204,1.3251421761480937,1.1504586416037264,1
KXNBAGAME-26APR01BOSMIA,2026-04-01,BOS,MIA,BOS,0,2025-26,0.6448,0.8921627955833576,-0.9884250580428892,-1.6978332029759982,0.7077627776450746,-1.0655473675175295,-0.2564845608739561,1.800531749195939,1.296164585687935,-1.4763942837303563,-0.7359375782583929,-1.372052552200251,-1.3413076336765548,-0.11527825568292054,-0.920042310549313,0.46530865642400016,1.5527054798098114,-0.9209221529971305,-0.5248646385231309,-1.2993863288430736,0.7372033297507075,-0.21823413929199306,0.4209764288173901,-1.8157557764588845,-1.1296814320308568,-1.1612660314045973,-0.1512548160568486,1.2952906211501853,-1.0927190173724877,-2.340572704520499,1.1633357610989332,-0.3940902119202062,0.7135686183388622,0.7710587196314819,1.0549114627864227,-1.3331728758410268,0.7830564747469249,-0.17024213354586792,-0.123067247743077,0.03999169085607133,1
KXNBAGAME-26APR01DENUTA,2026-04-01,DEN,UTA,DEN,0,2025-26,0.9299,1.3317299157080804,2.20490222676848,0.4590163061694492,1.0775385300435067,1.6583399172250282,2.1331165617868693,0.9358743588107574,0.4539130663474112,2.441806464875345,-1.1469198993220324,-1.5910013886228183,-1.5273518027331505,0.9858596426003342,-1.8208266641336839,0.25105177228390974,1.9547896606338557,-1.3772508470326865,0.1873866131433563,-0.19108606314855925,-1.4782457317072943,-0.8608830547076514,1.1069007264860902,0.47929904297483616,1.3559914484541358,-0.05267926013958736,-0.1512548160568486,2.2528686784214877,1.4622238344873946,-1.0698872614501291,1.755146500027819,1.0477782541109808,1.6434497009899898,1.7248240968692514,0.9193291335899303,0.9394865443892391,-1.1742387636282192,-2.0563032274764437,-1.044655062946549,1.1504586416037264,1
KXNBAGAME-26APR01INDCHI,2026-04-01,IND,CHI,IND,0,2025-26,0.4075,-1.3056728050402537,0.39405199818642433,1.4815227401346993,-0.9243508881135225,1.6361584246782621,2.0701402510871687,0.7823848812275921,-1.9108700456471426,2.002008421664502,-0.03139645643501261,-1.7369672795711966,-0.41108678839357415,0.9858596426003342,-1.3704344873414982,1.0496456131696967,2.1477900674293995,-1.0096527323929332,0.3352123446213104,-0.4565042497550113,0.010784209249308627,0.26375254726975067,0.34027945262107273,0.7735368403381336,-0.6910332766511524,0.5939963564316687,-0.1512548160568486,0.018519878121783073,-0.4941324063653146,-0.4691995974532282,0.0616573086313158,0.9273584701347458,1.7826832320821355,0.5560480276530262,-1.5211527919469563,1.1639467340416112,-0.5785402128183929,-0.7309629993090119,-0.7155165575167374,1.1504586416037264,1
KXNBAGAME-26APR01MILHOU,2026-04-01,MIL,HOU,HOU,0,2025-26,0.9492,-0.8661056849155315,-1.5141557695667096,0.8903862079985392,-1.7021550569516042,-0.2137780537218106,0.9785508656257085,-1.2232109591924745,-1.6193214427984994,-0.9566329599357221,1.7886681082753884,-0.2773083700874144,-0.9692192955633627,-1.2164161539661753,0.4311342198272434,-0.08007250320531892,-0.9884665429981471,0.726931464353488,0.6398229428182954,0.006184210680561724,-0.20119574762298523,1.2598583661640192,0.9051582859952959,0.3027563645568572,-0.25238512127144824,0.8711430492479211,-1.2262444016037357,-0.9390581791495188,-1.078119343933285,1.3559667662296682,-1.7410892499520583,-0.6095782464039846,0.6862191747314764,-0.734016124217718,-2.018287999000765,-1.30511535213448,1.0809057501518384,-0.01731826106501007,-1.3079658672903984,0.03999169085607133,0
KXNBAGAME-26APR01NYKMEM,2026-04-01,NYK,MEM,NYK,0,2025-26,0.8745,0.8921627955833576,-0.38480831518220204,-1.1865799859933732,0.6950118896313356,0.5315200958494406,0.6076903692830331,1.5319251634253932,0.00039301747174178806,0.04290804736165111,-0.6185140579544965,-0.42327426103579274,-1.3413076336765548,-1.2164161539661753,-1.3704344873414982,-1.092923228231191,1.6974557849064682,-2.049068091029477,-1.3177481073594128,-0.6214939333211849,0.734618208325433,-2.435372897476016,-0.7894782141273751,0.24390880508419793,1.136667370764283,-0.9765015695270958,-0.1512548160568486,1.614483306907286,0.5278447343786375,-2.0748839300603312,1.9645564538026552,1.3076314721649498,0.8577747755414425,0.5799381045395208,1.7102260539028098,0.5747387362041353,-0.6210901093048088,-1.0877853684310128,-0.25472264991500143,-1.0704752598915837,1
KXNBAGAME-26APR01PHIWAS,2026-04-01,PHI,WAS,PHI,0,2025-26,0.9,0.4525956754586354,0.25775144334691413,0.3951096540466225,-0.14654671927544116,-0.17828766564699053,-1.4845226195180974,0.12493828557968734,0.4539130663474112,-0.4368716361410877,-1.0882081391700842,-0.1313424791390367,2.007487409342174,-0.11527825568292054,-1.8208266641336839,-1.0539674311148133,1.440121909179081,-1.8209037440116993,-0.0007552269194889111,0.2500820037783848,-1.0439453322616175,-2.146180885538968,-0.9912206546181693,0.47929904297483616,-0.25238512127144824,-0.8841193385883449,-0.1512548160568486,1.6144833069072864,0.9804346109938176,-0.7464400577594897,1.1997548834945573,-0.13106805218264891,-1.233214503895982,0.8335404591807762,1.8232113282332212,0.37833607025831006,-1.1316888671418033,0.08463098725556123,2.049246888093679,0.03999169085607133,1
KXNBAGAME-26APR01SACTOR,2026-04-01,SAC,TOR,SAC,0,2025-26,0.1453,-0.8661056849155315,-0.9105390267060254,1.0661295013363177,-1.4471372966768234,0.7799528123731935,0.677664047838253,-1.3920493845339577,-0.5503098990201388,0.2827978891130198,-0.03139645643501261,-1.7369672795711966,-1.1552634646199587,0.9858596426003342,0.4311342198272434,0.9522561203787473,-0.24863165028190448,0.8156620437492905,2.1987124747675937,1.1826323891524093,-2.2692928878404888,-0.8930155004784347,2.559446298019809,-0.34456678964239706,1.063559344867666,0.31684966361541633,-1.2262444016037357,-0.9390581791495188,-1.3993121595956726,0.9516577616163686,-1.6227271021662812,-1.0025270151685273,-0.34311443012832765,0.6148543707582428,0.24141748760746218,-1.585690589199946,0.22990782042351438,-1.954353979155872,-1.0446550629465492,2.260925592351381,1
KXNBAGAME-26APR01SASGSW,2026-04-01,SAS,GSW,SAS,0,2025-26,0.9062,1.7712970358328026,1.7570575465815204,-1.0108366926555945,1.9573498029915004,0.9174780661631241,0.41176406932841225,0.8079664608247867,2.4299647078771036,2.121953342540187,-1.323055179777877,-0.9341548793551167,0.7982003104742998,-0.11527825568292054,-0.46965013375712733,-0.5085862714854942,0.6359535475309926,-0.832191573601328,0.09779526073247716,-0.7290959008643417,0.46059533724661517,-1.3750021870401785,0.34027945262107273,2.1270307082093014,0.9904513189710487,-1.346030493282099,0.9237347694900384,1.6144833069072864,1.6958186095145829,-1.1854041199110719,1.991870795599373,0.5819438266239803,0.7931306361058029,0.25466551923877945,2.6593023582782642,1.248119305161251,-2.4932855547071195,-1.3426584892324422,1.522625279405981,-1.0704752598915837,1
KXNBAGAME-26APR02CLEGSW,2026-04-02,CLE,GSW,CLE,0,2025-26,0.7958,0.8921627955833576,1.4260419133998536,0.4590163061694492,0.5675030094939452,1.8091740665430127,-0.13403062340231786,-0.570880679464008,0.09757588508795764,0.9225041337833392,-1.2056316594739804,-0.9341548793551167,-1.0622413800916604,-0.11527825568292054,-0.46965013375712733,-0.5864978657182549,0.6359535475309926,-0.8828947618275009,0.48303807609926197,-0.41705019498918755,0.13228491623708513,-1.342869741269395,0.5823703812100264,2.480116065045259,0.844235267177813,-1.1612660314045973,-1.2262444016037357,0.9760979353930848,1.506022854804992,-0.12264902207039999,1.0358688327142505,0.9463721202362521,0.1889565636880929,-0.5024661482409152,1.0097173530542591,0.23804845172557657,-2.663485140652785,-1.24070924091187,0.07441585551481011,1.1504586416037264,1
KXNBAGAME-26APR02MINDET,2026-04-02,MIN,DET,DET,0,2025-26,0.6892,0.4525956754586354,-0.1706217290058309,-0.7232567581028687,0.4654959053840328,0.26090588677892673,0.6391785246328853,-0.26390172429767156,0.4215187771420059,-0.07703687351403395,1.318974027059801,0.014623411809342294,1.1702886485874915,0.9858596426003342,0.8815263966194288,0.6211318448895187,-0.9241330740662991,1.132556970162871,1.5312568993065434,1.092964082866447,-0.4235161901963683,-0.05757191043807847,1.5103856074676785,0.3616039240295165,0.9904513189710487,0.8711430492479211,-0.1512548160568486,-0.3006728076353175,-0.5963301204397102,0.1430397523897696,-0.48462952730304015,-0.9011208812938074,-0.30830604735528916,0.11316275614184557,0.33180570707179097,-1.1087126861886547,0.6979566817740929,-0.6799883751487262,0.20607125768673457,1.1504586416037264,0
KXNBAGAME-26APR02NOPPOR,2026-04-02,NOP,POR,POR,0,2025-26,0.7058,-0.42653856479080904,-0.6574094248612223,-0.1001668999052964,-0.3505609274952658,0.016909468764526064,0.29980618364005807,-0.8676270027914678,-0.29115558537690117,-0.31692671526540406,-0.6772258181064448,0.08760635728353114,1.5423769867006838,2.086997540883589,0.8815263966194288,0.05627278670201085,-1.7604681701803113,1.4241003024633652,-0.3188045279781069,-0.1946727953999974,-0.3304518188865794,1.4847854865595005,-0.10355391645867508,2.009335589263983,-0.6179252507545353,1.5178186658191772,-0.1512548160568486,-0.9390581791495186,-0.537931426682912,1.1942431643843476,-1.2767454394078561,0.2333602414296247,0.3431079731115426,-0.3866911602525179,-1.2499881335539682,-0.15475688016607403,-1.94013690038371,0.49242798053784825,0.008588154428847751,2.260925592351381,0
KXNBAGAME-26APR02PHXCHA,2026-04-02,PHX,CHA,CHA,0,2025-26,0.6801,-0.8661056849155315,-0.03432117416632073,-0.6114201168879192,0.4654959053840328,-0.8215509495031312,0.0653943604800656,-1.4125146482117141,-0.38833845299311476,-0.07703687351403395,-1.323055179777877,0.37953813918028784,-0.13202053480868028,-0.11527825568292054,0.8815263966194288,0.6211318448895187,-1.6318012323166178,1.6902920406507729,0.11571353121465348,1.0391630990948666,0.8819701295659312,0.5208121134360131,-0.3859933331457867,0.18506124561153864,-1.2758974838240917,-1.2536482623433483,-0.1512548160568486,-1.2582508649066193,-0.4941324063653146,0.7321757305405785,-0.885239873654901,-0.6729570800756868,-0.6787666925826088,-1.640001347682496,-0.6398676521697462,0.20999092801903066,-1.0891389706553865,1.1550980946215639,0.7985205674603956,0.03999169085607133,0
KXNBAGAME-26APR02SASLAC,2026-04-02,SAS,LAC,SAS,0,2025-26,0.4565,2.210864155957525,1.6791715152446567,-1.3782999423618578,2.199616675252542,1.0062040363501805,0.11437593546871935,0.7747104073484317,2.397570418671701,2.121953342540187,-1.0294963790181348,-0.9341548793551167,0.9842444795308961,-1.2164161539661753,-0.01925795696494194,0.1536622794929603,-0.4416320570774461,0.4480639291095373,1.7059600365077583,1.0319896345919903,0.02888005922621267,-1.7284590905187909,-1.0315691427163274,-0.5799570275330352,1.6484235520406043,1.2406719730029248,-0.1512548160568486,1.6144833069072864,1.1410310188250092,-0.6771299426829248,1.2452787864890866,-0.49232740411133963,-0.6389856836991398,0.5376710454326432,2.8852729069390888,2.2020751111838313,-0.3232408338998953,-1.801430106675014,-0.18889494882903904,-1.0704752598915837,1
KXNBAGAME-26APR03BOSMIL,2026-04-03,BOS,MIL,BOS,0,2025-26,0.94,1.3317299157080804,-0.11220720550318447,-1.2984166272083226,0.9627805379198554,-0.26257733732469224,0.32779565506214564,1.1609922592660686,1.425741742509556,-0.916651319643828,-0.9707846188661867,-1.5910013886228183,-0.9692192955633627,-0.11527825568292054,-0.920042310549313,-1.2097906195803318,0.89328742325838,-1.4913330205415753,-0.2650497165315829,1.4121832532444776,-1.1861270106515696,-1.3750021870401785,-1.0719176308144867,1.3031648755920693,-0.47170919896130037,-1.2536482623433483,-0.1512548160568486,1.6144833069072864,0.8198382031626238,-1.5781614386782779,1.7551465000278188,-0.004310384839248181,-0.7508697711839011,1.6788816413182959,1.9587936574297151,0.09776083319284404,-1.642287624978797,-0.7819376234692975,0.20607125768673457,0.03999169085607133,1
KXNBAGAME-26APR03INDCHA,2026-04-03,IND,CHA,CHA,0,2025-26,0.9198,-0.8661056849155315,1.1144977880524043,1.5294527292268199,-0.49082069564639524,2.1596416487818813,2.479486270635218,0.8335480404219786,-1.7488985996201183,3.0015494289618765,-0.14881997673890898,-1.2260866612518726,-0.31806470386527647,-0.11527825568292054,0.8815263966194288,0.8159108304714175,-1.6639679667825418,1.8424016053292913,0.3844875884472884,0.6517960159395031,0.690671144095813,0.713606788060711,-0.4666903093421041,0.00851856719355974,-1.3490055097207094,-0.9765015695270958,-1.2262444016037357,-1.2582508649066193,0.22125159215545276,2.303205005609399,-1.6773557857597168,1.2664352302783475,1.305311125480489,0.10948735969776774,-1.7245262857416963,2.4265353008362047,-0.11049135146781446,0.08463098725556167,0.469382062030584,1.1504586416037264,0
KXNBAGAME-26APR03NOPSAC,2026-04-03,NOP,SAC,SAC,0,2025-26,0.2778,-0.8661056849155315,-0.9689535502086718,0.011669741309653184,-0.6438313518112636,-0.2448321432872785,-0.022072737713963664,-0.7192538411277378,-0.4531270314039253,-0.39688999584919366,-0.5010905376506002,0.014623411809342294,1.5423769867006838,-1.2164161539661753,-0.46965013375712733,-0.6059757642764436,1.0862878300539216,-1.2504928764672543,0.424803697032187,0.8992805412887643,-1.0542858179627037,-0.15396924775042858,0.29993096452291335,-0.050328992279099545,-1.7145456392037965,-1.43841272422085,-0.1512548160568486,-0.3006728076353177,-0.2751373047773248,-0.7695434294516786,0.4349533131864589,-0.47965163737699923,-0.6439583098095744,0.23445083879635653,-0.2105236097141833,-0.49144716464463184,-0.32324083389989605,1.20607271878185,2.1150745891796414,-1.0704752598915837,0
KXNBAGAME-26APR03ORLDAL,2026-04-03,ORL,DAL,ORL,0,2025-26,0.7114,-1.3056728050402537,-0.7937099797007325,1.2099194686126795,-1.4853899607180403,-1.247435606400987,-1.1661423820918384,1.7340196422432343,-1.7488985996201183,-0.9566329599357221,0.8492799458442133,-0.7152060429325487,-2.364550563487833,-0.11527825568292054,-1.3704344873414982,0.017316989585630525,2.003039762332743,-1.5673878028808348,-0.5965377204518387,-0.2664074404287667,-0.6510068756202917,-0.18610169352121197,0.17888550022843794,0.06736612666621902,0.11315500821163886,-0.6993548767108434,0.9237347694900384,0.018519878121783073,-0.6109297938789087,-0.5616130842219821,0.061657308631315876,-0.4733137540098264,-0.6489309359200077,1.7101225110929483,-1.0918087494913917,-0.8000799254166437,0.570306992314844,-0.578039126828154,-1.1763104651184737,-1.0704752598915837,1
KXNBAGAME-26APR03TORMEM,2026-04-03,TOR,MEM,TOR,0,2025-26,0.9218,0.013028555333913172,0.7834821548707375,-0.1640735520281231,0.6440083375763794,2.204004633875403,0.6601706281994495,-2.509964412931367,-1.2629842615390459,2.8416228677942943,-0.3836670173467028,1.3283164303447454,0.5191340568894061,-0.11527825568292054,-1.3704344873414982,-0.9176221412074835,1.7617892538383162,-1.985689105746761,-0.9325052919926305,-0.3417288177089781,0.84060818676158,-2.853094692496193,-0.5070387974402635,0.06736612666621902,1.063559344867666,-0.7917371076495939,-0.1512548160568486,0.9760979353930849,1.2724280797778038,-1.3817827792946749,1.882613428412502,2.2297935020881865,0.7011370530627776,-2.398970713384229,1.1227026273846703,2.342362729716564,-0.3232408338998953,0.1865802355761325,0.9301759696323203,0.03999169085607133,1
KXNBAGAME-26APR03UTAHOU,2026-04-03,UTA,HOU,HOU,0,2025-26,0.94,-1.7452399251649762,0.2772229511811287,1.992775957117322,-1.4088846326356061,0.19436140913863878,-0.6133503215055868,-1.6785630760225378,-0.5827041882255442,1.2423572561184988,0.144738824020833,0.7444528665512333,0.05402363424791592,-0.11527825568292054,0.4311342198272434,0.1536622794929603,-0.8597996051344534,0.7776346525796609,0.8414034857427736,0.32181664880715605,0.05473127347893437,0.9385339084561901,1.1069007264860902,0.06736612666621902,-0.3254931471680654,0.5016141254929182,-0.1512548160568486,-1.57744355066372,0.08985453120265807,2.060619602841418,-1.5680984185728457,-0.4606379872754877,-0.6638488142513089,-1.2430585317222709,-1.0692116946253092,0.09776083319284504,0.059708234477850335,0.7473011013392774,-0.3205503510009638,0.03999169085607133,0
KXNBAGAME-26APR04DETPHI,2026-04-04,DET,PHI,DET,0,2025-26,0.6197,1.3317299157080804,0.6861246156996592,-1.1386499969012525,1.3580580663457655,1.476451678341563,1.1954692691468956,-0.2511109344990757,0.2595473311149818,1.7221369396212376,0.49700938493252317,1.109367593922179,1.0772665640591939,-0.11527825568292054,0.8815263966194288,1.3612919901007339,0.5394533441332207,0.4607397261660805,0.6711799161621071,0.25725546828126117,0.6674050512683658,0.8100041253730589,0.46132491691554955,-1.2861277412049488,-0.6179252507545353,1.6102008967579278,-1.2262444016037357,0.337712563878884,-0.5087320798045131,-1.2085074916032608,0.6352584863623892,0.5756059432568074,0.6663286702897405,-0.6531574024480407,-0.39130004864284085,0.8833714969761463,1.2936552325839186,1.20607271878185,-0.3863780520869259,1.1504586416037264,1
KXNBAGAME-26APR04SASDEN,2026-04-04,SAS,DEN,DEN,0,2025-26,0.3922,2.210864155957525,1.7375860387473032,-1.4262299314539784,2.2761220033349767,1.3034360364768125,0.30330486756781877,0.7747104073484317,2.2032046834392713,2.1619349828320824,-0.8533610985622904,-0.9341548793551167,0.6121561414177037,-0.11527825568292054,1.3319185734116146,2.1209300338701405,0.28211946840583335,1.1579085642759575,1.6208482517174225,2.5097233221846778,0.6441389584409214,0.6172094507483609,2.599794786117968,-0.933042384368992,-1.5683295874105616,-1.5307949551596005,0.9237347694900384,0.6569052496359842,-0.2897369782165254,-1.2316108632954497,0.7900397565437903,-0.21979841932302663,-1.5290857574667955,0.10029886858757625,1.1001055725185893,-0.29504449869880656,0.05970823447784958,0.44145335637756217,1.5226252794059807,-1.0704752598915837,0
KXNBAGAME-26APR04WASMIA,2026-04-04,WAS,MIA,MIA,0,2025-26,0.9494,-1.7452399251649762,-0.48216585435328035,2.056682609240151,-1.957172817226385,0.34075925994727624,0.2508246086514024,-0.40971672800168224,-2.3319958053174044,-0.836688039060037,0.3208741044766775,-0.5692401519841711,-0.9692192955633627,0.9858596426003342,-1.3704344873414982,0.796432931913226,2.2282069035942085,-1.2378170794107108,-0.30088625749593306,-0.689641846098516,0.5407341014300432,-0.7323532716245201,0.46132491691554955,-1.9922984548768634,-1.0565734061342396,-0.9765015695270958,0.9237347694900384,-0.30067280763531756,-0.961321956419691,-0.11109733622430637,-0.511943869099758,0.4520172175969948,0.6514107919584379,-0.6770474793345352,-1.1144058043574743,-0.9123100202428294,1.676604300961664,0.3395041080569904,0.008588154428847751,0.03999169085607133,0
KXNBAGAME-26APR05HOUGSW,2026-04-05,HOU,GSW,HOU,0,2025-26,0.6021,0.8921627955833576,1.056083264549755,-0.8031400732564038,1.3325562903182875,1.1392929916307613,1.2374534762800298,0.16331065497547798,1.0370102720446972,1.4422654575779734,-0.6772258181064448,-0.35029131556160326,0.7051782259460014,-0.11527825568292054,-0.46965013375712733,-0.5085862714854942,0.7646204853946863,-0.9335979500536737,0.2501005598309747,-0.757789758875849,0.08833785200746512,-0.9894128377907848,0.5016734050137075,2.1270307082093014,0.9904513189710487,-1.2536482623433483,0.9237347694900384,0.9760979353930848,1.170230365703406,-1.1276456906806005,1.6185747910442299,0.6326468935613402,1.3997910215787297,0.05619411125866278,1.416464340643741,0.658911307323775,-2.025236693356542,-0.9348614959501553,1.390969877234056,-1.0704752598915837,1
KXNBAGAME-26APR05INDCLE,2026-04-05,IND,CLE,CLE,0,2025-26,0.9293,-0.8661056849155315,1.4260419133998536,1.976799294086616,-0.6438313518112636,2.4657462459272126,3.0182835955104244,0.5777322444500288,-1.7812928888255237,3.3214025512970347,-0.0901082165869608,-1.299069606726062,-0.5041088729218727,-0.11527825568292054,0.8815263966194288,1.0691235117278854,0.6037868130650687,0.2198995820917593,1.3834311678285893,-0.19825952765143556,-0.4002500973689211,0.1030903184158361,0.7841128217008205,-1.1684326222596302,-1.3490055097207094,-1.346030493282099,0.9237347694900384,-1.2582508649066193,0.2650506124730503,0.9978645050007448,-0.621201236286629,0.7784182110062524,2.277459530070302,0.7012261871940317,-1.317779298152216,1.781212255585634,0.7830564747469249,0.03365636309527558,0.6010374642025085,-1.0704752598915837,0
KXNBAGAME-26APR05LACSAC,2026-04-05,LAC,SAC,LAC,0,2025-26,0.8698,0.013028555333913172,-0.0732641898347526,-0.48360681264226346,0.33798702524664237,1.520814663435095,0.4432522246782625,0.09935670598248979,-1.6193214427984994,-0.9966146002276175,-0.7359375782583929,1.3283164303447454,0.7982003104742998,0.9858596426003342,-0.46965013375712733,-0.6254536628346352,1.1506212989857674,-1.3138718617499705,0.09331569311193369,0.39355129383592735,-0.7311456398037198,-0.21823413929199306,0.29993096452291335,-0.4034143491150563,-1.860761690997031,-1.2536482623433483,-0.1512548160568486,0.3377125638788836,0.4110473468650434,-1.1738524340649765,1.1815453222967451,1.0160888372751307,0.037291467319861216,0.592801992093784,-0.978823475160982,-0.9123100202428294,-0.23814104092706326,2.225565201987566,1.4567975783200187,1.1504586416037264,1
KXNBAGAME-26APR05LALDAL,2026-04-05,LAL,DAL,DAL,0,2025-26,0.7508,1.3317299157080804,0.2382799355126996,-0.38774683445802227,0.4654959053840328,1.8934637382207145,-0.5223845393837988,-0.32529751533093776,-1.0686185263066166,-1.1165595211033026,-0.44237877749865095,0.6714699210770445,0.5191340568894061,0.9858596426003342,-1.3704344873414982,0.4458307578658086,2.003039762332743,-1.2885202676368839,-0.48006896231769136,-0.051203505342452896,-0.7208051541026335,-0.15396924775042858,0.09818852403211913,-0.28571923016973777,0.47869513769472594,-0.5145904148333416,-0.1512548160568486,1.9336759926643872,-0.15833991726372862,-1.7167816688314093,1.2543835670879926,1.6879044741951486,-0.340628117073111,0.28039329434731197,-0.6398676521697462,-0.8561949728297366,-0.11049135146781446,0.1356056114158478,0.7326928663744335,1.1504586416037264,0
KXNBAGAME-26APR05MEMMIL,2026-04-05,MEM,MIL,MIL,0,2025-26,0.6799,-1.3056728050402537,-1.1636686285508284,1.6412893704417695,-2.0719308093500364,-1.1764548302513445,-0.7183108393384195,0.5086619795376051,-2.8179101433984766,-1.1565411613951966,0.20345058417278117,0.8174358120254223,-0.9692192955633627,-0.11527825568292054,-1.3704344873414982,-1.8525612720005975,1.0541210955879976,-2.0363922939729338,-0.8115569662379447,1.1395916021351493,-0.9663916895034638,-1.6963266447480077,-1.3543570475015982,1.5385551134827065,-0.8372493284443875,-1.0688838004658463,-0.1512548160568486,0.018519878121783073,0.513245060939439,0.4318318985421264,-0.020285716758837693,-0.27050148626038834,-1.3053175824972743,1.0540642458253475,-0.7754499813662401,0.12581835689939094,-0.9614892811961376,1.1550980946215639,0.07441585551480982,0.03999169085607133,0
KXNBAGAME-26APR05ORLNOP,2026-04-05,ORL,NOP,ORL,0,2025-26,0.6997,-0.8661056849155315,-0.28745077601112373,1.2578494577048,-1.1921195364020425,-0.6307901136009619,-0.4244213894064874,1.8056480651153801,-1.6517157320039024,-0.35690835555729816,1.2015505067559045,-0.6422230974583599,-2.550594732544429,-0.11527825568292054,-0.920042310549313,-0.7812768513001538,0.2177859994739854,-0.6800820089228093,-0.06794874122765075,0.04563826544638552,-0.1986106261977136,-0.8608830547076514,-0.18425089265499248,-0.521109468060376,0.3324790859014916,1.2406719730029248,-0.1512548160568486,0.018519878121783073,0.3672483265474459,0.7552791022327657,-0.36626737951726307,-0.40676597865454134,-0.3381418040178916,1.4399808724533496,-0.5494794327054174,-0.12669935645952715,1.2511053360975033,-0.6799883751487262,-2.6903475900956066,0.03999169085607133,1
KXNBAGAME-26APR05PHXCHI,2026-04-05,PHX,CHI,PHX,0,2025-26,0.8379,-0.8661056849155315,-0.19009323684004545,-0.531536801734384,0.29973436120542524,-0.8792228301247124,-0.0010806341473974942,-1.4125146482117141,-0.4855213206093306,0.0029264070697556147,-1.323055179777877,0.30655519370609896,-0.2250426193369788,0.9858596426003342,-1.3704344873414982,0.7379992362386569,2.469457412088635,-1.465981426428489,0.05747915214758353,-0.6824683815956396,-1.0956477607670578,0.038825426874269355,-0.10355391645867508,1.06777463770143,-0.8372493284443875,0.22446743267666502,-0.1512548160568486,0.3377125638788836,-0.6985278345141037,-2.1557457309829915,1.2634883476868985,-0.672957080075685,0.46742362587238573,-0.2341622078233546,-0.36870299377675986,0.06970330948629815,-1.7273874179516284,0.7982757254995635,-0.3205503510009638,1.1504586416037264,1
KXNBAGAME-26APR05TORBOS,2026-04-05,TOR,BOS,BOS,0,2025-26,0.7999,0.013028555333913172,0.9587257253786767,-0.3557935083966078,0.9117769858648992,2.381456574249511,0.9715534977701871,-2.538104150488281,-1.16580139392283,3.0815127095456645,-0.20753173689085821,1.4012993758189356,0.6121561414177037,-0.11527825568292054,1.3319185734116146,0.3484412650748592,-1.2458004187255345,1.2086117525021303,0.2948962360364118,1.092964082866445,1.0138113222547969,1.1634610288516714,-0.7491297260292157,-1.3449753006776082,-1.7145456392037965,-0.9765015695270958,-0.1512548160568486,-0.939058179149519,0.45484636718264093,0.639762243771823,-0.22059088993476808,1.4882611481292933,-0.07210630710968205,-2.5423111747032006,-1.634138066277366,2.679053014195122,0.8256063712333401,2.174590577827281,1.1276590728902072,0.03999169085607133,0
KXNBAGAME-26APR05UTAOKC,2026-04-05,UTA,OKC,OKC,0,2025-26,0.9804,-1.7452399251649762,0.1798654120100504,2.3762158698542915,-1.7786603850340383,0.06570875236741014,-1.1311555428142293,-1.6734467601030967,-0.42073274219852,1.2423572561184988,0.027315303716935573,0.37953813918028784,-0.038998450280382596,-0.11527825568292054,1.7823107502038,1.0496456131696967,-1.5996344978506938,1.9438079817816372,0.747332565711351,0.17834735874961355,0.8716296438648449,0.9706663542269734,-0.5473872855384214,-1.1684326222596302,1.063559344867666,0.40923189455416686,0.9237347694900384,-2.535021607935022,-0.6547288141965083,2.869237612068017,-2.669776871040463,-0.48598952074416857,-0.9323706242147366,-1.8200957734422276,-0.9788234751609803,1.248119305161251,0.8681562677197568,-0.4760898785075827,-0.3205503510009638,-1.0704752598915837,0
KXNBAGAME-26APR05WASBKN,2026-04-05,WAS,BKN,BKN,0,2025-26,0.6134,-1.7452399251649762,-0.11220720550318447,2.488052511069243,-2.059179921336297,0.15887102106381623,0.4012680175451282,-0.5018104145515843,-2.0728414916741666,-0.6767614778924579,-0.3836670173467028,-0.20432542461322556,-0.6901530419784689,-1.2164161539661753,-1.8208266641336839,-2.7485446056773313,0.24995273393990936,-1.985689105746761,-1.5954812998331347,-0.9622334972078483,0.20208319471942682,-2.8209622467254096,-1.3947055355997577,1.1854697566467507,1.136667370764283,-0.6993548767108434,-0.1512548160568486,0.018519878121783073,1.9732124048593684,1.6216555406898379,-0.04760005855555538,1.2379147551260783,0.9472820455292513,-0.5024661482409172,0.535179200866531,0.49056616508449563,-1.1316888671418033,-0.9348614959501553,0.008588154428847751,-1.0704752598915837,0
KXNBAGAME-26APR06CLEMEM,2026-04-06,CLE,MEM,CLE,0,2025-26,0.8899,1.3317299157080804,0.9781972332128941,0.20338969767813786,0.4782467933977718,1.1570381856681702,-0.4139253376232033,-0.06180724547983599,0.3891244879366006,0.5226877308643899,-1.4991904602337225,-1.0801207703034943,-1.2482855491482567,-1.2164161539661753,-1.8208266641336839,-1.32665801092947,1.9065395589349707,-2.3659630174430575,-1.241595457810164,-0.5354123592866589,0.504542401476238,-3.1422867044332388,-1.0315691427163274,0.42045148350217687,0.844235267177813,-1.7155594170371025,-1.2262444016037357,2.2528686784214877,1.7250179563929817,-1.2200591774493543,2.0373946985939027,1.7005802409294908,0.07209985009289833,-0.401392746028823,2.478525919349607,1.0797741629219715,-1.3869882460603,-1.3426584892324414,0.33772665985865924,0.03999169085607133,1
KXNBAGAME-26APR06DETORL,2026-04-06,DET,ORL,ORL,0,2025-26,0.5275,1.3317299157080804,0.41352350602063886,-1.5220899096382197,1.4855669464831558,1.4010346036825707,1.1464876941582418,-0.38413514840448754,0.09757588508795764,1.8021002202050274,0.43829762478057493,1.4012993758189356,1.0772665640591939,-0.11527825568292054,-0.46965013375712733,-0.17746199599626836,1.2310381351505761,-1.0857075147321924,-0.4755893946971454,-0.8474580651618151,1.3989944146203108,-1.1500750666446995,-0.10355391645867508,1.244317316119409,-0.8372493284443875,-2.2698528026696074,-1.2262444016037357,1.2952906211501856,0.44024669374344244,-1.9824704432915756,1.8370895254179722,1.332983005633629,1.3973047085235144,-1.2687863068308034,0.8741350238577668,1.3322918762808904,-0.5785402128183921,1.562895087903851,2.378385393523491,1.1504586416037264,0
KXNBAGAME-26APR06NYKATL,2026-04-06,NYK,ATL,NYK,0,2025-26,0.4931,0.8921627955833576,0.21880842767848227,-1.0907200078091297,1.0137840899748116,1.1392929916307613,0.8875850835039205,1.6675075352905242,0.16236446349876593,0.4027428099887049,-0.3836670173467028,-0.1313424791390367,-1.1552634646199587,0.9858596426003342,1.3319185734116146,1.653460468473582,-0.6346324638729878,1.5762098671418838,1.0967388401137805,0.9746019185689737,0.3209987802819346,-0.411028813916691,1.4296886312713613,-0.5799570275330352,1.2828834225575172,0.22446743267666502,0.9237347694900384,-0.30067280763531784,-1.0781193439332872,-0.3305793673000949,-0.41179128251179264,0.033716915363773095,-0.04972948961273089,0.9713678258336323,0.3995968716700371,-0.715907354297004,0.14480802745068236,-0.985836120110441,-0.9788273618605865,0.03999169085607133,1
KXNBAGAME-26APR06PHISAS,2026-04-06,PHI,SAS,SAS,0,2025-26,0.7644,0.4525956754586354,1.017140248881326,0.6986662516300545,0.10847104099933966,0.5980645734897311,0.19134698187946456,0.314241974598927,0.2595473311149818,0.44272445028060037,-1.2056316594739804,-0.9341548793551167,1.4493549021723862,-0.11527825568292054,1.7823107502038,2.0624963381955688,-1.0528000119299927,2.171972328799415,1.3475946268642418,0.5549542451506627,1.1042905721393144,2.0953019562043753,2.357703857529015,-1.109585062786971,-0.9834653802376224,0.5016141254929182,-0.1512548160568486,-0.939058179149519,-0.7861258751492988,1.2635532794609128,-1.4861553931826923,-0.5303547043143609,-0.25360716014051754,-0.5575970949020601,-1.295182243286132,-1.3331728758410268,-0.06794145498139846,0.03365636309527558,0.6668651652884708,0.03999169085607133,0
KXNBAGAME-26APR06PORDEN,2026-04-06,POR,DEN,DEN,0,2025-26,0.6735,1.3317299157080804,0.31616596684956055,-1.84162317025236,1.6768302666892414,-0.040762411857052566,0.012914101563649208,-0.020876718124323325,1.3933474533041508,-0.07703687351403395,1.8473798684273355,-0.20432542461322556,1.3563328176440876,2.086997540883589,1.7823107502038,2.335186918010228,0.3947030390365662,1.2086117525021303,1.7193987393693937,2.5993916284706415,0.7630545440034263,0.713606788060711,2.6401432742161277,-1.521517979095587,-2.1531937945835007,-1.43841272422085,-0.1512548160568486,-0.3006728076353175,-1.5161095471092667,-1.6128164962165603,0.32569594599958773,-1.2497044664881594,-1.7976075674302214,-0.5557593966800222,0.4673880362682849,-1.8943233499719578,2.4425024377171543,1.358996591262707,1.983419187007717,2.260925592351381,0
KXNBAGAME-26APR07CHABOS,2026-04-07,CHA,BOS,BOS,0,2025-26,0.6458,1.3317299157080804,1.0366117567155404,-1.7777165181295334,2.09760957114263,0.6335549615645512,1.1989679530746562,0.961455938407955,0.9722216936338866,0.0029264070697556147,-0.03139645643501261,-1.44503549767444,-1.3413076336765548,-0.11527825568292054,1.3319185734116146,0.25105177228390974,-1.4227174582881152,1.2846665348413897,0.5009563465814358,0.5944082999164865,0.7216926011990751,1.3562557034763694,-0.9912206546181693,-1.109585062786971,-1.495221561513944,-0.9765015695270958,-0.1512548160568486,0.018519878121783073,0.5862434281354356,-0.2612692522235299,0.5715250221700477,0.09392680735188529,0.43510155615456664,0.1793198921352178,-0.27831477431243107,0.6869688310303209,0.7830564747469249,0.03365636309527558,-0.25472264991500143,0.03999169085607133,0
KXNBAGAME-26APR07CHIWAS,2026-04-07,CHI,WAS,CHI,0,2025-26,0.6774,-1.7452399251649762,0.2772229511811287,2.615865815314897,-1.9061692651714288,-0.24926844179662824,-1.1276568588864666,-1.2513506967493881,0.03278730667714708,-0.27694507497350856,1.2015505067559045,-0.7152060429325487,-0.13202053480868028,-0.11527825568292054,-1.8208266641336839,-0.11902830032169646,2.405123943156787,-1.9730133086902177,0.4606402379965422,0.19986775225824652,-0.9069338967222085,-1.8891213193727054,-0.6684327498328982,0.12621368613887937,-0.10616906947821261,-0.8841193385883449,-0.1512548160568486,0.018519878121783073,0.2942499593514472,0.16614312408195683,0.05255252803240982,-0.5081721125292648,-0.9448021894908212,-0.2525391900437376,1.348673176045493,0.26610597543212344,0.7830564747469249,-0.425115254347297,0.5352097631165463,0.03999169085607133,1
KXNBAGAME-26APR07HOUPHX,2026-04-07,HOU,PHX,HOU,0,2025-26,0.4839,1.3317299157080804,1.0755547723839725,-0.9309533775020595,1.447314282441939,1.3832894096451571,1.6013166047671819,0.060984336586702,1.0370102720446972,1.6021920187455527,-0.5598022978025484,-0.7881889884067382,1.26331073311579,-0.11527825568292054,-0.46965013375712733,-0.002160908972558256,-0.6507158311059487,0.5114429143922532,-0.6010172880723796,0.33616357781291073,-1.6798852028785018,-0.31463147660434315,-0.14390240455683306,-0.9918899438416513,0.47869513769472594,-0.23744372201708921,-0.1512548160568486,1.2952906211501856,0.8052385297234254,-0.2035108229930586,0.6625728281591072,1.4090376060396697,0.9000420974801295,1.2396717662511971,0.9419261884560128,1.220061781454704,0.3150076133963464,-0.8838868717898692,1.0618313718042451,0.03999169085607133,1
KXNBAGAME-26APR07MIATOR,2026-04-07,MIA,TOR,TOR,0,2025-26,0.5679,-0.8661056849155315,1.4455134212340683,2.408169195915708,-0.9753544401684787,0.19436140913863878,-0.29846876800708844,0.4881967158598515,-0.16157842855528234,1.122412335242814,-1.7340375008415163,-1.5180184431486294,-0.41108678839357415,0.9858596426003342,-0.46965013375712733,0.25105177228390974,-0.21646491581598276,0.3339817556006483,1.997131931843113,0.956668257311779,-2.993126886916616,-1.5677968616648763,3.043628155197716,-0.4034143491150563,1.3559914484541358,0.6863785873704192,-0.1512548160568486,-0.3006728076353177,0.8928365703586204,1.898896000996101,-0.9398685572483365,-1.2782249416404214,-0.8801580500551789,2.480118066126908,0.9871202981881765,-1.333172875841028,-0.9614892811961384,-2.005328603316158,-0.7813442586026994,1.1504586416037264,0
KXNBAGAME-26APR07MILBKN,2026-04-07,MIL,BKN,BKN,0,2025-26,0.4596,-0.8661056849155315,-1.5920418009035735,0.8744095449678331,-1.7404077209928213,-0.267013635834042,1.2619442637743565,-1.141349904481449,-1.5221385751822836,-1.1165595211033026,2.258362189490974,-0.20432542461322556,-1.1552634646199587,-0.11527825568292054,-1.3704344873414982,-2.242119243164395,0.2660361011728702,-1.6687941793331804,-1.1251266996760216,-0.5676929495496084,0.6674050512683687,-3.1101542586624555,-0.9912206546181693,0.8323843998107929,1.136667370764283,-0.5145904148333416,-0.1512548160568486,0.3377125638788836,0.48404571406103997,0.4433835843882217,-0.04760005855555538,0.6009574767254917,1.285420621038753,-1.2926763837172979,1.1227026273846703,-0.09864183275298126,1.038355853665421,-0.9348614959501553,-0.45220575317288825,0.03999169085607133,0
KXNBAGAME-26APR07MININD,2026-04-07,MIN,IND,MIN,0,2025-26,0.8747,0.013028555333913172,-0.93001053454024,-1.2984166272083226,0.4272432413428156,-1.2917985914945116,-0.37893849834559434,-0.9827441109788453,0.5187016447582194,-0.39688999584919366,0.20345058417278117,0.5984869756028544,1.6353990712289816,-0.11527825568292054,-0.920042310549313,1.166513004518835,1.7617892538383162,-0.6293788206966365,1.9030610118116955,2.7321007217738695,0.7656396654286979,-1.6963266447480077,3.1243251313940323,-0.6388045870056945,-1.2027894579274745,-0.9765015695270958,-0.1512548160568486,0.6569052496359843,-1.5745082408660627,-2.2019524743673693,0.7536206341481664,-2.2732726302861193,-2.168068212657544,-1.2485716263883844,1.5520466698402333,-2.455473824102887,0.61285688880126,1.2570473429421352,1.8517637848357922,0.03999169085607133,1
KXNBAGAME-26APR07SACGSW,2026-04-07,SAC,GSW,GSW,0,2025-26,0.9055,-0.8661056849155315,-0.7937099797007325,1.5294527292268199,-1.7404077209928213,0.2830873793256902,0.25082460865140044,-1.5225154404796504,-0.4531270314039253,0.16285296823733617,-0.2662434970428064,-1.8099502250453854,-0.7831751265067666,-0.11527825568292054,-0.920042310549313,-0.6838873585092043,0.7646204853946863,-1.0476801235625626,0.2277027217282549,-0.5103052335265897,0.19949807329415523,-1.310737295498614,0.5823703812100264,1.7150977919006853,0.5518031635913431,-1.346030493282099,-0.1512548160568486,0.018519878121783073,-0.08534155006773414,0.5589004428491627,-0.493734307901946,0.036885857047356,0.527095139197592,-1.2338700406120773,0.6029703654647789,-0.29504449869880656,-1.4295381425467162,-1.6485062341941563,0.40355436094462166,0.03999169085607133,0
KXNBAGAME-26APR07UTANOP,2026-04-07,UTA,NOP,NOP,0,2025-26,0.7099,-1.7452399251649762,0.1798654120100504,2.3602392068235853,-1.7659094970202993,0.06570875236741014,-1.0401897606924393,-1.5685622837546014,-0.5179156098147336,1.3623021769941839,-0.44237877749865095,0.45252108465447666,-0.2250426193369788,-0.11527825568292054,-1.3704344873414982,-1.1903127210221403,0.23386936670694852,-0.9589495441667601,-0.462150691835515,0.07791885570933299,0.1400402805129028,-1.1822075124154805,-0.7087812379310577,-0.4622619085877156,0.3324790859014916,0.8711430492479211,-0.1512548160568486,-0.30067280763531756,1.024233631311413,1.5407937397671758,-0.5756773332920995,0.3696247338237847,-0.7981097192330214,-1.224681549501888,0.4673880362682849,1.4445219711070771,0.01715833799143357,0.08463098725556123,-0.7813442586027001,0.03999169085607133,0
KXNBAGAME-26APR08ATLCLE,2026-04-08,ATL,CLE,CLE,0,2025-26,0.6129,0.8921627955833576,1.0366117567155404,-0.8670467253792328,1.3708089543595046,0.4516667226810936,0.8386035085152648,0.2861022370420131,-0.19397271776068534,0.8825224934914437,-0.3249552571947546,1.109367593922179,0.3330898878328098,-0.11527825568292054,1.3319185734116146,1.3807698886589226,0.410786406269527,0.5748218996749693,1.6163686840968792,-0.22695338566294287,-0.3201113331854901,0.42441477612366524,0.9051582859952959,-1.1684326222596302,-0.47170919896130037,-1.1612660314045973,-0.1512548160568486,-0.30067280763531784,-0.26053763133812424,-0.9197153454509038,0.5624202415711418,-0.8250662808877666,0.748377001111898,0.4347599449985091,-0.436494158375006,-0.014469261633341557,0.61285688880126,1.1041234704612783,1.0618313718042447,0.03999169085607133,0
KXNBAGAME-26APR08DALPHX,2026-04-08,DAL,PHX,PHX,0,2025-26,0.8595,-1.3056728050402537,0.3356374746837779,1.8649626528716685,-1.2686248644844769,-0.8437324420498898,-0.9317305589318459,-0.05924908752011396,-0.2263670069660906,-0.5967981973086682,-0.7946493384103421,0.30655519370609896,-0.13202053480868028,-1.2164161539661753,-0.46965013375712733,0.017316989585630525,-0.6024657294070638,0.4860913202791669,-0.39495717752735565,-0.11217795361690966,-1.3360640533173422,-0.5074261512290411,-0.5473872855384214,-0.6976521464783538,0.2593710600048745,0.22446743267666502,-1.2262444016037357,-0.6198654933924183,0.2358512655946533,1.7833791425351566,-1.2585358782100442,-0.3275424365649176,-0.5892594225948014,0.90888608628434,0.1962233778752986,-0.042526785339888455,-0.06794145498139921,0.03365636309527558,-0.2547226499150011,0.03999169085607133,0
KXNBAGAME-26APR08MEMDEN,2026-04-08,MEM,DEN,DEN,0,2025-26,0.9785,-1.7452399251649762,-1.0857825972139674,2.2484025656086377,-2.5054610018171632,-1.1942000242887556,0.012914101563649208,0.20424118233099062,-3.2714301922741438,-0.7167431181843533,0.6731446653883677,0.8904187574996111,-1.6203738872614486,-0.11527825568292054,1.7823107502038,2.588399599266699,0.9737042594231888,0.9170684202016363,1.7865922536775505,1.993233877977524,1.1895995791732856,0.45654722189444635,2.7208402504124436,-1.6392130980409056,-1.7876536651004138,-1.1612660314045973,-0.1512548160568486,-2.535021607935022,-2.7570817894412105,0.9285543899241814,-2.451262136666721,-2.121163429474039,-1.3774206610985624,-0.697262159776954,-2.605811425518903,-2.3993587766897937,1.6766043009616634,1.8687428328655653,-0.3205503510009638,0.03999169085607133,0
KXNBAGAME-26APR08MILDET,2026-04-08,MIL,DET,DET,0,2025-26,0.9596,-0.8661056849155315,-1.7088708479088663,0.363156327985208,-1.4088846326356061,-0.16941506862828612,1.2339547923522691,-1.4329799118894704,-1.2305899723336406,-0.916651319643828,2.258362189490974,-0.42327426103579274,-0.6901530419784689,-1.2164161539661753,0.8815263966194288,0.25105177228390974,-1.036716644697032,0.9804474054843524,1.6118891164763358,1.3404486082157083,-0.6303259042181161,-0.6038234885413889,1.8331735122529496,1.06777463770143,1.2828834225575172,0.9635252801866724,-0.1512548160568486,-1.2582508649066193,-1.472310526791667,1.00941619084684,-1.7137749081553404,-1.2655491749060863,-0.0571884287783822,-0.5796494735665189,-0.436494158375006,-1.9223808736785037,0.8681562677197568,-1.189734616751584,-1.1763104651184741,-1.0704752598915837,0
KXNBAGAME-26APR08MINORL,2026-04-08,MIN,ORL,ORL,0,2025-26,0.8172,0.013028555333913172,-0.7742384718665152,-1.2984166272083226,0.529250345452728,-1.2696170989477504,-0.05006220913605124,-0.4352983075988741,0.1947587527041712,-0.4368716361410877,0.3208741044766775,1.1823505393963678,0.9842444795308961,-1.2164161539661753,-0.01925795696494194,0.05627278670201085,0.8611206887924561,-0.6420546177531797,-0.0858670117098246,-0.5246521625323444,0.9983005937031703,-1.021545283561566,0.05784003593396114,1.3031648755920693,-0.47170919896130037,-1.8079416479758534,-0.1512548160568486,0.018519878121783073,-0.6255294673181072,-1.555058066986089,0.8355636595383198,-0.8504178143564457,0.3232174686698067,-1.0206970468556595,0.8515379689916825,-0.3511595461118993,-0.7061899022776417,1.1550980946215639,1.9834191870077171,-1.0704752598915837,0
KXNBAGAME-26APR08OKCLAC,2026-04-08,OKC,LAC,OKC,0,2025-26,0.7626,1.7712970358328026,1.7960005622499522,-1.84162317025236,2.645897755733409,1.7559384844307864,1.3878968851737556,0.7516869857109562,0.8426445368122677,0.3227795294049153,-0.6185140579544965,1.03638464844799,0.5191340568894061,-1.2164161539661753,0.8815263966194288,0.543220250656758,-0.9402164412992623,1.0945295789932412,1.486461223101109,1.2077395149124803,0.45801021582134355,-0.9894128377907848,-0.8298267022255331,-0.7564997059510131,1.2828834225575172,1.055907511125423,-1.2262444016037357,0.6569052496359845,0.93663559067622,-0.6540265709907342,1.0996022969065917,0.1985018829101916,0.14420292869418783,0.21607385657597764,1.280882011447247,0.7991989258565065,0.10225813096426559,-0.170242133545867,-0.3863780520869259,0.03999169085607133,1
KXNBAGAME-26APR08PORSAS,2026-04-08,POR,SAS,SAS,0,2025-26,0.593,0.8921627955833576,0.6666531078654419,-1.1706033229626647,1.3708089543595046,-0.22265065074051257,0.21583776937379143,0.22726460396846332,1.2313760072771265,-0.11701851380592944,1.7886681082753884,-0.1313424791390367,1.5423769867006838,-0.11527825568292054,1.7823107502038,1.7313720627063427,-1.0849667463959167,1.9818353729512668,1.2490441392122758,-0.0404433085881384,0.79666112253196,1.9989046188920276,1.9542189765474263,-0.8153472654236734,-0.7641413025477697,0.5016141254929182,-0.1512548160568486,-0.6198654933924184,-0.8007255485885014,-0.06489059283992699,-0.44821040490741637,-1.046892198738716,0.1765249984120083,-0.401392746028823,-0.5494794327054174,-1.4454029706672136,1.8893537833937455,0.4414533563775617,0.732692866374433,0.03999169085607133,0
KXNBAGAME-26APR09BOSNYK,2026-04-09,BOS,NYK,NYK,0,2025-26,0.615,1.3317299157080804,0.08250787283897211,-1.41025326842327,1.179545634153419,0.5492652898868494,0.6951574674770604,0.4447080305446169,1.263770296482532,-0.9966146002276175,-1.2056316594739804,-1.8829331705195749,-0.8761972110350646,-0.11527825568292054,0.8815263966194288,0.2120959751675294,-1.0849667463959167,0.9931232025408957,1.3296763563820628,1.0284029023405523,1.1663334863458412,0.2316201014989673,0.6630673574063437,-0.28571923016973777,-0.17927709537483108,-1.0688838004658463,0.9237347694900384,0.337712563878884,-0.09994122350693262,-0.23816588053134108,0.12539077282365715,-0.5525372960994553,-0.22377140347791508,-0.507979242907035,0.7159556397951903,-1.1648277336017485,-0.6636400057912248,-1.189734616751584,0.14024355660077217,-1.0704752598915837,0
KXNBAGAME-26APR09CHIWAS,2026-04-09,CHI,WAS,CHI,0,2025-26,0.7174,-1.3056728050402537,0.6666531078654419,1.9608226310559098,-1.1283650963333474,-0.1694150686282812,-0.977213449992739,-0.9929767428177221,0.5510959339636248,0.16285296823733617,0.8492799458442133,-0.6422230974583599,0.3330898878328098,-0.11527825568292054,-1.8208266641336839,-0.06059460464712736,2.598124349952326,-2.087095482199106,0.42032412941164604,-0.18032586639424275,-1.0310197251352593,-1.535664415894093,-0.5877357736365809,0.3027563645568572,0.2593710600048745,-1.1612660314045973,-0.1512548160568486,0.3377125638788837,0.542444407817836,-0.44609622576103763,0.6898871699558247,-0.42261068707246996,-0.5743415442634988,0.021277845039938775,1.4616584503759045,0.5186236887910426,0.4001074063691792,-0.6290137509884406,1.0618313718042447,0.03999169085607133,1
KXNBAGAME-26APR09INDBKN,2026-04-09,IND,BKN,IND,0,2025-26,0.6009,-0.8661056849155315,1.017140248881326,1.5134760661961137,-0.5418242477013513,1.6938303052998458,2.2660665510417917,1.0151772555620606,-1.7488985996201183,2.801641227502402,-0.3249552571947546,-0.8611719338809272,-1.5273518027331505,-0.11527825568292054,-0.920042310549313,-2.1642076489316344,-0.23254828304894362,-1.2251412823541676,-0.7981182633763119,-0.4529175175035732,1.1094608149898604,-3.3993462705995037,-0.9508721665200098,0.3027563645568572,1.3559914484541358,-0.5145904148333416,-0.1512548160568486,0.018519878121783073,2.382003261156951,1.2635532794609143,0.4895819967798944,1.7702969579683605,1.9194304501190673,-0.057743178507700735,1.1678967371168356,2.6229379667820303,-0.45089052335914404,-1.5465569858735855,-0.7155165575167374,0.03999169085607133,1
KXNBAGAME-26APR09LALGSW,2026-04-09,LAL,GSW,LAL,0,2025-26,0.4799,0.4525956754586354,0.06303636500475757,0.3951096540466225,-0.2740555994128316,1.4897605738696247,-0.7393029429049877,-0.857394370952591,-0.38833845299311476,-0.5168349167248787,-0.2662434970428064,0.16058930275772,-0.038998450280382596,-0.11527825568292054,-0.46965013375712733,-0.46963047436911665,0.5233699769002599,-0.718109400092439,0.4561606703759937,0.25725546828126117,0.41664827301699225,-1.310737295498614,0.6227188693081843,1.8916404703186642,0.4055871117981088,-1.1612660314045973,-0.1512548160568486,0.6569052496359842,0.3964476734258449,-0.08799396453211586,0.3165911654006817,0.7372219691196482,-0.708602449245214,-0.9104351535333739,0.6481644751969441,-0.8000799254166437,-1.557187832005965,-0.17024213354586792,0.7985205674603953,0.03999169085607133,1
KXNBAGAME-26APR09MIATOR,2026-04-09,MIA,TOR,TOR,0,2025-26,0.6027,-0.8661056849155315,1.2313268350576971,2.1685192504551027,-0.9243508881135225,0.01247317025518125,-0.022072737713963664,0.7465706697915149,-0.12918413934987705,1.122412335242814,-1.7340375008415163,-1.5910013886228183,-0.41108678839357415,-0.11527825568292054,-0.01925795696494194,0.3679191636330507,-0.6346324638729878,0.7396072614100313,1.9209792822938692,1.3368618759642683,-3.124968079605485,-1.0536777293323494,3.1243251313940323,-0.28571923016973777,1.429099474350753,0.7787608183091705,-0.1512548160568486,-0.6198654933924183,0.6446421218922316,2.0259645453031374,-1.1948024140177025,-1.3542795420464622,-0.9472885025460379,2.759448195876698,0.6481644751969424,-1.3892879232541198,-1.0465890741689705,-2.1072778516367294,-0.8471719596886621,0.03999169085607133,0
KXNBAGAME-26APR09PHIHOU,2026-04-09,PHI,HOU,HOU,0,2025-26,0.6924,0.4525956754586354,1.1339692958866188,0.5548762843536927,0.29973436120542524,0.5625741854149086,0.551711426438856,0.21447381416986738,0.4539130663474112,-0.07703687351403395,-1.2643434196259287,-0.8611719338809272,0.9842444795308961,0.9858596426003342,1.3319185734116146,1.1470351059606463,-0.7311326672707574,1.3226939260110193,1.16393235442194,1.33327514371283,0.7087669940727142,1.131328583080888,1.3489916550750438,-0.6388045870056945,-1.0565734061342396,1.055907511125423,-0.1512548160568486,-0.6198654933924184,-0.012343182871737553,0.9285543899241798,-0.739563384072406,-0.42577962875605635,-0.5370468484352464,-0.34809949758971603,-0.4816882681071696,-0.996482591362469,-0.45089052335914404,0.13560561141584732,-0.057239546657114324,1.1504586416037264,0
KXNBAGAME-26APR10BKNMIL,2026-04-10,BKN,MIL,MIL,0,2025-26,0.8113,-0.8661056849155315,-2.1567155280958286,0.20338969767813786,-1.5746461768142137,-0.8526050390685992,-1.0366910767646786,0.1786596027337959,-3.303824481479549,-1.2764860822708817,0.027315303716935573,0.9634017029737999,-0.5971309574501704,-1.2164161539661753,-1.3704344873414982,-1.6188264893023183,0.925454157724304,-1.7828763528420695,-0.515905503282044,1.0606834926034996,-1.1628609178241252,-1.5677968616648763,-0.6684327498328982,2.1858782676819617,-0.5448172248579175,-0.6993548767108434,-0.1512548160568486,0.3377125638788836,-0.40653436573011953,-0.5154063408376043,0.152705114620375,-0.24831889447529393,-1.4768731833072404,0.9566662400573293,-1.2047940238218031,-0.43533211723153903,-1.557187832005965,1.0531488463009917,0.0744158555148104,-1.0704752598915837,0
KXNBAGAME-26APR10DALSAS,2026-04-10,DAL,SAS,SAS,0,2025-26,0.9392,-1.3056728050402537,0.08250787283897211,1.4974994031654054,-1.1411159843470864,-1.1631459347232853,-1.0436884446202002,0.060984336586699155,-0.2263670069660906,-0.5568165570167728,-1.2056316594739804,0.014623411809342294,-0.2250426193369788,-0.11527825568292054,1.7823107502038,1.9456289468464305,-1.068883379162956,2.108593343516699,1.5491751697887224,0.2644289327841395,0.4761060657982447,2.0953019562043753,2.1559614170382204,-0.6388045870056945,-0.25238512127144824,0.5939963564316687,-0.1512548160568486,-2.215828922177921,-1.3993121595956726,1.8526892576117215,-2.3328999888809436,-1.9310269284589385,-0.9298843111595186,-0.29296855092857316,-1.634138066277366,-1.894323349971957,-0.4083406268727281,0.18658023557613343,-0.5838611553448133,0.03999169085607133,0
KXNBAGAME-26APR10DETCHA,2026-04-10,DET,CHA,DET,0,2025-26,0.3496,0.8921627955833576,0.6471816000312274,-0.9149767144713534,1.154043858125941,1.791428872505604,2.0631428832316474,-0.06436540343955233,-0.2263670069660906,2.1619349828320824,0.9079917059961625,0.8174358120254223,1.5423769867006838,-0.11527825568292054,0.8815263966194288,0.5237423520985692,-1.7122180684814265,1.6902920406507729,0.2411414245898828,0.7342908577225888,0.6389687155903754,0.906401462685409,-0.14390240455683306,-0.5799570275330352,-1.7876536651004138,-1.2536482623433483,0.9237347694900384,0.018519878121783073,0.08985453120265807,0.570452128695258,-0.39358172131398084,1.1048192044155083,0.9522546716396874,-0.4987907517968394,-0.7980470362323228,1.6128671133463555,1.0809057501518384,1.8177682087052796,1.983419187007717,-1.0704752598915837,1
KXNBAGAME-26APR10GSWSAC,2026-04-10,GSW,SAC,SAC,0,2025-26,0.1835,-0.42653856479080904,-0.46269434651906577,0.5388996213229843,-0.7330875679074369,0.633554961564556,-0.018574053786201018,1.122619889870278,-1.2953785507444513,0.642632651740075,1.4951093075156465,0.5984869756028544,-1.5273518027331505,-1.2164161539661753,-0.920042310549313,-0.7423210541837734,1.2310381351505761,-1.4533056293719457,0.4382423998938199,0.1819340910010517,-1.3257235676162529,-0.4752937054582577,-0.22459938075315045,0.12621368613887937,-1.495221561513944,-0.42220818389459025,0.9237347694900384,0.33771256387888376,0.2066519187162522,-0.49230296914541544,0.5168963385766122,0.13829199092207942,-0.14420938571097291,1.750551871977784,-0.5720764875715,0.6027962599106812,0.9958059571790057,1.4609458395832784,-0.7813442586027001,-2.180942210639239,0
KXNBAGAME-26APR10LACPOR,2026-04-10,LAC,POR,POR,0,2025-26,0.5367,0.8921627955833576,0.725067631368091,-0.6114201168879192,0.9627805379198554,1.472015379832216,1.5698284494173336,0.662151457120776,-1.0686185263066166,-0.5568165570167728,-0.9120728587142385,1.1823505393963678,1.1702886485874915,-0.11527825568292054,0.4311342198272434,0.1926180766093406,-1.2458004187255345,1.1072053760497846,-0.1799379317412472,0.1819340910010517,-0.5889639614137677,0.906401462685409,-0.34564484504762727,1.9504880297913225,0.11315500821163886,1.3330542039416753,-0.1512548160568486,0.3377125638788836,0.3964476734258449,0.4549352702343153,-0.11133352274789698,1.1745359214543816,0.9845767413575064,0.8960221987300727,-1.3855704627504621,-0.15475688016607403,-2.067786589842958,0.7473011013392774,-0.123067247743077,0.03999169085607133,0
KXNBAGAME-26APR10MINHOU,2026-04-10,MIN,HOU,MIN,0,2025-26,0.2065,-0.42653856479080904,-1.2999691833903386,-0.962906703563474,-0.08279227920674595,-1.4559416363405626,-0.23549245730738994,-0.3739025165656108,-0.2263670069660906,-1.1165595211033026,0.26216234432472935,0.8174358120254223,1.1702886485874915,-0.11527825568292054,1.3319185734116146,0.9522561203787473,-1.0528000119299927,1.4494518965764516,0.8458830533633195,0.9279743993002716,0.40372266589063716,1.4205205950179338,0.864809797897138,-0.521109468060376,-0.5448172248579175,0.8711430492479211,-1.2262444016037357,-1.2582508649066195,-1.6913056283796588,0.06217795146710936,-1.1037546080286431,-1.6426532352527003,-0.8155139106195407,-0.5539216984579863,-1.1595999140896378,-1.3892879232541206,0.570306992314844,0.9511995979804204,0.20607125768673457,1.1504586416037264,1
KXNBAGAME-26APR10NOPBOS,2026-04-10,NOP,BOS,BOS,0,2025-26,0.94,-1.3056728050402537,-0.5989949013585759,0.6347595995072278,-0.8988491120860445,-0.2758862328527464,-0.039566157352769124,-0.04901645568123721,-0.9066470802795924,-0.7167431181843533,-0.5598022978025484,0.5984869756028544,0.7982003104742998,0.9858596426003342,0.8815263966194288,-0.09955040176350768,-1.374467356589228,1.018474796653982,0.5860681313717665,1.1539385311409018,0.4476697301202572,0.7457392338314944,-0.8298267022255331,-1.3449753006776082,-1.9338697168936487,-0.9765015695270958,-1.2262444016037357,-1.5774435506637199,-0.37733501885172044,1.448380252998422,-1.376898025995821,-0.6159161297711522,-0.83291810200606,-0.35177489403379386,-1.1595999140896396,0.06970330948629715,0.5703069923148433,1.7667935845449936,1.259314475062132,2.260925592351381,0
KXNBAGAME-26APR10OKCDEN,2026-04-10,OKC,DEN,DEN,0,2025-26,0.5594,1.7712970358328026,1.9323011170894597,-1.554043235699634,2.5056379875822796,1.9733171113890688,1.324920574474057,0.8002919869456263,0.8102502476068625,0.4827060905724944,-0.9707846188661867,0.5255040301286655,0.7051782259460014,-0.11527825568292054,2.2327029269959855,2.9390017733141134,0.8772040560254192,1.2212875495586735,2.2345490157319463,2.0936623810178046,1.1611632434952952,0.6493418965191443,2.599794786117968,-2.0511460143495226,-1.7876536651004138,-1.1612660314045973,-0.1512548160568486,-0.3006728076353175,-0.7569265282709018,-1.751436726369692,0.9084019043295675,-0.17543323575283776,-0.5146700309382939,-0.24886379359965974,0.1058351584109682,-1.4734604943737604,0.7830564747469249,1.613869712064136,1.3251421761480935,0.03999169085607133,0
KXNBAGAME-26APR10ORLCHI,2026-04-10,ORL,CHI,ORL,0,2025-26,0.9095,0.4525956754586354,0.5692955686943636,1.0501528383056093,-0.4653189196189172,0.3540681554753328,-0.14802535911336262,0.6775004048790912,-0.8094642126633789,0.2827978891130198,1.2602622669078516,-0.7152060429325487,-1.5273518027331505,-0.11527825568292054,-0.920042310549313,0.8743445261459867,1.9065395589349707,-0.9335979500536737,-0.0858670117098246,-1.1021160550139526,-0.21670647617461766,0.6493418965191443,0.13853701213027853,0.8323843998107929,-0.6179252507545353,0.039702970799163975,-1.2262444016037357,0.9760979353930849,-0.23133828445972726,-0.6078198276063582,0.33480072659849364,0.309414841835669,0.6538971050136559,0.6424198440888153,-1.0240175848931456,0.09776083319284404,0.3150076133963464,-0.06829288522529572,-1.1104827640325114,1.1504586416037264,1
KXNBAGAME-26APR10PHIIND,2026-04-10,PHI,IND,PHI,0,2025-26,0.9,0.013028555333913172,0.41352350602063886,0.4749929692001576,-0.10829405523422404,0.32745036441921715,0.1038798836854353,-0.24855277653935645,0.3891244879366006,-0.5168349167248787,-0.8533610985622904,-0.7152060429325487,0.8912223950025976,-1.2164161539661753,-0.46965013375712733,1.1275572074024547,1.0380377283550368,-0.08431954726527797,1.7955513889186374,1.7027085656110028,0.5898514085102093,-0.8930155004784347,3.2857190837866668,-0.34456678964239706,-1.2758974838240917,-1.7155594170371025,-1.2262444016037357,0.3377125638788836,-0.537931426682912,-0.39988948237666155,-0.02028571675883763,-1.0405543153715486,-1.1113851641903556,-0.5961887575648599,0.8967320787238477,-2.651876490048712,-0.36579073038631205,0.3904787322172765,1.8517637848357922,0.03999169085607133,1
KXNBAGAME-26APR10PHXLAL,2026-04-10,PHX,LAL,LAL,0,2025-26,0.4808,0.013028555333913172,0.21880842767848227,-0.5475134647650924,0.5802538975076842,-0.2137780537218106,0.1738535622406591,-1.1490243783606093,-0.5179156098147336,-0.836688039060037,-0.7359375782583929,0.014623411809342294,0.7051782259460014,-0.11527825568292054,0.4311342198272434,-0.19693989455445712,0.07303569437733085,-0.1857259237176237,1.8896223089500601,-0.3022747629431523,-1.2274889534559237,-0.8608830547076514,0.05784003593396114,0.06736612666621902,0.5518031635913431,-0.05267926013958736,-1.2262444016037357,-0.3006728076353175,0.3088496327906478,-0.4460962257610393,0.54421068037333,-1.4937129761242052,0.32819009478024,0.048843318370511216,0.24141748760746218,-0.6317347831773643,-0.5785402128183921,-0.3741406301870105,0.5352097631165461,1.1504586416037264,0
KXNBAGAME-26APR10TORNYK,2026-04-10,TOR,NYK,NYK,0,2025-26,0.7078,0.4525956754586354,0.9197827097102477,-0.7711867471949894,1.217798298194636,1.9688808128797117,1.6502981797558376,-2.7836873146213486,-0.712281345047163,2.9215861483780854,-1.0882081391700842,1.4742823212931244,0.1470457187762136,-1.2164161539661753,0.8815263966194288,-0.2553735902290262,-1.1493002153277647,0.7396072614100313,1.320717221140976,0.9925355798261666,1.0732691150360494,-0.3788963681459076,0.29993096452291335,-0.4034143491150563,-0.47170919896130037,-1.1612660314045973,-1.2262444016037357,-0.3006728076353175,0.878236896919422,0.2701082966968076,0.33480072659849364,0.46786192601491994,0.4798551911484717,-2.760997263125732,-0.23312066458026587,1.8373273029987276,-0.4934404198455608,1.3589965912627076,0.9301759696323201,0.03999169085607133,0
KXNBAGAME-26APR12ATLMIA,2026-04-12,ATL,MIA,MIA,0,2025-26,0.7892,0.8921627955833576,1.4065704055656392,-0.9149767144713534,1.6513284906617636,0.4561030211904433,1.3109258387630123,-0.4480890973974757,0.16236446349876593,0.8825224934914437,-0.9120728587142385,0.8904187574996111,0.05402363424791592,-0.11527825568292054,-0.46965013375712733,1.3807698886589226,2.0352064967986645,-0.7054336030358958,0.6443025104388415,0.8669999510258168,0.34167975168411024,-0.411028813916691,1.550734095565838,-0.933042384368992,-1.7145456392037965,-0.3298259529558397,-0.1512548160568486,0.9760979353930848,0.016856164006663565,-2.1210906734447073,1.6823082552365711,-0.13423699386623533,0.3257037817250234,-0.5631101895681758,0.3995968716700371,-0.46338964093808593,0.01715833799143357,1.8177682087052796,0.2718989587726972,0.03999169085607133,0
KXNBAGAME-26APR12BKNTOR,2026-04-12,BKN,TOR,TOR,0,2025-26,0.9792,-0.8661056849155315,-2.4293166377748463,0.18741303464743175,-1.7404077209928213,-1.16758223323264,-1.1206594910309433,0.3705214497127548,-2.9150930110146924,-1.3564493628546712,0.26216234432472935,0.9634017029737999,-0.7831751265067666,-0.11527825568292054,-0.01925795696494194,0.017316989585630525,-0.972383175765184,0.7776346525796609,1.4640633849983866,1.2328466406725496,-2.540730637494038,-0.8287506089368702,1.9542189765474263,-1.0507375033143105,1.063559344867666,-0.7917371076495939,-0.1512548160568486,-0.6198654933924183,-1.83730236277165,0.8361409031554259,-1.8048227141443998,-1.8739859781544093,-1.6558877232828564,2.0739867590564893,-1.4533616273487084,-2.315186205570154,0.9532560606925888,-0.06829288522529663,0.008588154428847751,0.03999169085607133,0
KXNBAGAME-26APR12CHANYK,2026-04-12,CHA,NYK,CHA,0,2025-26,0.8844,0.4525956754586354,0.024093349336325693,-1.474159920546099,1.1922965221671582,-0.4134114866426819,0.17385356224065715,1.0612240988370145,0.6806730907852436,-0.5168349167248787,-0.6772258181064448,-1.5180184431486294,-0.8761972110350646,-0.11527825568292054,0.8815263966194288,0.11470648237657996,-1.10105011362888,0.9424200143147228,1.9433771203965866,0.9279743993002736,1.3214407718621541,-0.8608830547076514,0.38062794071923217,-0.9918899438416513,-0.47170919896130037,-1.6231771860983515,-0.1512548160568486,-0.3006728076353175,-0.07074187662853358,-0.27282093806962354,0.17091467581818698,-1.6743426520885505,-0.5246152831591632,-0.17535586471813594,1.0775085176525052,-0.6317347831773653,0.22990782042351438,-0.7309629993090119,0.5352097631165461,0.03999169085607133,1
KXNBAGAME-26APR12CHIDAL,2026-04-12,CHI,DAL,DAL,0,2025-26,0.6735,-1.3056728050402537,0.2772229511811287,1.8969159789330807,-1.332379304553172,-0.38235739707721156,-1.9743383694046504,-0.6194856806986783,0.58349022316903,-0.07703687351403395,1.084126986452006,-0.42327426103579274,0.1470457187762136,-0.11527825568292054,-1.3704344873414982,-0.09955040176350768,1.5687888470427747,-1.301196064693427,-1.2102384844663574,-1.0483150712423743,0.11677418768545554,-0.6359559343121723,-0.5070387974402635,-1.4626704196229277,0.11315500821163886,-0.23744372201708921,-0.1512548160568486,0.018519878121783073,0.2796502859122488,0.24700492500461707,-0.020285716758837693,0.5787748849403973,-0.6812530056378268,-0.5263562251274119,0.8515379689916842,0.29416349913867035,1.846803886907328,-0.37414063018701094,0.2718989587726972,0.03999169085607133,0
KXNBAGAME-26APR12DENSAS,2026-04-12,DEN,SAS,DEN,0,2025-26,0.2127,2.210864155957525,3.0227055558055356,0.6986662516300545,1.4218125064144607,2.0265526935013,2.0701402510871687,1.5882046385392237,1.0370102720446972,2.6417146663348197,-1.6166139805376187,-1.372052552200251,-0.6901530419784689,-0.11527825568292054,1.7823107502038,2.04301843963738,-1.0528000119299927,2.1592965317428723,1.535736466927087,0.35051050681866336,0.6855009012452727,2.063169510433592,2.0349159527437437,-0.6976521464783538,-0.3254931471680654,0.5939963564316687,-0.1512548160568486,0.3377125638788836,0.7322401625274267,1.2635532794609128,-0.5392582108964759,0.356948967089446,1.22326279465833,0.6552837316430804,-0.7302558716340749,0.4344511176714019,-0.6636400057912248,-0.7309629993090119,-0.9129996607746248,0.03999169085607133,1
KXNBAGAME-26APR12DETIND,2026-04-12,DET,IND,DET,0,2025-26,0.9082,0.8921627955833576,0.7445391392023056,-1.0747433447784236,1.3453071783320265,2.0176800964825907,1.7482613297331508,-0.540182783947375,0.16236446349876593,2.0819717022482913,1.1428387466039553,1.3283164303447454,1.9144653248138763,-0.11527825568292054,-0.46965013375712733,0.6406097434477075,0.5716200785991447,-0.03361635903910509,1.154973219180853,1.067856957106376,0.8121718510835924,-0.05757191043807847,2.761188738510603,0.3027563645568572,-1.2027894579274745,-1.1612660314045973,-0.1512548160568486,0.9760979353930848,0.07525485776345958,-1.1854041199110719,0.9812401491208147,0.619971126826998,0.49725938253499236,-0.9637284019724789,0.1510292681431318,-0.46338964093808593,0.61285688880126,1.7667935845449936,2.180902290265604,0.03999169085607133,1
KXNBAGAME-26APR12MEMHOU,2026-04-12,MEM,HOU,HOU,0,2025-26,0.8946,-1.7452399251649762,-0.852124503203379,2.4560991850078264,-2.5182118898309027,-1.1764548302513445,-0.2739779805127596,-0.02343487608404251,-2.720727275782263,-0.27694507497350856,0.08602706386888376,0.5984869756028544,-1.8064180563180448,-0.11527825568292054,1.3319185734116146,1.1080793088442658,-0.9884665429981471,1.5001550848026244,1.1863301925246572,0.7235306609682743,0.8199272153594072,1.3562557034763694,0.9455067740934554,-0.7564997059510131,-0.8372493284443875,0.9635252801866724,-0.1512548160568486,-2.2158289221779213,-1.4723105267916692,2.4880319791469065,-2.8791868248153,-1.6838494771393044,-0.7011435100795613,-0.5980264557868978,-2.85437902904581,-0.8561949728297366,0.6128568888012593,1.0021742221407062,-1.9662428781500219,0.03999169085607133,0
KXNBAGAME-26APR12MILPHI,2026-04-12,MIL,PHI,PHI,0,2025-26,0.9194,-0.8661056849155315,-1.0857825972139674,0.5388996213229843,-1.1411159843470864,-0.014144620800936888,1.3739021494627108,-1.0748377975287444,-1.3601671291552595,-0.39688999584919366,1.8473798684273355,-0.5692401519841711,-0.2250426193369788,-0.11527825568292054,-0.01925795696494194,0.03679488814382207,0.16953589777510053,-0.10967114137836442,-0.08138744408928114,-0.026096379582383752,-0.3588881545645698,0.42441477612366524,-0.9105236784218519,-1.3449753006776082,-0.10616906947821261,0.31684966361541633,-0.1512548160568486,-0.6198654933924183,-0.844524568906099,0.2701082966968059,-0.739563384072406,0.043223740414530615,0.9895493674679383,-0.5153300357951844,-1.2499881335539682,0.35027854655176316,2.3148527482579055,-0.32316600602672574,-0.3863780520869265,0.03999169085607133,0
KXNBAGAME-26APR12NOPMIN,2026-04-12,NOP,MIN,MIN,0,2025-26,0.6565,-1.7452399251649762,-0.34586529951377015,1.3537094358890436,-1.306877528525694,-0.3468670090023939,-0.3929332340566391,-0.3508790949281353,-0.7770699234579735,-0.6767614778924579,-0.7359375782583929,0.23357224823190884,0.8912223950025976,-0.11527825568292054,-0.01925795696494194,-0.6449315613928239,-0.5381322604752181,0.004411032130524563,-0.6592516671394496,0.4473522776075058,-0.48555910440289235,-0.8287506089368702,-0.8701751903236925,-0.050328992279099545,0.47869513769472594,1.3330542039416753,-0.1512548160568486,-1.2582508649066195,0.22125159215545276,1.3675184520757635,-0.9398685572483365,0.2143465913281167,-0.594232048705236,0.09478577392146258,0.03804399381272203,0.12581835689939094,-0.49344041984556003,-0.17024213354586792,-0.3205503510009638,0.03999169085607133,0
KXNBAGAME-26APR12ORLBOS,2026-04-12,ORL,BOS,BOS,0,2025-26,0.15,0.8921627955833576,0.588767076528581,0.6507362625379339,-0.13379583126170214,0.3984311405688647,-0.15502272696888403,0.465173294222376,-0.4531270314039253,0.44272445028060037,1.4951093075156465,-0.20432542461322556,-1.0622413800916604,-0.11527825568292054,1.3319185734116146,0.913300323262367,-1.1171334808618407,1.474803490689538,1.4103085735518552,1.9394328942059476,0.18915758759306886,0.45654722189444635,-0.10355391645867508,-1.1684326222596302,-1.9338697168936487,-0.6993548767108434,-0.1512548160568486,-0.30067280763531784,-0.24593795789892575,1.275104965307008,-1.1583832916220786,-0.7173222636458721,-1.4594689919207227,0.20137227079967246,-0.6398676521697462,0.37833607025831006,1.9319036798801614,1.2060727187818496,-0.2547226499150011,0.03999169085607133,0
KXNBAGAME-26APR12PHXOKC,2026-04-12,PHX,OKC,PHX,0,2025-26,0.2674,0.013028555333913172,-0.40427982301641935,-0.6593501059800421,0.2614816971642081,-0.7062071882599592,-0.5608700625891704,-0.8650688448317485,-0.2263670069660906,-1.2365044419789861,0.027315303716935573,0.08760635728353114,0.4261119723611075,-0.11527825568292054,1.3319185734116146,1.4781593814498721,-1.2618837859584975,1.9564837788381804,1.4998999259627344,1.2292599084211113,0.9155767080944649,0.4886796676652297,0.25958247642475535,-0.9918899438416513,0.844235267177813,0.22446743267666502,-0.1512548160568486,-0.939058179149519,-1.413911833034871,0.4318318985421264,-1.2221167558144204,-1.5697675765302441,-1.2555913213929346,-1.2706240050528392,-0.5042853229732522,-1.0525976387755618,0.740506578260508,-0.5270645026678683,0.14024355660077248,0.03999169085607133,1
KXNBAGAME-26APR12SACPOR,2026-04-12,SAC,POR,POR,0,2025-26,0.9536,-0.42653856479080904,-0.6574094248612223,0.8424562189064185,-1.102863320305869,0.31857776740051275,0.17035487831289645,-1.174605957957804,-0.19397271776068534,-0.27694507497350856,0.26216234432472935,-0.9341548793551167,-0.41108678839357415,-0.11527825568292054,0.4311342198272434,0.3484412650748592,-1.3583839893562673,1.297342331897933,-0.08138744408927864,0.4150716873445603,-0.6354961470686622,0.7457392338314944,-0.42634182124394465,1.832792910846004,0.4055871117981088,1.4254364348804267,-0.1512548160568486,-0.619865493392418,-0.7569265282709018,1.5870004831515536,-1.7228796887542466,0.28089436668340345,-0.1715588293183615,-0.39036655669659365,-0.6624647070358287,0.09776083319284404,-1.1316888671418024,-0.9348614959501553,-1.3079658672903984,0.03999169085607133,0
KXNBAGAME-26APR12UTALAL,2026-04-12,UTA,LAL,LAL,0,2025-26,0.8982,-1.7452399251649762,0.9587257253786767,2.919422412898331,-1.7021550569516042,0.6379912600739058,-0.5433766429503649,-2.307869934113526,0.09757588508795764,2.0819717022482913,-0.03139645643501261,1.1823505393963678,-0.5971309574501704,-0.11527825568292054,0.4311342198272434,-0.27485148878721777,-0.4255486898444853,0.1565205968090432,2.153916798562154,0.23573507477263214,-0.9379553538254733,-1.117942620873916,0.38062794071923217,0.00851856719355974,0.9904513189710487,-0.3298259529558397,-0.1512548160568486,-1.57744355066372,0.9220359172370195,2.4187218640703416,-1.3313741230012917,-1.0722437322073988,-0.5544510398217657,-0.9894561770810093,0.8515379689916842,1.192004257748157,-0.025391558494982442,0.13560561141584687,-0.18889494882903904,0.03999169085607133,0
KXNBAGAME-26APR12WASCLE,2026-04-12,WAS,CLE,CLE,0,2025-26,0.8192,-1.7452399251649762,-0.0732641898347526,2.2484025656086377,-1.8424148251027337,0.22985179721346133,-0.49439506796170923,-0.5197175202696186,-0.971435658690403,-0.7167431181843533,0.49700938493252317,0.5255040301286655,-0.8761972110350646,-0.11527825568292054,0.8815263966194288,1.341814091542545,0.7967872198606103,0.24525117620484574,1.625327819337966,-0.3202084242003471,0.6751604155441806,-0.2824990308335598,0.7034158455045018,-1.1684326222596302,-0.6910332766511524,-0.8841193385883449,-0.1512548160568486,-1.8966362364208205,-1.0635196704940888,1.0556229342312178,-1.4952601737815983,-0.9898512484341851,-0.134264133490105,-0.8516288104281533,-0.4816882681071712,-0.996482591362469,1.2085554396110865,0.8492503496598487,0.008588154428847751,0.03999169085607133,0
KXNBAGAME-26FEB01BKNDET,2026-02-01,BKN,DET,DET,0,2025-26,0.8623,-1.3056728050402537,-2.293016082935336,0.09155305646318827,-1.5746461768142137,-1.56684909907438,-0.018574053786202957,-0.48134515087382795,-0.971435658690403,-0.5168349167248787,-0.5598022978025484,-1.44503549767444,-0.6901530419784689,-0.11527825568292054,0.8815263966194288,-0.761798952741965,-1.519217661685885,0.7015798702404016,-0.30984539273702,-1.3567740448660903,-0.8862529253200327,0.3280174388113151,-0.18425089265499248,0.655841721392814,2.525719862800014,1.055907511125423,-0.1512548160568486,-1.5774435506637199,-1.1511177111292816,1.1595881068460652,-1.6318318827651872,-0.904289822977392,0.9224189149770821,0.28590638901342363,-0.9110323105627341,-0.23892945128571375,-0.8763894882233056,-2.769947965720445,-1.2421381662044364,0.03999169085607133,0
KXNBAGAME-26FEB01CHIMIA,2026-02-01,CHI,MIA,MIA,0,2025-26,0.6659,0.4525956754586354,0.8224251705391694,-0.08419023687458801,0.6057556735351622,1.0106403348595303,2.2695652349695523,0.012379335352028937,0.03278730667714708,2.201916623123978,-0.6185140579544965,-1.1531037157776838,0.1470457187762136,-1.2164161539661753,-0.01925795696494194,0.9522561203787473,0.8450373215594952,-0.04629215609564831,-1.4431760007346421,-0.43498385624638036,0.19949807329415523,1.9025072815796775,0.6630673574063437,-0.6388045870056945,0.3324790859014916,-1.346030493282099,-1.2262444016037357,0.3377125638788836,-0.09994122350693262,-0.6655782568368296,0.4622676549831766,1.7386075411325101,1.9094851978981993,-0.13125110738922247,-1.3177792981522145,1.0797741629219726,0.01715833799143357,-1.036810744270727,1.0618313718042447,0.03999169085607133,0
KXNBAGAME-26FEB01CLEPOR,2026-02-01,CLE,POR,CLE,0,2025-26,0.5906,0.8921627955833576,0.024093349336325693,-0.6913034320414543,0.5675030094939452,0.23872439423216574,0.4467509086060232,-0.025993034043761697,0.6482788015798383,0.9624857740752347,0.9667034661481096,0.08760635728353114,0.1470457187762136,-0.11527825568292054,-0.46965013375712733,-0.9955337354402414,-0.3451318536796764,-0.375862879565772,-0.9638622653364423,-1.5396973896894566,-1.12666921787032,1.0027987999977568,-2.0402813451702984,1.7150977919006853,0.2593710600048745,0.039702970799163975,-0.1512548160568486,0.9760979353930848,0.7614395094058257,-0.2497175663774347,0.6716776087580131,0.8481349280451257,1.3799005171369951,0.7839226071857491,-0.25571771944634847,2.089845016357646,-0.5359903163319768,-0.11926750938558227,0.07441585551480982,0.03999169085607133,1
KXNBAGAME-26FEB01LACPHX,2026-02-01,LAC,PHX,LAC,0,2025-26,0.4292,1.3317299157080804,-0.38480831518220204,-1.1546266599319586,0.6695101136038575,0.23872439423216574,-0.039566157352769124,1.3272725266478356,-1.003829947895806,-1.3964310031465668,-0.0901082165869608,1.2553334848705566,-1.1552634646199587,-0.11527825568292054,0.4311342198272434,-0.5864978657182549,-0.9884665429981471,0.3973607408833644,-0.3367227984602857,-0.0117494505766291,1.0138113222548026,-0.5074261512290411,-1.3947055355997577,0.3616039240295165,0.9904513189710487,-0.6993548767108434,-0.1512548160568486,0.6569052496359845,0.14825322495945617,-0.12264902207039835,0.18912423701599876,0.40448309234322133,-0.024866359060563097,0.2344508387963545,-0.34610593891067565,-0.014469261633341557,-0.3232408338998953,0.1865802355761325,-0.32055035100096346,0.03999169085607133,1
KXNBAGAME-26FEB01LALNYK,2026-02-01,LAL,NYK,NYK,0,2025-26,0.674,0.4525956754586354,0.6277100921970128,0.09155305646318827,0.33798702524664237,1.609540633622144,1.6712902833224057,-0.5325083100682145,-0.712281345047163,-0.15700015409782353,-0.6185140579544965,-0.35029131556160326,-0.13202053480868028,-0.11527825568292054,0.4311342198272434,-0.8007547498583425,-2.114302249305471,1.1452327672194142,-0.3322432308397447,-0.004575986073752771,-1.1318394607208602,1.4526530407887173,-0.06320542836051567,-0.16802411122441813,0.5518031635913431,-0.3298259529558397,-0.1512548160568486,0.018519878121783073,1.0680326516290126,1.5870004831515536,-0.5847821138910053,1.380517130887406,1.1859680988300765,0.4237337556662818,-1.5211527919469545,-0.07058430904643435,-0.32324083389989605,-0.6290137509884396,0.14024355660077248,0.03999169085607133,0
KXNBAGAME-26FEB01MILBOS,2026-02-01,MIL,BOS,BOS,0,2025-26,0.8483,-1.3056728050402537,-1.8062283870799445,0.18741303464743175,-1.332379304553172,-0.23152324775921942,0.6006930014275117,-2.172287562248395,-0.8742527910741872,-0.03705523322213846,-0.6772258181064448,-1.1531037157776838,-0.2250426193369788,0.9858596426003342,0.4311342198272434,-0.4891083729273054,-1.3583839893562673,0.7522830584665745,-0.7667612900325051,-0.3237951564517833,0.023709816375669476,0.8742690169146256,-1.0315691427163274,-1.109585062786971,-0.5448172248579175,0.039702970799163975,-0.1512548160568486,-1.2582508649066193,-0.9905213032980901,1.1133813634616891,-1.4952601737815983,0.37279367550737114,0.6464381658480046,-1.5756819099111636,-1.2273910786878857,0.6869688310303209,0.31500761339634714,-0.425115254347297,-0.18889494882903962,1.1504586416037264,0
KXNBAGAME-26FEB01OKCDEN,2026-02-01,OKC,DEN,OKC,0,2025-26,0.6874,0.4525956754586354,0.10197938067318943,-1.4422065944846845,1.217798298194636,0.997331439331476,0.02341015334693132,0.7005238265165695,-0.38833845299311476,-0.916651319643828,-1.2643434196259287,-0.42327426103579274,2.007487409342174,0.9858596426003342,0.8815263966194288,-1.073445329673002,-1.1493002153277647,0.20722378503521607,0.012683475942143956,1.1216579408779526,0.4528399729707975,-1.4071346328109617,-0.7087812379310577,-2.7573167280214363,-1.3490055097207094,-0.23744372201708921,-0.1512548160568486,-0.3006728076353175,0.878236896919422,-0.2150625088391522,0.7172015117525427,0.699194668916627,-0.7657876495152008,0.1829952885792956,0.7159556397951903,-0.15475688016607403,1.0809057501518378,0.6453518530187057,1.5884529804919434,1.1504586416037264,1
KXNBAGAME-26FEB01ORLSAS,2026-02-01,ORL,SAS,SAS,0,2025-26,0.6576,0.013028555333913172,-0.852124503203379,0.07557639343248217,-0.6183295757837857,-1.0478021734801157,-0.6623318964942405,1.3016909470506408,-0.6150984774309495,-0.07703687351403395,-0.20753173689085821,0.08760635728353114,0.05402363424791592,-0.11527825568292054,-0.01925795696494194,-0.8202326484165341,-1.0206332774640712,0.27060277031793223,-0.25161101366995253,-0.19108606314855925,0.018539573525123414,-0.08970435620886184,-0.06320542836051567,-1.1684326222596302,-1.7145456392037965,0.8711430492479211,-1.2262444016037357,0.018519878121783073,-0.02694285631093604,0.7899341597710499,-0.639410797484441,-0.574719887884548,-0.34311443012832493,0.9235876720606431,-0.36870299377675986,-0.014469261633341557,0.6979566817740921,1.2570473429421356,-0.5838611553448126,1.1504586416037264,0
KXNBAGAME-26FEB01SACWAS,2026-02-01,SAC,WAS,WAS,0,2025-26,0.4847,-1.3056728050402537,-1.0857825972139674,0.28327301283167294,-0.9371017761272616,0.31857776740051275,-0.1200358876912731,0.8181990926636635,0.06518159588255236,-0.4368716361410877,1.084126986452006,-1.8099502250453854,-0.038998450280382596,-0.11527825568292054,-1.3704344873414982,-1.443525402278611,0.2177859994739854,-1.1110591088452788,-1.7612253017932602,-1.3029730610945118,0.7372033297507075,0.006692981103485984,-0.7491297260292157,0.18506124561153864,0.844235267177813,0.6863785873704192,-0.1512548160568486,0.018519878121783073,0.2650506124730503,0.05062626562101574,0.12539077282365715,1.4692474980277836,0.8130211405475388,0.06538260236885428,0.03804399381272203,0.20999092801903066,0.6554067852876753,-1.8524047308352998,-0.5180334542588506,0.03999169085607133,0
KXNBAGAME-26FEB01UTATOR,2026-02-01,UTA,TOR,TOR,0,2025-26,0.8101,-1.7452399251649762,-0.014849666332106177,2.152542587424392,-1.7276568329790822,0.948532155728597,-0.5468753268781257,-0.015760402204884952,-1.5221385751822836,1.882063500788817,0.49700938493252317,-0.05835953366484655,-1.0622413800916604,-0.11527825568292054,-0.01925795696494194,-0.7033652570673931,-0.3772985881456004,-0.16037432960453726,0.008203908321602981,-1.1272231807740218,0.20983855899524448,-0.34676392237512654,1.3489916550750438,-0.4622619085877156,-0.7641413025477697,0.31684966361541633,-0.1512548160568486,-1.2582508649066195,0.513245060939437,1.8295858859195326,-1.1219641692264553,0.667505252080775,0.38786160810544634,-0.15881658071979493,-0.8206440910984037,0.37833607025830907,0.6979566817740921,0.49242798053784825,-0.9788273618605868,0.03999169085607133,0
KXNBAGAME-26FEB02HOUIND,2026-02-02,HOU,IND,HOU,0,2025-26,0.7142,0.8921627955833576,-1.3778552147272023,-1.4422065944846845,0.24873080915046908,-1.123219248139113,0.2543232925791631,-2.0341470324235447,1.879261791385223,-0.7167431181843533,-0.2662434970428064,0.9634017029737999,1.8214432402855778,-0.11527825568292054,-0.01925795696494194,-1.32665801092947,0.13736916330917653,-0.9716253412233034,-0.9145870215104567,-0.14804527613129528,-1.4963415816841954,0.2316201014989673,0.9051582859952959,0.24390880508419793,-0.9834653802376224,-0.3298259529558397,-0.1512548160568486,0.6569052496359842,-0.04154252975013661,-1.139197376526694,0.8719827819339435,-0.1595885273349127,0.27846383367590166,-0.39587965136270936,1.145299682250753,-1.1367702098952017,-0.36579073038631205,1.358996591262707,1.5226252794059807,0.03999169085607133,1
KXNBAGAME-26FEB02MINMEM,2026-02-02,MIN,MEM,MEM,0,2025-26,0.2948,0.013028555333913172,0.2382799355126996,-0.7072800950721626,0.7205136656588136,0.2032340061573481,1.4823613512233063,-1.5020501768018941,0.7130673799906488,-0.19698179438971902,1.0254152263000589,1.03638464844799,1.4493549021723862,-0.11527825568292054,-1.3704344873414982,-0.6644094599510155,0.15345253054213967,-0.5533240383573771,-0.6234151261750994,-0.8725651909218842,1.2076954291501925,0.19948765572818394,0.864809797897138,0.7146892808654743,-0.6179252507545353,1.055907511125423,-0.1512548160568486,0.9760979353930849,0.6738414687706328,-0.6193715134524534,0.9084019043295671,0.5819438266239855,1.6533949532108563,-1.9358707614306312,0.35440276193787357,-0.7439648780035509,0.22990782042351438,1.1550980946215643,0.2718989587726972,0.03999169085607133,0
KXNBAGAME-26FEB02NOPCHA,2026-02-02,NOP,CHA,CHA,0,2025-26,0.707,-0.42653856479080904,-0.6184664091927905,-0.1321202259667086,-0.29955737544030964,-1.16758223323264,-1.1276568588864666,0.6698259309999337,1.3609531640987453,-1.1965228016870921,-1.4404787000817743,0.16058930275772,1.3563328176440876,-0.11527825568292054,1.3319185734116146,0.23157387372572094,-1.470967559987,1.3100181289544761,0.7025368895059089,1.0176427055862358,1.3938241717697646,1.2598583661640192,0.7034158455045018,0.7735368403381336,-1.7145456392037965,-0.6993548767108434,-0.1512548160568486,-1.2582508649066195,-0.6401291407573078,0.963209447462464,-1.1583832916220789,-1.3352658919449525,-1.5116815660802763,-0.5079792429070309,0.06064104867880462,-1.3331728758410268,-1.5997377284923808,1.3080219671024214,1.4567975783200187,0.03999169085607133,0
KXNBAGAME-26FEB02PHILAC,2026-02-02,PHI,LAC,PHI,0,2025-26,0.5139,0.013028555333913172,-0.11220720550318447,0.37913299101591413,-0.3760627035227439,0.2520332897602223,-0.17601483053545214,0.27331144724341433,-1.0362242371012114,-0.07703687351403395,-1.323055179777877,1.4742823212931244,-0.13202053480868028,-0.11527825568292054,1.3319185734116146,0.017316989585630525,-1.10105011362888,0.8790410290320066,0.6487820780593824,0.07791885570933299,1.1973549434491004,-0.18610169352121197,-1.0719176308144867,-0.34456678964239706,0.040046982315021705,-1.43841272422085,-1.2262444016037357,-0.939058179149519,-0.09994122350693262,1.0671746200773113,-0.9034494348527128,-0.283177252994727,-0.18399039459444472,-0.6531574024480407,-0.594673542437581,0.6869688310303209,-0.7061899022776409,1.0021742221407066,0.9301759696323203,1.1504586416037264,1
KXNBAGAME-26FEB03ATLMIA,2026-02-03,ATL,MIA,ATL,0,2025-26,0.7346,-0.42653856479080904,-0.5989949013585759,0.3951096540466225,-0.7075857918799588,-1.0167480839146479,0.3977693336173675,0.17098512885463552,-0.29115558537690117,0.7225959323238645,-0.8533610985622904,0.7444528665512333,-0.5971309574501704,0.9858596426003342,0.4311342198272434,1.341814091542545,0.3947030390365662,0.5621461026184261,-1.187840646363635,-0.39552980148055655,0.013369330674580222,2.3523615223706402,1.4296886312713613,-0.6976521464783538,0.4055871117981088,-1.0688838004658463,-0.1512548160568486,-0.619865493392418,-1.4577108533524707,0.004419522236637996,-0.9125542154516187,0.10977151576981214,0.5519582697497626,0.11500045436388141,-1.8601086149381902,-0.49144716464463184,-0.1104913514678152,0.23755485973641907,0.33772665985865924,1.1504586416037264,1
KXNBAGAME-26FEB03BOSDAL,2026-02-03,BOS,DAL,BOS,0,2025-26,0.7098,0.8921627955833576,-0.30692228384534104,-1.6978332029759982,1.154043858125941,-0.8171146509937741,-0.011576685930679608,0.022611967190908522,1.1017988504555076,-0.9566329599357221,-1.2056316594739804,-0.8611719338809272,0.1470457187762136,-0.11527825568292054,-0.01925795696494194,0.5626981492149495,-0.1521314468841348,0.4860913202791669,0.4964767789608899,-0.0691371665996477,-1.6953959314301341,0.9385339084561901,-0.42634182124394465,-0.8153472654236734,-0.5448172248579175,-0.14506149107833788,0.9237347694900384,0.6569052496359842,-0.6547288141965083,-1.116094004834507,0.4713724355820825,-0.9391481814968251,0.034805154264644575,1.2231324822528542,0.10583515841096981,-0.3792170698184462,-0.2806909374134793,-0.22121675770615357,0.20607125768673457,-1.0704752598915837,1
KXNBAGAME-26FEB03CHIMIL,2026-02-03,CHI,MIL,MIL,0,2025-26,0.479,0.013028555333913172,0.10197938067318943,0.04362306737106767,0.031965712916905406,0.17217991659187531,1.3983929369570396,0.1223801276199653,0.16236446349876593,1.4822470978698676,-0.2662434970428064,-1.5180184431486294,0.2400678033045113,-0.11527825568292054,-1.3704344873414982,-2.436898228746294,0.024785592678443723,-1.6054151940504644,-1.0534536177473188,0.14606676848666608,-1.8298222455442716,-0.7644857173953036,-0.5070387974402635,-0.7564997059510131,-1.0565734061342396,-0.5145904148333416,-0.1512548160568486,0.9760979353930849,1.900214037663374,0.015971208082733255,1.1724405416978392,0.863979636463049,0.8876105322040464,1.3903630204583184,0.6481644751969424,1.3884069236939833,0.3575575098827624,-0.3231660060267253,0.5352097631165461,0.03999169085607133,0
KXNBAGAME-26FEB03DENDET,2026-02-03,DEN,DET,DET,0,2025-26,0.7361,0.4525956754586354,-1.319440691224553,-1.106696670839838,0.019214824903166366,0.021345767273885655,1.247949528063312,0.20168302437127145,-1.16580139392283,-0.5168349167248787,-2.0863080617532064,-1.2260866612518726,-0.13202053480868028,-0.11527825568292054,1.3319185734116146,-0.021638807530747036,-1.856968373578081,1.4494518965764516,0.4382423998938199,-0.8331111361560605,-0.785433189734432,0.19948765572818394,0.29993096452291335,-0.34456678964239706,2.452611836903397,0.40923189455416686,-0.1512548160568486,-0.6198654933924184,-0.9759216298588915,0.5357970711569738,-1.0309163632373959,-0.29902196141265214,1.459462534903936,0.7049015836381116,-0.9562264202948978,-0.5756197357642715,-1.2593385566010513,-2.566049469079302,-0.3863780520869259,0.03999169085607133,0
KXNBAGAME-26FEB03LALBKN,2026-02-03,LAL,BKN,LAL,0,2025-26,0.7465,0.013028555333913172,-0.1706217290058309,0.027646404340361565,-0.13379583126170214,1.0505670214437075,0.7161495710436285,-1.1336754306022916,-1.0686185263066166,-0.7567247584762474,-0.9120728587142385,-0.1313424791390367,-0.13202053480868028,-0.11527825568292054,-1.3704344873414982,-2.9628014898174215,0.3625363045706422,-2.2138534527645386,-2.213661631468199,-0.4959583045208371,0.09092297343273671,-0.9894128377907848,-0.7894782141273751,0.24390880508419793,-1.495221561513944,-0.9765015695270958,-0.1512548160568486,0.9760979353930849,2.090009792372965,-0.23816588053134108,1.4911078626595466,2.3121859858613987,0.8478295233205774,-0.8773565855366878,-0.05234422565160675,0.01358826207320534,-0.8338395917368897,0.95119959798042,0.6010374642025087,0.03999169085607133,1
KXNBAGAME-26FEB03NYKWAS,2026-02-03,NYK,WAS,NYK,0,2025-26,0.8749,0.4525956754586354,-1.0468395815455356,-2.3688530502656913,1.205047410180897,-0.4888285613016792,0.15636014260185363,-1.156698852239767,1.5229246101257696,-0.15700015409782353,-0.2662434970428064,0.30655519370609896,-0.7831751265067666,-0.11527825568292054,-0.920042310549313,-0.9955337354402414,0.2177859994739854,-0.8195157765447848,-1.1878406463636375,-0.6358408623269395,0.04697590920311384,-0.21823413929199306,-0.3859933331457867,-0.16802411122441813,0.9173432930744302,0.40923189455416686,-0.1512548160568486,0.9760979353930849,-0.04154252975013661,-1.866953584830633,1.4455839596650173,0.4868755761164297,0.5469856436393293,-0.8626549997603826,1.2130908468489991,0.15387588060593785,-0.06794145498139921,-0.42511525434729613,-0.8471719596886621,0.03999169085607133,1
KXNBAGAME-26FEB03ORLOKC,2026-02-03,ORL,OKC,OKC,0,2025-26,0.8134,-0.42653856479080904,-0.8715960110375935,0.21936636070884397,-0.745838455921176,-0.9901302928585323,-0.4524108608285769,1.6726238512099627,-1.2953785507444513,-0.23696343468161307,-0.3836670173467028,0.014623411809342294,-0.2250426193369788,-0.11527825568292054,0.4311342198272434,0.0757506852602024,-1.4227174582881152,1.1705843613325009,0.8727604590865853,0.4365920808531893,0.9465981651977298,-0.6359559343121723,-0.9105236784218519,-1.2861277412049488,-0.47170919896130037,2.0721120514516818,-0.1512548160568486,-0.619865493392418,-0.7131275079533043,1.182691478538254,-1.3768980259958212,-1.3289280085777866,-0.6290404314782718,0.5303202525444897,-0.4590912132410886,0.4625086413779497,0.655406785287676,0.3395041080569909,-1.6371043727202101,0.03999169085607133,0
KXNBAGAME-26FEB03PHIGSW,2026-02-03,PHI,GSW,PHI,0,2025-26,0.3736,0.4525956754586354,0.296694459015346,0.059599730401773784,0.14672370504055676,0.5847556779616719,0.3732785461230406,0.4523825044237801,-1.0686185263066166,0.2827978891130198,-1.675325740689568,1.4012993758189356,-0.31806470386527647,-1.2164161539661753,0.4311342198272434,1.1859909030770237,-0.00738114178747798,0.7776346525796609,0.34865104748294073,0.7055969997110816,0.08833785200746512,-1.117942620873916,1.7928250241547916,0.24390880508419793,2.745043940489866,0.1320852017379145,1.9987243550369254,0.018519878121783073,-0.6693284876357047,0.050626265621014105,-0.4573151855063223,0.16681246607434141,-0.22874402958834839,0.26385401034896894,0.03804399381272203,-1.052597638775563,-1.3869882460603,-0.9348614959501544,-0.3205503510009638,-3.291409161386894,1
KXNBAGAME-26FEB03PHXPOR,2026-02-03,PHX,POR,PHX,0,2025-26,0.5652,0.4525956754586354,-1.1636686285508284,-1.1865799859933732,0.18497636908177387,-0.7860605614283063,0.3662811782675192,0.30145118480033106,-0.9066470802795924,-1.4364126434384608,-0.0901082165869608,0.8174358120254223,-0.41108678839357415,-0.11527825568292054,-0.46965013375712733,-1.0539674311148133,-0.23254828304894362,-0.5026208501312042,-1.084810591091128,-1.503830067175071,-1.4627350031556647,1.2598583661640192,-2.0402813451702984,2.1858782676819617,0.11315500821163886,-0.05267926013958736,-0.1512548160568486,0.6569052496359842,-0.08534155006773206,-0.6886816285290184,0.4895819967798944,0.20167082459378155,1.2978521863148378,1.258048748471578,-1.5211527919469545,0.40639359396485597,-1.642287624978797,0.49242798053784825,-0.2547226499150011,0.03999169085607133,1
KXNBAGAME-26FEB03UTAIND,2026-02-03,UTA,IND,UTA,0,2025-26,0.5748,-1.7452399251649762,-0.5211088700217122,1.8170326637795458,-1.7914112730477774,0.10119914044222776,-0.7707910982548359,-0.1820406695866491,-0.8742527910741872,1.4822470978698676,1.1428387466039553,0.014623411809342294,-0.6901530419784689,-0.11527825568292054,-0.46965013375712733,-1.015011633998433,0.49120324243433583,-1.0476801235625626,-0.780199992894138,-0.040443308588140395,-1.250755046283368,0.006692981103485984,1.0665522383879322,0.12621368613887937,-0.8372493284443875,-0.05267926013958736,-1.2262444016037357,-0.939058179149519,0.3672483265474459,0.9632094474624623,-0.5301534302975698,0.6199711268269997,-0.5246152831591604,0.7600325302992524,-0.6172705973036635,0.29416349913866935,0.740506578260508,0.59437722885842,-0.4522057531728885,1.1504586416037264,1
KXNBAGAME-26FEB04BOSHOU,2026-02-04,BOS,HOU,BOS,0,2025-26,0.2917,0.8921627955833576,-0.48216585435328035,-1.921506485405895,1.217798298194636,-0.6440990091290235,-0.011576685930679608,-0.8983248983081008,0.9722216936338866,-0.7567247584762474,-1.381766939929826,-0.7152060429325487,0.05402363424791592,-1.2164161539661753,1.3319185734116146,-0.8202326484165341,-1.3583839893562673,0.5367945085053397,-0.565180747108027,0.40072475833880367,-2.0418022024165654,1.709712606954982,-0.5473872855384214,-0.28571923016973777,0.6980192153845788,1.702583127696679,-0.1512548160568486,-0.30067280763531784,0.2504509390338518,-0.41144116822275517,0.4804772161809885,-0.06452027682736387,-0.29090185596877133,0.8078126840722437,-0.5268823778393364,-0.15475688016607403,-0.7912896952504737,-0.985836120110441,-1.1763104651184737,-1.0704752598915837,1
KXNBAGAME-26FEB04CLELAC,2026-02-04,CLE,LAC,CLE,0,2025-26,0.5871,1.3317299157080804,0.374580490352207,-0.8830233884099389,0.9500296499061164,0.6956631406954918,0.642677208560644,-0.6987885774499816,0.9398274044284836,1.282338896410393,0.9667034661481096,0.45252108465447666,0.2400678033045113,0.9858596426003342,0.8815263966194288,-0.06059460464712736,-0.7954661362026054,0.5874976967315126,1.2938398154177178,0.002597478429123559,0.6544794441420078,-0.21823413929199306,-0.9912206546181693,0.18506124561153864,-0.17927709537483108,-1.2536482623433483,-0.1512548160568486,0.337712563878884,0.32344930622984625,-0.06489059283992699,0.2528577012083403,-0.42261068707247174,0.45001943448586923,-0.9655661001945167,0.806343859259519,1.5848095896398087,0.5703069923148433,0.4414533563775626,1.0618313718042445,1.1504586416037264,1
KXNBAGAME-26FEB04DENNYK,2026-02-04,DEN,NYK,NYK,0,2025-26,0.6554,0.013028555333913172,-1.2610261677219068,-0.8670467253792328,-0.13379583126170214,-0.19159656117504467,0.9400653424203369,0.3091256586794886,-1.0362242371012114,-0.5568165570167728,-2.027596301601258,-1.0071378248293055,0.7051782259460014,-1.2164161539661753,0.8815263966194288,-0.4111967786945448,-2.516386430129515,1.715643634763859,0.11571353121465348,1.1539385311409018,-0.8655719539178571,1.645447715413415,0.29993096452291335,-0.28571923016973777,-0.10616906947821261,-0.8841193385883449,-1.2262444016037357,-0.619865493392418,-0.6401291407573078,1.182691478538254,-1.3313741230012914,-0.2229673610066113,-0.136750446545323,0.83905355384689,-1.8827056698042712,-0.6036772594708174,-1.2593385566010513,-0.6290137509884406,1.127659072890207,0.03999169085607133,0
KXNBAGAME-26FEB04MEMSAC,2026-02-04,MEM,SAC,MEM,0,2025-26,0.3862,-0.8661056849155315,-0.28745077601112373,0.28327301283167294,-0.414315367563961,-0.4843922627923245,-0.46990428046738236,1.2786675254131654,0.00039301747174178806,0.6826142920319691,0.3208741044766775,-0.49625720650998156,0.8912223950025976,-0.11527825568292054,-1.8208266641336839,-1.0539674311148133,0.5716200785991447,-1.1364107029583652,0.29937580365695277,-0.03685657633670024,0.9465981651977298,-0.31463147660434315,-0.5070387974402635,0.8912319592834532,-1.495221561513944,0.1320852017379145,0.9237347694900384,0.6569052496359843,0.5716437546962371,-0.2035108229930586,0.5168963385766122,-0.5620441211502076,-0.31327867346572386,0.24731472635062382,0.21882043274137958,0.8272564495630534,-0.4083406268727288,0.6963264771789913,0.5352097631165461,-1.0704752598915837,1
KXNBAGAME-26FEB04MINTOR,2026-02-04,MIN,TOR,MIN,0,2025-26,0.577,-0.42653856479080904,0.024093349336325693,-0.2120035411202437,0.18497636908177387,-0.28032253136210106,1.0135377049033194,-1.0134420064954783,0.58349022316903,-0.7167431181843533,0.6144329052364195,0.6714699210770445,1.9144653248138763,-0.11527825568292054,0.4311342198272434,-0.6059757642764436,-0.6185490966400269,0.0931416115263271,0.07539742262975986,-0.4780246432636443,0.08833785200746799,-0.21823413929199306,1.0665522383879322,0.12621368613887937,-0.47170919896130037,0.8711430492479211,0.9237347694900384,-0.619865493392418,0.4694460406218394,0.2932116683889965,0.06165730863131574,-0.2578257195260497,1.0467345677379294,-0.7891470708788629,0.5577762557326137,-1.2490003047213882,0.3575575098827624,0.7982757254995635,0.7326928663744335,-1.0704752598915837,1
KXNBAGAME-26FEB04NOPMIL,2026-02-04,NOP,MIL,MIL,0,2025-26,0.3586,-0.42653856479080904,-1.0273680737113182,-0.451653486580849,-0.3123082634540487,-1.4337601437937992,-1.3200844749133267,0.28354407908229107,0.8102502476068625,-1.1165595211033026,-1.8514610211454126,0.37953813918028784,1.3563328176440876,-0.11527825568292054,-1.3704344873414982,-1.9304728662333581,0.24995273393990936,-1.4533056293719457,-0.9011483186488238,1.049923295849183,-2.4502513876095207,-0.5395585969998222,-0.10355391645867508,-0.933042384368992,-1.3490055097207094,-0.42220818389459025,-1.2262444016037357,0.6569052496359843,0.6738414687706328,-0.503854654991509,0.817354098340508,-0.390921270236618,-1.670805601614159,1.9471855817358585,0.9419261884560113,-0.715907354297004,-0.6636400057912248,1.20607271878185,1.2593144750621312,1.1504586416037264,0
KXNBAGAME-26FEB04OKCSAS,2026-02-04,OKC,SAS,SAS,0,2025-26,0.7857,0.4525956754586354,0.21880842767848227,-1.554043235699634,1.3835598423732436,0.8331883944854274,0.29630749971229736,0.6519188252818994,-0.3235498745823065,-0.6367798376005623,-1.2643434196259287,-0.05835953366484655,1.1702886485874915,-1.2164161539661753,0.4311342198272434,-0.6449315613928239,-1.036716644697032,0.3973607408833644,0.2590596950720616,-0.42781039174350205,-0.4778037401270747,-0.12183680197964522,0.25958247642475535,-0.9918899438416513,-1.5683295874105616,1.3330542039416753,0.9237347694900384,0.018519878121783073,0.6446421218922316,-0.37678611068447265,0.6989919505547308,0.407652034026806,0.5022320086454243,0.8096503822942817,-0.1427324451159371,-0.6317347831773643,-0.19559114444064724,1.0531488463009926,-0.123067247743077,-2.180942210639239,0
KXNBAGAME-26FEB05BKNORL,2026-02-05,BKN,ORL,ORL,0,2025-26,0.7959,-1.7452399251649762,-3.0524048884697477,0.5708529473843988,-2.4544574497622076,-1.988297457462886,-1.3375778945521322,-0.4992522565918623,-0.9390413694849977,-0.8766696793519324,0.6144329052364195,-1.44503549767444,-1.3413076336765548,-0.11527825568292054,-0.46965013375712733,-0.8202326484165341,0.6681202819969143,-1.060355920619106,-1.102728861573302,0.22497487801831567,2.099562320868988,-1.4392670785817452,-0.22459938075315045,-0.5799570275330352,-0.03306104358159546,-0.6993548767108434,-0.1512548160568486,-0.939058179149519,-1.6767059549404584,-0.06489059283992699,-0.994497240841772,-0.6444366049234195,-1.111385164190354,-1.849498944994838,0.35440276193787357,-0.46338964093808593,0.8681562677197568,-0.985836120110441,-0.45220575317288825,0.03999169085607133,0
KXNBAGAME-26FEB05CHAHOU,2026-02-05,CHA,HOU,CHA,0,2025-26,0.3993,1.3317299157080804,-0.44322283868484846,-1.8575998332830683,1.1922965221671582,0.043527259820644204,0.15985882652961433,1.0868056784342064,1.58771318853658,-0.03705523322213846,1.0254152263000589,-1.6639843340970077,-0.8761972110350646,0.9858596426003342,0.8815263966194288,-1.1513569239057626,-1.2136336842596105,0.20722378503521607,-0.7846795605146839,0.17834735874961355,-1.9177163740035144,1.5811828238718484,-0.6684327498328982,-0.521109468060376,0.6980192153845788,1.702583127696679,-1.2262444016037357,0.337712563878884,0.5278447343786395,-0.4691995974532282,0.6989919505547308,0.581943826623982,-0.014921106839693771,2.145656989715975,-0.007150115919441557,0.4344511176714029,1.1234556466382544,-1.6485062341941572,-1.8345874759780971,2.260925592351381,1
KXNBAGAME-26FEB05CHITOR,2026-02-05,CHI,TOR,TOR,0,2025-26,0.74,0.013028555333913172,0.21880842767848227,0.3471796649545019,-0.13379583126170214,0.008036871745826586,1.6048152886949445,-0.14366830019085564,0.2271530419095765,1.402283817286078,-0.14881997673890898,-1.5910013886228183,0.3330898878328098,-0.11527825568292054,-0.01925795696494194,-0.391718880136356,-0.18429818135005877,-0.10967114137836442,0.2277027217282549,-0.022509647330945588,0.22793440897214565,-0.4752937054582577,1.1069007264860902,0.18506124561153864,-0.3254931471680654,1.055907511125423,-1.2262444016037357,0.018519878121783073,0.45484636718264093,0.3856251551577503,-0.02028571675883763,-0.1595885273349127,1.1511597160570393,-0.26356537937596286,0.4899850911343675,0.20999092801903066,-0.23814104092706326,-0.8838868717898692,-0.5180334542588506,1.1504586416037264,0
KXNBAGAME-26FEB05GSWPHX,2026-02-05,GSW,PHX,GSW,0,2025-26,0.3493,0.013028555333913172,0.6666531078654419,0.20338969767813786,0.2742325851779472,0.336322961437924,0.6146877371385545,-0.9725114791399657,-1.1334071047174272,1.4822470978698676,0.6144329052364195,2.2041117760350155,0.2400678033045113,-0.11527825568292054,0.8815263966194288,-0.6449315613928239,-0.8758829723674143,0.27060277031793223,-0.32328409559865284,0.8454795575171858,0.3520202373851966,-0.7966181631660869,-1.2333115832071215,-0.28571923016973777,0.6980192153845788,-1.0688838004658463,-0.1512548160568486,-0.619865493392418,0.9804346109938155,0.7783824739249545,-0.0020761555610257745,0.46469298433133527,-0.15415463793184225,-0.9471891179741359,-0.23312066458026587,1.8934423504118194,0.655406785287676,1.0531488463009921,0.9301759696323197,0.03999169085607133,1
KXNBAGAME-26FEB05PHILAL,2026-02-05,PHI,LAL,LAL,0,2025-26,0.5256,0.8921627955833576,0.25775144334691413,-0.3078635193044872,0.41449235332907663,0.4915934092652659,0.2578219765069238,0.11214749578108857,-0.4531270314039253,0.08288968765354518,-1.5579022203856707,1.2553334848705566,-0.7831751265067666,-0.11527825568292054,0.4311342198272434,0.017316989585630525,-0.3451318536796764,0.2832785673744754,1.4327064116545725,0.2716023972870178,-1.3541599032942433,-0.8930155004784347,-0.4666903093421041,-0.7564997059510131,0.2593710600048745,-0.5145904148333416,-0.1512548160568486,0.3377125638788836,0.17745257183785523,0.02752289392882687,0.08897165042803357,-0.6666191967085139,-0.009948480729261869,1.0448757547151561,0.30920865220570837,0.37833607025830907,-0.5785402128183929,0.6963264771789909,-0.18889494882903904,0.03999169085607133,0
KXNBAGAME-26FEB05SASDAL,2026-02-05,SAS,DAL,SAS,0,2025-26,0.7399,0.8921627955833576,-0.3263937916795556,-1.2824399641776143,0.8097698817549869,0.4427941256623892,-0.5258832233115615,-0.7269283150068955,0.58349022316903,0.44272445028060037,-0.8533610985622904,-1.0071378248293055,1.8214432402855778,-1.2164161539661753,-0.46965013375712733,0.3094854679584788,-0.07171461071932596,0.25792697326138897,0.09331569311193369,-0.6430143268298179,-1.635938138648879,1.324123257705586,-0.7087812379310577,-1.109585062786971,-0.9103573543410046,-0.05267926013958736,-0.1512548160568486,0.9760979353930848,-0.47953273292611404,-0.8735086020665261,0.3894294101919291,0.2460360081639704,0.06712722398246368,0.6424198440888153,-0.5268823778393348,0.7991989258565075,0.18735792393709838,-0.06829288522529617,1.3251421761480937,-1.0704752598915837,1
KXNBAGAME-26FEB05UTAATL,2026-02-05,UTA,ATL,ATL,0,2025-26,0.744,-1.3056728050402537,-0.34586529951377015,1.4655460771039932,-1.3961337446218671,0.44723042417174386,-0.17601483053545214,-0.41483304392112064,-0.9066470802795924,1.6821552993293423,0.7318564255403169,0.30655519370609896,-0.6901530419784689,-0.11527825568292054,-0.01925795696494194,-0.35276308301997567,0.024785592678443723,-0.2491049090003398,-0.8518730748228358,0.9459080605574645,-0.12622722629010033,0.16735520995740055,0.9051582859952959,-0.6976521464783538,0.4055871117981088,-0.5145904148333416,-0.1512548160568486,-0.9390581791495188,0.0022564905674630066,1.0440712483851242,-0.8215064094625594,0.9178516450839919,-0.7856781539569382,-0.20659673449278418,-0.7528529265001576,0.5466812124975885,1.0383558536654216,-0.06829288522529572,-0.123067247743077,0.03999169085607133,0
KXNBAGAME-26FEB05WASDET,2026-02-05,WAS,DET,WAS,0,2025-26,0.1096,-0.8661056849155315,-1.105254105048182,0.37913299101591413,-1.026357992223435,-1.4115786512470359,-0.3439516590679834,-0.28948330389486915,-0.16157842855528234,-0.6367798376005623,-0.03139645643501261,1.03638464844799,0.4261119723611075,-0.11527825568292054,1.3319185734116146,0.29000756940029004,-1.5996344978506938,1.4494518965764516,0.3844875884472884,-0.35607574671473274,-0.15207844054281916,-0.15396924775042858,0.38062794071923217,-0.8153472654236734,2.3795038110067788,0.1320852017379145,-0.1512548160568486,-1.57744355066372,-1.0489199970548881,1.425276881306233,-1.777508372347682,-1.2845628250075907,-0.002489541563609185,-0.09817253939253841,-0.0071501159194431625,-0.715907354297004,0.570306992314844,-0.9348614959501544,0.20607125768673457,0.03999169085607133,1
KXNBAGAME-26FEB06INDMIL,2026-02-06,IND,MIL,MIL,0,2025-26,0.4709,-0.42653856479080904,-0.6379379170270051,0.6986662516300545,-0.9753544401684787,-0.11617948651604985,0.17035487831289645,-1.4073983322922756,-0.2263670069660906,1.3223205367022883,0.3795858646286257,-0.7881889884067382,-0.5041088729218727,0.9858596426003342,-0.920042310549313,-1.2097906195803318,0.7163703836958015,-1.3518992529196,-0.17545836412070126,1.1754589246495328,-2.1917392450823323,-0.5716910427706056,0.17888550022843794,-0.6976521464783538,-1.3490055097207094,-0.6993548767108434,-0.1512548160568486,0.33771256387888376,0.42564702030424395,-0.007132163609457261,0.2710672624061521,0.036885857047357765,-0.698657197024346,0.5486972347648705,0.24141748760746218,0.7991989258565065,0.7830564747469241,0.3904787322172765,0.14024355660077248,1.1504586416037264,0
KXNBAGAME-26FEB06LACSAC,2026-02-06,LAC,SAC,LAC,0,2025-26,0.5932,0.4525956754586354,-0.6379379170270051,-0.531536801734384,0.0064639368894273234,1.2324552603271723,-0.6168490054333475,0.4574988203432185,-0.29115558537690117,-1.1965228016870921,1.0254152263000589,-0.35029131556160326,-1.3413076336765548,-0.11527825568292054,-2.271218840925869,-1.1124011267893823,0.7967872198606103,-1.3518992529196,-0.28296798701375675,-0.6752949170927632,1.5256653644586304,-0.2824990308335598,-0.7894782141273751,0.5381466024474955,-1.5683295874105616,-0.14506149107833788,-0.1512548160568486,1.933675992664387,0.3526486531082474,-0.9543704029891864,0.9721353685219087,1.0762987292632462,0.02485990204377663,-0.7542308046601348,-0.0071501159194431625,-0.29504449869880656,0.35755750988276314,0.8492503496598491,-0.8471719596886624,0.03999169085607133,1
KXNBAGAME-26FEB06MEMPOR,2026-02-06,MEM,POR,POR,0,2025-26,0.7227,-0.8661056849155315,0.21880842767848227,0.7146429146607629,-0.42706625557770006,-0.12948838204410892,-0.0675556287748567,0.6391280354832978,-0.3235498745823065,0.8025592129076541,0.20345058417278117,-0.35029131556160326,0.6121561414177037,-0.11527825568292054,-0.46965013375712733,-0.5085862714854942,-0.055631243486365105,-0.2871323001699695,-0.8115569662379447,-1.331666919106021,-1.268850896260272,1.324123257705586,-1.596447976090552,1.8916404703186642,0.186263034108256,0.1320852017379145,0.9237347694900384,-0.3006728076353177,0.542444407817836,0.5589004428491644,-0.10222874214899097,0.47736875106567567,0.8702063408175285,1.362797547127746,-1.1595999140896396,1.6689821607594484,-1.2167886601146354,-0.3741406301870105,0.33772665985865924,-1.0704752598915837,0
KXNBAGAME-26FEB06MIABOS,2026-02-06,MIA,BOS,BOS,0,2025-26,0.6504,0.013028555333913172,1.1729123115550506,0.4590163061694492,0.40174146531533755,-0.8880954271434168,-0.9562213464261747,0.4728477681015336,2.462358997082509,1.2023756158266035,-0.14881997673890898,0.37953813918028784,-1.3413076336765548,0.9858596426003342,0.8815263966194288,-0.8007547498583425,-2.0982188820725076,1.132556970162871,-0.9549031300953503,-0.14445854387985713,-0.8474761039409531,1.0027987999977568,-0.7894782141273751,-1.521517979095587,-0.9834653802376224,-0.14506149107833788,-0.1512548160568486,-0.619865493392418,1.476823507926593,1.8411375717656264,-0.5301534302975698,0.03688585704735953,-0.5842867964843681,0.9438023525030599,1.0097173530542591,1.3884069236939833,0.9958059571790057,0.9511995979804209,-0.8471719596886624,1.1504586416037264,0
KXNBAGAME-26FEB06NOPMIN,2026-02-06,NOP,MIN,NOP,0,2025-26,0.2533,-0.8661056849155315,-0.6184664091927905,-0.004306921721052926,-0.401564479550222,-1.2740533974571002,-0.6588332125664818,0.3679632917530356,0.32433590952579006,-0.7967063987681429,-1.9101727812973608,0.6714699210770445,0.8912223950025976,-0.11527825568292054,-0.01925795696494194,0.5042644535403777,0.0891190616102917,0.25792697326138897,-0.0769078764687327,1.2400201051754258,-1.0749667893648793,0.5850770049775799,-0.5070387974402635,0.24390880508419793,0.6980192153845788,1.702583127696679,-0.1512548160568486,-0.6198654933924183,-0.844524568906097,-0.06489059283992699,-0.47552474670413425,-0.8599246394072014,-1.3326670261046587,1.030174168938851,-0.1879265548481023,-0.21087192757916684,-1.5571878320059642,-0.01731826106501007,-0.5838611553448133,0.03999169085607133,1
KXNBAGAME-26FEB06NYKDET,2026-02-06,NYK,DET,DET,0,2025-26,0.6575,1.3317299157080804,-0.03432117416632073,-2.528619680572761,1.9956024670327175,0.2653421852882814,1.052023228108693,-0.6987885774499843,1.8144732129744126,0.2827978891130198,-0.2662434970428064,0.014623411809342294,-0.8761972110350646,-0.11527825568292054,0.8815263966194288,0.2120959751675294,-0.8276328706685294,0.7903104496362041,0.25458012745151565,-1.066248732499567,0.11677418768545554,-0.2824990308335598,-0.022856940262356254,-1.0507375033143105,2.08707170742031,0.039702970799163975,-1.2262444016037357,0.337712563878884,-0.18753926414212768,-1.2316108632954479,0.8537732207361318,0.005196440211509338,1.48183935240089,-0.5833248700105946,1.4616584503759045,0.20999092801902966,0.5703069923148433,-1.4446077375530137,-0.6496888564307757,1.1504586416037264,0
KXNBAGAME-26FEB07CHAATL,2026-02-07,CHA,ATL,CHA,0,2025-26,0.5361,1.7712970358328026,-0.5795233935243587,-2.4487363654192262,1.5748231625793292,-0.14723357608152265,0.26831802829020784,1.30424910501036,1.6525017669473885,-0.27694507497350856,1.318974027059801,-1.0071378248293055,-0.6901530419784689,-0.11527825568292054,0.4311342198272434,0.03679488814382207,0.05695232714436771,-0.02094056198256188,-0.5920581528312878,0.626688890179434,-0.21412135474934607,0.4886796676652297,1.3489916550750438,-1.2861277412049488,-0.10616906947821261,0.039702970799163975,-0.1512548160568486,0.9760979353930851,-0.46493305948691555,-1.8091951556001615,1.1360214193022156,0.3094148418356655,-0.24863453403008426,1.0908182102661095,0.806343859259519,-1.1367702098952017,1.8893537833937448,-0.6290137509884406,-0.5180334542588512,0.03999169085607133,1
KXNBAGAME-26FEB07CLESAC,2026-02-07,CLE,SAC,CLE,0,2025-26,0.8396,1.3317299157080804,0.19933691984426774,-1.1386499969012525,1.0392858660022894,0.6246823645458517,0.4852364318113948,-0.9725114791399685,0.6806730907852436,0.8425408531995496,0.5557211450844713,1.2553334848705566,0.2400678033045113,0.9858596426003342,-2.271218840925869,-1.092923228231191,0.7485371181617232,-1.301196064693427,-0.4711098270766044,-0.9801671584650411,1.6058041286420615,-0.21823413929199306,-1.0719176308144867,0.24390880508419793,-1.4221135356173267,-0.05267926013958736,-1.2262444016037357,2.5720613641785883,0.965834937554617,-1.358679407602486,1.6732034746376652,0.7752492693226696,1.019385124130542,-1.8384727556626148,0.6255674203308599,1.3322918762808904,0.22990782042351438,1.8687428328655653,0.20607125768673457,2.260925592351381,1
KXNBAGAME-26FEB07DALSAS,2026-02-07,DAL,SAS,SAS,0,2025-26,0.7991,-0.42653856479080904,0.549824060860149,0.15545970858601726,0.23597992113673005,0.26977848379763114,0.16685619438513574,-1.128559114682853,1.166587428866316,-0.4368716361410877,-0.9120728587142385,-0.6422230974583599,0.4261119723611075,-0.11527825568292054,0.8815263966194288,0.017316989585630525,-0.8919663396003751,0.7142556672969448,0.4606402379965372,-0.5533460205438537,-0.6846134541488282,0.5529445592067964,0.7034158455045018,-1.0507375033143105,-1.0565734061342396,2.2568765133291837,-0.1512548160568486,-0.9390581791495186,0.3964476734258449,0.7552791022327657,-0.34805781831945115,-0.13740593554981825,0.49725938253499097,-0.3223717224811835,0.4221939265361197,-0.8000799254166427,0.10225813096426559,0.28852948389670474,-1.3079658672903984,0.03999169085607133,0
KXNBAGAME-26FEB07DENCHI,2026-02-07,DEN,CHI,DEN,0,2025-26,0.7566,-0.42653856479080904,-1.1441971207166137,-0.5634901277957985,-0.29955737544030964,-0.5952997255261443,0.4502495925337839,0.5035456636181638,-0.6150984774309495,-0.6367798376005623,-1.8514610211454126,-0.9341548793551167,0.6121561414177037,0.9858596426003342,-0.46965013375712733,-0.08007250320531892,0.7324537509287623,-0.6293788206966365,-0.28744755463430016,1.4480505757588633,0.37011608736210355,0.006692981103485984,0.9051582859952959,0.3027563645568572,-1.5683295874105616,0.22446743267666502,-0.1512548160568486,0.018519878121783073,-0.8007255485884994,-0.9312670312969975,0.23464814001052847,-0.22613630269020124,-0.6887119448034781,0.10029886858757217,-0.436494158375006,-1.0806551624821077,-1.5571878320059642,0.44145335637756217,0.2718989587726972,1.1504586416037264,1
KXNBAGAME-26FEB07GSWLAL,2026-02-07,GSW,LAL,LAL,0,2025-26,0.556,0.013028555333913172,0.1798654120100504,-0.052236910813173526,0.1594745930542958,-0.12948838204410892,0.334793022917669,-1.021116480374636,-0.9066470802795924,1.3623021769941839,0.7905681856922652,2.2770947215092043,0.05402363424791592,-0.11527825568292054,0.8815263966194288,0.0757506852602024,-0.6185490966400269,0.5367945085053397,1.7149191717488452,0.05998519445214216,-1.586820831568713,-0.411028813916691,-0.3859933331457867,-0.34456678964239706,0.2593710600048745,-0.6993548767108434,-0.1512548160568486,-0.619865493392418,0.0752548577634575,0.4087285268499392,-0.27521957352820364,-1.3099143584762734,0.19144287674330954,0.39616828233570933,-0.34610593891067726,1.220061781454705,0.8256063712333408,1.4099712154229926,0.5352097631165467,0.03999169085607133,0
KXNBAGAME-26FEB07HOUOKC,2026-02-07,HOU,OKC,HOU,0,2025-26,0.4605,0.4525956754586354,-1.5725702930693588,-1.2664633011469082,-0.019037839138050756,-0.9812576958398278,0.08288778011886912,-1.8167036058473909,1.3933474533041508,-0.5967981973086682,-0.3249552571947546,1.3283164303447454,1.8214432402855778,-0.11527825568292054,-0.01925795696494194,0.1536622794929603,-1.1171334808618407,0.9804474054843524,0.5771089961306796,0.40072475833880566,0.79666112253196,-0.2824990308335598,-0.5877357736365809,-1.1684326222596302,-0.03306104358159546,0.8711430492479211,0.9237347694900384,0.3377125638788836,-1.2971144455212769,-0.11109733622430473,-0.7213538228745943,-1.1134399740940029,-0.22377140347791646,-1.8697136254372588,1.1678967371168356,-0.014469261633341557,0.61285688880126,0.95119959798042,0.6668651652884708,-1.0704752598915837,1
KXNBAGAME-26FEB07MEMPOR,2026-02-07,MEM,POR,POR,0,2025-26,0.7396,-0.8661056849155315,0.296694459015346,0.9862461861827826,-0.5928277997563075,-0.04519871036640723,-0.43841612511753214,0.3961030293099495,-0.3235498745823065,0.8425408531995496,0.20345058417278117,0.16058930275772,0.3330898878328098,-1.2164161539661753,-0.46965013375712733,-0.1579840974380768,0.16953589777510053,-0.2364291119437966,-0.4039163127684426,-0.9694069617107246,-0.6380812684939338,1.0670636915393235,-1.2736600713052808,2.0681831487366433,-0.10616906947821261,0.31684966361541633,-1.2262444016037357,-0.3006728076353177,0.33804897966904685,0.5935555003874469,-0.25701001233039183,0.2492049498475533,0.35553953838762586,0.7398178498568336,-0.978823475160982,1.472579494813623,-1.344438349573884,0.1865802355761325,0.008588154428847751,0.03999169085607133,0
KXNBAGAME-26FEB07PHIPHX,2026-02-07,PHI,PHX,PHI,0,2025-26,0.4763,0.4525956754586354,0.296694459015346,-0.06821357384388191,0.24873080915046908,0.7533350213170803,-0.043064841280529835,0.6314535616041402,-0.8418585018687819,0.36276116969681077,-1.2056316594739804,1.03638464844799,-0.9692192955633627,-0.11527825568292054,0.4311342198272434,-0.8202326484165341,-0.8437162379014903,0.13116900269595677,-0.10826484981254189,0.8992805412887643,0.30290293030503057,-0.7966181631660869,-1.2333115832071215,-0.28571923016973777,0.7711272412811959,-1.1612660314045973,-0.1512548160568486,0.018519878121783073,0.8344378766018243,0.5589004428491627,0.07986686982912759,0.6104643017762476,-0.6588761881408757,0.23996393346247225,-0.029747170785524153,1.1078316866285185,-0.6636400057912248,0.18658023557613343,0.14024355660077217,0.03999169085607133,1
KXNBAGAME-26FEB07UTAORL,2026-02-07,UTA,ORL,ORL,0,2025-26,0.7211,-1.3056728050402537,-0.36533680734798746,1.1939428055819734,-1.1921195364020425,0.11894433447964149,0.09338383190215317,-0.5427409419070941,-0.6474927666363547,1.2423572561184988,0.49700938493252317,0.45252108465447666,-0.5971309574501704,-0.11527825568292054,-0.46965013375712733,-1.015011633998433,0.34645293733767907,-0.9335979500536737,-1.044494482506232,-0.4098767304863112,1.820369206939627,-1.342869741269395,-0.022856940262356254,-0.34456678964239706,0.2593710600048745,0.039702970799163975,-0.1512548160568486,-0.6198654933924183,0.48404571406103997,0.6166588720796358,-0.1841717675391444,0.8196144528928584,0.3455942861667593,-1.6822684067893736,0.4899850911343659,0.8833714969761463,0.61285688880126,0.13560561141584687,-0.4522057531728885,0.03999169085607133,0
KXNBAGAME-26FEB07WASBKN,2026-02-07,WAS,BKN,BKN,0,2025-26,0.7178,-0.42653856479080904,-0.8910675188718108,0.20338969767813786,-0.745838455921176,-1.1942000242887532,0.05839699262454225,-0.8164638435970784,0.00039301747174178806,-0.35690835555729816,0.3208741044766775,1.03638464844799,0.7982003104742998,-0.11527825568292054,-1.8208266641336839,-3.099146779724751,0.5233699769002599,-2.4293420027257735,-2.1823046581243926,-1.769248253781525,-0.6458366327697515,-1.021545283561566,-1.3140085594034403,1.06777463770143,-1.2758974838240917,-1.5307949551596005,-0.1512548160568486,0.9760979353930851,1.6520195891969853,-0.22661419468524746,1.208859664093463,0.6865189021822865,1.2630438035418006,-0.12573801272310675,0.7159556397951886,0.658911307323775,-0.535990316331976,1.6138697120641365,1.6542806815779054,0.03999169085607133,0
KXNBAGAME-26FEB08INDTOR,2026-02-08,IND,TOR,TOR,0,2025-26,0.7528,-0.8661056849155315,-1.1831401363850458,0.4749929692001576,-1.1538668723608254,-0.43559297918944534,-0.07455299663037811,-1.0415817440523922,-0.42073274219852,0.8825224934914437,0.49700938493252317,-0.49625720650998156,-0.7831751265067666,-0.11527825568292054,0.4311342198272434,-0.27485148878721777,-0.40946532261152213,0.14384479975249997,0.5860681313717715,0.2608422005326993,0.22793440897214565,-0.5074261512290411,1.3086431669768843,-0.16802411122441813,0.11315500821163886,1.2406719730029248,0.9237347694900384,-0.9390581791495188,-0.6839281610749053,0.639762243771823,-0.9307637766494304,-0.7299980303802178,-0.23868928180921495,-0.9085974553113361,0.06064104867880462,-0.29504449869880656,0.48520719934201123,-0.4251152543472966,-1.4396212694623232,-1.0704752598915837,0
KXNBAGAME-26FEB08LACMIN,2026-02-08,LAC,MIN,LAC,0,2025-26,0.2565,0.4525956754586354,-0.7742384718665152,-0.6273967799186275,-0.006286951124311717,1.2413278573458768,-0.37893849834559434,0.4421498725849005,-0.16157842855528234,-1.3164677225627772,1.0254152263000589,-0.7881889884067382,-0.9692192955633627,-0.11527825568292054,-0.01925795696494194,0.3484412650748592,-0.02346450902044112,0.24525117620484574,-0.2829679870137592,0.9279743993002736,-1.1964674963526587,0.7778716796022755,-0.5070387974402635,0.18506124561153864,0.6980192153845788,1.702583127696679,-0.1512548160568486,0.3377125638788836,-0.844524568906097,-0.434544539914944,-0.18417176753914438,1.0826366126304174,-0.9174527458834354,1.169839233813747,-0.6624647070358287,-0.5756197357642715,0.61285688880126,-1.036810744270727,-1.9004151770640596,0.03999169085607133,1
KXNBAGAME-26FEB08MIAWAS,2026-02-08,MIA,WAS,MIA,0,2025-26,0.8495,0.013028555333913172,0.8613681862075985,-0.1321202259667086,0.6695101136038575,-0.7860605614283063,-0.8302687250267737,0.08144960026445548,2.0736275266176527,0.9225041337833392,-0.5598022978025484,0.5984869756028544,-1.2482855491482567,-0.11527825568292054,-0.46965013375712733,-0.8981442426492919,0.34645293733767907,-0.8575431677144144,-1.1430449701581955,0.10661271372084229,0.13745515908763117,-0.6038234885413889,-0.42634182124394465,0.5969941619201548,0.7711272412811959,1.1482897420641736,-1.2262444016037357,0.3377125638788836,1.3162271000953993,-0.3421310531461885,1.090497516307686,0.24286706648038398,-0.6688214403617422,-0.03752849806527985,1.8684054379653865,0.9394865443892391,-0.8338395917368897,-0.11926750938558227,-1.7029320738061722,1.1504586416037264,1
KXNBAGAME-26FEB08NYKBOS,2026-02-08,NYK,BOS,NYK,0,2025-26,0.413,1.3317299157080804,-0.40427982301641935,-2.336899724204279,1.6003249386068072,0.05239985683935353,0.7861232495988504,-0.5350664680279366,1.425741742509556,0.36276116969681077,-0.3836670173467028,-0.20432542461322556,-1.2482855491482567,-0.11527825568292054,1.3319185734116146,-0.8981442426492919,-2.2268858199362036,1.1705843613325009,-0.8697913453050147,-0.2843411016859615,-0.8914231681705789,1.1634610288516714,-0.6280842617347389,-1.4038228601502685,-0.9834653802376224,0.1320852017379145,-0.1512548160568486,0.018519878121783073,0.3672483265474438,-0.08799396453211586,0.29838160420286985,0.648491601979267,0.7508633141671174,0.2509901227947016,0.173626323009216,0.6869688310303209,0.7405065782605088,0.543402604698134,-0.9788273618605868,0.03999169085607133,1
KXNBAGAME-26FEB09ATLMIN,2026-02-09,ATL,MIN,MIN,0,2025-26,0.752,0.4525956754586354,0.25775144334691413,-0.08419023687458801,0.23597992113673005,-0.08956169545993418,1.1254955905916737,-0.1897151434658095,-0.0320012717336612,1.3623021769941839,-1.381766939929826,-0.1313424791390367,0.2400678033045113,-0.11527825568292054,-0.01925795696494194,-0.1579840974380768,-0.21646491581598276,0.06779001741324066,-0.256090581290491,0.7271173932197125,-1.467905246006205,0.6172094507483609,-0.9508721665200098,0.7735368403381336,0.4055871117981088,1.3330542039416753,-1.2262444016037357,0.3377125638788836,0.3088496327906478,0.09683300900539349,0.11628599222475135,0.11294045745339681,0.29089539895198624,0.9088860862843359,-0.459091213241087,1.6128671133463555,-1.557187832005965,-0.3741406301870114,-0.7813442586027001,1.1504586416037264,0
KXNBAGAME-26FEB09CHIBKN,2026-02-09,CHI,BKN,BKN,0,2025-26,0.4189,-0.8661056849155315,-0.46269434651906577,1.0980828273977299,-1.1793686483883037,-0.8304235465218357,0.8770890317206365,0.7721522493887153,-0.12918413934987705,0.2827978891130198,0.6144329052364195,-1.5910013886228183,-0.5041088729218727,-0.11527825568292054,-1.3704344873414982,-2.9043677941428525,0.31428620287175735,-2.1377986704252794,-1.9896832504410065,-1.9593450631077676,-1.201637739203202,-0.4752937054582577,-0.9912206546181693,1.3620124350647276,-1.2027894579274745,-1.346030493282099,-0.1512548160568486,0.3377125638788836,1.8272156704673774,0.5704521286952563,0.6898871699558249,0.8101076278421027,1.9766156503890542,1.4105777009007394,0.24141748760746218,0.8833714969761463,-0.535990316331976,-0.2721913818664392,0.6010374642025085,0.03999169085607133,0
KXNBAGAME-26FEB09CLEDEN,2026-02-09,CLE,DEN,CLE,0,2025-26,0.4496,1.3317299157080804,0.4914095373575026,-0.962906703563474,1.0902894180572458,0.6468638570926152,-0.16551877875216808,-0.46087988719607165,0.5510959339636248,0.5226877308643899,0.20345058417278117,1.4012993758189356,0.05402363424791592,-0.11527825568292054,-0.01925795696494194,-0.1579840974380768,-0.3612152209126373,0.18187219092212964,0.18290704552281534,1.4910913627761253,0.057316394904203094,-0.2503665850627764,0.017491547835801726,-1.521517979095587,-0.9834653802376224,0.7787608183091705,-0.1512548160568486,0.9760979353930851,0.48404571406103997,-0.434544539914944,0.6443632669612952,0.3284284919371805,-1.1561387991842578,-0.3701518762541748,0.5577762557326137,0.35027854655176316,1.2511053360975024,1.6648443362244227,-0.5180334542588506,0.03999169085607133,1
KXNBAGAME-26FEB09DETCHA,2026-02-09,DET,CHA,DET,0,2025-26,0.5912,0.8921627955833576,0.45246652168907076,-1.2345099750854938,1.2815527382633314,0.6690453496393786,-0.6973187357718534,0.465173294222376,-0.16157842855528234,0.24281624882112574,-0.7359375782583929,2.2041117760350155,-0.2250426193369788,0.9858596426003342,1.7823107502038,-0.23589569167083746,-1.9052184752769683,1.3480455201241057,-0.17545836412070373,0.8167856995056766,1.6936982571013013,1.516917932330284,-0.22459938075315045,1.4797075540100482,-0.9834653802376224,-0.6993548767108434,-0.1512548160568486,-0.6198654933924184,0.513245060939439,0.47803864192650414,-0.05670483915446128,0.5977885350419089,-1.066631529196449,-0.8681680944264963,-1.1821969689557221,0.32222102284521625,-1.5997377284923808,2.2255652019875667,0.33772665985865924,1.1504586416037264,1
KXNBAGAME-26FEB09MEMGSW,2026-02-09,MEM,GSW,GSW,0,2025-26,0.7096,-1.3056728050402537,0.08250787283897211,1.1939428055819734,-0.8988491120860445,-0.16497877011893147,-0.2634819287294775,0.48308039994041035,-0.5179156098147336,0.36276116969681077,0.3795858646286257,0.30655519370609896,0.2400678033045113,-0.11527825568292054,-0.46965013375712733,-0.5085862714854942,-0.18429818135005877,-0.1857259237176237,-0.6682108023805365,-0.20901972440575206,-1.597161317269802,-1.0536777293323494,1.0262037502897727,0.8323843998107929,2.818151966386484,-0.3298259529558397,-0.1512548160568486,-0.6198654933924183,0.4402466937434404,0.9978645050007464,-0.5119438690997579,0.3506110837222732,-0.04724317655751287,1.484085629782261,0.3769998168039561,-0.46338964093808493,-0.32324083389989605,-1.7504554825147285,0.4035543609446213,0.03999169085607133,0
KXNBAGAME-26FEB09MILORL,2026-02-09,MIL,ORL,ORL,0,2025-26,0.7808,-0.42653856479080904,-1.2610261677219068,0.027646404340361565,-0.8478455600310884,-0.2758862328527488,0.8945824513594419,-1.9215880821958862,-0.0320012717336612,0.04290804736165111,-1.1469198993220324,-1.8829331705195749,-0.8761972110350646,0.9858596426003342,-0.46965013375712733,-0.9760558368820526,0.442953140735451,-0.9843011382798467,-1.0579331853678648,-0.6179072010697466,1.56444218583771,-1.8569888736019222,-0.10355391645867508,-0.4622619085877156,0.6980192153845788,0.31684966361541633,-0.1512548160568486,0.018519878121783073,-0.21673861102052672,-0.29592430976181244,0.09807643102693947,0.5470854681045472,1.0591661330140125,-2.4908556244861337,1.280882011447247,0.09776083319284504,-0.4934404198455608,-1.8014301066750145,-0.8471719596886624,1.1504586416037264,0
KXNBAGAME-26FEB09OKCLAL,2026-02-09,OKC,LAL,OKC,0,2025-26,0.6921,0.013028555333913172,-0.15115022117161359,-1.3143932902390287,0.9500296499061164,0.13668952851705524,0.1388667229630501,0.35517250195443967,-0.38833845299311476,-0.5168349167248787,-1.0294963790181348,0.5255040301286655,0.5191340568894061,-0.11527825568292054,0.8815263966194288,-0.021638807530747036,-0.5220488932422549,0.3973607408833644,1.8269083622624416,0.1245463749780351,-1.6488637457752369,-0.6359559343121723,-0.22459938075315045,0.12621368613887937,0.3324790859014916,-0.3298259529558397,-0.1512548160568486,-0.619865493392418,-0.09994122350693262,-0.5731647700680756,0.3894294101919292,-1.1990013995507942,0.007455710657260141,1.4289546831211182,0.173626323009216,-0.21087192757916784,-0.8338395917368897,0.13560561141584687,0.6010374642025087,0.03999169085607133,1
KXNBAGAME-26FEB09PHIPOR,2026-02-09,PHI,POR,POR,0,2025-26,0.5973,0.8921627955833576,0.2772229511811287,-0.2759101932430727,0.40174146531533755,0.9928951408221214,0.14936277474633222,0.7491288277512398,-0.8094642126633789,0.2827978891130198,-1.2643434196259287,0.5255040301286655,-1.1552634646199587,-0.11527825568292054,-0.46965013375712733,-0.35276308301997567,0.15345253054213967,-0.3505112854526856,-0.578619449969655,-0.8582182619161316,-0.953466082377103,1.2598583661640192,-1.0315691427163274,2.1858782676819617,-0.25238512127144824,0.1320852017379145,-0.1512548160568486,0.9760979353930848,0.4694460406218394,-0.30747599560790767,0.5351058997744241,1.1143260294662605,0.6961644269523457,1.2176193875867405,-1.4533616273487084,0.9114290206826922,-2.4932855547071204,0.543402604698134,-0.9129996607746245,0.03999169085607133,0
KXNBAGAME-26FEB09SACNOP,2026-02-09,SAC,NOP,NOP,0,2025-26,0.7695,-2.1848070452896984,-0.9494820423744572,0.730619577691469,-1.2048704244157815,-0.462210770245561,-0.7742897821825967,1.2095972605007417,-0.42073274219852,-0.9566329599357221,0.20345058417278117,-1.1531037157776838,0.05402363424791592,-0.11527825568292054,-0.46965013375712733,-0.5864978657182549,-0.1521314468841348,-0.26178070605688303,-1.098249293952756,-0.5497592882924136,0.3959673016148195,0.19948765572818394,-0.5070387974402635,-1.521517979095587,0.6980192153845788,0.9635252801866724,0.9237347694900384,-1.2582508649066195,-0.2751373047773248,0.639762243771823,-0.6758299198800646,0.4425103925462391,-0.17404514237357677,0.5891265956497103,-0.436494158375006,-0.32310202240535246,1.2511053360975024,-1.2916838650721563,-0.6496888564307753,-1.0704752598915837,0
KXNBAGAME-26FEB09UTAMIA,2026-02-09,UTA,MIA,UTA,0,2025-26,0.3096,-1.3056728050402537,-0.2290362525084773,1.1460128164898529,-1.0646106562646522,0.4561030211904433,-0.004579318075156257,-0.6092530488598015,-0.2587612961714959,1.2023756158266035,1.084126986452006,0.5255040301286655,-0.31806470386527647,-0.11527825568292054,-0.01925795696494194,0.9327782218205558,-0.3451318536796764,0.8790410290320066,-0.8160365338584882,-0.9945140874707958,0.6855009012452727,2.4808913054537713,0.9858552621916148,-0.22687167069707845,1.429099474350753,-1.0688838004658463,-1.2262444016037357,-0.9390581791495188,-0.8737239157844959,1.0787263059234067,-1.3951075871936331,0.8988379949824803,0.6812465486210432,-0.9232990410876433,-1.9278997795364365,0.15387588060593685,0.9532560606925888,-0.6290137509884406,0.5352097631165461,1.1504586416037264,1
KXNBAGAME-26FEB10DALPHX,2026-02-10,DAL,PHX,PHX,0,2025-26,0.7398,-0.8661056849155315,0.1798654120100504,0.4110863170773286,-0.21030115934413637,-0.30250402390886205,0.13886672296304817,-1.2283272751119128,1.0046159828392918,-0.5168349167248787,-1.2643434196259287,-0.8611719338809272,0.1470457187762136,0.9858596426003342,-0.01925795696494194,-1.2682243152549009,-0.972383175765184,-0.05896795315219154,-0.8832300481666475,-0.08348409560540036,0.4476697301202572,-0.6359559343121723,-1.5157509998942345,-0.22687167069707845,1.063559344867666,-1.5307949551596005,0.9237347694900384,-0.6198654933924183,1.082632325068211,0.9978645050007448,-0.1113335227478969,0.40448309234322133,0.15166186785983915,-1.1989537743933554,1.145299682250753,0.6869688310303209,-0.7487397987640568,-1.3426584892324418,1.1934867739761692,0.03999169085607133,0
KXNBAGAME-26FEB10INDNYK,2026-02-10,IND,NYK,IND,0,2025-26,0.2014,-0.8661056849155315,-0.6768809326954369,0.4909696322308637,-0.8350946720173492,-0.014144620800936888,0.3977693336173675,-0.17692435366721074,-0.4855213206093306,1.2023756158266035,0.144738824020833,-1.0071378248293055,-0.6901530419784689,-0.11527825568292054,1.7823107502038,-0.09955040176350768,-2.7093868369250567,2.0705659523470694,0.4382423998938199,1.247193569678304,-0.2839196332316849,1.1634610288516714,0.4209764288173901,-0.933042384368992,-0.6179252507545353,-1.43841272422085,-0.1512548160568486,-1.896636236420821,-0.43573371260851645,2.303205005609399,-2.087070912710484,-0.324373494881333,-0.5867731095395847,0.07640879170108163,-1.1595999140896396,0.5466812124975885,0.7830564747469249,-0.2721913818664392,0.5352097631165461,0.03999169085607133,1
KXNBAGAME-26FEB10LACHOU,2026-02-10,LAC,HOU,HOU,0,2025-26,0.7413,0.4525956754586354,-0.6768809326954369,-0.7871634102256977,0.18497636908177387,1.4675790813228589,0.8106140370931773,0.32191644847808454,-0.35594416378770943,-1.1165595211033026,0.9667034661481096,-0.8611719338809272,-0.9692192955633627,-0.11527825568292054,0.4311342198272434,-1.521436996511369,-1.2297170514925735,-0.02094056198256188,-1.241595457810164,0.05639846220070201,-1.6824703243037733,1.2919908119348027,-0.7491297260292157,-0.28571923016973777,1.79463960383384,1.4254364348804267,0.9237347694900384,0.018519878121783073,0.6300424484530331,0.31631504008118366,0.14360033402146913,1.922406158780442,0.5320677653080281,1.4289546831211182,-1.1595999140896378,-0.26698697499226065,0.9107061642061729,-1.8524047308353002,-1.7029320738061726,-1.0704752598915837,0
KXNBAGAME-26FEB10SASLAL,2026-02-10,SAS,LAL,SAS,0,2025-26,0.8508,0.8921627955833576,0.21880842767848227,-0.8990000514406473,0.8607734338099431,0.6867905436767874,-0.5678674304446938,-0.4173912018808398,0.875038826017673,0.642632651740075,-0.6185140579544965,-1.0801207703034943,2.8446861700968564,0.9858596426003342,0.4311342198272434,-0.11902830032169646,-0.3290484864467133,0.18187219092212964,1.800030956539181,-0.15163200838273347,-1.5454588887643643,-1.0858101751031326,-0.18425089265499248,0.24390880508419793,0.6249111894879615,-0.3298259529558397,-1.2262444016037357,0.3377125638788836,0.25045093903384974,-0.41144116822275684,0.4804772161809885,-0.7870389806847453,-0.3033334212448573,0.8004618911840922,1.3712702309115756,0.5747387362041353,-0.6210901093048088,-1.1897346167515845,2.2467299913515664,2.260925592351381,1
KXNBAGAME-26FEB11ATLCHA,2026-02-11,ATL,CHA,CHA,0,2025-26,0.5538,0.4525956754586354,0.374580490352207,0.33120300192379354,-0.019037839138050756,-0.09843429247863858,1.2129626887857028,-0.3099485675726226,-0.16157842855528234,0.8425408531995496,-0.8533610985622904,0.08760635728353114,-0.2250426193369788,-0.11527825568292054,1.7823107502038,0.09522858381839118,-1.6478845995495786,1.3607213171806491,0.17394791028172593,1.6560810463423008,2.4123620133268853,1.2598583661640192,-0.14390240455683306,1.9504880297913225,-1.5683295874105616,-0.7917371076495939,-0.1512548160568486,-0.939058179149519,0.2066519187162522,1.425276881306233,-0.994497240841772,-0.1976158275379322,-0.29090185596877133,-1.935870761430629,-1.0014205300270629,0.6869688310303209,-2.025236693356542,1.1550980946215639,0.4035543609446213,0.03999169085607133,0
KXNBAGAME-26FEB11CHIBOS,2026-02-11,CHI,BOS,BOS,0,2025-26,0.8626,-1.3056728050402537,-0.5600518856901441,1.2258961316433878,-1.345130192566911,-0.83929614354054,0.32429697113438494,0.6775004048790912,-0.2587612961714959,-0.03705523322213846,0.9667034661481096,-1.1531037157776838,0.1470457187762136,-0.11527825568292054,0.8815263966194288,-1.4824811993949885,-2.114302249305471,0.7015798702404016,-1.3491050807032197,-1.0590752679966888,-0.8578165896420452,0.8421365711438422,-0.7087812379310577,-1.7569082169862251,-1.2758974838240917,-0.14506149107833788,0.9237347694900384,-1.5774435506637199,0.6884411422098291,2.407170178224248,-1.4679458319848804,0.35061108372227495,0.9597136108053359,1.098169003154263,-0.7754499813662401,0.4625086413779497,1.9744535763665767,0.08463098725556123,0.20607125768673457,-1.0704752598915837,0
KXNBAGAME-26FEB11DETTOR,2026-02-11,DET,TOR,DET,0,2025-26,0.519,0.8921627955833576,0.41352350602063886,-1.2345099750854938,1.2560509622358533,0.7932617079012502,-1.3445752624076537,0.539359875054241,-0.35594416378770943,0.0029264070697556147,-1.323055179777877,2.2041117760350155,-0.6901530419784689,-0.11527825568292054,0.8815263966194288,0.29000756940029004,-0.5059655260092941,0.5874976967315126,0.8369239181222277,0.7916785737456075,0.31324341600611694,-0.15396924775042858,1.2682946788787264,0.00851856719355974,0.47869513769472594,1.5178186658191772,0.9237347694900384,0.018519878121783073,0.08985453120265807,-0.526958026683698,0.4713724355820826,-0.029661918307925514,-1.5091952530250596,0.1664560045809505,-0.1427324451159355,-0.8842524965362835,-0.9614892811961376,1.20607271878185,-1.571276671634248,-1.0704752598915837,1
KXNBAGAME-26FEB11INDBKN,2026-02-11,IND,BKN,IND,0,2025-26,0.331,-0.42653856479080904,-0.03432117416632073,0.8264795558757124,-0.6820840158524808,0.15887102106381623,0.460745644317066,-0.31762304145178016,-0.5827041882255442,1.4422654575779734,-0.6185140579544965,-0.8611719338809272,-1.1552634646199587,-1.2164161539661753,-0.920042310549313,-1.7941275763260285,0.23386936670694852,-1.3518992529196,-1.0041783739213332,-1.2240649515628643,-1.2404145605822787,0.16735520995740055,-0.4666903093421041,1.7150977919006853,-0.8372493284443875,-1.1612660314045973,-0.1512548160568486,0.33771256387888376,1.3162271000954013,0.4318318985421264,0.48047721618098843,0.8196144528928566,1.1710502204987738,0.6552837316430804,-0.5268823778393348,1.3322918762808904,-1.684837521465213,-0.01731826106501007,0.008588154428847751,-1.0704752598915837,1
KXNBAGAME-26FEB11LACHOU,2026-02-11,LAC,HOU,LAC,0,2025-26,0.2482,0.4525956754586354,-0.9689535502086718,-1.3623232793311495,0.4527450173702937,1.2102737677804063,0.5797008978609455,-0.11808672059366092,-0.2263670069660906,-1.1165595211033026,0.7318564255403169,-0.49625720650998156,-0.9692192955633627,-1.2164161539661753,0.8815263966194288,-1.9109949676751665,-1.7604681701803113,0.14384479975249997,-1.2819115663950602,0.23573507477263017,-0.6768580898730134,1.227725920393238,-1.3140085594034403,-0.22687167069707845,1.3559914484541358,1.4254364348804267,-1.2262444016037357,-0.3006728076353175,0.7030408156490298,0.2816599825429012,0.21643857881271655,1.7671280162847793,0.24365545090286594,0.3980059805577513,-1.0240175848931456,0.12581835689939094,0.6979566817740929,-1.2916838650721563,-1.7029320738061726,0.03999169085607133,1
KXNBAGAME-26FEB11MEMDEN,2026-02-11,MEM,DEN,DEN,0,2025-26,0.8571,-1.3056728050402537,-0.09273569766896715,1.0341761752749032,-0.8860982240723054,0.03021836429259006,-0.3684424465623103,0.23493907784762372,-0.712281345047163,0.36276116969681077,0.3795858646286257,1.03638464844799,-0.13202053480868028,-0.11527825568292054,-0.01925795696494194,0.03679488814382207,-0.2968817519807916,0.25792697326138897,0.17842747790226937,1.2041527826610423,0.22017904469633087,0.2316201014989673,-0.06320542836051567,-0.9918899438416513,-0.7641413025477697,0.22446743267666502,-0.1512548160568486,-0.9390581791495188,-0.09994122350693262,0.963209447462464,-0.8215064094625594,-0.10888546039755097,-1.1014399119694862,0.013927052151787214,-0.6624647070358287,0.29416349913867035,0.9958059571790049,1.2570473429421356,-0.2547226499150011,0.03999169085607133,0
KXNBAGAME-26FEB11MIANOP,2026-02-11,MIA,NOP,MIA,0,2025-26,0.4736,0.013028555333913172,0.9197827097102477,-0.5794667908265069,1.0647876420297677,-0.9990028898772366,-0.5503740108058863,0.4268009248265854,2.624330443109533,0.8425408531995496,-0.2662434970428064,1.03638464844799,-1.1552634646199587,-0.11527825568292054,-0.01925795696494194,-0.391718880136356,-0.5542156277081789,0.18187219092212964,-0.9190665891309977,-0.4600909820064495,-0.05642894780776148,0.19948765572818394,-0.3859933331457867,-1.5803655385682462,0.5518031635913431,0.9635252801866724,-0.1512548160568486,0.018519878121783073,0.9804346109938176,-0.018683849455550877,0.6261537057634834,-0.06768921851094854,-0.0770789332201167,0.3483881285627221,1.6876289990367273,0.8553139732696003,0.9532560606925888,0.3395041080569913,-1.5054489705482856,0.03999169085607133,1
KXNBAGAME-26FEB11MILORL,2026-02-11,MIL,ORL,MIL,0,2025-26,0.1996,-0.42653856479080904,-1.2999691833903386,0.011669741309653184,-0.8605964480448274,0.06570875236741014,0.9295692906370528,-1.9548441356722412,-0.0320012717336612,-0.23696343468161307,-0.7359375782583929,-1.8099502250453854,-0.5971309574501704,-0.11527825568292054,-0.01925795696494194,-0.8007547498583425,0.008702225445482872,-0.5279724442442907,-0.9549031300953503,-0.5103052335265897,1.4377712359993904,-1.7927239820603578,-0.22459938075315045,-0.8153472654236734,1.3559914484541358,0.039702970799163975,-0.1512548160568486,-0.3006728076353175,-0.37733501885172044,0.004419522236637996,-0.23880045113257997,0.7182083190181368,1.0094398719096742,-2.4246984884927656,1.2356879017150835,-0.014469261633341557,0.059708234477850335,-2.209227099957301,-0.4522057531728885,0.03999169085607133,1
KXNBAGAME-26FEB11NYKPHI,2026-02-11,NYK,PHI,NYK,0,2025-26,0.5679,1.3317299157080804,0.14092239634162132,-1.6019732247917546,1.3708089543595046,0.08345394640481894,0.4852364318113948,-0.16924987978805317,0.875038826017673,0.6026510114481795,-0.9120728587142385,-1.0071378248293055,-1.6203738872614486,-1.2164161539661753,0.4311342198272434,0.11470648237657996,-0.02346450902044112,0.0931416115263271,0.6532616456799284,0.2823625940413323,0.7268628440496211,-1.2464724039570472,-0.42634182124394465,-1.3449753006776082,0.4055871117981088,-0.7917371076495939,-0.1512548160568486,0.6569052496359845,0.016856164006663565,-1.139197376526694,0.9084019043295671,-0.40676597865454484,0.14420292869418783,-0.6366181184496996,1.484255505241987,0.7150263547368668,0.3150076133963464,-0.985836120110441,-0.583861155344813,-1.0704752598915837,1
KXNBAGAME-26FEB11OKCPHX,2026-02-11,OKC,PHX,OKC,0,2025-26,0.715,0.013028555333913172,-0.48216585435328035,-1.2185333120547877,0.6567592255901183,-0.18716026266569494,-0.08854773234142288,0.5444761909736822,-0.16157842855528234,-0.8766696793519324,-0.8533610985622904,0.5984869756028544,0.3330898878328098,-0.11527825568292054,-0.01925795696494194,-1.1903127210221403,-0.9562998085322231,-0.02094056198256188,-0.6816495052421694,-0.40628999823487305,-0.4131757044952791,-0.411028813916691,-1.2333115832071215,-0.6976521464783538,1.2828834225575172,-1.43841272422085,-1.2262444016037357,0.018519878121783073,0.5278447343786375,-0.19195913714696497,0.48047721618098843,0.34427320035510384,0.21381969424026348,0.6865246014177308,0.1736263230092144,0.23804845172557657,-0.1104913514678152,-0.4760898785075827,1.259314475062132,1.1504586416037264,1
KXNBAGAME-26FEB11PORMIN,2026-02-11,POR,MIN,MIN,0,2025-26,0.7298,-0.42653856479080904,-0.03432117416632073,0.23534302373955235,-0.21030115934413637,-0.5775545314887306,-0.33345560728469936,-1.2257691171521936,1.5553188993311748,-0.31692671526540406,2.3757857097948722,-0.1313424791390367,0.4261119723611075,-0.11527825568292054,0.4311342198272434,0.29000756940029004,-0.2807983847478285,0.4100365379399076,0.3531306151034842,0.780918376991291,-2.403719201954626,0.4886796676652297,-0.6684327498328982,0.8323843998107929,0.6980192153845788,1.3330542039416753,-0.1512548160568486,-0.619865493392418,-0.24593795789892575,0.374073469311655,-0.44821040490741637,-0.6666191967085157,-0.7831918409017202,0.8298650627366985,0.7385526946612728,0.23804845172557657,1.1234556466382544,-0.578039126828155,-0.6496888564307753,0.03999169085607133,0
KXNBAGAME-26FEB11SACUTA,2026-02-11,SAC,UTA,UTA,0,2025-26,0.6599,-2.1848070452896984,-1.241554659887692,0.6986662516300545,-1.370631968594389,-0.7372612778254296,-1.2781002677801945,0.8233154085831019,-0.2587612961714959,-1.1965228016870921,0.26216234432472935,-1.0071378248293055,-0.2250426193369788,-0.11527825568292054,-1.3704344873414982,-0.43067467725273634,1.0219543611220736,-1.0857075147321924,-0.094826146950914,-0.44574405300069486,-0.2761642689558701,0.1352227641866172,1.1472492145842497,0.7735368403381336,0.47869513769472594,-0.5145904148333416,-0.1512548160568486,-0.6198654933924183,-0.6109297938789087,-0.22661419468524746,-0.2023813287369563,-0.46380692895907416,-0.604177300926104,0.7894357018518627,-0.27831477431242946,-1.641805636613039,-0.36579073038631205,-1.0368107442707266,0.20607125768673457,0.03999169085607133,0
KXNBAGAME-26FEB11SASGSW,2026-02-11,SAS,GSW,SAS,0,2025-26,0.6637,0.8921627955833576,0.4719380295232853,-0.9309533775020595,1.0520367540160285,0.7222809317516075,-0.6623318964942425,-0.41739120188084267,1.1017988504555076,0.7225959323238645,-0.6772258181064448,-0.7152060429325487,2.286553662927068,-1.2164161539661753,-0.46965013375712733,-0.9176221412074835,-0.16821481411709563,-0.46459345896157456,-0.6054968556929207,-0.7039887751042726,-1.5351184030632752,-1.2464724039570472,0.7437643336026611,1.3620124350647276,2.8912599922831013,-0.5145904148333416,-0.1512548160568486,0.9760979353930848,1.0388333047506135,-0.5500613983758869,1.0813927357087798,0.9400342368690863,0.012428336767692044,0.7931110982959365,1.6424348893045637,-0.014469261633341557,-1.4720880390331312,-2.515074844919016,1.983419187007717,-1.0704752598915837,1
KXNBAGAME-26FEB11WASCLE,2026-02-11,WAS,CLE,CLE,0,2025-26,0.9302,-0.42653856479080904,-1.0273680737113182,0.6507362625379339,-1.1921195364020425,-1.1986363227981054,-0.07455299663037811,-0.2920414618545883,-0.6798870558417577,-0.5967981973086682,0.5557211450844713,0.8174358120254223,1.26331073311579,0.9858596426003342,1.7823107502038,0.8159108304714175,-1.2297170514925735,1.5001550848026244,1.0877797048726936,0.2500820037783848,-0.4416120401732724,0.038825426874269355,0.7437643336026611,-0.34456678964239706,1.2097753966609002,0.22446743267666502,-0.1512548160568486,-1.57744355066372,-1.384712486156472,1.3559667662296682,-1.932289642529083,-1.62997746851836,-0.231230342643565,0.10581196325369197,-0.5042853229732522,-0.9403675439493763,0.655406785287676,-0.2721913818664392,0.7326928663744335,1.1504586416037264,0
KXNBAGAME-26FEB12DALLAL,2026-02-12,DAL,LAL,LAL,0,2025-26,0.6996,-1.3056728050402537,-0.34586529951377015,0.4110863170773286,-0.5545751357150904,-0.5553730389419671,-0.6028542697223047,-0.931580951784453,0.9398274044284836,-1.2365044419789861,-0.9707846188661867,-0.9341548793551167,0.4261119723611075,-0.11527825568292054,0.4311342198272434,-0.04111670608893858,0.05695232714436771,-0.07164375020873476,1.9209792822938692,0.23214834252119002,-1.4730754888567512,-1.0858101751031326,-0.22459938075315045,0.7146892808654743,0.11315500821163886,-0.8841193385883449,-0.1512548160568486,-1.2582508649066193,-0.2313382844597252,0.25855661085071235,-0.34805781831945115,-1.7599040775453472,-0.5942320487052347,0.3796289983373683,1.416464340643741,-0.715907354297004,-1.2167886601146354,-0.7309629993090119,0.9301759696323201,0.03999169085607133,0
KXNBAGAME-26FEB12MILOKC,2026-02-12,MIL,OKC,MIL,0,2025-26,0.176,-0.42653856479080904,-1.2220831520534747,-0.020283584751761306,-0.7840911199623931,0.008036871745826586,0.7371416746101928,-1.2385599069507895,-0.0320012717336612,-0.31692671526540406,-0.5598022978025484,-2.1018820069421422,-0.7831751265067666,-1.2164161539661753,-0.01925795696494194,-0.17746199599626836,-1.068883379162956,0.726931464353488,0.008203908321598008,0.056398462200704,1.1172161792656752,-0.34676392237512654,-0.7087812379310577,-0.8741948248963327,0.11315500821163886,0.31684966361541633,-1.2262444016037357,-0.3006728076353175,-0.7861258751492988,0.7552791022327657,-1.0855450468308314,-0.004310384839244662,0.4798551911484703,-1.6822684067893736,0.2188204327413812,0.26610597543212344,0.22990782042351438,-1.546556985873585,-0.7813442586027001,0.03999169085607133,1
KXNBAGAME-26FEB12PORUTA,2026-02-12,POR,UTA,POR,0,2025-26,0.6893,-0.8661056849155315,-0.38480831518220204,0.6028062734458133,-0.7330875679074369,-0.9058406211808305,-0.4873977001061878,-1.3101883298229353,1.5553188993311748,-0.4368716361410877,2.7280562707065616,-0.5692401519841711,0.3330898878328098,-1.2164161539661753,-0.920042310549313,-0.19693989455445712,0.49120324243433583,-0.5152966471877475,0.21426401886662202,-0.427810391743504,-0.07710991920993425,0.3922823303528819,1.2682946788787264,0.8323843998107929,0.7711272412811959,-0.5145904148333416,-1.2262444016037357,0.018519878121783073,-0.14374024382453016,0.08528132315929823,-0.15685742574242656,-0.8028836891026722,-0.05470211572316418,-0.8847073784248414,0.806343859259519,-1.1928852573082944,1.3787550255567504,-0.9348614959501553,0.6010374642025087,0.03999169085607133,1
KXNBAGAME-26FEB19ATLPHI,2026-02-19,ATL,PHI,ATL,0,2025-26,0.4952,0.013028555333913172,0.043564857170543016,0.13948304555530888,-0.08279227920674595,-0.21821435223116528,0.6321811567773619,-0.2664598822573936,-0.19397271776068534,0.6026510114481795,-1.0882081391700842,0.014623411809342294,-0.2250426193369788,5.390411235733353,0.4311342198272434,-0.27485148878721777,0.3947030390365662,-0.48994505307466096,0.06643828738867294,-0.15521874063417163,0.858704036738484,-1.214339958186264,-0.7491297260292157,-1.109585062786971,0.5518031635913431,-0.6069726457720921,5.223693111677586,-0.3006728076353175,0.2358512655946533,-0.18040745130087135,0.28927682360396395,-0.20712265258869147,0.5519582697497626,-0.8001732602110883,0.7159556397951903,0.9394865443892391,0.01715833799143357,-0.3741406301870105,0.27189895877269665,0.03999169085607133,1
KXNBAGAME-26FEB19BKNCLE,2026-02-19,BKN,CLE,CLE,0,2025-26,0.8958,-0.8661056849155315,-2.1372440202616114,-0.052236910813173526,-1.35788108058065,-0.9901302928585323,-0.7882845178936414,-1.4201891220908716,-0.16157842855528234,-0.35690835555729816,1.67124458797149,-0.5692401519841711,-1.2482855491482567,5.390411235733353,1.7823107502038,1.672938367031771,-0.8115495034355663,1.7283194318204023,1.7641944155748284,1.0427498313463068,-0.14432307626700722,-0.2503665850627764,1.1472492145842497,-0.34456678964239706,1.429099474350753,0.22446743267666502,5.223693111677586,-1.896636236420821,-2.859279503515602,0.5473487570030691,-2.2145378410951664,-1.9595474036112022,-1.287913391110755,-0.9159482481994855,0.06064104867880302,-1.0525976387755618,1.4638548185295825,-1.393633113392728,-1.044655062946549,0.03999169085607133,0
KXNBAGAME-26FEB19BOSGSW,2026-02-19,BOS,GSW,BOS,0,2025-26,0.6746,0.8921627955833576,-1.6309848165720053,-2.4806896914806407,0.9117769858648992,-1.0611110690081749,-1.1871344856584045,-0.8522780550331526,1.1017988504555076,-0.9566329599357221,-1.4404787000817743,-1.1531037157776838,0.1470457187762136,5.390411235733353,-0.46965013375712733,-1.1903127210221403,-0.4737987915433701,-0.4012144736788585,-0.8473935072022949,-0.8187642071503058,-1.2481699248580964,-1.117942620873916,1.1069007264860902,0.9500795187561115,2.818151966386484,-0.5145904148333416,5.223693111677586,0.9760979353930848,-0.3335359985341229,-1.4510928943712398,0.935716246126285,-0.1627574690184991,-0.2809566037479034,0.2767178979032321,1.5520466698402349,-1.4454029706672125,-1.727387417951629,-2.7699479657204455,0.469382062030584,0.03999169085607133,1
KXNBAGAME-26FEB19DENLAC,2026-02-19,DEN,LAC,LAC,0,2025-26,0.347,0.013028555333913172,0.296694459015346,-0.03626024778246741,0.223229033122991,0.5359563943587953,1.5103508226453939,-0.04134198180207965,0.2595473311149818,0.20283460852923024,-0.9120728587142385,-1.2260866612518726,-0.2250426193369788,5.390411235733353,0.4311342198272434,-1.073445329673002,-1.3583839893562673,0.37200914677027797,1.2042484630068362,0.6625562126938196,-0.41576082592055064,-0.7966181631660869,-1.1929630951089636,0.18506124561153864,-0.17927709537483108,-0.3298259529558397,5.223693111677586,-0.3006728076353175,1.024233631311415,0.9516577616163686,-0.11133352274789693,-0.4733137540098299,0.6091434700197509,0.26752940679304266,0.7385526946612728,0.967544068095786,-0.7912896952504737,-0.7309629993090114,0.07441585551480982,0.03999169085607133,0
KXNBAGAME-26FEB19DETNYK,2026-02-19,DET,NYK,DET,0,2025-26,0.406,1.3317299157080804,0.588767076528581,-1.4901365835768052,1.5748231625793292,0.7267172302609572,-0.6693292643497658,0.4677314521820952,0.03278730667714708,0.08288968765354518,-1.381766939929826,2.2770947215092043,-0.31806470386527647,5.390411235733353,1.3319185734116146,0.6795655405640878,-1.889135108044005,1.931132184725094,0.48751764371980294,0.9530815250603408,0.4761060657982447,0.7778716796022755,1.187597702682409,-0.6976521464783538,-0.5448172248579175,-1.5307949551596005,5.223693111677586,0.018519878121783073,-0.07074187662853358,0.2816599825429012,-0.26611479292929774,0.16998140775792608,-1.1412209208529567,-0.0007745336245159137,-0.5268823778393348,-0.7720224017100978,-0.4934404198455608,1.970692081186137,0.8643482685463577,0.03999169085607133,1
KXNBAGAME-26FEB19HOUCHA,2026-02-19,HOU,CHA,HOU,0,2025-26,0.6325,0.4525956754586354,-2.117772512427397,-1.7777165181295334,0.031965712916905406,-1.4248875467750948,0.13886672296304622,-0.7039048933694227,1.3285588748933401,-1.1565411613951966,0.027315303716935573,0.8174358120254223,1.6353990712289816,5.390411235733353,1.7823107502038,-0.17746199599626836,-1.487050927219961,1.0565021878236118,-0.5830990175902059,1.3009945534498826,2.469234684682869,1.3562557034763694,-0.34564484504762727,2.009335589263983,-1.3490055097207094,-0.6069726457720921,5.223693111677586,-0.939058179149519,-1.4577108533524685,-0.21506250883915384,-0.7395633840724062,-0.6095782464039828,-0.8080549714538907,-2.259305648509337,-0.029747170785525755,-0.5756197357642715,-1.4295381425467162,1.5119204637435648,1.5884529804919427,0.03999169085607133,1
KXNBAGAME-26FEB19INDWAS,2026-02-19,IND,WAS,WAS,0,2025-26,0.4112,0.013028555333913172,0.1798654120100504,0.6826895885993484,-0.42706625557770006,0.5803193794523223,0.7756271978155663,-0.4941359406724239,-0.5827041882255442,1.3623021769941839,-0.7359375782583929,-0.49625720650998156,-0.8761972110350646,5.390411235733353,-0.46965013375712733,-0.6838873585092043,1.1988714006846544,-1.3899266440892297,-1.089290158711669,-0.022509647330945588,-0.3175262117602185,-0.7644857173953036,-0.34564484504762727,0.5969941619201548,1.063559344867666,1.055907511125423,5.223693111677586,0.3377125638788836,0.6446421218922316,-0.36523442483837903,0.6898871699558249,1.180873804821549,0.5619035219706305,-0.1275757109451467,0.12843221327705082,1.192004257748158,-0.9614892811961376,-1.0877853684310128,-1.373793568376361,0.03999169085607133,0
KXNBAGAME-26FEB19ORLSAC,2026-02-19,ORL,SAC,ORL,0,2025-26,0.7742,0.013028555333913172,-0.6184664091927905,-0.1640735520281231,-0.2740555994128316,-0.9235858152182393,-0.37543981441783364,1.6598330614113694,-1.8136871780309267,0.0029264070697556147,-0.9707846188661867,1.766214103189881,0.2400678033045113,5.390411235733353,-2.271218840925869,-1.696738083535079,0.7163703836958015,-1.6687941793331804,-1.299829836877234,-1.9163042760905058,0.4812763086487908,-0.31463147660434315,-1.2736600713052808,0.3616039240295165,-0.6910332766511524,-0.14506149107833788,5.223693111677586,1.6144833069072864,0.8052385297234254,-0.630923199298547,0.9994497103186265,0.2555428332147244,1.056679819958796,0.8519174414011592,-1.0466146397592266,0.8833714969761463,-0.9614892811961376,1.7158189603847083,0.27189895877269665,0.03999169085607133,1
KXNBAGAME-26FEB19PHXSAS,2026-02-19,PHX,SAS,SAS,0,2025-26,0.7299,0.013028555333913172,-1.105254105048182,-0.5794667908265069,-0.26130471139909256,-0.5819908299980804,-0.32645823942917795,-1.0876285873273404,-0.35594416378770943,-1.1565411613951966,-0.7359375782583929,0.5255040301286655,-1.2482855491482567,5.390411235733353,1.3319185734116146,0.8938224247041754,-0.8597996051344534,1.2593149407283033,1.217687165868464,-0.7183357041100252,-0.8138695254124224,1.0349312457685402,1.187597702682409,-0.6388045870056945,-0.8372493284443875,2.2568765133291837,5.223693111677586,-0.939058179149519,-1.501509873670066,0.20079818162024096,-1.0946498274297374,-1.2813938833240044,0.26105964228938244,-0.20108363982666846,-0.9788234751609803,-1.641805636613039,-0.06794145498139846,0.9511995979804204,-2.49286448683772,0.03999169085607133,0
KXNBAGAME-26FEB19TORCHI,2026-02-19,TOR,CHI,TOR,0,2025-26,0.6757,0.4525956754586354,-0.7158239483638688,-0.7711867471949894,0.14672370504055676,0.07458134938611455,-0.34045297514022077,0.10958933782136937,-0.19397271776068534,0.44272445028060037,0.027315303716935573,0.5255040301286655,1.8214432402855778,5.390411235733353,-1.8208266641336839,-0.7033652570673931,1.488372010877966,-1.6307667881635508,-1.031055779644594,-0.10141775686259318,0.5872662870849406,-0.6038234885413889,-0.30529635694946927,0.8323843998107929,-0.6910332766511524,0.039702970799163975,5.223693111677586,1.6144833069072864,-0.012343182871737553,-1.6243681820626539,1.2725931282858045,0.778418211006249,-0.1765314554287934,-0.3370733082574907,0.2866115973396274,0.5186236887910426,-0.5785402128183929,0.8492503496598487,1.2593144750621312,0.03999169085607133,1
KXNBAGAME-26FEB20BKNOKC,2026-02-20,BKN,OKC,OKC,0,2025-26,0.9014,-0.8661056849155315,-2.2346015594326896,-0.2759101932430727,-1.2431230884569988,-0.9723850988211185,-0.518885855456038,-2.072519401819338,-0.16157842855528234,-0.27694507497350856,1.377685787211748,-1.0071378248293055,-1.2482855491482567,-1.2164161539661753,-0.01925795696494194,-0.5864978657182549,-1.1814669497936887,0.549470305561883,-0.506946368040957,0.2859493262927704,0.8587040367384868,-0.15396924775042858,-0.5473872855384214,-0.4622619085877156,0.040046982315021705,0.1320852017379145,5.223693111677586,-0.6198654933924183,-1.238715751764479,0.6513139296179182,-1.2858502200067619,-0.3402182032992563,-0.5718552312082835,-2.0975882049699837,-0.0071501159194431625,0.18193340431248375,1.3362051290703338,-0.7309629993090119,-0.9788273618605868,-6.622810013629858,0
KXNBAGAME-26FEB20CLECHA,2026-02-20,CLE,CHA,CLE,0,2025-26,0.6599,1.7712970358328026,1.4260419133998536,-1.394276605392564,2.046606019087674,1.9688808128797117,0.9085771870704866,-0.6706488398930704,0.03278730667714708,1.282338896410393,0.08602706386888376,1.5472652667673132,0.3330898878328098,-1.2164161539661753,1.3319185734116146,-0.5280641700436858,-1.6478845995495786,0.955095811371266,-0.9862601034391595,1.1001375473693236,2.6398526987508144,1.3562557034763694,-0.5473872855384214,1.7150977919006853,-1.4221135356173267,-0.6069726457720921,-1.2262444016037357,0.3377125638788836,1.4622238344873946,0.1776948099280521,0.7718301953459784,2.0998668930612028,-0.12183256821402177,-2.356703654277357,-0.9336293654288168,1.2761768288677968,-1.1742387636282192,2.072641329506709,0.6668651652884708,0.03999169085607133,1
KXNBAGAME-26FEB20DALMIN,2026-02-20,DAL,MIN,MIN,0,2025-26,0.8631,-1.7452399251649762,-0.5405803778559267,0.8424562189064185,-1.026357992223435,-0.5287552478858515,-1.3025910552745212,-0.7243701570471762,0.2595473311149818,-1.3564493628546712,-1.0882081391700842,-1.0801207703034943,0.05402363424791592,5.390411235733353,0.8815263966194288,1.224946700193404,-0.3129651192137525,1.0438263907670686,0.9668313791180029,1.0319896345919903,-1.8117263955673675,0.26375254726975067,-0.2649478688513099,0.18506124561153864,1.2828834225575172,1.4254364348804267,5.223693111677586,-1.8966362364208205,-1.326313792399674,0.8361409031554259,-1.4861553931826923,-1.065905848840226,-1.6459424710619899,0.7692210214094439,-0.0071501159194431625,-0.7720224017100968,-0.9189393847097225,-1.6485062341941563,-0.9788273618605868,0.03999169085607133,0
KXNBAGAME-26FEB20DENPOR,2026-02-20,DEN,POR,DEN,0,2025-26,0.5264,-0.42653856479080904,0.5303525530259345,0.20338969767813786,0.18497636908177387,0.7622076183357847,1.62230870833375,-0.3687862006461724,0.1947587527041712,0.2827978891130198,-0.3836670173467028,-1.2260866612518726,-0.31806470386527647,-1.2164161539661753,-0.46965013375712733,0.3679191636330507,0.7967872198606103,-0.3885386766223152,-0.3904776099068147,-0.08707082785684052,-1.1964674963526587,1.741845052725763,-0.2649478688513099,3.068591659771854,-0.6179252507545353,0.6863785873704192,5.223693111677586,0.018519878121783073,0.11905387808105711,-0.4229928540688504,0.4076389713897411,0.8164455112092754,1.208344916327029,0.5872888974276703,-1.0918087494913917,0.37833607025830907,-2.4932855547071204,-0.4251152543472966,-0.7155165575167374,-6.622810013629858,1
KXNBAGAME-26FEB20INDWAS,2026-02-20,IND,WAS,WAS,0,2025-26,0.5243,-0.42653856479080904,-0.05379268200053528,0.6507362625379339,-0.5545751357150904,0.31857776740051275,0.551711426438856,0.1837759186532343,-0.6150984774309495,0.8825224934914437,-0.03139645643501261,-0.35029131556160326,-0.5971309574501704,-1.2164161539661753,-0.01925795696494194,-0.7423210541837734,0.9737042594231888,-1.2504928764672543,-1.1744019435020048,-0.24130031466869753,-0.6768580898730105,-0.3788963681459076,-0.5473872855384214,0.42045148350217687,1.063559344867666,0.9635252801866724,-1.2262444016037357,-0.3006728076353175,0.513245060939439,-0.22661419468524746,0.4986867773788004,1.0541161374781483,0.5544445828049792,0.6148543707582428,-0.1653294999820197,0.9956015918023319,-0.32324083389989605,-0.985836120110441,-1.1104827640325114,0.03999169085607133,0
KXNBAGAME-26FEB20MIAATL,2026-02-20,MIA,ATL,MIA,0,2025-26,0.5772,0.013028555333913172,0.45246652168907076,-0.6593501059800421,0.822520769768726,-1.1010377555923472,-0.9212345071485637,0.2937767109211707,2.3651761294662954,0.44272445028060037,-0.6185140579544965,0.8904187574996111,-0.8761972110350646,5.390411235733353,-0.01925795696494194,0.2120959751675294,0.24995273393990936,-0.05896795315219154,-0.6682108023805365,0.02411787193775454,-0.06676943350884787,-0.12183680197964522,0.46132491691554955,-1.521517979095587,0.4055871117981088,-0.05267926013958736,-1.2262444016037357,0.018519878121783073,0.17745257183785523,-0.6540265709907359,0.6261537057634834,-0.31803561151416365,-0.6762803795273935,0.2601786139048911,1.7328231087688923,-0.014469261633341557,0.655406785287676,0.3395041080569904,-0.583861155344813,6.702793395342002,1
KXNBAGAME-26FEB20MILNOP,2026-02-20,MIL,NOP,MIL,0,2025-26,0.39,0.013028555333913172,-1.06631108937975,-0.48360681264226346,-0.3123082634540487,-0.12948838204410645,0.7896219335266091,-1.1183264828439763,0.29194162032038706,-0.5168349167248787,-0.8533610985622904,-1.8829331705195749,-0.2250426193369788,5.390411235733353,-0.01925795696494194,-0.2553735902290262,-0.3772985881456004,0.13116900269595677,-0.7488430195503313,0.027704604189194695,-0.03316285498031138,0.19948765572818394,-0.06320542836051567,-1.9334508954042031,-0.03306104358159546,0.6863785873704192,5.223693111677586,0.018519878121783073,-0.6109297938789087,-0.0764422786860206,-0.32074347652273333,0.4330035674954886,0.5370403914184599,-0.7781208815466335,0.06064104867880462,-0.32310202240535346,0.7830564747469241,-1.2916838650721563,-0.6496888564307753,0.03999169085607133,1
KXNBAGAME-26FEB20UTAMEM,2026-02-20,UTA,MEM,MEM,0,2025-26,0.5696,-0.8661056849155315,-0.1706217290058309,0.25131968677025845,-0.3123082634540487,0.21654290168540224,-0.15502272696888403,-0.12064487855338295,0.5510959339636248,0.9225041337833392,1.1428387466039553,1.2553334848705566,-1.1552634646199587,5.390411235733353,-1.3704344873414982,-0.27485148878721777,0.9093707904913408,-0.895570558884044,-0.07242830884819174,-0.3237951564517853,0.07541224488110713,-1.310737295498614,0.13853701213027853,-0.4034143491150563,1.5753155261439873,-0.6069726457720921,5.223693111677586,0.3377125638788836,0.07525485776345958,-0.4691995974532266,0.416743751988647,0.2016708245937798,0.1093945459211521,-0.1386019002773761,1.3034790663133295,0.5466812124975885,1.1234556466382537,-0.22121675770615357,-0.38637805208692616,0.03999169085607133,0
KXNBAGAME-26FEB21DETCHI,2026-02-21,DET,CHI,DET,0,2025-26,0.83,1.3317299157080804,0.3356374746837779,-1.5700198987303402,1.472816058469417,0.5803193794523223,-0.9597200303539354,0.541918033013963,0.06518159588255236,0.04290804736165111,-1.6166139805376187,1.8391970486640699,-0.038998450280382596,-0.11527825568292054,-1.8208266641336839,-1.0344895325566217,1.1827880334516914,-1.6054151940504644,-1.5014103798017122,-0.3417288177089781,0.6699901726936403,-0.411028813916691,-0.6684327498328982,1.3031648755920693,-0.6179252507545353,0.5016141254929182,-0.1512548160568486,2.2528686784214877,1.024233631311415,-1.9824704432915756,2.2012807493742095,1.4724164397113702,-0.4500258915026543,-0.08530865183826909,0.33180570707179097,0.49056616508449563,-2.1103364863293748,1.7158189603847083,-0.3863780520869265,0.03999169085607133,1
KXNBAGAME-26FEB21HOUNYK,2026-02-21,HOU,NYK,NYK,0,2025-26,0.6435,0.4525956754586354,-2.176187035930043,-1.7457631920681187,-0.03178872715178979,-1.2385630093822826,0.08288778011887106,-0.26134356633795525,0.7454616691960542,-1.5563575643141458,-0.2662434970428064,1.2553334848705566,2.100509493870472,-0.11527825568292054,0.8815263966194288,0.8353887290296064,-1.2618837859584975,1.538182475972254,0.47407894085817004,0.3182299165557179,0.11677418768545554,0.5850770049775799,1.187597702682409,-1.2272801817322896,-0.6910332766511524,-0.9765015695270958,-0.1512548160568486,-0.3006728076353175,-2.260692892508431,-0.3536827389922838,-1.131068949825361,-1.2243529330194787,-0.16658620320792547,-0.26907847404208063,0.1058351584109682,-1.9223808736785037,0.6979566817740921,1.358996591262707,2.1809022902656037,0.03999169085607133,0
KXNBAGAME-26FEB21MEMMIA,2026-02-21,MEM,MIA,MIA,0,2025-26,0.8241,-0.8661056849155315,0.16039390417583585,0.9542928601213682,-0.6565822398250027,0.43392152864368233,0.25082460865140044,-0.38413514840448754,-1.5221385751822836,0.24281624882112574,-0.14881997673890898,2.0581458850866365,-0.5041088729218727,-1.2164161539661753,-0.01925795696494194,0.8159108304714175,-0.6989659328048358,1.0818537819366982,-0.6413333966572758,-0.4887848400179588,0.16589149476562162,2.2880966308290733,0.864809797897138,-0.8153472654236734,0.9904513189710487,-0.7917371076495939,-1.2262444016037357,-0.6198654933924183,-0.4941324063653146,1.1942431643843494,-1.2494310976111382,0.7594045609047427,0.5121772608662908,-0.39220425491863153,-2.673602590117151,-0.43533211723153903,0.485207199342012,0.7473011013392765,0.20607125768673457,0.03999169085607133,0
KXNBAGAME-26FEB21ORLPHX,2026-02-21,ORL,PHX,PHX,0,2025-26,0.4957,0.4525956754586354,-0.11220720550318447,-0.5634901277957985,0.37623968928785945,-0.5110100538484377,0.551711426438856,1.5293670054656767,-1.6841100212093079,0.2827978891130198,-1.323055179777877,2.1311288305608267,0.3330898878328098,-0.11527825568292054,-0.01925795696494194,-1.2292685181385206,-0.3772985881456004,-0.5026208501312042,-0.5651807471080246,0.020531139686316376,-1.4860010959831091,-0.7002208258537368,-0.8298267022255331,-0.6388045870056945,0.5518031635913431,-1.43841272422085,-0.1512548160568486,0.3377125638788836,0.8344378766018223,-0.13420070791649197,0.6261537057634834,0.030547973680188432,0.3729437297741451,2.156683179048205,-0.6850617619019114,0.7711414021499596,-0.49344041984556003,1.1041234704612788,1.259314475062132,0.03999169085607133,0
KXNBAGAME-26FEB21PHINOP,2026-02-21,PHI,NOP,NOP,0,2025-26,0.3881,0.4525956754586354,-0.03432117416632073,0.13948304555530888,-0.13379583126170214,0.00803687174582166,-0.08155036448590146,1.0612240988370145,-0.7770699234579735,-0.8766696793519324,-1.1469198993220324,0.23357224823190884,0.3330898878328098,-0.11527825568292054,-0.46965013375712733,-0.5475420686018745,-0.18429818135005877,-0.21107751783071016,-0.41287544800953446,-0.6932285783499581,-0.3795691259667454,-0.18610169352121197,-0.34564484504762727,-1.698060657513566,-0.3254931471680654,0.7787608183091705,-1.2262444016037357,0.6569052496359842,0.38184799998664437,0.23545323915852345,0.05255252803240982,0.2935701334177439,0.41769736476805014,1.033849565382931,-0.41389710350892345,-0.3792170698184462,0.4001074063691792,0.3904787322172761,-0.3205503510009638,1.1504586416037264,0
KXNBAGAME-26FEB21SACSAS,2026-02-21,SAC,SAS,SAS,0,2025-26,0.9338,-2.1848070452896984,-2.1567155280958286,0.5388996213229843,-1.8424148251027337,-1.824154412616835,-2.4186712282303104,0.9921538339245852,0.1947587527041712,-1.676302485189831,0.3795858646286257,-0.49625720650998156,-0.5041088729218727,-0.11527825568292054,1.3319185734116146,0.796432931913226,-1.10105011362888,1.3860729112937356,1.266962409694452,-0.9622334972078463,-0.6406663899192024,1.324123257705586,1.187597702682409,-0.5799570275330352,-0.9834653802376224,1.887347589574181,-0.1512548160568486,-2.535021607935022,-2.2168938721908336,1.182691478538254,-2.314690427683132,-2.2035559132472478,-1.0566862769755838,1.169839233813745,-0.7980470362323228,-2.0065534447981435,0.6979566817740921,0.3395041080569909,-1.7029320738061726,0.03999169085607133,0
KXNBAGAME-26FEB22BKNATL,2026-02-22,BKN,ATL,ATL,0,2025-26,0.7872,-0.8661056849155315,-2.546145684780142,-0.2918868562737788,-1.4343864086630844,-1.5934668901304982,-1.341076578479893,-1.755307814814122,0.00039301747174178806,-0.6367798376005623,1.318974027059801,-0.8611719338809272,-0.7831751265067666,-0.11527825568292054,-0.46965013375712733,-0.46963047436911665,0.442953140735451,-0.6547304148097228,-1.2102384844663574,0.03129133644063286,-0.9482958395265597,-0.12183680197964522,0.09818852403211913,-1.5803655385682462,-0.10616906947821261,-0.6069726457720921,-0.1512548160568486,-0.3006728076353177,-1.5599085674268642,-0.526958026683698,-0.5574677720942877,-0.28634619467831346,-0.979610572263857,-0.5851625682326306,0.0832381035448856,-0.5195046883511777,2.1021032658258254,-0.5270645026678688,-0.123067247743077,0.03999169085607133,0
KXNBAGAME-26FEB22BOSLAL,2026-02-22,BOS,LAL,BOS,0,2025-26,0.5202,1.3317299157080804,-1.4362697382298488,-2.5445963436034695,1.0902894180572458,-0.7416975763347793,-0.8162739893157309,-0.9341391097441722,1.620107477741983,-0.6367798376005623,-1.0294963790181348,-1.372052552200251,0.2400678033045113,0.9858596426003342,0.4311342198272434,0.03679488814382207,0.024785592678443723,0.004411032130524563,2.2390285833524897,0.13889330398378974,-1.0232643608594418,-1.5999293074356598,0.34027945262107273,0.7735368403381336,0.2593710600048745,-1.2536482623433483,-0.1512548160568486,0.6569052496359845,-1.1073186908116863,-1.8554018989845393,0.7718301953459784,-2.117994487790453,-0.6812530056378282,0.05803180948070067,2.252555370688784,-0.6878498305904571,-1.3018884530874673,-1.1387599925912988,1.0618313718042445,1.1504586416037264,1
KXNBAGAME-26FEB22CHAWAS,2026-02-22,CHA,WAS,CHA,0,2025-26,0.8277,0.8921627955833576,-0.8910675188718108,-1.2824399641776143,0.4399941293565547,-1.770918830504606,0.8246087728042201,3.2765888919540713,1.1341931396609106,-0.8766696793519324,1.084126986452006,-1.5910013886228183,-0.5971309574501704,-0.11527825568292054,-0.01925795696494194,-0.43067467725273634,1.0862878300539216,-1.1364107029583652,-0.40839588038898356,-1.0626620002481288,-0.8526463467914992,-0.31463147660434315,-0.18425089265499248,0.655841721392814,0.9173432930744302,0.6863785873704192,-0.1512548160568486,0.6569052496359842,-0.3481356719733214,-1.7052299829853141,1.1269166387033096,-0.9803444233834364,1.3177426907565721,2.961595000300888,1.0097173530542591,-0.49144716464463184,0.3150076133963464,-1.750455482514728,-0.9129996607746241,0.03999169085607133,1
KXNBAGAME-26FEB22CLEOKC,2026-02-22,CLE,OKC,OKC,0,2025-26,0.4443,1.7712970358328026,1.4065704055656392,-1.2664633011469082,1.9318480269640224,1.9733171113890688,1.0310311245421249,-0.38669330636420673,0.06518159588255236,1.1623939755347092,-0.20753173689085821,1.4742823212931244,0.05402363424791592,-0.11527825568292054,0.4311342198272434,-0.5085862714854942,-1.454884192754037,0.8156620437492905,-0.5875785852107468,0.6984235352082072,1.1327269078173077,0.16735520995740055,-0.5070387974402635,0.00851856719355974,0.47869513769472594,0.039702970799163975,-0.1512548160568486,0.9760979353930851,1.4330244876089955,0.13148806654367434,0.7900397565437901,1.8210000249057239,0.24365545090286317,-1.0813410881829182,-0.07494128051768933,1.163946734041612,-0.1530412479542312,0.6963264771789918,0.008588154428847751,0.03999169085607133,0
KXNBAGAME-26FEB22DALIND,2026-02-22,DAL,IND,DAL,0,2025-26,0.5235,-2.1848070452896984,-0.7742384718665152,0.9542928601213682,-1.2686248644844769,-0.870350233106008,-1.4810239355903367,-0.9187901619858572,-0.0320012717336612,-1.5163759240222519,-1.675325740689568,-0.6422230974583599,-0.2250426193369788,-0.11527825568292054,-0.46965013375712733,0.017316989585630525,0.6842036492298775,-0.5279724442442907,0.41136499417055417,0.9028672735402025,-0.18051477622080958,-0.7002208258537368,0.9455067740934554,0.18506124561153864,-0.3254931471680654,-1.2536482623433483,-0.1512548160568486,-1.2582508649066195,-0.5963301204397081,0.20079818162024096,-0.5301534302975698,-0.9169655897117307,-1.6832371668902435,-0.5300316215714896,0.4673880362682849,-1.7259782077326786,-1.344438349573884,-0.22121675770615357,0.732692866374433,0.03999169085607133,1
KXNBAGAME-26FEB22DENGSW,2026-02-22,DEN,GSW,GSW,0,2025-26,0.3407,0.013028555333913172,1.5039279447367173,0.10752971949389666,0.8990260978511602,1.1925285737429927,2.2065889242698518,-0.1794825116269299,0.5510959339636248,1.0424490546590242,-0.3249552571947546,-0.6422230974583599,-0.8761972110350646,-0.11527825568292054,-0.46965013375712733,-1.2877022138130896,-0.5059655260092941,-0.4392418648484881,-0.8473935072022949,-0.6824683815956416,-1.9668336810836806,-0.9572803920200015,1.1472492145842497,0.8912319592834532,2.3063957851101615,-0.7917371076495939,0.9237347694900384,0.3377125638788836,2.090009792372965,0.4433835843882217,0.9539258073240969,1.4470649062426892,2.036287163714262,1.2709126360258434,1.0549114627864242,-0.07058430904643435,-0.8763894882233064,-2.0563032274764432,-0.057239546657114615,-1.0704752598915837,0
KXNBAGAME-26FEB22NYKCHI,2026-02-22,NYK,CHI,NYK,0,2025-26,0.7991,0.8921627955833576,0.588767076528581,-1.0747433447784236,1.243300074222114,0.4250489316249779,0.324296971134383,0.24517170968650046,0.00039301747174178806,0.9225041337833392,-1.5579022203856707,-0.7152060429325487,-1.4343297182048529,-1.2164161539661753,-1.8208266641336839,-1.0344895325566217,1.391871807480194,-1.7702005557855263,-1.6133995703153134,-0.25206051142301206,0.4890316729246084,-0.5074261512290411,-0.5877357736365809,2.009335589263983,-0.10616906947821261,1.4254364348804267,-1.2262444016037357,1.933675992664387,1.2140293860210059,-1.774540098061879,2.15575684637968,1.4407270228755216,0.40029317338152814,-0.16984277005202433,0.35440276193787357,1.0517166392154256,-2.5783853476799523,-0.425115254347297,-2.032070579235984,0.03999169085607133,1
KXNBAGAME-26FEB22ORLLAC,2026-02-22,ORL,LAC,ORL,0,2025-26,0.4185,0.4525956754586354,0.12145088850740399,-0.5794667908265069,0.5420012334664671,-0.4001025911146228,0.46074564431706794,1.8082062230750966,-1.3277728399498543,0.4027428099887049,-1.0882081391700842,1.8391970486640699,1.1702886485874915,-1.2164161539661753,-0.01925795696494194,-1.1513569239057626,-0.6024657294070638,-0.2744565031134263,1.1594527868013966,-0.22695338566294287,-0.2865047546569565,-0.8930155004784347,-0.9912206546181693,0.18506124561153864,-0.6179252507545353,-0.23744372201708921,-0.1512548160568486,0.3377125638788836,0.9512352641154185,0.015971208082731614,0.5806298027689538,-1.1102710324104184,0.4798551911484717,1.50430031022468,-0.30091182917851206,0.967544068095786,-0.9189393847097225,1.7158189603847083,0.9960036707182824,-1.0704752598915837,1
KXNBAGAME-26FEB22PHIMIN,2026-02-22,PHI,MIN,PHI,0,2025-26,0.2497,0.013028555333913172,-0.5795233935243587,0.20338969767813786,-0.5418242477013513,-0.6219175165822576,-1.0017042374870677,1.2786675254131654,-0.7446756342525683,-1.5163759240222519,-0.9120728587142385,0.45252108465447666,0.3330898878328098,-1.2164161539661753,0.8815263966194288,1.4976372800080635,0.13736916330917653,0.8663652319754634,1.0474635962877976,0.9638417218146573,-2.1658880308296165,0.19948765572818394,-0.30529635694946927,0.00851856719355974,0.9173432930744302,1.2406719730029248,-0.1512548160568486,-0.619865493392418,-1.5599085674268642,0.05062626562101574,-1.012706802039584,-1.1894945745000438,-1.3848796002642136,2.459903385684489,-0.6624647070358287,-0.8561949728297366,-0.6636400057912248,-0.32316600602672485,-0.6496888564307753,-1.0704752598915837,1
KXNBAGAME-26FEB22PORPHX,2026-02-22,POR,PHX,POR,0,2025-26,0.5969,-0.42653856479080904,0.5108810451917172,1.6253127074110634,-0.9626035521547397,-0.41784778515203164,0.1108772515409567,-1.279490434306302,1.458136031714959,0.04290804736165111,3.080326831618253,-0.7881889884067382,0.4261119723611075,-0.11527825568292054,-0.01925795696494194,-1.092923228231191,-0.24863165028190448,-0.5152966471877475,-1.5327673531455188,0.16758716199529705,-1.5945761958445277,0.3601498845820985,-0.9105236784218519,-0.9918899438416513,0.47869513769472594,-1.5307949551596005,-1.2262444016037357,-0.3006728076353175,1.1994297125818052,1.3559667662296682,-0.3207434765227333,0.7815871526898371,-0.042270550447080966,0.21607385657597558,0.7611497495273538,0.658911307323775,2.9531011955541486,-0.8838868717898692,1.390969877234056,1.1504586416037264,1
KXNBAGAME-26FEB22TORMIL,2026-02-22,TOR,MIL,TOR,0,2025-26,0.606,0.4525956754586354,-0.9494820423744572,-0.8990000514406473,0.0957201529856006,-0.08068909844122978,-0.6553345286387211,-0.015760402204884952,-0.2263670069660906,0.16285296823733617,0.20345058417278117,0.7444528665512333,1.8214432402855778,0.9858596426003342,0.4311342198272434,-0.27485148878721777,-0.18429818135005877,-0.03361635903910509,0.7742099714346167,1.247193569678304,-1.0568709393879783,-0.18610169352121197,-0.34564484504762727,-0.6388045870056945,-1.7876536651004138,-0.23744372201708921,-0.1512548160568486,0.018519878121783073,-0.5087320798045131,-0.5154063408376043,0.08897165042803352,-0.6095782464039864,-1.3351533391598767,0.7416555480788715,-0.029747170785524153,0.35027854655176316,0.61285688880126,1.766793584544994,1.4567975783200187,1.1504586416037264,1
KXNBAGAME-26FEB23SACMEM,2026-02-23,SAC,MEM,SAC,0,2025-26,0.4483,-2.1848070452896984,-1.4752127538982807,1.1140594904284382,-1.8551657131164725,-1.5269224124902054,-2.0198212604655454,1.1533177853869139,-0.09678985014447176,-1.076577880811407,0.08602706386888376,-0.2773083700874144,-0.13202053480868028,-0.11527825568292054,-0.920042310549313,0.6406097434477075,1.391871807480194,-0.6800820089228093,0.5323133199252426,0.3002962552985231,-0.586378839988496,-1.342869741269395,0.4209764288173901,-0.16802411122441813,2.3063957851101615,-0.5145904148333416,-0.1512548160568486,-0.9390581791495188,-1.5891079143052633,-0.19195913714696333,-0.8397159706603714,-1.471530384339109,-1.6484287841172065,1.2470225591393487,0.8741350238577652,-1.0525976387755618,0.18735792393709763,-1.801430106675014,0.2718989587726972,0.03999169085607133,1
KXNBAGAME-26FEB23SASDET,2026-02-23,SAS,DET,SAS,0,2025-26,0.5106,1.7712970358328026,1.6207569917420104,-0.8510700623485244,1.7405847067579368,1.9378267233142463,-0.6028542697223047,-0.12064487855338295,1.425741742509556,1.5622103784536585,-0.20753173689085821,-0.7152060429325487,2.100509493870472,-0.11527825568292054,1.3319185734116146,0.6990434391222765,-1.487050927219961,1.6269130553680566,0.68461861902374,-0.026096379582383752,0.26671123035122535,0.3280174388113151,0.46132491691554955,-1.2272801817322896,1.9408556556270744,0.22446743267666502,-0.1512548160568486,0.3377125638788836,0.6884411422098312,0.4549352702343153,0.07076208923022162,0.8956690532988957,-0.41521750872961855,-0.2745915687081943,0.7611497495273554,0.7711414021499606,0.740506578260508,-1.8524047308352998,1.3251421761480937,0.03999169085607133,1
KXNBAGAME-26FEB23UTAHOU,2026-02-23,UTA,HOU,HOU,0,2025-26,0.8793,-0.8661056849155315,0.043564857170543016,0.37913299101591413,-0.2740555994128316,0.41174003609691884,-0.09204641626918553,-0.7525098946040901,0.8426445368122677,0.9225041337833392,1.5538210676675936,1.620248212241502,-0.8761972110350646,0.9858596426003342,0.4311342198272434,-2.008384460466116,-1.7604681701803113,0.08046581446978388,-0.8697913453050147,0.2716023972870158,-0.12881234771537192,0.6493418965191443,-1.5157509998942345,0.06736612666621902,0.6980192153845788,1.887347589574181,-0.1512548160568486,-0.9390581791495188,1.5352222016833912,1.5407937397671758,-0.25701001233039183,0.9051758783496514,-0.2585797862509522,-0.44733520157977436,0.12843221327705082,1.6970396844659952,1.0809057501518378,0.6453518530187052,-1.9662428781500219,1.1504586416037264,0
KXNBAGAME-26FEB24BOSPHX,2026-02-24,BOS,PHX,BOS,0,2025-26,0.6799,1.3317299157080804,-1.2610261677219068,-2.624479658757005,1.2688018502495924,-0.5243189493764968,-0.7917832018214022,-0.4250656757600002,1.9116560805906284,-0.4368716361410877,-1.2056316594739804,-1.7369672795711966,0.3330898878328098,-0.11527825568292054,-0.46965013375712733,-1.8136054748842172,-0.3129651192137525,-0.9335979500536737,-1.9941628180615474,-0.2771676371830852,-1.1499353106977672,0.16735520995740055,-1.152614607010804,-0.6388045870056945,0.9173432930744302,-1.5307949551596005,-0.1512548160568486,1.2952906211501856,0.4110473468650434,-1.6705749254470317,1.5730508880497,1.0319335456930538,-0.3754364998461454,0.5137809685461486,1.2130908468490007,0.49056616508449563,-0.4083406268727281,-1.8524047308352998,1.3251421761480937,0.03999169085607133,1
KXNBAGAME-26FEB24CHACHI,2026-02-24,CHA,CHI,CHA,0,2025-26,0.7491,0.8921627955833576,-0.5600518856901441,-1.0427900187170092,0.4654959053840328,-1.7487373379578426,1.3074271548352516,2.8800744081975522,1.458136031714959,-0.7967063987681429,0.6144329052364195,-1.299069606726062,-0.2250426193369788,-0.11527825568292054,-1.8208266641336839,-1.3071801123712812,1.2149547679176154,-1.8082279469551559,-1.6089200026947676,-0.4206369272406257,0.19432783044361204,-0.5716910427706056,-0.6280842617347389,2.0681831487366433,0.11315500821163886,1.2406719730029248,-0.1512548160568486,1.933675992664387,0.5570440812570365,-1.6243681820626539,1.6276795716431358,-0.11522334376472382,1.2158038554926789,1.9324839959595554,1.4164643406437394,-0.12669935645952815,-1.0465890741689712,-0.985836120110441,-1.0446550629465494,0.03999169085607133,1
KXNBAGAME-26FEB24DALBKN,2026-02-24,DAL,BKN,DAL,0,2025-26,0.567,-1.7452399251649762,-0.30692228384534104,1.177966142551265,-1.1411159843470864,-0.30250402390886205,-1.3130871070578034,-1.1822804318369617,0.03278730667714708,-1.2365044419789861,-1.675325740689568,-0.7152060429325487,-0.5971309574501704,-0.11527825568292054,-0.920042310549313,-2.495331924420863,-0.1199647124182108,-1.529360411711205,-1.5372469207660648,-1.417748493140545,-2.070238538094556,-0.5074261512290411,-0.42634182124394465,1.5385551134827065,-0.5448172248579175,-0.9765015695270958,-0.1512548160568486,-0.6198654933924181,1.6374199157577847,0.9401060757702734,0.28017204300505805,0.8671485781466337,0.044750406485512526,0.6240428618684343,0.3769998168039561,-0.5756197357642715,-2.3230859687614553,-0.11926750938558182,0.2718989587726972,0.03999169085607133,1
KXNBAGAME-26FEB24GSWNOP,2026-02-24,GSW,NOP,NOP,0,2025-26,0.4987,-0.42653856479080904,-0.9884250580428892,-0.03626024778246741,-0.6183295757837857,-0.45777447173620883,-0.3964319179843998,-1.9778675573097166,-0.971435658690403,1.5622103784536585,1.2602622669078516,1.912179994138259,-1.0622413800916604,-0.11527825568292054,-0.46965013375712733,-0.11902830032169646,0.07303569437733085,-0.13502273549145083,-0.0007552269194889111,0.14965350073810424,-0.3847393688172915,-0.4752937054582577,-0.2649478688513099,-1.4038228601502685,-0.17927709537483108,1.055907511125423,0.9237347694900384,0.018519878121783073,-0.6547288141965083,-0.07644227868602224,-0.34805781831945115,-0.33071137824850405,-0.390354378177448,-1.1456605259542485,-0.34610593891067726,1.2761768288677977,1.9319036798801608,1.4609458395832793,-1.5054489705482854,-1.0704752598915837,0
KXNBAGAME-26FEB24MIAMIL,2026-02-24,MIA,MIL,MIL,0,2025-26,0.3284,0.4525956754586354,1.017140248881326,-0.9469300405327679,1.4218125064144607,-0.5819908299980853,-0.8022792536046862,-0.21018040714356298,2.624330443109533,1.2023756158266035,-0.7946493384103421,1.1823505393963678,-0.7831751265067666,0.9858596426003342,0.4311342198272434,-0.8202326484165341,-0.45771542431040924,-0.1730501266610805,0.32625320938021846,0.6733164094481361,-0.8371356182398667,0.07095787264505272,-0.7894782141273751,-0.22687167069707845,-1.7876536651004138,-0.23744372201708921,-0.1512548160568486,0.018519878121783073,1.3746257938521995,-0.3536827389922838,1.1360214193022156,-0.6507744882905906,-1.0417683986442814,0.4457861343307385,1.778017218501056,1.3884069236939833,-0.4083406268727281,2.072641329506709,-0.3863780520869259,1.1504586416037264,0
KXNBAGAME-26FEB24MINPOR,2026-02-24,MIN,POR,MIN,0,2025-26,0.6817,0.4525956754586354,1.270269850726129,0.5708529473843988,0.37623968928785945,1.1171114990840003,0.7196482549713892,-1.8857738707598175,0.12997017429336294,-0.4768532764329832,0.5557211450844713,0.37953813918028784,1.4493549021723862,-0.11527825568292054,-0.01925795696494194,0.17314017805115184,1.0702044628209586,-0.7307851971489823,-0.027632632642752158,-0.19108606314855925,-1.367085510420604,0.713606788060711,0.21923398832659594,3.1274392192445126,-0.8372493284443875,0.9635252801866724,-0.1512548160568486,0.3377125638788836,0.8198382031626238,-0.3536827389922838,0.7900397565437901,0.813276569525689,0.6389792266823561,-0.38117806558640416,-0.41389710350892345,-0.49144716464463184,-1.8550371074108771,0.8492503496598491,0.33772665985865924,0.03999169085607133,1
KXNBAGAME-26FEB24NYKCLE,2026-02-24,NYK,CLE,CLE,0,2025-26,0.6211,0.8921627955833576,0.16039390417583585,-1.0427900187170092,0.9372787618923772,0.2786510808163405,0.09688251582991388,-0.2408783026601989,-0.06439556093906648,0.8425408531995496,-1.6166139805376187,-0.7152060429325487,-1.3413076336765548,-0.11527825568292054,1.3319185734116146,1.419725685775303,-0.8597996051344534,1.60156146125497,1.791071821298094,0.7199439287168362,-0.32786669746130775,0.006692981103485984,1.389340143173203,-0.16802411122441813,1.6484235520406043,-0.14506149107833788,-0.1512548160568486,-0.30067280763531784,-0.9467222829804925,-0.13420070791649197,-0.48462952730304004,-1.072243732207397,-0.43510801317135306,0.06170720592477645,-0.05234422565160675,-0.3792170698184462,-1.0465890741689705,-1.6485062341941563,-0.8471719596886624,0.03999169085607133,0
KXNBAGAME-26FEB24OKCTOR,2026-02-24,OKC,TOR,OKC,0,2025-26,0.4847,0.4525956754586354,-0.20956474467426275,-1.2025566490240793,0.822520769768726,-0.21821435223116037,1.2304561084245065,0.4447080305446197,-0.09678985014447176,-0.23696343468161307,0.027315303716935573,1.109367593922179,-0.41108678839357415,-0.11527825568292054,0.4311342198272434,-0.6838873585092043,-0.9241330740662991,0.2832785673744754,-0.3367227984602857,-0.4887848400179588,0.31324341600611694,-0.2824990308335598,0.4209764288173901,-0.28571923016973777,0.9904513189710487,1.2406719730029248,-0.1512548160568486,0.018519878121783073,0.35264865310824534,-0.2035108229930586,0.3803246295930233,0.07808209893396548,1.2083449163270277,0.0984611703655404,0.12843221327705082,-0.46338964093808493,0.22990782042351438,0.08463098725556123,-1.1763104651184737,0.03999169085607133,1
KXNBAGAME-26FEB24PHIIND,2026-02-24,PHI,IND,PHI,0,2025-26,0.8205,0.013028555333913172,-0.15115022117161359,0.15545970858601726,-0.22305204735787543,-0.7416975763347793,-0.13403062340231592,0.7568033016303917,-0.2587612961714959,-1.2764860822708817,-0.7946493384103421,0.8904187574996111,0.1470457187762136,-0.11527825568292054,-0.920042310549313,0.3484412650748592,1.0702044628209586,-0.6167030236400932,0.6487820780593824,1.114484476375076,-0.3873244902425602,-0.8287506089368702,1.2279461907805669,0.7735368403381336,-0.25238512127144824,-1.2536482623433483,-0.1512548160568486,0.6569052496359843,-0.3773350188517184,-0.6540265709907342,0.28017204300505805,-0.9930201901177698,-0.8726991108895276,0.820676571626507,0.3995968716700387,-1.7540357314392245,-1.1316888671418033,0.798275725499563,0.9960036707182824,0.03999169085607133,1
KXNBAGAME-26FEB24WASATL,2026-02-24,WAS,ATL,ATL,0,2025-26,0.8915,-0.42653856479080904,-0.40427982301641935,1.5134760661961137,-1.4726390727043013,-0.014144620800939351,-0.382437182273357,-1.2999556979840556,-1.0686185263066166,-0.07703687351403395,0.5557211450844713,0.8174358120254223,0.5191340568894061,-0.11527825568292054,-0.46965013375712733,-0.5085862714854942,0.410786406269527,-0.6547304148097228,-1.2147180520868983,-0.09424429235971685,-0.5217508043566975,0.3280174388113151,0.05784003593396114,-1.109585062786971,-0.17927709537483108,-0.42220818389459025,-0.1512548160568486,0.018519878121783073,0.0752548577634575,0.8014858456171434,-0.5847821138910053,0.8449659863615357,-0.2113398382018319,-0.5612724913461359,-0.9788234751609803,-0.09864183275298126,1.2085554396110865,0.6963264771789918,0.6668651652884708,0.03999169085607133,0
KXNBAGAME-26FEB25BOSDEN,2026-02-25,BOS,DEN,DEN,0,2025-26,0.5838,1.7712970358328026,-1.4362697382298488,-3.1996395278624563,1.6130758266205463,-0.8437324420498898,-0.7497989946882698,-0.23064567082131932,2.2355989726446768,-0.31692671526540406,-1.4991904602337225,-1.6639843340970077,0.4261119723611075,-1.2164161539661753,-0.46965013375712733,1.7313720627063427,0.5555367113661839,0.6889040731838584,1.1639323544219424,1.440877111255987,0.1633063733403529,0.6172094507483609,1.1069007264860902,0.24390880508419793,-0.17927709537483108,-0.9765015695270958,0.9237347694900384,1.6144833069072864,-2.3774902800220272,-2.7102266515955162,0.6534680475602012,-1.430334142452505,-1.5365446966324467,-0.28010466337431,1.122702627384672,-0.996482591362469,-1.2593385566010513,-1.0368107442707266,0.9960036707182824,-2.180942210639239,0
KXNBAGAME-26FEB25CLEMIL,2026-02-25,CLE,MIL,MIL,0,2025-26,0.4292,1.3317299157080804,0.9976687410471087,-0.9788833665941824,1.4345633944281997,1.3078723349861647,0.6041916853552723,-0.3943677802433671,0.00039301747174178806,1.0024674143671288,-0.0901082165869608,1.620248212241502,0.2400678033045113,-1.2164161539661753,0.8815263966194288,-0.2553735902290262,-0.3290484864467133,0.0931416115263271,0.6711799161621071,1.200566050409602,-0.6716878470224702,0.16735520995740055,-0.7894782141273751,-0.10917655175175883,-1.5683295874105616,-0.7917371076495939,-1.2262444016037357,0.337712563878884,0.9366355906762179,-0.4691995974532282,0.9539258073240968,0.4551861592805795,-0.4077585695639659,0.1958591761335588,-0.12013539024985452,1.248119305161251,0.01715833799143357,2.2255652019875662,0.732692866374433,0.03999169085607133,0
KXNBAGAME-26FEB25GSWMEM,2026-02-25,GSW,MEM,GSW,0,2025-26,0.6298,-0.42653856479080904,-0.48216585435328035,0.04362306737106767,-0.3505609274952658,-0.1694150686282812,-0.3509490269235048,-1.5480970200768451,-0.5179156098147336,1.7621185799131331,1.377685787211748,1.5472652667673132,-0.8761972110350646,-1.2164161539661753,-0.920042310549313,0.796432931913226,1.5366221125768507,-0.6927578059793527,0.7697304038140708,0.5155001903848369,-0.6716878470224673,-1.6320617532064432,0.7034158455045018,-0.28571923016973777,2.452611836903397,-0.5145904148333416,-0.1512548160568486,0.33771256387888376,-0.961321956419691,-1.0698872614501291,0.2437529206094344,-0.6697881383920986,-0.6116362400917525,-0.6329427220056218,0.783746804393438,0.7430838784434147,1.2085554396110858,-0.6290137509884406,-0.25472264991500143,-1.0704752598915837,1
KXNBAGAME-26FEB25OKCDET,2026-02-25,OKC,DET,DET,0,2025-26,0.7893,0.8921627955833576,-0.11220720550318447,-1.4581832575153928,1.0902894180572458,-0.23152324775921942,1.3878968851737576,0.27331144724341433,0.32433590952579006,-0.27694507497350856,0.20345058417278117,1.03638464844799,-0.41108678839357415,-1.2164161539661753,1.3319185734116146,0.8353887290296064,-1.487050927219961,1.715643634763859,0.46959937323762413,-0.07272389885108586,0.473520944372976,0.906401462685409,0.25958247642475535,-0.8153472654236734,1.8677476297304572,0.7787608183091705,-0.1512548160568486,-0.30067280763531784,-0.7131275079533043,0.015971208082731614,-0.4573151855063223,-0.5018342291620919,1.031816689406628,-0.1386019002773761,-0.41389710350892506,-0.3792170698184462,0.7405065782605088,-0.578039126828154,-0.8471719596886621,-1.0704752598915837,0
KXNBAGAME-26FEB25SACHOU,2026-02-25,SAC,HOU,HOU,0,2025-26,0.877,-1.7452399251649762,-1.241554659887692,1.1300361534591443,-1.7149059449653432,-1.5269224124902054,-2.159768617575989,0.9844793600454277,-0.12918413934987705,-0.7167431181843533,-0.03139645643501261,0.16058930275772,0.1470457187762136,-0.11527825568292054,0.4311342198272434,-1.5993485907441296,-1.454884192754037,0.10581740858287032,-0.21577447270560235,0.49756652912764604,0.176231980466708,0.45654722189444635,-1.0719176308144867,0.9500795187561115,0.844235267177813,1.3330542039416753,-0.1512548160568486,-1.57744355066372,0.2650506124730503,1.864240943457815,-1.3040597812045738,-0.9423171231804081,-1.884628524362815,0.5836135009835965,-0.41389710350892345,0.23804845172557657,-0.7061899022776409,-0.4760898785075827,-0.8471719596886621,0.03999169085607133,0
KXNBAGAME-26FEB25SASTOR,2026-02-25,SAS,TOR,SAS,0,2025-26,0.688,1.7712970358328026,1.6791715152446567,-0.7871634102256977,1.7278338187441977,1.4010346036825707,0.16335751045737504,-0.31506488349206385,1.5553188993311748,1.7221369396212376,-0.14881997673890898,-0.49625720650998156,2.3795757474553665,-0.11527825568292054,-0.01925795696494194,-0.6059757642764436,-0.6828825655718727,0.14384479975249997,-0.17545836412070126,-0.05479023759389305,0.1296997948118164,-0.8287506089368702,0.5016734050137075,0.00851856719355974,0.9904513189710487,1.4254364348804267,-1.2262444016037357,1.2952906211501856,1.7104182829537813,-0.07644227868602224,1.1269166387033096,1.1206639128334335,0.1491755548046225,-0.3168586278150719,1.6650319441706463,0.8553139732696003,-0.11049135146781446,-1.036810744270727,0.6668651652884708,1.1504586416037264,1
KXNBAGAME-26FEB26CHAIND,2026-02-26,CHA,IND,CHA,0,2025-26,0.8527,0.8921627955833576,-0.40427982301641935,-1.394276605392564,0.848022545796204,-1.5579765020556757,1.1359916423749596,2.7393757204129856,1.4905303209203642,-0.6767614778924579,1.0254152263000589,-0.6422230974583599,-0.31806470386527647,-0.11527825568292054,-1.3704344873414982,0.05627278670201085,1.2471215023835394,-0.946273747110217,0.16946834266118246,0.5155001903848369,-0.36922864026565616,-1.1500750666446995,1.1472492145842497,0.47929904297483616,-0.10616906947821261,-1.2536482623433483,-0.1512548160568486,1.614483306907286,-0.3481356719733214,-1.9016086423689171,1.2816979088847105,-1.2370286997538191,0.44504680837543736,2.2320288061517664,1.8458083830993037,-1.2770578284279341,0.4001074063691792,-0.3741406301870114,0.6668651652884708,0.03999169085607133,1
KXNBAGAME-26FEB26HOUORL,2026-02-26,HOU,ORL,HOU,0,2025-26,0.5826,0.4525956754586354,-1.2999691833903386,-1.6499032138838754,0.4654959053840328,0.3451955584566284,0.6181864210663172,0.610988297926381,0.1947587527041712,-1.2365044419789861,1.377685787211748,0.5984869756028544,1.5423769867006838,-1.2164161539661753,0.4311342198272434,-0.6644094599510155,-0.9562998085322231,0.3213059585441051,-0.7174860462065221,-0.6717081848413251,1.3498771075401446,-0.9251479462492181,-0.10355391645867508,-0.8741948248963327,1.429099474350753,1.055907511125423,-0.1512548160568486,0.018519878121783073,-0.47953273292611404,-0.503854654991509,0.09807643102693947,0.7498977358539869,0.900042097480131,-0.5190054322392643,0.7837468043934364,-0.8000799254166427,1.6340544044752474,-0.578039126828155,0.33772665985865924,-1.0704752598915837,1
KXNBAGAME-26FEB26LALPHX,2026-02-26,LAL,PHX,PHX,0,2025-26,0.3429,0.013028555333913172,-0.8326529953691616,-0.3238401823351933,-0.2868064874265706,1.223582663308463,-0.2424898251629133,-1.082512271407902,-1.716504310414713,-0.35690835555729816,0.027315303716935573,-0.49625720650998156,-0.6901530419784689,-0.11527825568292054,-0.920042310549313,-2.6901109100027623,-0.5702989949411398,-1.301196064693427,-2.7198527725896673,-0.800830545893113,-0.8293802539640519,-0.12183680197964522,-1.6771449522868693,-1.4626704196229277,0.11315500821163886,-1.5307949551596005,-0.1512548160568486,0.6569052496359843,1.389225467291398,0.1776948099280521,0.7263062923514485,2.793865121766322,0.377916355884577,-0.18638205405036534,-1.1144058043574743,0.9114290206826932,1.0809057501518378,-0.4251152543472966,0.6010374642025081,0.03999169085607133,0
KXNBAGAME-26FEB26MIAPHI,2026-02-26,MIA,PHI,PHI,0,2025-26,0.5606,0.013028555333913172,1.0366117567155404,-0.7072800950721626,1.243300074222114,-0.6973345912412549,-0.8022792536046842,-0.3508790949281353,2.6891190215203435,1.3223205367022883,-0.6772258181064448,0.8904187574996111,-0.5041088729218727,-0.11527825568292054,-0.01925795696494194,0.09522858381839118,0.20170263224102453,-0.09699534432182119,-0.2964066898753871,-0.7936570813902366,1.0034708365537106,-0.5395585969998222,-1.2333115832071215,-0.6388045870056945,1.50220750024737,0.22446743267666502,-0.1512548160568486,0.018519878121783073,0.7030408156490298,-0.6540265709907359,0.9539258073240968,-0.2926840780454863,-0.02486635906056034,-0.9637284019724789,2.252555370688784,1.781212255585634,-0.025391558494982442,-0.425115254347297,-0.5180334542588506,0.03999169085607133,0
KXNBAGAME-26FEB26MINLAC,2026-02-26,MIN,LAC,MIN,0,2025-26,0.7459,0.4525956754586354,1.2897413585603434,0.730619577691469,0.2614816971642081,1.2413278573458717,0.7826245656710896,-1.699028339700294,-0.0320012717336612,-0.4768532764329832,0.3208741044766775,0.5255040301286655,1.5423769867006838,-0.11527825568292054,-0.01925795696494194,-1.1513569239057626,-0.7793827689696445,-0.13502273549145083,1.2356054363506428,-0.7039887751042726,0.08316760915692192,-0.6038234885413889,-1.4350540236979157,0.24390880508419793,-0.47170919896130037,0.31684966361541633,1.9987243550369254,0.3377125638788836,1.8272156704673774,1.0902779917695002,0.28017204300505805,0.008365381895092245,1.0392756285722795,-1.2779747979409928,0.3995968716700387,0.658911307323774,0.05970823447784958,0.6963264771789913,0.8643482685463577,-2.180942210639239,1
KXNBAGAME-26FEB26NOPUTA,2026-02-26,NOP,UTA,NOP,0,2025-26,0.682,0.013028555333913172,0.19933691984426774,0.10752971949389666,0.04471660093064444,0.3496318569659831,0.1003811997576746,-0.4455309394377537,-0.4855213206093306,-0.4768532764329832,-0.9120728587142385,-0.20432542461322556,0.8912223950025976,-0.11527825568292054,-0.920042310549313,-0.29432938734540653,0.1856192650080614,-0.33783548839614236,-0.11274441743308784,-0.8115907426474295,-0.8914231681705789,0.7778716796022755,0.34027945262107273,1.1266221971740904,1.6484235520406043,-0.8841193385883449,0.9237347694900384,0.6569052496359843,0.3672483265474459,-0.053338906993831724,0.27106726240615214,0.3252595502535958,0.6290339744614868,0.31530956056603604,-0.8884352556966515,-0.5756197357642715,-1.4720880390331321,-1.2916838650721558,1.2593144750621317,-1.0704752598915837,1
KXNBAGAME-26FEB26PORCHI,2026-02-26,POR,CHI,POR,0,2025-26,0.6055,0.013028555333913172,0.6082385843627954,0.9702695231520743,-0.3760627035227439,0.13225323000770056,0.1108772515409567,-1.2539088547091046,0.9722216936338866,0.36276116969681077,2.9041915511624072,-0.42327426103579274,0.8912223950025976,-0.11527825568292054,-2.271218840925869,-1.8136054748842172,1.424038541946118,-2.3025840321603415,-2.038958494266987,-0.779310152384482,0.5691704371080365,-0.8930155004784347,-1.2736600713052808,1.8916404703186642,0.186263034108256,0.8711430492479211,-0.1512548160568486,1.6144833069072864,1.8126159970281768,-0.3190276814540013,1.3818504954726758,1.5326263316994857,0.6141160961301841,-1.3037025730495253,1.303479066313328,1.1358892103350653,0.740506578260508,-0.4251152543472966,0.008588154428847751,0.03999169085607133,1
KXNBAGAME-26FEB26SACDAL,2026-02-26,SAC,DAL,SAC,0,2025-26,0.2701,-1.7452399251649762,-1.1636686285508284,1.385662761950458,-1.8679166011302115,-1.4160149497563905,-2.523631746063141,0.6954075105971284,-0.2587612961714959,-0.5967981973086682,-0.2662434970428064,0.5255040301286655,-0.2250426193369788,-1.2164161539661753,-1.3704344873414982,0.0757506852602024,1.1667046662187306,-0.8702189647709576,0.30833493889804464,-0.6501877913326941,-0.8940082895958504,-0.18610169352121197,-1.0719176308144867,-1.8746033359315437,-0.8372493284443875,-0.5145904148333416,-0.1512548160568486,-0.30067280763531756,-0.932122609541294,0.16614312408195847,-0.7122490422756883,-1.2338597580702344,-1.34758490443596,1.1367606658170628,-0.05234422565160675,0.32222102284521625,1.1660055431246696,0.9511995979804204,0.20607125768673457,-1.0704752598915837,1
KXNBAGAME-26FEB26SASBKN,2026-02-26,SAS,BKN,SAS,0,2025-26,0.8319,2.210864155957525,1.7570575465815204,-0.8510700623485244,1.8298409228541102,1.356671618589044,0.35228644255647446,-1.1592570101994861,1.6848960561527937,1.8021002202050274,-0.03139645643501261,-0.20432542461322556,2.286553662927068,-1.2164161539661753,-1.3704344873414982,-2.3979424316299136,0.2660361011728702,-1.7702005557855263,-1.3715029188059369,-1.2168914870599858,-1.8194817598431823,-1.117942620873916,-0.34564484504762727,1.4797075540100482,-0.17927709537483108,-1.2536482623433483,-0.1512548160568486,2.5720613641785883,3.111986933116917,-0.8041984869899595,2.5745767539293527,1.9350819255147824,1.0890018896766165,0.4623254183290816,1.9587936574297151,1.500637018520169,-1.0891389706553873,-0.01731826106501007,2.5100407956954154,-1.0704752598915837,1
KXNBAGAME-26FEB26WASATL,2026-02-26,WAS,ATL,ATL,0,2025-26,0.8199,-0.42653856479080904,-0.6574094248612223,1.1460128164898529,-1.345130192566911,-0.031889814838348164,-0.417424021550966,-0.9827441109788424,-1.003829947895806,-0.27694507497350856,0.6144329052364195,0.7444528665512333,0.8912223950025976,-0.11527825568292054,-0.01925795696494194,0.1341843809347715,0.31428620287175735,-0.16037432960453726,-1.0937697263322126,-0.33814208545753793,-0.4493674044490871,0.8100041253730589,0.6227188693081843,-1.1684326222596302,0.3324790859014916,-0.6993548767108434,-0.1512548160568486,-0.3006728076353175,-0.5963301204397102,0.6051071862335404,-0.8488207512592773,0.7467287941704023,-0.06713368099925014,-0.38485346203047793,-1.2725851884200492,-0.6317347831773643,1.2936552325839186,0.28852948389670474,1.1276590728902072,0.03999169085607133,0
KXNBAGAME-26FEB27BKNBOS,2026-02-27,BKN,BOS,BOS,0,2025-26,0.9099,-1.3056728050402537,-1.78675687924573,0.15545970858601726,-1.2941266405119547,-0.7904968599376561,-0.6868226839885694,-1.606934653150395,-0.8742527910741872,0.0029264070697556147,0.9079917059961625,0.014623411809342294,-1.3413076336765548,-1.2164161539661753,1.3319185734116146,-1.949950764791547,-3.0149708143513285,1.1072053760497846,-1.2953502692566932,-1.066248732499567,0.1400402805129028,2.320229076599857,-0.5877357736365809,-1.109585062786971,-1.9338697168936487,0.6863785873704192,-0.1512548160568486,-1.896636236420821,0.11905387808105711,2.28010163391721,-1.7228796887542466,0.3474421420386938,0.24614176395808257,-1.2522470228324603,-2.244258547661588,0.40639359396485597,1.463854818529584,1.3589965912627076,-1.439621269462323,-1.0704752598915837,0
KXNBAGAME-26FEB27MEMDAL,2026-02-27,MEM,DAL,MEM,0,2025-26,0.3592,-0.8661056849155315,0.725067631368091,1.5134760661961137,-0.7330875679074369,0.7400261257890213,0.9645561299146638,-0.5018104145515815,-1.9108700456471426,0.7225959323238645,-0.20753173689085821,2.423060612457582,-0.5041088729218727,-0.11527825568292054,-1.3704344873414982,0.0757506852602024,1.2792882368494634,-0.9589495441667601,0.7114960247470008,-0.2843411016859595,-1.5583844958907225,-0.4431612596874744,-1.1929630951089636,-1.2861277412049488,-1.0565734061342396,-0.9765015695270958,-1.2262444016037357,0.3377125638788836,0.48404571406103997,0.1776948099280521,0.161809895219281,0.02104114862943443,0.877665279983177,0.7490063409670251,-1.0240175848931456,1.3322918762808904,0.7830564747469241,2.4294636986287093,0.33772665985865924,1.1504586416037264,1
KXNBAGAME-26FEB28HOUMIA,2026-02-28,HOU,MIA,MIA,0,2025-26,0.3955,0.4525956754586354,-1.3973267225614168,-1.7457631920681187,0.4782467933977718,0.6291186630552014,0.8316061406597434,0.5137782954570462,-0.29115558537690117,-1.1165595211033026,1.2015505067559045,0.5984869756028544,1.8214432402855778,-0.11527825568292054,-0.01925795696494194,1.0496456131696967,-0.6828825655718727,1.2212875495586735,-0.5607011794874861,-0.24488704692013571,-0.30718572605913214,2.5772886427661192,1.3086431669768843,-0.9918899438416513,0.186263034108256,-0.6993548767108434,-0.1512548160568486,0.3377125638788836,-1.837302362771652,-0.7695434294516786,-0.5392582108964756,0.8417970446779546,0.7558359402775493,0.5891265956497103,-2.018287999000765,-1.6979206840261316,1.5915045079888321,0.28852948389670474,1.7859360837498301,0.03999169085607133,0
KXNBAGAME-26FEB28LALGSW,2026-02-28,LAL,GSW,LAL,0,2025-26,0.6022,0.013028555333913172,-0.6379379170270051,-0.3078635193044872,-0.17204849530291924,1.4675790813228589,0.08288778011886912,-0.43529830759887694,-1.6193214427984994,-0.39688999584919366,0.144738824020833,-0.2773083700874144,-0.7831751265067666,-0.11527825568292054,-0.46965013375712733,-0.5864978657182549,-0.10388134518524995,-0.2998080972265127,-0.16201966125907336,-0.35966247896617093,-1.5635547387412656,-0.34676392237512654,1.7121280479584728,1.1266221971740904,1.2828834225575172,-1.0688838004658463,0.9237347694900384,0.3377125638788836,-0.04154252975013453,-0.14575239376258722,0.08897165042803352,1.1586912130364546,0.30332696422807087,0.8004618911840902,-0.8884352556966515,-1.4734604943737595,-0.7061899022776409,-1.0877853684310124,0.20607125768673457,-1.0704752598915837,1
KXNBAGAME-26FEB28NOPUTA,2026-02-28,NOP,UTA,NOP,0,2025-26,0.6807,0.013028555333913172,0.4914095373575026,0.29924967586237905,0.08296926497186156,0.5004660062839752,0.5901969496442276,-0.1385519842714201,-0.5503098990201388,0.04290804736165111,-0.7946493384103421,-0.20432542461322556,1.0772665640591939,-0.11527825568292054,-0.920042310549313,0.0757506852602024,0.5072866096672967,-0.3505112854526856,-0.11274441743308784,-0.8869121199276369,-0.7337307612289914,0.906401462685409,0.4209764288173901,1.5385551134827065,2.2332877592135443,-0.6993548767108434,-0.1512548160568486,0.6569052496359843,0.3088496327906478,-0.14575239376258722,0.30748638480177587,0.43300356749548685,1.0293303763514088,0.42373375566627974,-1.0240175848931456,-0.26698697499225965,-1.684837521465213,-1.6994808583544427,1.259314475062132,0.03999169085607133,1
KXNBAGAME-26FEB28PORCHA,2026-02-28,POR,CHA,CHA,0,2025-26,0.7113,0.4525956754586354,0.802953662704952,0.6826895885993484,-0.019037839138050756,0.10119914044223269,-0.24248982516291134,-0.9443717415830518,0.9074331152230783,0.4827060905724944,2.258362189490974,-0.20432542461322556,1.1702886485874915,-0.11527825568292054,0.8815263966194288,0.05627278670201085,-1.3101338876573825,1.069177984880155,-1.040014914885686,1.595106598067844,2.435628106154333,1.2919908119348027,-0.4666903093421041,1.3031648755920693,-0.3254931471680654,-0.42220818389459025,-0.1512548160568486,-0.3006728076353175,0.5570440812570365,1.4368285671523284,-0.7850872870669356,0.8037697444749333,-1.2829407650003204,-2.4081592044944204,-0.27831477431242946,0.658911307323774,0.6979566817740913,0.08463098725556123,1.1276590728902065,0.03999169085607133,0
KXNBAGAME-26FEB28TORWAS,2026-02-28,TOR,WAS,TOR,0,2025-26,0.8796,0.013028555333913172,-0.34586529951377015,-0.8670467253792328,0.4654959053840328,-0.005272023782232484,0.17735224616841785,0.12493828557968449,-0.5827041882255442,0.36276116969681077,-0.3836670173467028,0.8174358120254223,1.0772665640591939,0.9858596426003342,-0.920042310549313,-1.015011633998433,1.424038541946118,-1.7828763528420695,-0.6413333966572733,-0.9048457811848317,-0.48555910440289235,-0.9572803920200015,-0.8298267022255331,0.42045148350217687,0.47869513769472594,0.7787608183091705,-0.1512548160568486,0.6569052496359843,0.49864538750024057,-1.6474715537548428,1.6094700104453241,0.4456793342298255,0.748377001111898,0.436597643220547,0.2640145424735448,0.8272564495630534,-0.5785402128183929,0.23755485973641907,0.20607125768673457,1.1504586416037264,1
KXNBAGAME-26JAN01BOSSAC,2026-01-01,BOS,SAC,BOS,0,2025-26,0.7973,0.8921627955833576,0.3356374746837779,-0.7871634102256977,0.848022545796204,0.4738482152278571,0.3662811782675192,0.7772685653081508,-0.2263670069660906,-1.5963392046060414,-0.6185140579544965,-0.20432542461322556,0.6121561414177037,-0.11527825568292054,-1.3704344873414982,-1.1708348224639515,1.1184545645198456,-1.643442585220094,-0.9056278862693697,-0.9442998359506555,-0.43127155447218307,0.1030903184158361,-0.8298267022255331,0.8323843998107929,0.7711272412811959,0.8711430492479211,-0.1512548160568486,1.614483306907286,1.1264313453858108,-1.370231093448581,1.7824608418245365,0.9748925953885247,0.9099873497009989,0.8666190271774623,-0.23312066458026587,-0.5475622120577256,-1.0465890741689705,-0.6799883751487262,-0.18889494882903904,0.03999169085607133,1
KXNBAGAME-26JAN01HOUBKN,2026-01-01,HOU,BKN,HOU,0,2025-26,0.8291,0.013028555333913172,0.5692955686943636,0.12350638252460276,0.2742325851779472,1.4409612902667455,1.1289942745194363,-0.6629743660139101,1.263770296482532,-0.31692671526540406,1.67124458797149,-0.5692401519841711,1.0772665640591939,0.9858596426003342,0.4311342198272434,-0.7812768513001538,-1.7122180684814265,0.841013637862377,-0.018673497401662752,0.2859493262927704,0.8070016082330463,-0.411028813916691,0.46132491691554955,1.7150977919006853,0.11315500821163886,0.22446743267666502,0.9237347694900384,-0.3006728076353175,1.0096339578722144,1.3213117086913857,-0.41179128251179264,1.0382714290602233,0.5991982177988843,-1.0482625201862301,1.1678967371168356,-0.5475622120577256,-0.025391558494983195,-0.4760898785075827,0.6010374642025087,0.03999169085607133,1
KXNBAGAME-26JAN01MIADET,2026-01-01,MIA,DET,MIA,0,2025-26,0.3739,-0.42653856479080904,0.21880842767848227,0.17143637161672337,0.0064639368894273234,-0.48882856130167424,-0.4804003322506664,0.5035456636181638,0.5510959339636248,-0.11701851380592944,-0.9707846188661867,0.8904187574996111,-0.8761972110350646,0.9858596426003342,0.8815263966194288,0.9912119174951248,-0.6828825655718727,1.183260158389044,0.9085970000509329,-0.6358408623269395,-1.4420540317534862,0.9385339084561901,0.8244613097989786,0.12621368613887937,1.79463960383384,1.2406719730029248,-0.1512548160568486,-0.9390581791495186,-0.5817304470005097,0.6166588720796341,-0.8488207512592773,-0.9961891318013545,0.09447666758984949,1.3885253222362766,-0.27831477431242946,-0.6597923068839112,-0.7912896952504737,-0.6290137509884406,-1.5054489705482856,1.1504586416037264,1
KXNBAGAME-26JAN01PHIDAL,2026-01-01,PHI,DAL,PHI,0,2025-26,0.5695,0.013028555333913172,-0.24850776034269187,-0.1640735520281231,-0.03178872715178979,-2.3831280247952766,-0.31246350371813514,1.6291351658947335,0.4215187771420059,-1.3964310031465668,-1.2056316594739804,0.37953813918028784,-0.038998450280382596,-0.11527825568292054,-0.46965013375712733,0.7379992362386569,0.8611206887924561,-0.19840172077416693,1.7373170098515676,-1.3352536513574593,-0.2373874475767933,0.2316201014989673,-0.18425089265499248,0.18506124561153864,-0.8372493284443875,1.702583127696679,0.9237347694900384,0.3377125638788836,-0.7423268548317012,-0.7348883719133945,0.11628599222475132,-2.9355814421553883,0.6986507400075597,1.3407451684632914,0.12843221327705082,-0.8561949728297366,-1.0040391776825544,0.8492503496598491,-1.2421381662044364,-1.0704752598915837,1
KXNBAGAME-26JAN01UTALAC,2026-01-01,UTA,LAC,LAC,0,2025-26,0.8588,-0.42653856479080904,1.815472070084167,2.3602392068235853,-0.6948349038662198,0.2032340061573432,1.0835113834585413,0.48308039994041035,0.09757588508795764,1.9220451410807122,-0.20753173689085821,-1.0071378248293055,-1.5273518027331505,-0.11527825568292054,-0.01925795696494194,-0.8007547498583425,-1.487050927219961,0.6508766820142288,0.47407894085817004,1.0176427055862358,1.3007598004599785,-1.921253765143489,-1.5157509998942345,0.18506124561153864,0.4055871117981088,0.039702970799163975,-0.1512548160568486,-0.3006728076353175,1.95861273142017,2.7768241252992634,-0.9671828990450543,-0.19444688585434752,0.05966828481681375,-0.5759740771224431,1.416464340643741,2.398477777129658,-0.28069093741348006,-0.985836120110441,-1.1104827640325114,0.03999169085607133,0
KXNBAGAME-26JAN02ATLNYK,2026-01-02,ATL,NYK,ATL,0,2025-26,0.3428,-1.3056728050402537,1.2897413585603434,2.152542587424392,-0.8733473360585664,0.22097920019475692,0.5936956335719883,-0.5146012043501831,-0.8742527910741872,2.281879903707766,0.26216234432472935,-0.49625720650998156,-0.41108678839357415,-0.11527825568292054,0.8815263966194288,1.3028582944261646,0.7002870164628383,0.29595436443101863,0.8279647828811407,1.68477490435381,-0.020237247853953397,0.7778716796022755,0.29993096452291335,-0.4622619085877156,-0.39860117306468257,-0.6993548767108434,-0.1512548160568486,-1.5774435506637199,-0.012343182871737553,1.055622934231216,-0.8397159706603714,-0.4321175121232204,-0.7508697711839024,-0.35361259225583375,-1.1595999140896378,1.3884069236939833,0.5277570958284272,-0.06829288522529617,0.20607125768673515,0.03999169085607133,1
KXNBAGAME-26JAN02BKNWAS,2026-01-02,BKN,WAS,WAS,0,2025-26,0.6321,0.013028555333913172,-1.1441971207166137,-1.474159920546099,0.4272432413428156,-0.2137780537218106,-0.04656352520829054,0.2630788154045376,-0.8742527910741872,-0.03705523322213846,1.2602622669078516,0.16058930275772,-0.31806470386527647,-1.2164161539661753,-0.01925795696494194,-0.11902830032169646,0.20170263224102453,-0.2364291119437966,-0.49798723279987017,-0.36683594346904724,-0.6380812684939338,1.4526530407887173,-0.4666903093421041,-1.2861277412049488,-1.4221135356173267,1.6102008967579278,-0.1512548160568486,0.018519878121783073,-0.7715262017101024,-1.2085074916032608,0.4713724355820825,0.19533294122661046,0.21630600729547875,0.6442575423108531,-1.634138066277366,0.29416349913867035,1.846803886907328,1.104123470461278,-1.3737935683763607,-1.0704752598915837,0
KXNBAGAME-26JAN02CHAMIL,2026-01-02,CHA,MIL,MIL,0,2025-26,0.6849,-0.42653856479080904,0.5692955686943636,0.6986662516300545,-0.1847993833166583,-0.3956662926052731,1.7272692261665827,-0.46343804515579085,0.1947587527041712,1.0024674143671288,0.20345058417278117,-0.5692401519841711,-0.5971309574501704,-0.11527825568292054,-0.46965013375712733,-1.50195909795318,-0.6346324638729878,-0.4772692560181178,-0.22025404032613835,0.5262603871391534,-0.21929159759988925,-0.4752937054582577,-1.1929630951089636,0.5381466024474955,-0.3254931471680654,-0.9765015695270958,-0.1512548160568486,0.018519878121783073,1.5498218751225896,0.9632094474624623,0.20733379821381065,-0.13106805218265244,0.8577747755414439,-0.17535586471813594,0.4673880362682849,1.5286945422267157,-0.23814104092706326,-0.17024213354586792,0.2718989587726972,0.03999169085607133,0
KXNBAGAME-26JAN02DENCLE,2026-01-02,DEN,CLE,CLE,0,2025-26,0.8558,0.4525956754586354,1.8738865935868132,0.9702695231520743,0.4527450173702937,1.5474324544912081,1.5803245012006177,1.332388842567271,-0.42073274219852,0.9624857740752347,-0.9707846188661867,-0.8611719338809272,-1.3413076336765548,-0.11527825568292054,-0.01925795696494194,1.3223361929843536,0.9737042594231888,0.0931416115263271,0.1560296397995521,0.3289901133100324,1.2930044361841608,0.26375254726975067,1.389340143173203,-0.34456678964239706,0.4055871117981088,-1.2536482623433483,-0.1512548160568486,0.3377125638788836,0.4110473468650434,0.004419522236637996,0.2528577012083403,0.9907373038064462,0.8900968452592644,0.03965482726031768,-0.4816882681071712,-0.29504449869880656,-0.45089052335914404,-0.8838868717898692,-0.057239546657114615,0.03999169085607133,0
KXNBAGAME-26JAN02MEMLAL,2026-01-02,MEM,LAL,LAL,0,2025-26,0.697,0.013028555333913172,1.1729123115550506,0.28327301283167294,0.5420012334664671,0.2520332897602223,0.551711426438856,0.05842617862697997,0.6158845123744353,1.2023756158266035,1.084126986452006,0.8174358120254223,1.3563328176440876,0.9858596426003342,-0.46965013375712733,-0.7228431556255847,0.7002870164628383,-1.0223285294494762,0.03508131404485877,-1.0303814099851794,-1.4963415816841983,-0.8608830547076514,-1.5157509998942345,-0.050328992279099545,-0.3254931471680654,-0.23744372201708921,0.9237347694900384,0.3377125638788836,1.418424814169797,-0.29592430976181244,1.1178118581044036,0.15096775765642162,1.1014334549526996,1.1073574942644526,1.0323144079203417,1.8934423504118205,0.8256063712333401,0.798275725499563,1.1276590728902072,0.03999169085607133,0
KXNBAGAME-26JAN02OKCGSW,2026-01-02,OKC,GSW,OKC,0,2025-26,0.8688,0.4525956754586354,0.8418966783733839,-1.0587666817477175,1.3963107303869826,0.7134083347329007,-0.21799903766858253,1.577972006700347,0.03278730667714708,-0.8766696793519324,-0.9707846188661867,2.2041117760350155,0.9842444795308961,-0.11527825568292054,0.4311342198272434,1.1859909030770237,0.008702225445482872,0.7649588555231176,0.45168110275545026,0.33257684556147254,0.9853749865768094,0.26375254726975067,1.187597702682409,1.244317316119409,0.6980192153845788,-0.23744372201708921,-0.1512548160568486,0.018519878121783073,-0.26053763133812424,-0.7695434294516786,0.4440580937853648,0.18582611617585293,-0.390354378177448,0.43475994499851117,-0.1653294999820197,-1.4454029706672136,-1.5997377284923802,1.0531488463009921,0.8643482685463583,0.03999169085607133,1
KXNBAGAME-26JAN02ORLCHI,2026-01-02,ORL,CHI,CHI,0,2025-26,0.3637,0.013028555333913172,-0.38480831518220204,0.3951096540466225,-0.5673260237288295,-0.5775545314887306,-1.351572630263177,-0.1359938263117009,0.32433590952579006,0.2827978891130198,-0.9707846188661867,-0.6422230974583599,0.1470457187762136,-0.11527825568292054,0.8815263966194288,1.2833803958679733,1.0058709938891128,0.042438423300154224,0.9041174324303894,-0.008162718325190936,-0.3046006046338605,0.713606788060711,2.0349159527437437,-0.6976521464783538,-1.3490055097207094,-0.05267926013958736,-0.1512548160568486,-0.619865493392418,-1.2533154252036773,-0.434544539914944,-0.43910562430851047,-1.0563990237894718,-0.9597200678221225,0.12051354902999509,-0.27831477431243107,-1.2209427810148414,-0.19559114444064724,0.49242798053784825,0.14024355660077248,0.03999169085607133,0
KXNBAGAME-26JAN02PORNOP,2026-01-02,POR,NOP,POR,0,2025-26,0.5899,0.013028555333913172,-0.46269434651906577,0.5708529473843988,-0.7585893439349151,-0.679589397203846,-0.20050561802977707,-1.604376495190673,0.2595473311149818,-0.8766696793519324,2.3757857097948722,-0.6422230974583599,-0.5041088729218727,-0.11527825568292054,-0.01925795696494194,1.2639024973097843,1.0058709938891128,0.029762626243611,-0.07242830884819174,-1.1702639677912838,1.0215666865306146,1.0349312457685402,-0.5473872855384214,-0.8741948248963327,0.2593710600048745,0.31684966361541633,-0.1512548160568486,0.018519878121783073,-1.2971144455212769,-0.30747599560790767,-0.5665725526931934,-0.4384553954903968,0.6638423572345239,-1.8770644183254104,-0.5494794327054174,-0.23892945128571375,2.3574026447443233,-0.6290137509884406,-0.5838611553448133,0.03999169085607133,1
KXNBAGAME-26JAN02SACPHX,2026-01-02,SAC,PHX,PHX,0,2025-26,0.8666,-1.3056728050402537,-1.1831401363850458,1.1300361534591443,-1.676653280924126,-0.8925317256527715,-0.9142371392930384,0.20168302437127145,-0.4855213206093306,-0.7967063987681429,0.26216234432472935,0.8904187574996111,0.7051782259460014,-1.2164161539661753,0.4311342198272434,-0.6059757642764436,-0.2968817519807916,-0.16037432960453726,-0.6637312347599956,-0.011749450576631092,0.6131175013376565,0.2958849930405318,-0.42634182124394465,0.3616039240295165,1.2097753966609002,-0.6069726457720921,-0.1512548160568486,-1.2582508649066193,-0.43573371260851856,1.0325195625390289,-1.0855450468308314,-0.17226429406925134,-0.6464446228647883,-0.2892931544844974,-0.5494794327054174,-0.26698697499226065,-0.06794145498139846,-0.22121675770615357,0.9301759696323197,-1.0704752598915837,0
KXNBAGAME-26JAN02SASIND,2026-01-02,SAS,IND,SAS,0,2025-26,0.6189,1.3317299157080804,0.9976687410471087,-0.6433734429493336,1.16679474613968,0.2875236778350449,-0.5468753268781257,0.014937493311748123,2.0412332374122473,-0.19698179438971902,-0.7359375782583929,-0.9341548793551167,-0.2250426193369788,-0.11527825568292054,-2.271218840925869,-1.6188264893023183,0.7163703836958015,-1.6180909911070076,-1.510369515042804,-1.0303814099851814,-0.2089511118988,-1.0858101751031326,-0.8298267022255331,-0.7564997059510131,-1.2027894579274745,-0.6993548767108434,-0.1512548160568486,2.5720613641785883,1.95861273142017,-0.9774737746813752,1.9918707955993726,1.269604171961932,0.3207311556145901,0.16094290991483276,2.184764206090538,0.4344511176714019,0.01715833799143357,0.18658023557613299,0.33772665985865924,0.03999169085607133,1
KXNBAGAME-26JAN03ATLTOR,2026-01-03,ATL,TOR,TOR,0,2025-26,0.6456,-0.8661056849155315,1.2118553272234824,1.4655460771039932,-0.3760627035227439,0.30083257336309904,0.688160099621539,-1.126000956723134,-0.4855213206093306,2.4018248245834526,-0.14881997673890898,-0.2773083700874144,-0.9692192955633627,-1.2164161539661753,-0.01925795696494194,-1.5603927936277493,-0.972383175765184,-0.2491049090003398,-1.4431760007346421,-1.3926413673804758,0.02888005922621267,0.3280174388113151,0.9051582859952959,-0.5799570275330352,-0.39860117306468257,-0.05267926013958736,0.9237347694900384,-0.6198654933924183,2.075410118933766,1.7602757708429677,-0.09312396155008507,1.2315768717589073,1.4495172826830693,-0.8277387335416607,-0.5720764875715,1.0517166392154267,0.31500761339634714,0.08463098725556123,-0.6496888564307753,-2.180942210639239,0
KXNBAGAME-26JAN03BOSLAC,2026-01-03,BOS,LAC,BOS,0,2025-26,0.4825,0.8921627955833576,0.21880842767848227,-0.7711867471949894,0.7587663297000308,0.2875236778350449,-0.04656352520829054,0.7772685653081508,-0.16157842855528234,-1.83622904635741,-0.7946493384103421,-0.2773083700874144,0.7051782259460014,-0.11527825568292054,0.4311342198272434,-0.4111967786945448,-1.5835511306177328,0.9804474054843524,0.5233541846841556,1.003295776580483,1.3576324718159594,-1.5999293074356598,-1.596447976090552,-0.050328992279099545,0.186263034108256,0.5016141254929182,-0.1512548160568486,0.3377125638788836,0.4694460406218394,0.5820038145413532,-0.16596220634133246,-0.16909535238566845,-0.7334655797973831,-0.4050681424728988,1.0097173530542591,-0.18281440387261993,-0.5359903163319768,-0.32316600602672485,0.1402435566007719,0.03999169085607133,1
KXNBAGAME-26JAN03CHACHI,2026-01-03,CHA,CHI,CHA,0,2025-26,0.4747,-0.42653856479080904,0.8613681862075985,0.8105028928450041,-0.08279227920674595,-0.21377805372180816,2.238077079619702,-0.3125067255323418,-0.06439556093906648,1.122412335242814,0.20345058417278117,-0.7152060429325487,-0.5971309574501704,-1.2164161539661753,0.8815263966194288,1.1275572074024547,0.8128705870935712,0.0931416115263271,0.6667003485415562,-0.06555043434820954,-0.03057773355503978,0.8100041253730589,2.1156129289400614,-0.6388045870056945,-1.1296814320308568,-0.14506149107833788,-1.2262444016037357,-0.9390581791495186,-0.20213893758132823,0.004419522236637996,-0.1295430839457088,-0.6285918965054909,1.631018135713905,-0.20108363982667052,-0.6172705973036635,-0.6878498305904571,0.61285688880126,0.28852948389670474,-0.3205503510009638,0.03999169085607133,1
KXNBAGAME-26JAN03HOUDAL,2026-01-03,HOU,DAL,DAL,0,2025-26,0.2685,0.4525956754586354,0.7834821548707375,-0.2918868562737788,0.7460154416862916,1.7381932903933726,1.3704034655349502,-0.8369291072748318,1.5229246101257696,-0.07703687351403395,1.318974027059801,-0.5692401519841711,1.1702886485874915,-0.11527825568292054,-0.920042310549313,0.46530865642400016,1.0862878300539216,-0.5533240383573771,1.0609022991494255,-1.8876104180789963,-0.10813137631319628,0.4886796676652297,-0.14390240455683306,0.18506124561153864,-1.2027894579274745,1.4254364348804267,-0.1512548160568486,0.9760979353930849,0.23585126559465125,-0.9890254605274689,0.9266114655273792,0.48687557611643145,2.277459530070301,-0.5226808286833361,0.7159556397951903,0.04164578577975124,0.8256063712333408,0.44145335637756217,-0.18889494882903962,0.03999169085607133,0
KXNBAGAME-26JAN03MINMIA,2026-01-03,MIN,MIA,MIN,0,2025-26,0.593,0.4525956754586354,0.19933691984426774,-0.24395686718165818,0.32523613723290334,-0.7683153673908975,-0.6868226839885694,-1.5276317563990915,0.7778559584014595,-0.03705523322213846,-1.381766939929826,0.6714699210770445,1.3563328176440876,0.9858596426003342,-0.01925795696494194,0.3873970621912395,-0.02346450902044112,0.27060277031793223,-0.6906086404832563,-0.19825952765143556,1.1973549434491004,0.7778716796022755,-0.022856940262356254,-0.5799570275330352,1.50220750024737,-0.6993548767108434,-0.1512548160568486,0.3377125638788836,-0.14374024382453016,-0.15730407960868084,0.034342966834597935,-0.06452027682736387,-0.3555459954044109,-1.9468969507628584,-0.007150115919441557,-0.014469261633341557,-0.5785402128183929,-0.578039126828154,1.4567975783200187,1.1504586416037264,1
KXNBAGAME-26JAN03PHINYK,2026-01-03,PHI,NYK,PHI,0,2025-26,0.4011,0.013028555333913172,-0.11220720550318447,-0.052236910813173526,-0.03178872715178979,-2.0282241440470608,-0.43141875726201073,1.4244825291171759,0.4539130663474112,-1.5163759240222519,-1.381766939929826,0.23357224823190884,0.5191340568894061,-0.11527825568292054,0.4311342198272434,0.9522561203787473,0.8611206887924561,-0.05896795315219154,0.13811136931737825,0.8131989672542385,0.6260431084640146,0.906401462685409,0.6227188693081843,-0.4034143491150563,-0.47170919896130037,-0.7917371076495939,-1.2262444016037357,-0.3006728076353175,-0.8007255485885014,-0.6540265709907342,0.016133405636786096,-1.550753926428738,-0.875185423944747,0.5799381045395208,-0.32350888404459466,-1.5015180180803063,-0.7061899022776417,0.4924279805378478,0.9301759696323203,1.1504586416037264,1
KXNBAGAME-26JAN03PORSAS,2026-01-03,POR,SAS,POR,0,2025-26,0.3079,0.4525956754586354,-0.4237513308506339,0.027646404340361565,-0.29955737544030964,-0.6574079046570777,-0.03256878949724577,-1.4176309641311524,0.4215187771420059,-0.8766696793519324,2.023515148883181,-0.5692401519841711,-0.5041088729218727,-1.2164161539661753,1.3319185734116146,0.8548666275877979,-0.6989659328048358,1.1072053760497846,0.07987699025030331,-1.1021160550139526,-0.05901406923303021,1.9667721731212442,-0.2649478688513099,-0.6976521464783538,-1.0565734061342396,-0.3298259529558397,-1.2262444016037357,-0.6198654933924184,-0.9613219564196931,0.5242453853108818,-1.012706802039584,-0.5303547043143592,0.7359454358358147,-0.9747545913047082,-1.0918087494913917,-0.43533211723153903,1.9744535763665767,0.3395041080569904,-0.123067247743077,0.03999169085607133,1
KXNBAGAME-26JAN03UTAGSW,2026-01-03,UTA,GSW,GSW,0,2025-26,0.8052,-0.42653856479080904,1.815472070084167,2.152542587424392,-0.5290733596876124,0.1633073195731709,0.6951574674770604,0.5265690852556422,0.03278730667714708,1.7221369396212376,-0.14881997673890898,-0.9341548793551167,-1.3413076336765548,-0.11527825568292054,-0.01925795696494194,0.6211318448895187,0.6520369147639535,-0.10967114137836442,-0.19337663460287757,-0.2879278339373997,1.1275566649667617,0.006692981103485984,1.0262037502897727,1.244317316119409,0.47869513769472594,0.039702970799163975,-1.2262444016037357,-0.3006728076353175,0.8928365703586204,1.0902779917694987,-0.30253391532492147,0.24920494984755504,0.688705487786693,-0.42160742647124183,0.015446938946639432,0.49056616508449563,-1.0040391776825537,-0.985836120110441,-0.9788273618605872,1.1504586416037264,0
KXNBAGAME-26JAN04DENBKN,2026-01-04,DEN,BKN,BKN,0,2025-26,0.4384,0.013028555333913172,1.3286843742287753,1.0980828273977299,-0.006286951124311717,0.8154432004480135,1.3983929369570396,1.7314614842835097,-0.8742527910741872,0.6026510114481795,-1.1469198993220324,-0.9341548793551167,-1.0622413800916604,-0.11527825568292054,-0.01925795696494194,-1.32665801092947,-1.503134294452924,0.3213059585441051,-0.34120236608082666,-0.1982595276514336,0.5795109228091229,-1.2464724039570472,-0.10355391645867508,1.1266221971740904,0.7711272412811959,-0.23744372201708921,-0.1512548160568486,0.018519878121783073,1.987812078298569,1.8757926293039104,-0.23880045113257997,0.8196144528928548,1.1262965855048688,0.8335404591807742,0.2640145424735448,0.49056616508449563,-1.642287624978797,-1.1897346167515845,-0.5838611553448126,0.03999169085607133,0
KXNBAGAME-26JAN04DETCLE,2026-01-04,DET,CLE,DET,0,2025-26,0.4346,0.4525956754586354,0.725067631368091,-0.6273967799186275,0.9755314259335944,0.7710802153544891,-0.7672924143270733,-1.0748377975287444,0.5510959339636248,0.5626693711562855,0.43829762478057493,2.2770947215092043,1.7284211557572802,0.9858596426003342,-0.01925795696494194,0.9912119174951248,0.6842036492298775,0.10581740858287032,0.5009563465814358,0.7845051092427291,0.4192333944422667,0.4886796676652297,1.550734095565838,0.24390880508419793,0.040046982315021705,-0.6069726457720921,-0.1512548160568486,0.3377125638788836,-0.20213893758132614,-0.9428187171430927,0.6170489251645773,0.19216399954302404,-1.0939809728038334,-1.068477200628651,0.03804399381272203,-0.6878498305904571,0.14480802745068236,1.5628950879038506,1.6542806815779054,1.1504586416037264,1
KXNBAGAME-26JAN04INDORL,2026-01-04,IND,ORL,ORL,0,2025-26,0.7018,-2.1848070452896984,-1.4946842617324951,0.794526229814298,-1.6128988408554308,-0.9990028898772366,-0.8477621446655792,-0.12064487855338295,-1.2953785507444513,-0.836688039060037,-0.3249552571947546,-0.9341548793551167,-0.6901530419784689,-0.11527825568292054,-0.46965013375712733,-0.4111967786945448,0.6520369147639535,-0.7814883853751551,-0.5920581528312878,-1.4500290834034926,-0.6975390612751862,-0.05757191043807847,0.21923398832659594,-1.3449753006776082,-0.3254931471680654,0.039702970799163975,-0.1512548160568486,-1.2582508649066195,-0.8153252220277,0.1083846948514871,-0.5938868944899113,-0.29902196141265563,0.39780686032631424,0.4108698681120145,-0.8658382008305705,-0.7439648780035499,0.740506578260508,-0.425115254347297,-0.5180334542588512,0.03999169085607133,0
KXNBAGAME-26JAN04MEMLAL,2026-01-04,MEM,LAL,LAL,0,2025-26,0.6463,-0.42653856479080904,1.2118553272234824,0.794526229814298,0.1594745930542958,0.38512224504080567,0.7161495710436285,-0.17692435366721074,0.06518159588255236,1.3623021769941839,0.6144329052364195,0.23357224823190884,1.1702886485874915,-0.11527825568292054,-0.01925795696494194,-0.27485148878721777,0.6198701802980295,-0.6674062118662661,0.7294142952291771,-1.2312384160657406,-1.4730754888567512,-0.6359559343121723,-1.0719176308144867,0.3027563645568572,-0.25238512127144824,-0.05267926013958736,-0.1512548160568486,-0.3006728076353175,1.1118316719466121,0.13148806654367598,0.5897345833678597,-0.24514995279170748,1.357523699640044,0.9217499738386052,0.4899850911343675,1.6970396844659952,0.22990782042351438,0.3395041080569904,0.8643482685463577,0.03999169085607133,0
KXNBAGAME-26JAN04MILSAC,2026-01-04,MIL,SAC,MIL,0,2025-26,0.6975,0.013028555333913172,-1.3389121990587705,-0.7232567581028687,-0.29955737544030964,0.10563543895158242,0.506228535377961,0.3193582905183682,-0.4531270314039253,-0.916651319643828,0.49700938493252317,-0.5692401519841711,-1.0622413800916604,-0.11527825568292054,-1.3704344873414982,-1.2097906195803318,1.0702044628209586,-1.6307667881635508,-1.044494482506232,-0.646601059081256,0.1607212519150784,-0.3788963681459076,-0.8298267022255331,0.5381466024474955,0.6249111894879615,0.5939963564316687,-0.1512548160568486,0.9760979353930849,-0.09994122350693262,-1.2893692925259193,0.9539258073240969,0.8101076278421027,0.8030758883266709,0.11683815258592134,-0.05234422565160835,-0.07058430904643535,-0.025391558494982442,-0.832912247629584,-1.1763104651184737,0.03999169085607133,1
KXNBAGAME-26JAN04MINWAS,2026-01-04,MIN,WAS,MIN,0,2025-26,0.7786,0.4525956754586354,0.16039390417583585,-0.3238401823351933,0.3634888012741204,-0.7594427703721881,-0.917735823220803,-1.1029775350856557,0.6482788015798383,-0.19698179438971902,-1.2056316594739804,0.7444528665512333,1.5423769867006838,-1.2164161539661753,0.4311342198272434,-0.2553735902290262,-0.2968817519807916,0.06779001741324066,-0.39495717752735565,-0.3130349596974688,-0.4778037401270747,1.516917932330284,-0.6684327498328982,-1.109585062786971,-1.1296814320308568,1.887347589574181,-0.1512548160568486,0.018519878121783073,0.3088496327906478,-0.018683849455549236,0.2073337982138106,-0.26733254457680194,-0.44008063928178776,-0.45101059802385013,-0.6172705973036652,0.32222102284521625,-0.06794145498139846,1.3080219671024214,-0.2547226499150017,-1.0704752598915837,1
KXNBAGAME-26JAN04NOPMIA,2026-01-04,NOP,MIA,MIA,0,2025-26,0.7398,-0.42653856479080904,0.5692955686943636,0.9862461861827826,-0.414315367563961,-0.39566629260526814,-1.5649923498566032,0.6237790877249826,0.58349022316903,-1.1165595211033026,-0.5598022978025484,0.16058930275772,0.6121561414177037,-0.11527825568292054,-0.01925795696494194,0.5237423520985692,0.10520242884325255,0.25792697326138897,-0.6054968556929207,0.2895360585442086,1.2542276148050813,0.713606788060711,0.05784003593396114,0.06736612666621902,1.429099474350753,-1.0688838004658463,-1.2262444016037357,-0.3006728076353175,0.03145583744585998,0.6397622437718246,-0.48462952730304015,0.14146093260566409,-1.3177491477733574,-0.44182210691365864,-0.09753833538377193,-0.8281374491231906,-0.45089052335914404,-0.8838868717898697,1.1934867739761692,1.1504586416037264,0
KXNBAGAME-26JAN04OKCPHX,2026-01-04,OKC,PHX,PHX,0,2025-26,0.2347,0.4525956754586354,0.7055961235338738,-0.9788833665941824,1.243300074222114,0.4073037375875691,-0.6693292643497658,1.7749501695987442,0.29194162032038706,-0.7967063987681429,-1.0294963790181348,1.912179994138259,0.7982003104742998,-0.11527825568292054,0.4311342198272434,-0.19693989455445712,-0.3451318536796764,0.14384479975249997,-0.18441749936179067,-0.39194306922911837,0.9259171937955569,0.26375254726975067,-0.5473872855384214,0.5381466024474955,1.79463960383384,0.039702970799163975,-0.1512548160568486,0.018519878121783073,0.6738414687706307,-0.4576479116071329,0.7809349759448843,0.41715885907756173,-0.20885352514661387,0.6185297672023186,0.015446938946639432,-0.18281440387262093,-1.1316888671418024,0.08463098725556123,0.5352097631165461,0.03999169085607133,0
KXNBAGAME-26JAN05ATLTOR,2026-01-05,ATL,TOR,TOR,0,2025-26,0.5762,-1.3056728050402537,1.1534408037208332,1.7371493486260106,-0.6310804637975247,0.42504893162498036,0.41176406932841225,-1.0441399020121114,-1.16580139392283,2.361843184291557,-0.20753173689085821,-0.1313424791390367,-1.2482855491482567,-0.11527825568292054,0.4311342198272434,-0.9176221412074835,-0.972383175765184,0.1691963938655864,-0.9952192386802464,-1.0411416067394959,0.690671144095813,0.6814743422899276,0.9051582859952959,-0.5799570275330352,-0.3254931471680654,0.31684966361541633,-0.1512548160568486,-1.2582508649066193,1.5498218751225896,1.9566544302265692,-0.5756773332920995,1.0034130705407902,1.0094398719096742,-1.239383135278193,-1.295182243286132,1.0236591155088797,0.27245771690993037,0.13560561141584687,-1.1104827640325114,0.03999169085607133,0
KXNBAGAME-26JAN05CHAOKC,2026-01-05,CHA,OKC,CHA,0,2025-26,0.1159,0.013028555333913172,0.588767076528581,0.33120300192379354,0.1212219290130787,-0.6440990091290235,2.007163940387468,-0.24599461857963728,0.58349022316903,0.8425408531995496,0.3795858646286257,-0.5692401519841711,-0.5971309574501704,-0.11527825568292054,0.4311342198272434,0.660087642005899,-0.9884665429981471,1.2086117525021303,0.7114960247470008,-0.38835633697767824,1.7867626284110931,-0.4431612596874744,-0.7894782141273751,-1.4038228601502685,1.063559344867666,0.7787608183091705,-1.2262444016037357,-0.3006728076353175,-0.05614220318933509,0.9516577616163686,-0.7850872870669356,-0.9676686566490942,1.6906896490391086,-1.4452053361464612,0.7159556397951903,1.1358892103350653,1.2936552325839186,-1.1387599925912988,-0.9788273618605868,1.1504586416037264,1
KXNBAGAME-26JAN05CHIBOS,2026-01-05,CHI,BOS,BOS,0,2025-26,0.8096,0.8921627955833576,0.9976687410471087,0.730619577691469,0.07021837695812252,0.7976980064106023,-0.09904378412470694,-0.43785646555859614,0.8426445368122677,2.3218615439996615,-0.7359375782583929,-1.1531037157776838,-0.038998450280382596,-0.11527825568292054,0.8815263966194288,0.7379992362386569,-0.6989659328048358,1.0311505937105252,0.6398229428182954,0.16041369749242074,0.5381489800047745,-0.025439464667297386,-1.596447976090552,-1.109585062786971,-0.6179252507545353,0.40923189455416686,-0.1512548160568486,0.018519878121783073,0.1920522452770537,1.0325195625390289,-0.6940394810778764,0.11294045745339856,-0.18647670764966134,-0.6954244615549182,0.6029703654647789,2.7351680616082157,0.27245771690993115,-0.37414063018701094,-0.3205503510009638,0.03999169085607133,0
KXNBAGAME-26JAN05DENPHI,2026-01-05,DEN,PHI,DEN,0,2025-26,0.1669,-0.42653856479080904,1.0755547723839725,1.1300361534591443,-0.19755027133039735,0.7089720362235484,1.097506119169586,1.649600429572487,-1.0362242371012114,0.8025592129076541,-1.2056316594739804,-1.372052552200251,-0.9692192955633627,-1.2164161539661753,0.4311342198272434,0.3484412650748592,0.10520242884325255,0.14384479975249997,-1.1744019435020048,0.002597478429123559,0.814756972508864,0.19948765572818394,-1.3543570475015982,-0.933042384368992,0.3324790859014916,1.055907511125423,-0.1512548160568486,-0.619865493392418,0.5424444078178381,0.7437274163866721,-0.24790523173148585,1.332983005633629,0.7732401316640685,0.6075035778700891,-0.8658382008305688,1.500637018520169,-0.19559114444064724,-1.1897346167515845,-1.4396212694623232,-1.0704752598915837,1
KXNBAGAME-26JAN05GSWLAC,2026-01-05,GSW,LAC,LAC,0,2025-26,0.3884,0.4525956754586354,0.6471816000312274,0.3951096540466225,0.10847104099933966,-0.049635008875761895,0.009415417635888504,1.079131204555049,0.12997017429336294,1.2023756158266035,1.377685787211748,0.6714699210770445,0.05402363424791592,-0.11527825568292054,0.4311342198272434,-0.23589569167083746,-0.9884665429981471,0.6255250879011423,0.6532616456799284,1.3081680179527588,2.0323491638119178,-1.7605915362895743,-1.1929630951089636,-0.10917655175175883,-0.10616906947821261,0.5939963564316687,-0.1512548160568486,0.018519878121783073,0.6592417953314322,0.9978645050007464,-0.375372160116169,-0.5018342291620954,-0.905021180607348,-0.6678589882243438,1.326076121179412,1.6689821607594484,1.0809057501518369,0.543402604698134,-0.3863780520869259,0.03999169085607133,0
KXNBAGAME-26JAN05NYKDET,2026-01-05,NYK,DET,DET,0,2025-26,0.4767,0.013028555333913172,0.6666531078654419,0.9702695231520743,-0.33781003948152677,-0.6795893972038412,0.9225719227815333,0.9026183053344023,1.0370102720446972,0.4027428099887049,-0.14881997673890898,-0.42327426103579274,-1.2482855491482567,-0.11527825568292054,0.4311342198272434,0.2120959751675294,-0.6667991983389118,0.6635524790707719,0.030601746424317795,-0.8797386554247626,-0.6639324827466497,0.6814743422899276,0.21923398832659594,0.5969941619201548,1.8677476297304572,1.9797298205129314,-1.2262444016037357,-0.3006728076353175,0.33804897966904685,1.182691478538254,-0.7213538228745943,-0.5113410542128477,1.2605574904865853,1.1220590800407537,0.24141748760746218,0.12581835689939094,-0.535990316331976,-1.597531610033871,-2.295381383579833,1.1504586416037264,0
KXNBAGAME-26JAN05PHXHOU,2026-01-05,PHX,HOU,HOU,0,2025-26,0.6726,0.8921627955833576,0.14092239634162132,-0.9149767144713534,0.822520769768726,0.02134576727388073,-0.17601483053545214,0.7107564583554463,0.6806730907852436,-0.6767614778924579,0.26216234432472935,1.109367593922179,-0.038998450280382596,-1.2164161539661753,-0.01925795696494194,0.6016539463313272,-0.2968817519807916,0.6255250879011423,1.437185979275121,1.0606834926035016,-0.8940082895958504,1.4847854865595005,-0.14390240455683306,0.7146892808654743,-0.3254931471680654,1.702583127696679,-0.1512548160568486,0.6569052496359842,-0.34813567197331935,-0.44609622576103763,0.13449555342256322,-1.0056959568521138,-0.8652401717238818,1.1477868551492922,-0.5720764875715,-0.3792170698184462,-0.32324083389989605,1.0021742221407066,-1.2421381662044364,-1.0704752598915837,0
KXNBAGAME-26JAN05UTAPOR,2026-01-05,UTA,POR,POR,0,2025-26,0.6644,-0.8661056849155315,1.5039279447367173,2.104612598332274,-0.6948349038662198,0.43392152864368233,0.7266456228269106,0.4421498725849005,-0.6474927666363547,1.6821552993293423,-0.03139645643501261,-0.8611719338809272,-1.5273518027331505,-0.11527825568292054,0.4311342198272434,-0.8007547498583425,-0.2647150175148676,-0.3124838942830559,-0.9414644272337225,-0.3130349596974668,-2.2408565521624957,0.6493418965191443,-1.1122661189126462,1.5974026729553668,-1.2027894579274745,-0.5145904148333416,-0.1512548160568486,-0.9390581791495188,1.7250179563929817,1.7140690274585917,-0.2752195735282037,0.97172365370494,0.7284864966701621,1.9122693155171346,-0.9110323105627341,1.9495573978249132,-1.1742387636282192,0.23755485973641907,-0.7155165575167374,0.03999169085607133,0
KXNBAGAME-26JAN06CLEIND,2026-01-06,CLE,IND,CLE,0,2025-26,0.6869,0.013028555333913172,0.9392542175444623,0.5548762843536927,0.17222548106803484,0.6468638570926102,0.779125881743327,0.6263372456847046,0.4539130663474112,1.3623021769941839,0.43829762478057493,0.16058930275772,0.05402363424791592,-0.11527825568292054,-2.271218840925869,-0.7228431556255847,1.2792882368494634,-1.4786572234850321,-0.1709787965001603,-0.15880547288560978,-0.26840890468005535,-1.310737295498614,-0.10355391645867508,-0.16802411122441813,-0.9103573543410046,-1.0688838004658463,-0.1512548160568486,1.6144833069072864,1.2432287328994047,-0.5154063408376043,1.1815453222967451,0.5787748849403955,0.6588697311240892,0.6424198440888172,1.2356879017150835,1.0236591155088797,0.44265730285559524,0.747301101339277,0.7985205674603956,0.03999169085607133,1
KXNBAGAME-26JAN06DALSAC,2026-01-06,DAL,SAC,DAL,0,2025-26,0.6351,-0.8661056849155315,0.25775144334691413,0.9223395340599536,-0.5673260237288295,1.3034360364768125,-1.7189344426780917,-0.07203987731871273,0.7454616691960542,-0.5168349167248787,0.3208741044766775,-1.44503549767444,1.6353990712289816,0.9858596426003342,-1.3704344873414982,-1.3071801123712812,1.0380377283550368,-1.6687941793331804,-1.1878406463636375,-1.4894831381693163,0.2150088018457877,-0.31463147660434315,-0.9912206546181693,0.24390880508419793,0.9904513189710487,0.40923189455416686,-0.1512548160568486,0.3377125638788836,1.1702303657034083,-0.07644227868602224,0.7900397565437901,1.7671280162847793,-0.19393564681531267,-0.2029213380487084,0.7385526946612728,0.32222102284521625,0.05970823447784958,-1.6994808583544427,0.8643482685463577,1.1504586416037264,1
KXNBAGAME-26JAN06LALNOP,2026-01-06,LAL,NOP,LAL,0,2025-26,0.6796,0.013028555333913172,-0.15115022117161359,0.6667129255686423,-0.6310804637975247,0.6734816481487284,-1.5719897177121247,-0.9878604268982837,-0.8418585018687819,-0.8766696793519324,0.3795858646286257,-0.1313424791390367,-0.2250426193369788,-0.11527825568292054,-0.920042310549313,0.4458307578658086,1.375788440247233,-0.7941641824316983,-0.35912063656300547,-0.9909273552193576,0.47869118722352205,0.19948765572818394,-0.8298267022255331,0.06736612666621902,0.2593710600048745,0.7787608183091705,-0.1512548160568486,0.6569052496359843,-0.45033338604771495,-0.503854654991509,0.11628599222475135,0.7308840857524772,-0.43510801317135167,-1.0482625201862341,-0.7302558716340749,-0.042526785339888455,0.22990782042351438,-0.2721913818664401,-0.7155165575167379,0.03999169085607133,1
KXNBAGAME-26JAN06MIAMIN,2026-01-06,MIA,MIN,MIN,0,2025-26,0.6519,0.4525956754586354,1.056083264549755,0.059599730401773784,0.6440083375763794,-0.42672038217074093,0.6531732603439281,1.2198298923396182,0.6806730907852436,0.44272445028060037,-0.0901082165869608,1.9851629396124477,-1.0622413800916604,-0.11527825568292054,0.4311342198272434,0.660087642005899,-0.0877979779522868,0.49876711733571016,-0.28296798701375675,-0.9909273552193576,-1.0413602108363487,0.713606788060711,-0.022856940262356254,-1.109585062786971,0.844235267177813,1.6102008967579278,-0.1512548160568486,0.018519878121783073,0.2942499593514472,0.10838469485148547,0.09807643102693947,-0.10888546039755449,1.146187089946606,1.6182375999910434,-0.029747170785525755,0.32222102284521625,0.7405065782605088,0.798275725499563,-1.900415177064059,0.03999169085607133,0
KXNBAGAME-26JAN06ORLWAS,2026-01-06,ORL,WAS,WAS,0,2025-26,0.29,0.013028555333913172,-0.15115022117161359,0.5229229582922782,-0.5163224716738732,-0.17828766564699053,-0.9037410875097563,-0.4506472553571921,-0.19397271776068534,0.44272445028060037,-1.7340375008415163,-0.42327426103579274,0.3330898878328098,-0.11527825568292054,-0.01925795696494194,-0.11902830032169646,0.5394533441332207,-0.5026208501312042,-0.26952928415212635,-0.39911653373199474,0.2460302589490497,0.8421365711438422,-0.5877357736365809,-0.6388045870056945,-0.8372493284443875,2.0721120514516818,-0.1512548160568486,0.018519878121783073,-0.02694285631093604,-0.00713216360945562,-0.011180936159931673,0.05906844883245219,-0.3704638737357121,-0.4969530535748015,-0.7302558716340749,0.7150263547368678,-0.7912896952504737,0.28852948389670474,-1.2421381662044357,0.03999169085607133,0
KXNBAGAME-26JAN06SASMEM,2026-01-06,SAS,MEM,MEM,0,2025-26,0.2885,0.8921627955833576,0.802953662704952,-0.6433734429493336,1.0392858660022894,0.14556212553575965,-1.0751765999700522,0.27075328928369513,1.879261791385223,-0.03705523322213846,-1.4404787000817743,-1.0801207703034943,-0.2250426193369788,0.9858596426003342,-0.46965013375712733,1.0106898160533164,0.6842036492298775,0.11849320563941354,0.20530488362553015,-0.004575986073752771,0.30290293030503057,-0.025439464667297386,1.2682946788787264,0.5381466024474955,0.3324790859014916,0.7787608183091705,-0.1512548160568486,0.9760979353930848,-0.1583399172637307,-0.9543704029891864,0.6534680475602012,-0.04550662672584885,-0.7657876495152036,-0.019151515844898905,1.326076121179412,-0.9123100202428294,-1.4295381425467162,-0.985836120110441,-0.7155165575167379,1.1504586416037264,0
KXNBAGAME-26JAN07CHIDET,2026-01-07,CHI,DET,DET,0,2025-26,0.7507,0.4525956754586354,0.4914095373575026,0.794526229814298,-0.3123082634540487,0.2653421852882814,-0.24248982516291134,0.01749565127147015,0.9074331152230783,1.9220451410807122,-0.9120728587142385,-1.8829331705195749,0.05402363424791592,-0.11527825568292054,0.4311342198272434,0.3873970621912395,-0.9080497068333383,0.9677716084278092,0.41584456179110013,-0.3237951564517853,-0.6432515113444769,0.8421365711438422,0.38062794071923217,0.8912319592834532,2.08707170742031,2.718787668022938,-0.1512548160568486,0.018519878121783073,0.07525485776345958,1.2288982219226319,-0.9216589960505246,-0.10888546039755273,0.047236719540729166,0.47151390943927307,0.03804399381272203,1.0797741629219715,-1.3018884530874681,-2.7699479657204455,-1.900415177064059,0.03999169085607133,0
KXNBAGAME-26JAN07DENBOS,2026-01-07,DEN,BOS,DEN,0,2025-26,0.2513,-0.42653856479080904,1.056083264549755,1.2738261207355084,-0.32505915146778774,0.5936282749803813,1.244450844135551,1.5216925315865164,-1.1010128155120218,0.6026510114481795,-0.9707846188661867,-1.44503549767444,-0.6901530419784689,-0.11527825568292054,1.3319185734116146,1.0106898160533164,-0.9402164412992623,1.3987487083502785,0.7204551599880877,0.5155001903848369,0.7604694225781548,0.45654722189444635,-1.4350540236979157,-1.4626704196229277,-0.6179252507545353,0.6863785873704192,-0.1512548160568486,-1.2582508649066195,0.03145583744585998,1.598552168997649,-1.240326317012232,-0.08987181029604122,0.5221225130871602,0.5542103294309862,-1.0918087494913917,1.4164644474005292,0.35755750988276314,-0.578039126828154,-0.9788273618605868,0.03999169085607133,1
KXNBAGAME-26JAN07HOUPOR,2026-01-07,HOU,POR,POR,0,2025-26,0.2999,0.4525956754586354,0.08250787283897211,-0.8350933993178183,0.7205136656588136,1.1038026035559363,0.15985882652961433,-0.9059993721872583,1.6848960561527937,-0.5168349167248787,0.7318564255403169,-0.42327426103579274,1.0772665640591939,-0.11527825568292054,0.4311342198272434,-0.7423210541837734,-0.5220488932422549,-0.07164375020873476,-0.7130064785859787,-0.08707082785683853,-1.4239581817765823,0.6814743422899276,-1.0315691427163274,1.1854697566467507,-0.9834653802376224,-0.6993548767108434,-0.1512548160568486,0.018519878121783073,0.6154427750138326,-0.22661419468524746,0.5624202415711418,1.2886178220634383,0.169066059246357,0.3630897143390232,0.6933585849291076,0.35027854655176216,-0.32324083389989605,0.3904787322172765,1.259314475062132,0.03999169085607133,0
KXNBAGAME-26JAN07LACNYK,2026-01-07,LAC,NYK,NYK,0,2025-26,0.6456,0.8921627955833576,-0.46269434651906577,-1.2345099750854938,0.6822610016175965,0.5448289913774997,1.1499863780860025,2.2814654456232,-1.1010128155120218,-1.1965228016870921,0.20345058417278117,-0.7881889884067382,0.9842444795308961,-0.11527825568292054,-0.46965013375712733,0.23157387372572094,1.1506212989857674,-0.7561367912620687,-0.8742709129255606,1.1288314053808328,1.794517992686905,0.4886796676652297,-0.22459938075315045,0.06736612666621902,-0.6910332766511524,-1.43841272422085,-0.1512548160568486,0.9760979353930848,-0.5233317532437136,-1.7167816688314077,1.0267640521153443,1.0034130705407884,0.029832528154209913,0.3649274125610652,-1.1144058043574743,-0.6878498305904581,0.10225813096426635,-0.06829288522529617,1.7201083826638681,0.03999169085607133,0
KXNBAGAME-26JAN07LALSAS,2026-01-07,LAL,SAS,SAS,0,2025-26,0.7314,0.4525956754586354,-0.30692228384534104,0.20338969767813786,-0.3633118155090048,0.7267172302609621,-1.8413883801497282,-1.172047799998082,-0.8094642126633789,-0.7567247584762474,0.6144329052364195,0.37953813918028784,-0.31806470386527647,-1.2164161539661753,0.4311342198272434,0.5626981492149495,-0.40946532261152213,0.6889040731838584,-0.35464106894246206,-1.2455853450714933,0.33650950883356706,1.741845052725763,-0.14390240455683306,-1.4626704196229277,-0.9103573543410046,-0.6993548767108434,-1.2262444016037357,0.018519878121783073,-0.6547288141965083,0.44338358438822,-0.757772945270218,0.7657424442719137,-0.4500258915026543,-1.0795033899608781,-1.7923174503399426,-0.43533211723153903,1.5064047150159994,0.9002249738201348,0.2718989587726972,0.03999169085607133,0
KXNBAGAME-26JAN07MILGSW,2026-01-07,MIL,GSW,GSW,0,2025-26,0.693,0.013028555333913172,-1.358383706892985,-0.7711867471949894,-0.2740555994128316,-0.48882856130167424,-0.1165372037635124,0.6109882979263866,-0.19397271776068534,-1.1165595211033026,0.3208741044766775,-0.6422230974583599,-1.3413076336765548,0.9858596426003342,0.4311342198272434,0.11470648237657996,-0.0877979779522868,0.14384479975249997,-0.5965377204518337,-0.9012590489333936,1.0396625365075158,0.2316201014989673,0.9455067740934554,0.7146892808654743,0.9173432930744302,-0.05267926013958736,-0.1512548160568486,-0.3006728076353175,-1.107318690811684,-0.49230296914541544,-0.30253391532492147,0.06857527388320972,0.5370403914184614,-0.2984816455946869,-0.30091182917851206,-1.4454029706672136,-0.28069093741348006,-1.0877853684310124,-0.9129996607746245,1.1504586416037264,0
KXNBAGAME-26JAN07NOPATL,2026-01-07,NOP,ATL,ATL,0,2025-26,0.7952,-1.3056728050402537,-0.1706217290058309,1.0501528383056093,-0.9498526641410007,-0.6618442031664323,-1.5614936659288425,0.1505198651768792,0.32433590952579006,-0.7967063987681429,0.3208741044766775,-0.20432542461322556,0.3330898878328098,-1.2164161539661753,-1.3704344873414982,0.6795655405640878,1.5527054798098114,-0.7814883853751551,-0.13066268791526167,0.6697296771966958,-1.0956477607670578,-0.8287506089368702,2.277006881332696,-0.22687167069707845,0.186263034108256,-1.346030493282099,-0.1512548160568486,0.018519878121783073,-0.6401291407573078,-0.3536827389922838,-0.12043830334680289,-0.3845833868694504,-1.5788120185711336,0.8886714058419191,0.806343859259519,-2.146841063330875,0.4001074063691792,-0.2721913818664392,1.1934867739761694,-1.0704752598915837,0
KXNBAGAME-26JAN07ORLBKN,2026-01-07,ORL,BKN,ORL,0,2025-26,0.5519,0.013028555333913172,-0.20956474467426275,0.427062980108037,-0.4780698076326562,-0.24926844179663316,-0.7952818857491628,-0.5146012043501802,-0.06439556093906648,0.36276116969681077,-1.2056316594739804,-0.49625720650998156,0.1470457187762136,-1.2164161539661753,-0.01925795696494194,-1.1708348224639515,-1.2779671531914585,0.24525117620484574,-0.4397528537327952,-0.11217795361690966,0.7139372369232603,-1.2786048497278306,-0.3859933331457867,0.5381466024474955,0.844235267177813,-0.42220818389459025,0.9237347694900384,0.018519878121783073,0.7176404890882282,1.2288982219226319,-0.5210486496986638,0.1287851658713219,-0.49229321344134136,-0.8755188873146499,0.8515379689916842,0.5186236887910426,-1.2593385566010513,-0.9348614959501549,0.4035543609446213,-2.180942210639239,1
KXNBAGAME-26JAN07PHXMEM,2026-01-07,PHX,MEM,PHX,0,2025-26,0.6654,0.8921627955833576,-0.19009323684004545,-1.1706033229626647,0.8097698817549869,-0.28032253136210106,-0.21100166981306112,0.480522241980694,0.7778559584014595,-0.916651319643828,-0.14881997673890898,1.109367593922179,-0.5041088729218727,-0.11527825568292054,-0.46965013375712733,0.7185213376804681,0.7163703836958015,-0.09699534432182119,-0.35464106894245956,-0.15880547288560978,-0.25289817612842286,0.906401462685409,1.0665522383879322,1.244317316119409,0.11315500821163886,0.9635252801866724,-1.2262444016037357,0.9760979353930848,-0.6839281610749053,-1.358679407602486,0.6443632669612952,0.046392682098111766,-0.04475686350229761,0.5266448561004159,-0.09753833538377193,-1.3892879232541206,-1.0040391776825537,0.6963264771789918,-1.0446550629465494,1.1504586416037264,1
KXNBAGAME-26JAN07TORCHA,2026-01-07,TOR,CHA,TOR,0,2025-26,0.5735,0.4525956754586354,-0.7158239483638688,-0.9469300405327679,0.2869834731916862,-0.80380575546572,-1.3270818427688482,0.6161046138458223,0.7454616691960542,0.9225041337833392,-0.9120728587142385,-0.20432542461322556,0.1470457187762136,-0.11527825568292054,-0.01925795696494194,0.7185213376804681,0.15345253054213967,0.3466575526571915,-0.21577447270559738,2.563524305956258,0.13745515908763117,0.5208121134360131,0.7437643336026611,0.5381466024474955,-0.9834653802376224,-0.6069726457720921,-0.1512548160568486,0.3377125638788836,-1.0781193439332872,-0.7926468011438675,-0.04760005855555538,-0.42577962875605635,-2.7250023370261323,0.34655043034068017,0.15102926814313342,0.12581835689939094,-1.0465890741689705,0.543402604698134,0.5352097631165461,0.03999169085607133,1
KXNBAGAME-26JAN07UTAOKC,2026-01-07,UTA,OKC,OKC,0,2025-26,0.9056,-1.3056728050402537,1.056083264549755,2.1685192504551027,-1.039108880237174,0.31857776740051275,0.9295692906370547,0.4574988203432185,-0.8094642126633789,1.642173659037448,0.08602706386888376,-0.6422230974583599,-1.7133959717897467,-0.11527825568292054,-0.01925795696494194,0.17314017805115184,-0.6185490966400269,0.6001734937880558,0.22322315410770896,-0.6717081848413251,1.409334900321397,-0.6038234885413889,-1.1929630951089636,-1.4626704196229277,0.7711272412811959,0.8711430492479211,-0.1512548160568486,-0.9390581791495188,0.6592417953314301,2.014412859457044,-1.1765928528198908,0.06540633219962329,1.1213239593944369,-0.6715343846684216,-0.1427324451159371,1.9776149215314602,1.1234556466382537,-0.985836120110441,-1.834587475978097,0.03999169085607133,0
KXNBAGAME-26JAN07WASPHI,2026-01-07,WAS,PHI,PHI,0,2025-26,0.8581,0.4525956754586354,0.35510898251799244,0.37913299101591413,-0.07004139119300691,-0.0673802029131707,-0.17601483053545214,1.0228517294412212,0.8426445368122677,-0.7567247584762474,-0.5598022978025484,-0.6422230974583599,2.5656199165119618,-1.2164161539661753,-0.01925795696494194,0.5237423520985692,0.4268697735024879,0.004411032130524563,-1.0579331853678597,0.19628102000680636,0.8716296438648449,-0.05757191043807847,-1.1122661189126462,-0.8741948248963327,0.5518031635913431,1.5178186658191772,-0.1512548160568486,0.3377125638788836,-0.12914057038533167,-0.030235535301644495,-0.05670483915446134,0.6960257272330406,-0.2660387254166035,0.11683815258592134,0.6255674203308599,0.23804845172557756,0.22990782042351438,-0.8329122476295832,0.732692866374433,-1.0704752598915837,0
KXNBAGAME-26JAN08CLEMIN,2026-01-08,CLE,MIN,MIN,0,2025-26,0.601,0.4525956754586354,1.1144977880524043,0.37913299101591413,0.4272432413428156,0.9751499467847126,1.0485245441809323,0.20168302437127145,0.7130673799906488,1.642173659037448,0.3795858646286257,0.23357224823190884,0.3330898878328098,-0.11527825568292054,0.8815263966194288,0.8938224247041754,-0.4416320570774461,0.9297442172581796,-0.009714362160578317,-0.7613764911272892,-0.8371356182398667,1.0670636915393235,0.017491547835801726,-1.4626704196229277,0.5518031635913431,1.6102008967579278,-0.1512548160568486,-0.3006728076353175,0.16285289839865674,0.5935555003874452,-0.36626737951726307,0.6991946689166287,1.2680164296522354,0.7416555480788715,-0.25571771944634847,1.1358892103350653,1.3362051290703345,-0.22121675770615357,-0.9129996607746241,0.03999169085607133,0
KXNBAGAME-26JAN08DALUTA,2026-01-08,DAL,UTA,UTA,0,2025-26,0.3764,-0.42653856479080904,-0.38480831518220204,0.25131968677025845,-0.45256803160517817,0.9307869616911831,-1.8483857480052535,-0.1129704046742254,0.7778559584014595,-0.7167431181843533,0.43829762478057493,-1.44503549767444,1.3563328176440876,-0.11527825568292054,-1.3704344873414982,0.8938224247041754,2.003039762332743,-0.9969769353363898,-0.005234794540032371,0.21780141351543736,0.7035967512221739,0.006692981103485984,1.7524765360566321,0.47929904297483616,-0.39860117306468257,-1.346030493282099,-1.2262444016037357,0.6569052496359843,-0.961321956419691,-1.2547142349876383,0.3894294101919291,0.6643363103971903,-1.4694142441415905,-0.5796494735665189,0.5351792008665327,-1.7259782077326786,-0.025391558494982442,-0.7309629993090119,1.9175914859217544,1.1504586416037264,0
KXNBAGAME-26JAN08INDCHA,2026-01-08,IND,CHA,IND,0,2025-26,0.3833,-2.1848070452896984,-0.6963524405296543,1.3217561098276291,-1.5108917367455186,-0.18716026266569494,0.26481934436244714,-0.632276470497277,-1.9432643348525478,0.2827978891130198,-0.14881997673890898,-0.7152060429325487,-1.2482855491482567,-0.11527825568292054,-0.46965013375712733,-0.002160908972558256,-0.3129651192137525,0.24525117620484574,-0.8787504805461065,2.1259429712807503,0.5795109228091229,0.9385339084561901,-0.06320542836051567,0.655841721392814,-1.5683295874105616,-0.3298259529558397,-1.2262444016037357,-1.2582508649066195,-0.5233317532437136,1.182691478538254,-1.2585358782100442,0.4837066344328468,-1.2903997041659703,-0.8644926979824226,-2.018287999000765,0.23804845172557657,-0.5785402128183921,0.59437722885842,-0.6496888564307753,1.1504586416037264,1
KXNBAGAME-26JAN09ATLDEN,2026-01-09,ATL,DEN,ATL,0,2025-26,0.5613,-0.8661056849155315,1.017140248881326,1.0821061643670238,-0.19755027133039735,0.11450803597029176,1.073015331675259,-1.3255372775812533,-0.6150984774309495,2.4018248245834526,0.027315303716935573,0.6714699210770445,-0.5041088729218727,-0.11527825568292054,-0.01925795696494194,1.341814091542545,1.2471215023835394,-0.10967114137836442,0.8234852152605997,1.9645400199660148,1.1042905721393144,-1.117942620873916,0.864809797897138,-1.109585062786971,-1.6414376133071789,-0.14506149107833788,-0.1512548160568486,-0.6198654933924183,-0.24593795789892575,-0.11109733622430473,-0.06580961975336727,-0.5050031708456784,-0.6041773009261012,-1.7355616552284785,0.35440276193787357,1.0797741629219726,0.8256063712333408,1.6138697120641365,-0.2547226499150017,0.03999169085607133,1
KXNBAGAME-26JAN09HOUPOR,2026-01-09,HOU,POR,POR,0,2025-26,0.3215,0.4525956754586354,-0.4237513308506339,-1.3143932902390287,0.7715172177137698,0.6912268421861396,-0.15852141089664473,-0.8471617391137114,1.6525017669473885,-0.916651319643828,0.3795858646286257,-0.2773083700874144,0.9842444795308961,-0.11527825568292054,0.4311342198272434,-0.6449315613928239,-0.3772985881456004,-0.12234693843490764,-0.7040473433448892,-0.24488704692013571,-1.2171484677548343,0.42441477612366524,-0.9105236784218519,0.8323843998107929,-1.3490055097207094,-0.6993548767108434,-0.1512548160568486,0.018519878121783073,0.16285289839865466,-0.6771299426829231,0.6352584863623894,0.9875683621228634,0.05220934565116245,0.2583409156828532,0.8515379689916825,-0.014469261633341557,-0.32324083389989605,0.7473011013392774,1.1934867739761699,0.03999169085607133,0
KXNBAGAME-26JAN09LACBKN,2026-01-09,LAC,BKN,LAC,0,2025-26,0.6728,0.8921627955833576,-0.30692228384534104,-1.2025566490240793,0.7587663297000308,0.42061263311562574,1.1359916423749576,2.5756536109909347,-1.0686185263066166,-1.3964310031465668,-0.3249552571947546,-0.5692401519841711,1.26331073311579,-0.11527825568292054,-0.01925795696494194,-1.32665801092947,-1.519217661685885,0.3339817556006483,-0.5920581528312928,-0.4816113755150825,0.1814022233172512,-1.2464724039570472,-0.5070387974402635,0.7735368403381336,1.063559344867666,-0.14506149107833788,-0.1512548160568486,0.6569052496359842,0.7614395094058257,0.22390155331242984,0.29838160420286997,0.7150393773345538,1.1362418377257382,1.7229863986472134,0.12843221327705082,-0.6317347831773643,-0.7912896952504737,-1.1387599925912988,0.9960036707182824,0.03999169085607133,1
KXNBAGAME-26JAN09MILLAL,2026-01-09,MIL,LAL,MIL,0,2025-26,0.4199,0.013028555333913172,-0.7547669640323007,-0.8830233884099389,0.21047814510925197,0.17217991659187284,0.6146877371385564,0.1837759186532343,-0.2263670069660906,-0.7567247584762474,-0.14881997673890898,-1.0071378248293055,-1.1552634646199587,-0.11527825568292054,-0.01925795696494194,-0.761798952741965,0.13736916330917653,-0.60402722658355,0.5860681313717665,-1.6903401442498753,-1.5454588887643643,-1.117942620873916,-0.9105236784218519,0.3027563645568572,0.040046982315021705,-0.8841193385883449,-0.1512548160568486,0.018519878121783073,0.0022564905674630066,-0.7348883719133945,0.5806298027689538,-0.29585301972906747,1.603668692106518,1.2323209733630436,0.6255674203308614,0.09776083319284504,-0.3232408338998953,-0.7309629993090119,-0.18889494882903904,0.03999169085607133,1
KXNBAGAME-26JAN09NOPWAS,2026-01-09,NOP,WAS,NOP,0,2025-26,0.5668,-1.7452399251649762,-0.7158239483638688,1.177966142551265,-1.4088846326356061,-1.0478021734801157,-1.7259318105336152,-0.3943677802433671,0.03278730667714708,-0.7567247584762474,0.3795858646286257,0.30655519370609896,0.9842444795308961,-0.11527825568292054,-0.01925795696494194,-0.002160908972558256,0.5716200785991447,-0.45191766190503135,0.03508131404485877,-0.10500448911403135,1.7066238642276623,0.42441477612366524,-0.8701751903236925,-0.050328992279099545,-0.5448172248579175,2.811169898961689,-0.1512548160568486,-1.2582508649066195,-0.537931426682912,0.44338358438822,-0.6849347004789705,-0.7775321556339878,-1.1586251122394773,-1.4948231881414884,-0.27831477431243107,0.06970330948629815,0.3150076133963464,0.59437722885842,-1.3079658672903984,0.03999169085607133,1
KXNBAGAME-26JAN09NYKPHX,2026-01-09,NYK,PHX,PHX,0,2025-26,0.4851,0.013028555333913172,0.5108810451917172,1.018199512244195,-0.4780698076326562,-0.6307901136009619,1.6642929154668842,1.905416225544434,0.2271530419095765,-0.03705523322213846,-0.2662434970428064,-0.49625720650998156,-1.1552634646199587,-0.11527825568292054,0.8815263966194288,0.1926180766093406,-1.1332168480948015,1.018474796653982,-0.018673497401662752,0.21421468126399917,0.08058248773165033,0.8100041253730589,-0.42634182124394465,0.00851856719355974,0.6980192153845788,-0.6069726457720921,-0.1512548160568486,-0.619865493392418,0.23585126559465125,1.5523454256132696,-1.0764402662319252,-0.4416243371739797,1.0293303763514114,1.3131796951327168,-0.41389710350892345,0.26610597543212344,-0.19559114444064724,-0.8329122476295836,-0.38637805208692616,0.03999169085607133,0
KXNBAGAME-26JAN09OKCMEM,2026-01-09,OKC,MEM,OKC,0,2025-26,0.6808,0.4525956754586354,0.5692955686943636,-0.451653486580849,0.7332645536725527,0.496029707774623,-1.043688444620202,1.1021546261925244,-0.6150984774309495,-0.7967063987681429,-1.4991904602337225,1.3283164303447454,0.9842444795308961,-0.11527825568292054,-0.920042310549313,0.3679191636330507,0.8289539543265321,-0.4138902707354017,-0.41735501563007543,-0.15880547288560978,-0.9482958395265597,0.6814743422899276,1.0665522383879322,1.244317316119409,0.040046982315021705,0.7787608183091705,-0.1512548160568486,0.9760979353930849,0.1482532249594541,-0.9197153454509023,0.817354098340508,0.6453226602956824,-0.6364993706439245,1.4675463457839202,-0.9110323105627341,-1.305115352134481,-1.9826867968701258,0.9002249738201343,0.14024355660077248,0.03999169085607133,1
KXNBAGAME-26JAN09PHIORL,2026-01-09,PHI,ORL,PHI,0,2025-26,0.5918,0.4525956754586354,0.7640106470365202,0.21936636070884397,0.32523613723290334,-0.3557396060210934,0.016412785491409912,0.9256417269718807,-0.6798870558417577,-0.916651319643828,-0.9707846188661867,0.9634017029737999,1.0772665640591939,-0.11527825568292054,-0.01925795696494194,-0.6449315613928239,0.0891190616102917,-0.48994505307466096,-0.515905503282044,-0.8546315296646935,-0.47780374012707755,0.006692981103485984,0.21923398832659594,-0.933042384368992,-0.10616906947821261,-0.3298259529558397,-0.1512548160568486,0.3377125638788836,1.053432978189812,0.09683300900539185,0.5806298027689537,0.106602574086231,0.5991982177988857,1.0062840920523584,-0.4816882681071696,-0.8000799254166437,-0.025391558494982442,0.7473011013392765,0.9960036707182824,0.03999169085607133,1
KXNBAGAME-26JAN09SACGSW,2026-01-09,SAC,GSW,GSW,0,2025-26,0.8653,-1.3056728050402537,-2.0204149732563184,0.4430396431387431,-1.676653280924126,-1.580157994602439,-1.5894831373509302,-0.44297278147803737,-0.2587612961714959,-1.2365044419789861,-0.03139645643501261,0.8904187574996111,0.3330898878328098,0.9858596426003342,0.8815263966194288,0.543220250656758,0.13736916330917653,0.24525117620484574,-0.14410139077689454,-0.5533460205438537,0.75271405830234,-0.18610169352121197,1.1069007264860902,0.12621368613887937,0.6980192153845788,-0.14506149107833788,-0.1512548160568486,-1.5774435506637199,-1.924900403406847,0.22390155331242984,-1.376898025995821,-1.031047490320793,-0.7508697711838996,-0.8516288104281573,-0.05234422565160675,-1.6418056366130378,-0.1104913514678152,0.13560561141584687,0.33772665985865924,1.1504586416037264,0
KXNBAGAME-26JAN09TORBOS,2026-01-09,TOR,BOS,BOS,0,2025-26,0.7713,0.4525956754586354,-0.9884250580428892,-1.0907200078091297,0.223229033122991,-1.189763725779401,-1.9043646908494285,0.7951756710261851,0.6482788015798383,0.4027428099887049,-1.5579022203856707,-0.42327426103579274,0.3330898878328098,-0.11527825568292054,1.3319185734116146,1.1080793088442658,-0.9080497068333383,1.4367760995199084,0.6756594837826482,1.0140559733347976,0.49161679434987715,0.9706663542269734,-1.4350540236979157,-1.4038228601502685,-0.6910332766511524,0.7787608183091705,-0.1512548160568486,-0.6198654933924184,-1.5745082408660647,-0.13420070791649197,-0.8761350930559951,-1.3320969502613678,-2.0611567512832143,0.2234246494641292,-0.23312066458026587,1.2761768288677968,-0.11049135146781446,0.18658023557613299,-0.3205503510009638,0.03999169085607133,0
KXNBAGAME-26JAN10CHAUTA,2026-01-10,CHA,UTA,CHA,0,2025-26,0.6482,-0.42653856479080904,0.4719380295232853,-0.3238401823351933,0.5675030094939452,-0.2758862328527464,2.1925941885588087,0.33982355419612453,0.7130673799906488,0.24281624882112574,0.26216234432472935,-1.8099502250453854,-0.6901530419784689,-0.11527825568292054,-0.920042310549313,0.6795655405640878,1.7778726210712772,-0.9589495441667601,0.3352123446213054,0.10302598146940413,0.2977326874544874,-0.31463147660434315,1.6717795598603147,0.3027563645568572,-0.10616906947821261,-1.2536482623433483,-0.1512548160568486,0.33771256387888376,-0.1583399172637307,-1.5088513236017111,1.090497516307686,-0.43845539549039153,1.48183935240089,0.034141732594208093,0.7159556397951903,-0.996482591362469,-0.025391558494982442,-1.1897346167515845,0.4035543609446213,0.03999169085607133,1
KXNBAGAME-26JAN10DALCHI,2026-01-10,DAL,CHI,CHI,0,2025-26,0.5895,-0.8661056849155315,-0.4237513308506339,0.28327301283167294,-0.5035715836601343,1.2368915588365197,-1.0366910767646806,-0.15134277407001603,0.6482788015798383,-0.39688999584919366,0.6731446653883677,-1.44503549767444,0.1470457187762136,-0.11527825568292054,-0.01925795696494194,-0.31380728590359536,0.5716200785991447,-0.6547304148097228,-0.13962182315635357,-0.2054329921543119,-0.34854766886348343,0.7778716796022755,1.6717795598603147,-0.6388045870056945,-2.445625898169971,0.31684966361541633,0.9237347694900384,-0.6198654933924183,-0.08534155006773414,-0.2035108229930586,0.10718121162584536,0.9780615370721093,-0.5992046748156707,0.14072822947241598,-0.09753833538377193,-1.4454029706672136,0.9532560606925888,0.6963264771789918,-0.123067247743077,-1.0704752598915837,0
KXNBAGAME-26JAN10LACDET,2026-01-10,LAC,DET,LAC,0,2025-26,0.3674,1.3317299157080804,0.08250787283897211,-1.474159920546099,1.230549186208375,0.8864239765976563,2.0806363028704506,2.8877488820767097,-1.4573499967714754,-1.2764860822708817,-1.0882081391700842,-0.35029131556160326,1.3563328176440876,-1.2164161539661753,0.8815263966194288,0.2705296708421013,-1.2779671531914585,1.183260158389044,0.8817195943276722,0.3289901133100344,-0.5139954400808828,0.1030903184158361,0.7437643336026611,0.7146892808654743,2.0139636815236917,3.0883165917779407,0.9237347694900384,0.337712563878884,-0.14374024382453224,-0.14575239376258722,0.025238186235691958,0.00519644021150582,1.24563961215528,2.441526403464106,-1.0918087494913933,-1.4173454469606666,-1.3018884530874681,-1.6485062341941563,-1.2421381662044357,-2.180942210639239,1
KXNBAGAME-26JAN10MIAIND,2026-01-10,MIA,IND,IND,0,2025-26,0.3197,0.013028555333913172,0.8224251705391694,0.4909696322308637,0.14672370504055676,-0.8880954271434168,0.6636693121272101,1.1200617319105615,0.6482788015798383,0.642632651740075,0.144738824020833,1.6932311577156909,-1.4343297182048529,2.086997540883589,-1.8208266641336839,-0.5670199671600661,1.1184545645198456,-1.2504928764672543,0.16050920742009553,1.2292599084211113,-0.009896762152867012,-1.9855186566850533,0.17888550022843794,0.18506124561153864,-0.6179252507545353,-1.0688838004658463,-0.1512548160568486,1.2952906211501856,1.0388333047506155,-0.4460962257610393,0.9994497103186266,-0.7521806221653105,-0.38538175206701475,0.8133257787383594,1.8458083830993022,0.32222102284521625,-0.025391558494982442,1.613869712064136,-0.2547226499150017,2.260925592351381,0
KXNBAGAME-26JAN10MINCLE,2026-01-10,MIN,CLE,CLE,0,2025-26,0.5746,0.8921627955833576,1.2313268350576971,-0.24395686718165818,1.0010332019610726,0.8509335885228362,-0.17601483053545214,-1.2487925387896661,0.7130673799906488,0.5226877308643899,-1.2056316594739804,0.5984869756028544,1.26331073311579,-0.11527825568292054,0.4311342198272434,1.0886014102860744,0.34645293733767907,0.43538813205299404,1.2356054363506428,1.0284029023405523,-0.012481883578138609,0.42441477612366524,1.6717795598603147,0.24390880508419793,0.11315500821163886,0.40923189455416686,-0.1512548160568486,0.3377125638788836,0.10445420464185863,-0.4229928540688488,0.39853419079083513,-0.27050148626038834,-0.8428633542269279,-0.8865450766468772,0.19622337787529698,-0.8000799254166437,-1.0465890741689705,0.3395041080569904,0.6010374642025087,0.03999169085607133,0
KXNBAGAME-26JAN10SASBOS,2026-01-10,SAS,BOS,SAS,0,2025-26,0.5124,0.4525956754586354,0.16039390417583585,-0.5634901277957985,0.554752121480206,-0.6130449195635531,-1.9638423176213682,0.6954075105971284,1.58771318853658,-0.4368716361410877,-1.4404787000817743,-0.9341548793551167,-0.5971309574501704,0.9858596426003342,1.3319185734116146,1.0301677146115051,-0.8919663396003751,1.3733971142371924,0.689098186644281,1.0570967603520596,0.6518943227167362,0.7778716796022755,-1.3140085594034403,-1.7569082169862251,-1.0565734061342396,0.5016141254929182,-1.2262444016037357,-0.6198654933924184,-0.6547288141965062,0.23545323915852345,-0.5938868944899113,-0.9296413564460729,-2.1332598298845054,0.037817129038281834,0.5577762557326152,0.6027962599106822,0.22990782042351438,0.08463098725556123,-0.7813442586027001,2.260925592351381,1
KXNBAGAME-26JAN11ATLGSW,2026-01-11,ATL,GSW,ATL,0,2025-26,0.2953,-0.42653856479080904,0.2382799355126996,0.04362306737106767,0.1212219290130787,-0.023017217819643755,0.6636693121272101,-2.0443796642624212,-0.4531270314039253,2.0819717022482913,-0.20753173689085821,1.2553334848705566,-0.5971309574501704,-0.11527825568292054,0.8815263966194288,0.8938224247041754,-0.07171461071932596,0.6382008849576855,0.2590596950720616,-0.2843411016859615,1.3989944146203108,-0.4431612596874744,1.5103856074676785,-0.4622619085877156,0.3324790859014916,-0.23744372201708921,-0.1512548160568486,-0.9390581791495186,-0.49413240636531247,0.08528132315929823,-0.37537216011616886,-0.20395371090510328,0.6638423572345239,-2.4614524529335253,-0.0071501159194431625,0.40639359396485597,0.18735792393709763,0.6453518530187052,-0.2547226499150011,0.03999169085607133,1
KXNBAGAME-26JAN11BKNMEM,2026-01-11,BKN,MEM,MEM,0,2025-26,0.7094,-0.42653856479080904,-1.78675687924573,-0.9309533775020595,-0.42706625557770006,-1.1764548302513445,-0.9457252946428907,0.104473021901931,-1.3601671291552595,-0.7967063987681429,0.6731446653883677,0.9634017029737999,-0.13202053480868028,-0.11527825568292054,-0.920042310549313,0.25105177228390974,0.6198701802980295,-0.32515969133959916,-0.3456819337013726,-0.24130031466869556,-0.674272968447739,0.8100041253730589,1.2279461907805669,1.4208599945373879,-0.17927709537483108,0.8711430492479211,-0.1512548160568486,0.33771256387888376,-1.5307092205484651,-1.1160940048345052,-0.07491440035227319,-0.6000714213532307,-0.509697404827862,0.5560480276530242,-1.5211527919469545,-1.4173454469606666,-0.5359903163319768,0.798275725499563,-0.7155165575167374,0.03999169085607133,0
KXNBAGAME-26JAN11HOUSAC,2026-01-11,HOU,SAC,SAC,0,2025-26,0.1763,0.013028555333913172,-0.6184664091927905,-1.1546266599319586,0.516499457438989,0.2963962748537493,-1.2641055320691497,-1.2513506967493881,1.9440503697960314,-1.0365962405195115,0.027315303716935573,-0.1313424791390367,0.9842444795308961,-0.11527825568292054,-1.3704344873414982,-1.7941275763260285,1.1184545645198456,-2.049068091029477,-1.03553534726514,-1.3496005803632138,-0.23221720472624724,-0.8930155004784347,-1.0315691427163274,-0.34456678964239706,0.2593710600048745,0.31684966361541633,-0.1512548160568486,0.9760979353930849,0.878236896919422,-1.6359198679087492,1.8370895254179722,0.9400342368690863,0.032318841209427934,-0.7321784259956802,1.981390712295796,-0.014469261633341557,0.27245771690993037,-0.2721913818664401,0.469382062030584,0.03999169085607133,0
KXNBAGAME-26JAN11MIAOKC,2026-01-11,MIA,OKC,OKC,0,2025-26,0.8645,0.013028555333913172,0.4914095373575026,0.3951096540466225,0.0064639368894273234,-0.8925317256527715,-0.22849508945186658,1.3375051584867124,0.7778559584014595,0.24281624882112574,0.49700938493252317,1.6932311577156909,-1.0622413800916604,-1.2164161539661753,0.4311342198272434,0.5626981492149495,-0.20038154858301963,0.5241187114487965,0.4472015351349068,-1.5325239251865783,0.9078213438186529,-0.9572803920200015,-0.6280842617347389,-1.9334508954042031,0.9173432930744302,1.3330542039416753,-0.1512548160568486,-0.3006728076353175,-0.05614220318933509,0.4318318985421264,-0.375372160116169,-0.9581618315983367,0.8950694713696963,0.3171472587880698,1.2130908468490007,0.6027962599106812,1.761704093934496,0.543402604698134,-1.7029320738061722,-1.0704752598915837,0
KXNBAGAME-26JAN11MILDEN,2026-01-11,MIL,DEN,DEN,0,2025-26,0.3625,0.4525956754586354,-0.7547669640323007,-1.0427900187170092,0.33798702524664237,0.30083257336310393,0.4327561728949784,-0.07715619323815394,-0.0320012717336612,-0.836688039060037,-0.0901082165869608,-1.0071378248293055,-1.0622413800916604,-0.11527825568292054,-0.46965013375712733,0.40687496074942825,1.2149547679176154,-0.6927578059793527,0.45168110275545026,1.3655557339757756,1.2076954291501925,-1.342869741269395,0.25958247642475535,-0.6388045870056945,-1.7876536651004138,-0.6069726457720921,-0.1512548160568486,0.6569052496359842,-0.8737239157844959,-1.6243681820626539,0.7354110729503546,-0.10888546039755097,-0.643958309809573,-0.912272851755416,0.9193291335899303,-0.7720224017100968,0.4001074063691792,0.543402604698134,-0.3205503510009638,0.03999169085607133,0
KXNBAGAME-26JAN11NOPORL,2026-01-11,NOP,ORL,ORL,0,2025-26,0.7105,-1.7452399251649762,-0.5405803778559267,1.0821061643670238,-1.2176213124295205,-0.6795893972038412,-1.4145489409628775,-0.9750696370996849,0.03278730667714708,-0.6767614778924579,0.7318564255403169,0.5255040301286655,1.1702886485874915,-0.11527825568292054,-0.01925795696494194,-0.761798952741965,-0.18429818135005877,-0.3505112854526856,-0.5383033413847638,-1.288626132088759,-0.11330161916374233,-0.18610169352121197,0.21923398832659594,-0.8741948248963327,-0.3254931471680654,0.1320852017379145,-0.1512548160568486,-1.2582508649066195,0.16285289839865674,0.9170027040780862,-0.621201236286629,-0.10888546039755097,-0.1168599421035871,-0.6182411362293166,0.15102926814313342,-0.6317347831773643,1.1660055431246705,0.5943772288584196,0.732692866374433,0.03999169085607133,0
KXNBAGAME-26JAN11NYKPOR,2026-01-11,NYK,POR,NYK,0,2025-26,0.6694,-0.42653856479080904,0.024093349336325693,0.8105028928450041,-0.6310804637975247,-1.0832925615549382,1.188471901291374,1.785182801437621,0.6806730907852436,-0.27694507497350856,0.027315303716935573,-0.7881889884067382,-1.3413076336765548,-0.11527825568292054,0.8815263966194288,-0.46963047436911665,-0.45771542431040924,0.055114220356697434,-0.8384343719612054,0.275189129538454,-0.5993044471148541,0.5850770049775799,-0.7087812379310577,0.47929904297483616,-1.1296814320308568,-0.9765015695270958,-0.1512548160568486,-0.9390581791495186,0.3672483265474459,0.9170027040780862,-0.493734307901946,-0.1849400608035953,0.6489244789032227,1.710122511092946,0.06064104867880302,0.29416349913867035,-0.32324083389989605,0.23755485973641863,-0.25472264991500143,0.03999169085607133,1
KXNBAGAME-26JAN11PHITOR,2026-01-11,PHI,TOR,TOR,0,2025-26,0.5201,0.4525956754586354,0.5108810451917172,-0.03626024778246741,0.3634888012741204,-0.550936740432615,-0.9352292428596066,0.8488969881802966,-0.16157842855528234,-0.9566329599357221,-0.8533610985622904,1.3283164303447454,0.8912223950025976,-0.11527825568292054,0.4311342198272434,-0.5475420686018745,-0.8437162379014903,0.30863016148756184,-0.8473935072022949,-1.7513145925243303,1.2283764005523652,0.42441477612366524,0.7841128217008205,-1.8746033359315437,-0.10616906947821261,0.22446743267666502,-0.1512548160568486,0.018519878121783073,0.7906388562842248,0.5820038145413516,0.034342966834597935,0.20167082459377803,0.5444993305841113,-0.261727681153927,-0.41389710350892506,-1.2209427810148414,0.740506578260508,1.0021742221407057,0.469382062030584,0.03999169085607133,0
KXNBAGAME-26JAN11SASMIN,2026-01-11,SAS,MIN,MIN,0,2025-26,0.5667,0.4525956754586354,-0.30692228384534104,-0.8510700623485244,0.4782467933977718,-0.6707168001851342,-2.2787238711198645,0.4881967158598515,1.3285588748933401,-0.5967981973086682,-1.5579022203856707,-0.7881889884067382,-0.6901530419784689,-1.2164161539661753,0.4311342198272434,1.8677173526136697,0.5394533441332207,0.7903104496362041,1.5626138726503478,0.5693011741564153,-0.9017636538716652,0.4886796676652297,0.6630673574063437,-0.8741948248963327,0.4055871117981088,1.5178186658191772,-1.2262444016037357,0.018519878121783073,-1.6329069346228609,-1.0005771463735624,-0.22969567053367398,-1.5887812266317505,-2.018889429344526,0.9934202044980911,0.5803733105986962,-0.8842524965362835,-0.49344041984556003,-0.8329122476295836,-1.571276671634248,0.03999169085607133,0
KXNBAGAME-26JAN11WASPHX,2026-01-11,WAS,PHX,PHX,0,2025-26,0.8756,0.013028555333913172,-0.15115022117161359,0.5868296104151072,-0.5673260237288295,-0.0585076058944663,0.09688251582991388,1.4986691099490408,0.3567301987311953,-0.7167431181843533,0.7905681856922652,-0.1313424791390367,2.937708254625154,-0.11527825568292054,1.3319185734116146,0.11470648237657996,-1.3262172548903433,1.1198811731063278,-0.15306052601798645,0.35051050681866536,0.176231980466708,0.906401462685409,-0.42634182124394465,-0.22687167069707845,0.11315500821163886,-0.7917371076495939,-0.1512548160568486,-0.939058179149519,-0.20213893758132614,1.379070137921857,-1.2130119752155144,0.06223739051604038,-0.17901776848401144,0.9529908436132535,-0.39130004864284246,-0.21087192757916784,0.7405065782605088,-0.17024213354586792,2.64169619786734,0.03999169085607133,0
KXNBAGAME-26JAN12BKNDAL,2026-01-12,BKN,DAL,DAL,0,2025-26,0.5927,-0.42653856479080904,-1.7283423557430837,-0.9788833665941824,-0.3505609274952658,-1.0832925615549382,-0.417424021550966,-0.4762288349543896,-1.554532864387689,-0.7567247584762474,0.49700938493252317,1.1823505393963678,-0.2250426193369788,-1.2164161539661753,-0.920042310549313,-0.5280641700436858,0.3947030390365662,-0.6547304148097228,0.7607712685729838,-0.2843411016859615,-0.9896577823309082,0.5529445592067964,-0.34564484504762727,0.42045148350217687,-1.3490055097207094,0.039702970799163975,-0.1512548160568486,0.33771256387888376,-0.902923262662895,-0.9890254605274705,0.21643857881271655,-1.3162522418434446,-0.10442837682750253,0.3630897143390232,-1.475958682214791,-0.29504449869880656,0.05970823447784958,1.766793584544994,-0.18889494882903962,-1.0704752598915837,0
KXNBAGAME-26JAN12BOSIND,2026-01-12,BOS,IND,IND,0,2025-26,0.3548,0.8921627955833576,0.6666531078654419,-0.8670467253792328,1.1285420820984629,0.4250489316249779,1.1814745334358507,0.539359875054241,0.7130673799906488,-1.3164677225627772,-1.7927492609934645,-1.1531037157776838,0.6121561414177037,-0.11527825568292054,-1.3704344873414982,-0.021638807530747036,1.0541210955879976,-0.8448673706578711,0.43376283227327395,1.5879331335649676,-0.19344038334717042,-1.4071346328109617,0.9051582859952959,0.47929904297483616,0.040046982315021705,-0.9765015695270958,-0.1512548160568486,1.614483306907286,0.513245060939437,-1.3817827792946749,1.4091648372693935,-0.007479326522831088,-0.2660387254166035,0.5266448561004159,1.484255505241987,-1.5576330654933992,-1.642287624978797,-0.8329122476295836,1.1276590728902072,0.03999169085607133,0
KXNBAGAME-26JAN12CHALAC,2026-01-12,CHA,LAC,LAC,0,2025-26,0.6481,0.013028555333913172,0.8224251705391694,-1.026813355686303,1.3580580663457655,-0.11617948651604985,1.8672165832770264,0.44214987258490335,1.3933474533041508,0.4827060905724944,-0.14881997673890898,-1.8099502250453854,-0.5041088729218727,-0.11527825568292054,1.3319185734116146,0.017316989585630525,-1.374467356589228,1.0945295789932412,0.9399539733947421,2.118769506777874,2.2339886349831253,-1.8248564278311388,-1.4754025117960752,-0.933042384368992,0.3324790859014916,1.3330542039416753,-0.1512548160568486,-0.939058179149519,0.6008431015746362,0.24700492500461707,0.18001945641709288,-0.7521806221653105,-0.14669569876618957,-1.2687863068307992,2.252555370688784,1.3603493999874363,0.570306992314844,-1.4955823617132993,-1.3079658672903984,0.03999169085607133,0
KXNBAGAME-26JAN12LALSAC,2026-01-12,LAL,SAC,SAC,0,2025-26,0.2471,-0.42653856479080904,-1.611513308737788,-0.38774683445802227,-0.745838455921176,0.1278169314983459,-1.4005542052518327,-2.1467059826512,-1.1981956831282354,-1.076577880811407,0.6731446653883677,0.23357224823190884,-1.0622413800916604,0.9858596426003342,-1.3704344873414982,-2.0668181561406853,0.7002870164628383,-1.8969585263509585,-0.9414644272337225,-1.4464423511520543,-0.08745040491102063,-1.214339958186264,-1.1929630951089636,-0.4622619085877156,-0.03306104358159546,-0.05267926013958736,-1.2262444016037357,0.6569052496359843,0.33804897966904685,-0.7810951152977723,0.8264588789394139,0.7530666775375734,0.002483084546824098,-1.4782839041431453,0.015446938946639432,0.06970330948629815,0.8256063712333401,0.1865802355761325,-0.7155165575167374,2.260925592351381,0
KXNBAGAME-26JAN12PHITOR,2026-01-12,PHI,TOR,PHI,0,2025-26,0.584,0.013028555333913172,0.39405199818642433,-0.004306921721052926,0.2614816971642081,-0.4400292776987951,-1.0821739678255737,0.9921538339245852,-0.2587612961714959,-1.5963392046060414,-0.14881997673890898,1.1823505393963678,1.7284211557572802,-1.2164161539661753,0.8815263966194288,0.1341843809347715,-0.5381322604752181,0.5114429143922532,-0.7309247490681524,-2.188895927199836,0.889725493841746,0.713606788060711,1.0262037502897727,-1.8746033359315437,0.47869513769472594,0.31684966361541633,-1.2262444016037357,-0.619865493392418,0.1920522452770537,0.3856251551577503,-0.18417176753914433,0.19850188291019513,0.7434043750014647,0.08192188636719734,-0.6850617619019114,-1.838208302558864,1.2511053360975024,0.49242798053784825,0.9960036707182824,0.03999169085607133,1
KXNBAGAME-26JAN12UTACLE,2026-01-12,UTA,CLE,UTA,0,2025-26,0.1854,-0.8661056849155315,0.31616596684956055,1.9608226310559098,-1.35788108058065,0.23428809572281106,-0.3474503429957441,0.11214749578108857,-0.8742527910741872,1.3223205367022883,0.3795858646286257,0.014623411809342294,-1.1552634646199587,-0.11527825568292054,0.4311342198272434,1.224946700193404,0.378619671803603,0.49876711733571016,1.4416655468956643,0.8096122350027982,-0.4261013116216399,0.45654722189444635,1.7524765360566321,0.06736612666621902,0.186263034108256,0.40923189455416686,-0.1512548160568486,-0.9390581791495188,-0.6839281610749053,1.1480364209999716,-1.3313741230012914,-0.8567556977236168,-0.8130275975643226,0.385142093003482,-0.9336293654288151,-0.29504449869880656,0.22990782042351438,-0.11926750938558137,-1.1104827640325112,0.03999169085607133,1
KXNBAGAME-26JAN13ATLLAL,2026-01-13,ATL,LAL,LAL,0,2025-26,0.5193,0.013028555333913172,0.25775144334691413,-0.1960268780895376,0.32523613723290334,-0.09399799396928885,0.8456008763707882,-1.9676349254708398,-0.19397271776068534,1.882063500788817,-0.3836670173467028,1.2553334848705566,-0.5971309574501704,-0.11527825568292054,-0.46965013375712733,-1.1124011267893823,-0.00738114178747798,-0.718109400092439,0.6039864018539454,-1.1595037710369693,-1.734172752809211,-1.342869741269395,-0.8701751903236925,0.5969941619201548,0.3324790859014916,-1.1612660314045973,-1.2262444016037357,0.3377125638788836,1.024233631311415,-0.1342007079164936,0.7445158535492605,-0.49866528747851074,1.399791021578731,-0.17903126116221377,0.806343859259519,1.9214998741183664,-0.7061899022776409,0.6453518530187052,0.40355436094462166,1.1504586416037264,0
KXNBAGAME-26JAN13CHIHOU,2026-01-13,CHI,HOU,HOU,0,2025-26,0.8291,0.013028555333913172,-0.8715960110375935,-0.1640735520281231,-0.4398171435914391,-0.42672038217074093,-0.770791098254834,0.10191486394221182,1.1989817180717213,1.2423572561184988,-0.3836670173467028,-2.320830843364709,0.7051782259460014,0.9858596426003342,-0.01925795696494194,-1.092923228231191,-1.3423006221233065,0.3466575526571915,0.0933156931119312,-1.923477740593382,-1.5325332816380035,1.8061099442673296,-1.3543570475015982,-0.10917655175175883,-0.5448172248579175,1.2406719730029248,-0.1512548160568486,0.018519878121783073,0.16285289839865466,0.8476925890015212,-0.5665725526931934,-0.3750765618186929,0.7806990708297198,1.1643261391476334,-0.436494158375006,1.8092697792921808,-0.19559114444064724,-1.24070924091187,-0.3863780520869265,1.1504586416037264,0
KXNBAGAME-26JAN13DENNOP,2026-01-13,DEN,NOP,DEN,0,2025-26,0.552,0.013028555333913172,-0.05379268200053528,0.730619577691469,-0.6183295757837857,-0.3379944119836846,0.9785508656257085,0.6391280354832978,-0.971435658690403,-0.39688999584919366,-0.9707846188661867,-1.9559161159937637,-0.2250426193369788,-0.11527825568292054,-1.8208266641336839,-0.5085862714854942,0.925454157724304,-1.060355920619106,-0.1396218231563486,-0.9909273552193576,-1.1111584893186874,-0.5395585969998222,-0.6280842617347389,0.7146892808654743,0.3324790859014916,1.7949653586354295,-0.1512548160568486,1.2952906211501856,0.33804897966904685,-0.1342007079164936,0.31659116540068183,-0.146912760600574,1.3774142040817785,1.2506979555834226,-0.30091182917851367,0.15387588060593685,-1.2167886601146354,-1.597531610033871,-1.4396212694623232,0.03999169085607133,1
KXNBAGAME-26JAN13MINMIL,2026-01-13,MIN,MIL,MIN,0,2025-26,0.477,0.4525956754586354,1.6207569917420104,0.4749929692001576,0.6822610016175965,1.4453975887760928,0.4467509086060232,-1.218094643273036,0.7778559584014595,0.5626693711562855,-0.9707846188661867,0.23357224823190884,1.3563328176440876,-0.11527825568292054,0.4311342198272434,-0.6449315613928239,-0.9241330740662991,0.30863016148756184,0.5233541846841556,0.9315611315517098,-0.48814422582816397,-0.2824990308335598,-0.7491297260292157,-0.521109468060376,-1.1296814320308568,-0.6993548767108434,-0.1512548160568486,0.018519878121783073,1.6958186095145829,1.00941619084684,0.2619624818072462,0.6579984270300175,-0.33316917790745837,-0.5263562251274139,0.7385526946612728,0.9114290206826932,-0.3232408338998953,0.95119959798042,1.4567975783200187,0.03999169085607133,1
KXNBAGAME-26JAN13PHXMIA,2026-01-13,PHX,MIA,MIA,0,2025-26,0.5392,1.3317299157080804,-0.30692228384534104,-1.6019732247917546,1.0775385300435067,-0.9102769196901828,-0.0010806341473955522,-0.08738882507702785,1.3609531640987453,-0.5568165570167728,-0.0901082165869608,0.23357224823190884,-0.6901530419784689,-0.11527825568292054,-0.01925795696494194,0.2705296708421013,0.31428620287175735,-0.07164375020873476,-0.5875785852107468,-0.026096379582383752,0.7992462439572315,0.4886796676652297,0.6227188693081843,1.1854697566467507,1.9408556556270744,-0.7917371076495939,-0.1512548160568486,0.9760979353930851,-0.43573371260851856,-1.3817827792946749,0.817354098340508,-0.23881206942453814,0.012428336767692044,-0.629267325561544,0.6029703654647789,-0.8281374491231897,-0.9189393847097225,-1.1897346167515845,0.07441585551480982,0.03999169085607133,0
KXNBAGAME-26JAN13PORGSW,2026-01-13,POR,GSW,GSW,0,2025-26,0.8083,0.8921627955833576,-0.34586529951377015,-0.2918868562737788,0.0064639368894273234,-0.8259872480124786,0.31729960327886353,-0.3380883051295365,0.4215187771420059,-0.6767614778924579,0.3795858646286257,-1.0801207703034943,-1.0622413800916604,-0.11527825568292054,0.4311342198272434,0.7185213376804681,0.3625363045706422,0.18187219092212964,0.03508131404486374,-0.4959583045208351,1.6626767999980394,-0.411028813916691,1.3086431669768843,-0.28571923016973777,0.11315500821163886,-0.42220818389459025,-0.1512548160568486,0.3377125638788836,-0.8007255485884994,-0.4691995974532266,-0.1295430839457088,-0.6190850714547387,0.5643898350258472,-1.4231529574820003,0.5803733105986962,-1.3892879232541198,0.48520719934201123,-0.8329122476295832,-0.4522057531728885,0.03999169085607133,0
KXNBAGAME-26JAN13SASOKC,2026-01-13,SAS,OKC,OKC,0,2025-26,0.7206,0.013028555333913172,-0.8326529953691616,-0.9469300405327679,0.21047814510925197,-1.4914320244153878,-2.6355896317514955,0.8207572506233799,1.8144732129744126,-1.1965228016870921,-1.2643434196259287,-1.0801207703034943,-0.8761972110350646,-0.11527825568292054,0.8815263966194288,0.8353887290296064,-0.48988215877633096,0.9297442172581796,0.28593710079532486,-1.9127175438390656,0.5381489800047745,-0.6359559343121723,-0.6280842617347389,-2.0511460143495226,1.429099474350753,1.702583127696679,-0.1512548160568486,-0.619865493392418,-1.2533154252036773,-0.33057936730009657,-0.5210486496986638,-1.2718870582732555,-0.5519647267665476,0.20872306368782198,1.7102260539028098,-0.4072745935249931,0.570306992314844,-1.7504554825147285,-1.8345874759780971,0.03999169085607133,0
KXNBAGAME-26JAN14BKNNOP,2026-01-14,BKN,NOP,NOP,0,2025-26,0.5164,-0.8661056849155315,-1.5530987852351417,-0.46763014961155736,-0.6438313518112636,-1.1454007406858715,-0.9667173982094568,-0.09250514099646906,-1.716504310414713,-0.9966146002276175,0.20345058417278117,1.03638464844799,0.1470457187762136,-0.11527825568292054,-1.8208266641336839,-0.35276308301997567,1.0380377283550368,-1.0476801235625626,-0.094826146950914,-0.34890228221185443,-0.3976649759436466,-0.12183680197964522,-0.6684327498328982,0.8912319592834532,0.040046982315021705,1.9797298205129314,-1.2262444016037357,0.6569052496359843,-0.902923262662895,-1.0814389472962243,0.28927682360396395,-0.7553495638488916,-0.4500258915026543,0.2179115547980135,-1.1144058043574743,-0.23892945128571375,-0.4934404198455608,0.6963264771789918,-1.3079658672903984,1.1504586416037264,0
KXNBAGAME-26JAN14CLEPHI,2026-01-14,CLE,PHI,CLE,0,2025-26,0.5025,0.013028555333913172,0.6277100921970128,0.4110863170773286,0.08296926497186156,1.0239492303875892,0.7686298299600429,0.06610065250613753,-0.12918413934987705,1.4422654575779734,0.144738824020833,0.37953813918028784,0.4261119723611075,-0.11527825568292054,0.4311342198272434,0.6016539463313272,-0.1521314468841348,0.5114429143922532,0.11123396359411251,-0.39911653373199474,1.0965352078634967,-0.5074261512290411,-1.3140085594034403,-0.22687167069707845,0.5518031635913431,1.4254364348804267,-0.1512548160568486,-0.3006728076353175,0.016856164006663565,0.40872852684993755,-0.31163869592382737,0.6484916019792635,0.8179937666579721,-0.7303407277736402,0.2640145424735448,1.9214998741183673,0.27245771690993115,-0.11926750938558137,-0.7155165575167379,0.03999169085607133,1
KXNBAGAME-26JAN14DENDAL,2026-01-14,DEN,DAL,DEN,0,2025-26,0.4909,0.013028555333913172,-0.44322283868484846,0.37913299101591413,-0.5928277997563075,-0.2359595462685741,0.8316061406597434,0.40121934522938785,-1.3925614183606647,-0.6767614778924579,-1.5579022203856707,-1.8099502250453854,-0.41108678839357415,-1.2164161539661753,-0.46965013375712733,-0.5280641700436858,0.16953589777510053,-0.4772692560181178,1.0474635962877976,0.21062794901256102,-0.40542034021946427,-0.08970435620886184,-0.3859933331457867,0.24390880508419793,-1.3490055097207094,-0.14506149107833788,-0.1512548160568486,0.3377125638788836,0.0606551843242611,0.15459143823586322,-0.08401918095117913,-0.9137966480281479,0.44007418226500133,0.5781004063174808,-0.9110323105627341,-0.21087192757916684,-1.3018884530874673,-0.32316600602672485,-0.18889494882903904,-1.0704752598915837,1
KXNBAGAME-26JAN14NYKSAC,2026-01-14,NYK,SAC,SAC,0,2025-26,0.2311,0.013028555333913172,0.39405199818642433,0.794526229814298,-0.3760627035227439,-0.679589397203846,1.1989679530746582,1.82867148675285,0.3567301987311953,0.20283460852923024,-0.3836670173467028,-0.5692401519841711,-0.8761972110350646,0.9858596426003342,-0.920042310549313,-2.125251851815257,0.31428620287175735,-1.6307667881635508,-0.3680797718040949,-0.295101298440276,-0.2916749975074997,-1.535664415894093,-1.3140085594034403,-0.34456678964239706,-0.47170919896130037,-0.14506149107833788,-0.1512548160568486,0.6569052496359843,1.8856143642241756,0.3509700976194662,0.8992971237306614,-0.22930524437378413,1.0517071938483626,1.522677292445059,1.3260761211794105,1.0517166392154256,-0.025391558494982442,-0.06829288522529617,-0.518033454258851,1.1504586416037264,0
KXNBAGAME-26JAN14TORIND,2026-01-14,TOR,IND,TOR,0,2025-26,0.4745,0.4525956754586354,-0.09273569766896715,-0.1960268780895376,0.0957201529856006,-1.074419964536234,-2.901489610261338,0.8795948836969325,0.3567301987311953,1.0024674143671288,-2.321155102361,0.16058930275772,0.05402363424791592,-0.11527825568292054,-0.920042310549313,0.05627278670201085,0.8128705870935712,-0.60402722658355,0.689098186644281,2.212024545315276,-0.03574797640558584,-1.4071346328109617,1.2682946788787264,0.47929904297483616,0.11315500821163886,-0.9765015695270958,-0.1512548160568486,0.9760979353930849,-0.11454089694613111,-0.723336686067301,0.4986867773788004,-1.2592112915389153,-3.6001845324624844,0.6589591280871603,1.2356879017150817,-0.18281440387262093,-2.025236693356543,0.03365636309527558,0.7326928663744335,0.03999169085607133,1
KXNBAGAME-26JAN14UTACHI,2026-01-14,UTA,CHI,CHI,0,2025-26,0.6723,-0.42653856479080904,0.21880842767848227,1.5614060552882343,-1.102863320305869,0.40286743907821443,-0.05705957699157265,0.12238012761996815,-0.5503098990201388,1.4422654575779734,0.7318564255403169,-0.1313424791390367,-0.9692192955633627,-0.11527825568292054,-0.46965013375712733,-1.092923228231191,-0.18429818135005877,-0.5659998354139204,-0.721965613827063,-0.7757234201330439,0.2770517160523117,0.906401462685409,0.8244613097989786,-0.933042384368992,-2.2994098463767356,0.5016141254929182,-1.2262444016037357,0.018519878121783073,0.9804346109938155,1.2635532794609143,-0.38447694071507477,0.7942629194241758,0.49228675642455766,-0.10736103050272582,-1.0240175848931456,0.4344511176714029,1.2085554396110865,1.5119204637435644,-1.0446550629465494,1.1504586416037264,0
KXNBAGAME-26JAN14WASLAC,2026-01-14,WAS,LAC,LAC,0,2025-26,0.8195,0.013028555333913172,-0.46269434651906577,0.363156327985208,-0.5928277997563075,-0.1339246805534636,-0.08854773234142481,1.9437885949402276,0.3567301987311953,-0.7167431181843533,1.7886681082753884,0.30655519370609896,2.937708254625154,0.9858596426003342,1.3319185734116146,-0.19693989455445712,-1.3583839893562673,0.9424200143147228,0.4964767789608948,1.4946780950275653,2.029764042386649,-1.7284590905187909,-1.596447976090552,-1.2272801817322896,0.3324790859014916,0.9635252801866724,-0.1512548160568486,-0.939058179149519,-0.20213893758132823,1.2404499077687254,-1.1037546080286431,-0.451131162224739,-1.1039262250247042,-0.04487929095343346,1.4616584503759045,0.6027962599106812,2.187203058798658,-0.01731826106501007,1.390969877234056,1.1504586416037264,0
KXNBAGAME-26JAN15ATLPOR,2026-01-15,ATL,POR,POR,0,2025-26,0.409,0.013028555333913172,0.35510898251799244,0.04362306737106767,0.19772725709551292,-0.18716026266569494,0.6706666799827316,-2.435777832099502,-0.5179156098147336,2.0419900619563975,-1.2643434196259287,1.620248212241502,-0.9692192955633627,-0.11527825568292054,0.8815263966194288,-0.43067467725273634,-0.24863165028190448,-0.08431954726527797,-0.8877096157871934,-0.029683111833821916,-0.4545376472996303,0.45654722189444635,-0.7894782141273751,0.7735368403381336,-1.0565734061342396,-0.9765015695270958,-0.1512548160568486,-0.619865493392418,0.5862434281354356,0.21234986746633458,0.19822901761490472,0.4900445178000161,0.49228675642455494,-1.4249906557040404,-0.6850617619019097,1.9776149215314602,-1.4720880390331321,1.8687428328655653,0.008588154428847751,0.03999169085607133,0
KXNBAGAME-26JAN15BOSMIA,2026-01-15,BOS,MIA,BOS,0,2025-26,0.5852,0.4525956754586354,0.5303525530259345,-0.8191167362871122,1.0010332019610726,0.5492652898868544,1.041527176325409,0.37563776563219314,0.6158845123744353,-1.1965228016870921,-1.8514610211454126,-0.9341548793551167,0.1470457187762136,0.9858596426003342,0.4311342198272434,0.9717340189369361,0.4590365079684119,0.27060277031793223,-0.05003047074547194,0.24290853927550649,0.7165223583485318,0.5208121134360131,1.0262037502897727,0.8323843998107929,1.6484235520406043,-0.6993548767108434,-0.1512548160568486,0.018519878121783073,-0.33353599853412086,-0.9197153454509038,0.5168963385766122,0.42349674244473107,0.5668761480810652,-0.2378376042674324,0.06064104867880462,-1.5576330654933992,-1.94013690038371,-1.801430106675014,0.6010374642025087,1.1504586416037264,1
KXNBAGAME-26JAN15CHALAL,2026-01-15,CHA,LAL,CHA,0,2025-26,0.4061,-0.42653856479080904,0.4914095373575026,-0.8990000514406473,1.0392858660022894,0.04796355832999887,1.5278442422841993,0.314241974598927,1.3285588748933401,0.04290804736165111,0.144738824020833,-1.8099502250453854,-0.6901530419784689,0.9858596426003342,-0.01925795696494194,-0.46963047436911665,-0.2647150175148676,-0.09699534432182119,1.0385044610467058,-0.4995450367722753,-1.0982328821923266,-1.0536777293323494,-0.30529635694946927,0.5381466024474955,-0.03306104358159546,-1.2536482623433483,-0.1512548160568486,-0.3006728076353175,0.7176404890882303,-0.4576479116071329,0.8082493177416019,-0.7046464969115335,1.4271404651861168,1.0081217902743942,1.6650319441706447,0.23804845172557756,-0.2806909374134793,-1.24070924091187,0.4035543609446213,1.1504586416037264,1
KXNBAGAME-26JAN15MEMORL,2026-01-15,MEM,ORL,ORL,0,2025-26,0.6777,-0.42653856479080904,0.21880842767848227,0.23534302373955235,-0.044539615165528845,-0.31581291943692114,-0.6833240000608086,0.022611967190908522,1.1017988504555076,1.2423572561184988,0.9667034661481096,-0.2773083700874144,1.0772665640591939,2.086997540883589,-0.01925795696494194,-0.4111967786945448,0.008702225445482872,-0.2744565031134263,-0.13962182315635357,-1.2778659353344426,-0.18309989764608403,-0.15396924775042858,0.25958247642475535,-0.9918899438416513,-0.3254931471680654,-0.05267926013958736,1.9987243550369254,-0.3006728076353175,0.4694460406218394,0.16614312408195847,0.161809895219281,-0.1310680521826454,0.3953205472710976,0.14807902236056955,0.8741350238577668,0.6869688310303209,1.4213049220431666,0.03365636309527558,0.7985205674603956,0.03999169085607133,0
KXNBAGAME-26JAN15MILSAS,2026-01-15,MIL,SAS,SAS,0,2025-26,0.6916,0.013028555333913172,-0.7742384718665152,-0.24395686718165818,-0.3123082634540487,0.3673770510033919,0.961057445986903,-0.7908822639998836,-0.7770699234579735,-0.39688999584919366,-0.20753173689085821,-0.6422230974583599,-0.9692192955633627,-0.11527825568292054,-0.46965013375712733,-1.1708348224639515,-0.6346324638729878,-0.26178070605688303,-2.097192873334057,-2.755599622927128,0.6674050512683687,1.5490503781010674,-1.152614607010804,-1.3449753006776082,-1.0565734061342396,-0.9765015695270958,-0.1512548160568486,0.3377125638788836,0.2942499593514493,0.2816599825429012,-0.03849527795664948,1.7417764828160949,2.5882486619724157,-1.0409117272980806,-1.6341380662773675,0.5186236887910416,0.8256063712333401,0.28852948389670474,0.008588154428847751,0.03999169085607133,0
KXNBAGAME-26JAN15NYKGSW,2026-01-15,NYK,GSW,GSW,0,2025-26,0.6179,-0.42653856479080904,-0.09273569766896715,0.6028062734458133,-0.5418242477013513,-1.0256206809333523,0.21233908544603072,1.5191343736268001,0.4215187771420059,0.0029264070697556147,-0.6185140579544965,-0.42327426103579274,-0.6901530419784689,-1.2164161539661753,0.4311342198272434,0.5821760477731384,0.05695232714436771,0.3339817556006483,0.16050920742009306,-0.05120350534245489,1.6626767999980394,-0.8930155004784347,1.3489916550750438,-0.10917655175175883,0.6249111894879615,-0.3298259529558397,-0.1512548160568486,-0.619865493392418,-0.5087320798045131,0.39717684100384393,-0.630306016885535,-0.8504178143564457,0.18149762452244297,-0.08898404828234283,0.9193291335899303,-0.9403675439493763,-0.36579073038631205,-0.7309629993090123,-0.2547226499150017,-1.0704752598915837,0
KXNBAGAME-26JAN15OKCHOU,2026-01-15,OKC,HOU,OKC,0,2025-26,0.6205,1.3317299157080804,1.1339692958866188,-0.8350933993178183,1.4090616184007216,0.8420609915041317,-1.5020160391569028,1.0893638363939258,-0.7770699234579735,-0.5168349167248787,-1.7927492609934645,1.4742823212931244,2.1935315783987703,-0.11527825568292054,0.4311342198272434,-0.8786663440911031,-1.5835511306177328,0.6762282761273152,0.14259093693791425,-1.9521715986048913,-1.436883788902943,2.063169510433592,-1.3947055355997577,-0.34456678964239706,-0.5448172248579175,0.8711430492479211,-0.1512548160568486,0.6569052496359845,1.506022854804992,0.5357970711569755,0.5168963385766122,0.49638240116718896,0.2809501467311197,1.8056828186389267,-1.9956909441346826,0.6027962599106812,-1.0465890741689705,1.409971215422993,0.9301759696323203,0.03999169085607133,1
KXNBAGAME-26JAN15PHXDET,2026-01-15,PHX,DET,DET,0,2025-26,0.7301,0.8921627955833576,-0.19009323684004545,-1.2984166272083226,0.9117769858648992,-1.1454007406858766,0.3207982872066223,0.39866118726966865,1.2313760072771265,-0.7167431181843533,-0.3836670173467028,0.30655519370609896,-0.9692192955633627,-0.11527825568292054,0.4311342198272434,-0.11902830032169646,-1.0849667463959167,0.7776346525796609,0.689098186644281,0.38279109708161285,-0.5915490828390393,-0.34676392237512654,0.6630673574063437,1.0089270782287718,2.160179733316927,3.365463284594194,3.0737139405838123,0.3377125638788836,-0.05614220318933509,-0.15730407960868248,0.0889716504280335,-1.3099143584762751,-0.04227055044708235,0.7085769800821854,1.1001055725185893,-0.9684250676559231,-1.0040391776825544,-1.2916838650721558,-3.085313796611381,-3.291409161386894,0
KXNBAGAME-26JAN15UTADAL,2026-01-15,UTA,DAL,DAL,0,2025-26,0.5575,-0.8661056849155315,0.12145088850740399,1.5454293922575282,-1.1538668723608254,0.6601727526206742,-0.7148121554106589,-0.06436540343955517,-0.7446756342525683,1.2423572561184988,0.43829762478057493,-0.35029131556160326,-1.5273518027331505,-1.2164161539661753,-0.920042310549313,-0.9565779383238638,-0.02346450902044112,-0.60402722658355,0.46959937323762413,-0.7219224363614654,-1.0930626393417835,0.26375254726975067,-1.1122661189126462,-0.050328992279099545,-1.5683295874105616,-0.05267926013958736,-1.2262444016037357,0.018519878121783073,0.8052385297234254,1.136484735153878,-0.3935817213139807,0.13512304923849827,-0.01243479378447713,0.73246705696868,-0.7076588167679939,1.6409246370529025,0.35755750988276314,0.8492503496598491,-1.044655062946549,0.03999169085607133,0
KXNBAGAME-26JAN16CHIBKN,2026-01-16,CHI,BKN,BKN,0,2025-26,0.5134,-0.42653856479080904,-0.7547669640323007,0.15545970858601726,-0.6183295757837857,-0.42672038217074093,-0.6133503215055868,0.42424276686686335,0.6482788015798383,1.0024674143671288,-0.8533610985622904,-1.7369672795711966,0.4261119723611075,-0.11527825568292054,-1.3704344873414982,-1.5409148950695604,-0.2647150175148676,-0.7941641824316983,-0.9280257243720895,-0.9658202294592865,-0.723390275527905,-1.5999293074356598,-0.9912206546181693,-0.28571923016973777,0.6249111894879615,0.40923189455416686,-0.1512548160568486,0.6569052496359843,0.5862434281354356,0.3047633542350901,0.12539077282365724,0.3474421420386903,0.22873757257156332,0.820676571626509,1.5746437247063159,1.3884069236939833,-0.4083406268727281,-1.6485062341941572,0.008588154428847751,0.03999169085607133,0
KXNBAGAME-26JAN16CLEPHI,2026-01-16,CLE,PHI,CLE,0,2025-26,0.4473,0.4525956754586354,0.802953662704952,0.10752971949389666,0.4399941293565547,1.0372581259156484,0.7476377263934768,-0.19994777530468624,0.09757588508795764,1.882063500788817,0.26216234432472935,0.30655519370609896,0.8912223950025976,-0.11527825568292054,0.4311342198272434,0.6990434391222765,0.23386936670694852,0.27060277031793223,0.23666185696934183,-0.4098767304863112,1.1223864221162154,-0.6359559343121723,-1.3140085594034403,-0.050328992279099545,0.6980192153845788,1.5178186658191772,-0.1512548160568486,0.018519878121783073,0.07525485776345958,-0.08799396453211586,0.1162859922247513,0.5692680598896398,0.8105348274923222,-0.9398383250859822,0.51258214600045,2.2301326348903783,0.22990782042351438,-0.2721913818664392,-0.4522057531728885,0.03999169085607133,1
KXNBAGAME-26JAN16LACTOR,2026-01-16,LAC,TOR,LAC,0,2025-26,0.4283,1.3317299157080804,-0.2290362525084773,-1.3623232793311495,0.9372787618923772,0.30970517038181083,0.9855482334812299,2.1970462329524554,-1.4573499967714754,-1.4364126434384608,-1.381766939929826,0.5984869756028544,0.9842444795308961,-0.11527825568292054,0.8815263966194288,-0.09955040176350768,-0.7472160345037205,0.5241187114487965,-0.8249956690995751,-2.841681196961654,0.1633063733403529,0.8421365711438422,1.187597702682409,-2.2865362522401607,-0.3254931471680654,0.039702970799163975,-0.1512548160568486,0.337712563878884,-0.09994122350693262,-0.44609622576103763,0.28927682360396395,0.8006008027913486,2.6653243666841395,1.4638709493398403,-1.611541011411285,-1.838208302558864,0.655406785287676,0.6453518530187052,0.6668651652884708,0.03999169085607133,1
KXNBAGAME-26JAN16MINHOU,2026-01-16,MIN,HOU,HOU,0,2025-26,0.515,0.8921627955833576,1.6402284995762249,-0.1001668999052964,1.154043858125941,1.9245178277861847,1.3459126780406232,-1.773214920532159,0.6806730907852436,0.8025592129076541,-0.9120728587142385,0.16058930275772,0.4261119723611075,0.9858596426003342,-0.01925795696494194,-1.4240475037204194,-1.3423006221233065,0.13116900269595677,-0.7354043166886959,-2.099227620913872,-1.3464045390184314,2.448758859682988,-1.6771449522868693,-0.34456678964239706,-0.5448172248579175,0.9635252801866724,-1.2262444016037357,0.6569052496359842,2.294405220521754,0.8938993323858972,0.7263062923514486,1.89071674194459,2.4067478089415815,-0.3150209295930299,-1.2499881335539682,1.725097208172541,-0.4083406268727281,0.4924279805378478,-0.3863780520869265,2.260925592351381,0
KXNBAGAME-26JAN16NOPIND,2026-01-16,NOP,IND,IND,0,2025-26,0.639,-1.3056728050402537,-0.34586529951377015,0.8264795558757124,-0.8860982240723054,-0.08512539695057951,-0.38593586620111575,-0.6757651558125061,0.2271530419095765,-0.35690835555729816,0.6731446653883677,-0.35029131556160326,2.007487409342174,-0.11527825568292054,-0.920042310549313,-0.35276308301997567,0.410786406269527,-0.5533240383573771,0.1963457483844432,1.770856478388336,-0.18568501907135276,-1.0536777293323494,1.1472492145842497,0.3027563645568572,0.11315500821163886,-0.6069726457720921,-0.1512548160568486,-0.3006728076353175,0.0022564905674630066,0.3047633542350901,-0.23880045113257997,-0.20395371090509978,-1.5067089399698443,-0.35177489403379386,0.8967320787238477,-1.0525976387755618,0.27245771690993037,-0.32316600602672485,1.8517637848357922,0.03999169085607133,0
KXNBAGAME-26JAN16WASSAC,2026-01-16,WAS,SAC,SAC,0,2025-26,0.7209,-0.42653856479080904,-1.105254105048182,0.3951096540466225,-1.039108880237174,-0.7416975763347768,-0.7602950464715519,1.769833853679303,0.1947587527041712,-0.7567247584762474,1.6125328278195428,0.08760635728353114,2.5656199165119618,-0.11527825568292054,-0.920042310549313,-2.144729750373446,0.2177859994739854,-1.5673878028808348,-0.18889706698233413,-0.5712796818010465,-0.05384382638248702,-1.5999293074356598,-1.6771449522868693,0.00851856719355974,-1.3490055097207094,-0.23744372201708921,-0.1512548160568486,0.33771256387888376,0.7760391828450263,0.13148806654367598,0.3803246295930234,-0.400428095287372,-0.1491820118214062,1.311341996910679,1.2582849565811645,0.6308537836172281,1.1660055431246705,1.0021742221407066,1.983419187007717,0.03999169085607133,0
KXNBAGAME-26JAN17BOSATL,2026-01-17,BOS,ATL,BOS,0,2025-26,0.609,0.4525956754586354,0.12145088850740399,-0.9469300405327679,0.835271657782465,0.03909096131129446,0.41176406932841225,0.8744785677774913,0.875038826017673,-1.3564493628546712,-1.9101727812973608,-1.1531037157776838,0.3330898878328098,-0.11527825568292054,-0.01925795696494194,-0.08007250320531892,-0.0877979779522868,0.017086829187067783,-0.3994367451479016,0.4581124743618203,-2.592433065999476,-0.4431612596874744,1.6717795598603147,-0.8153472654236734,1.8677476297304572,-0.8841193385883449,-0.1512548160568486,0.3377125638788836,0.14825322495945617,-0.6193715134524534,0.5806298027689537,0.3062459001520861,-0.029838985170995,2.4727672732387562,0.9193291335899303,-2.1187835396243293,-0.7912896952504729,-2.1072778516367294,0.8643482685463579,0.03999169085607133,1
KXNBAGAME-26JAN17CHAGSW,2026-01-17,CHA,GSW,GSW,0,2025-26,0.7183,-0.42653856479080904,0.7834821548707375,-0.7072800950721626,1.0775385300435067,0.3673770510033919,1.4508731958734542,0.9768048861662673,1.2313760072771265,0.4827060905724944,0.027315303716935573,-1.8099502250453854,-0.7831751265067666,-0.11527825568292054,0.8815263966194288,0.5626981492149495,-0.3933819553785613,0.6762282761273152,0.5681498608895926,0.23573507477263017,1.342121743264327,-1.021545283561566,1.389340143173203,-0.6388045870056945,0.47869513769472594,-0.6069726457720921,-0.1512548160568486,-0.9390581791495186,0.16285289839865466,-0.22661419468524746,0.28017204300505805,-0.1437438189169876,0.8627474016518758,-0.25070149182169965,1.5746437247063159,-0.6317347831773653,0.48520719934201123,-1.5975316100338706,-0.123067247743077,0.03999169085607133,0
KXNBAGAME-26JAN17INDDET,2026-01-17,IND,DET,DET,0,2025-26,0.8784,-0.42653856479080904,-0.1706217290058309,-0.004306921721052926,-0.10829405523422404,0.2653421852882814,1.7972429047218026,-0.3739025165656108,-1.1010128155120218,1.402283817286078,-0.7946493384103421,0.08760635728353114,-0.41108678839357415,-1.2164161539661753,0.4311342198272434,-0.1579840974380768,-1.036716644697032,0.7142556672969448,0.8369239181222325,0.5549542451506627,-0.5993044471148541,-0.15396924775042858,0.542021893111867,1.4208599945373879,2.08707170742031,3.365463284594194,-0.1512548160568486,-0.619865493392418,-0.012343182871737553,0.7437274163866721,-0.5938868944899113,-0.40676597865454484,0.887610532204045,0.15910521169279485,-0.6624647070358287,0.6027962599106812,-1.5997377284923808,-1.393633113392728,-2.6903475900956066,-1.0704752598915837,0
KXNBAGAME-26JAN17LALPOR,2026-01-17,LAL,POR,POR,0,2025-26,0.5783,0.013028555333913172,-0.09273569766896715,-0.052236910813173526,-0.019037839138050756,0.8154432004480135,-0.5293819072393221,-0.8011148958387604,-0.712281345047163,-0.35690835555729816,0.144738824020833,0.08760635728353114,-1.3413076336765548,-0.11527825568292054,0.8815263966194288,-0.3722409815781672,-0.3612152209126373,0.042438423300154224,-0.9728214005775291,-0.2054329921543139,-0.10037601203738436,0.6493418965191443,-0.9105236784218519,0.47929904297483616,-0.6179252507545353,-0.6993548767108434,-0.1512548160568486,-0.619865493392418,0.20665191871625427,0.22390155331242984,-0.04760005855555542,1.2664352302783457,-0.2386892818092163,-0.5024661482409152,-0.9562264202948978,0.37833607025831006,-0.23814104092706326,0.49242798053784825,-0.45220575317288825,0.03999169085607133,0
KXNBAGAME-26JAN17MINSAS,2026-01-17,MIN,SAS,SAS,0,2025-26,0.6416,0.8921627955833576,1.6012854839077957,-0.3078635193044872,1.2943036262770702,1.9999349024451822,1.1639811137970453,-2.1390315087720455,1.0370102720446972,0.5626693711562855,-0.6185140579544965,0.08760635728353114,0.9842444795308961,-1.2164161539661753,-0.01925795696494194,-1.073445329673002,-1.0528000119299927,0.13116900269595677,-1.774664004654893,-2.0203195113822243,0.6544794441420078,1.6775801611841985,-1.2333115832071215,-1.0507375033143105,-0.9834653802376224,-1.43841272422085,-0.1512548160568486,0.6569052496359842,2.0024117517377698,0.5357970711569738,0.8264588789394139,2.67978322115726,2.2227606428555293,-2.0001901992019655,-0.4590912132410886,1.248119305161251,0.3150076133963464,0.7473011013392774,1.7201083826638681,-1.0704752598915837,0
KXNBAGAME-26JAN17OKCMIA,2026-01-17,OKC,MIA,MIA,0,2025-26,0.1899,1.3317299157080804,0.7834821548707375,-1.0427900187170092,1.3453071783320265,0.336322961437924,-1.386559469540788,1.363086738083907,-0.4855213206093306,-0.5967981973086682,-1.9101727812973608,1.2553334848705566,2.751664085568558,-0.11527825568292054,-0.01925795696494194,0.7379992362386569,0.5877034458321055,0.017086829187067783,-0.15306052601798148,0.4258318840988748,0.28739220175340097,0.1352227641866172,0.864809797897138,0.7146892808654743,1.136667370764283,-0.6993548767108434,-0.1512548160568486,0.9760979353930851,0.031455837445862056,-1.1738524340649765,0.9448210267251911,0.34427320035510384,-1.2854270780555384,0.7765718142975935,-0.436494158375006,-1.0245401150690159,-1.897587003897294,0.08463098725556123,2.444213094609453,0.03999169085607133,0
KXNBAGAME-26JAN17PHXNYK,2026-01-17,PHX,NYK,PHX,0,2025-26,0.4463,0.4525956754586354,-0.5405803778559267,-1.394276605392564,0.7587663297000308,-1.3450341736067477,0.02341015334693132,0.2861022370420131,0.7778559584014595,-0.916651319643828,-0.5598022978025484,0.8174358120254223,-0.41108678839357415,-0.11527825568292054,-0.920042310549313,-0.35276308301997567,0.6681202819969143,-0.7561367912620687,-0.9773009681980701,0.33257684556147055,1.3705580789423175,-0.05757191043807847,0.05784003593396114,-0.7564997059510131,-0.9103573543410046,-0.8841193385883449,-0.1512548160568486,0.9760979353930849,-0.14374024382453016,-1.4857479519095222,1.08139273570878,-0.2736704279439748,-0.21879877736748043,-0.7670946922144021,0.5803733105986962,-0.6878498305904581,0.1448080274506816,1.2060727187818496,0.3377266598586596,0.03999169085607133,1
KXNBAGAME-26JAN17UTADAL,2026-01-17,UTA,DAL,DAL,0,2025-26,0.6341,-1.3056728050402537,0.024093349336325693,2.024729283178739,-1.6001479528416918,0.42948523013433015,-1.3480739463354163,-0.028551192003483723,-0.6798870558417577,1.2023756158266035,0.49700938493252317,-0.35029131556160326,-1.5273518027331505,-0.11527825568292054,-0.46965013375712733,-0.4111967786945448,-0.0877979779522868,-0.19840172077416693,0.5412724551663319,-0.2664074404287687,-0.7776778254586143,0.42441477612366524,-0.34564484504762727,0.06736612666621902,-0.9834653802376224,0.1320852017379145,-0.1512548160568486,-0.6198654933924183,0.32344930622984625,1.5292420539210823,-1.003602021440678,-0.08036498524528897,-0.778219214791287,0.5339956489885654,-0.7754499813662401,1.0797741629219715,0.31500761339634714,0.4414533563775626,-1.1763104651184737,0.03999169085607133,0
KXNBAGAME-26JAN17WASDEN,2026-01-17,WAS,DEN,DEN,0,2025-26,0.8114,-0.8661056849155315,-1.1247256128823966,0.6507362625379339,-1.2558739764707378,-0.45333817322685416,-0.47340296439514307,1.2633185776548475,-0.4531270314039253,-0.8766696793519324,1.1428387466039553,0.08760635728353114,1.6353990712289816,-1.2164161539661753,0.4311342198272434,-0.5670199671600661,0.13736916330917653,-0.4772692560181178,-0.30088625749593306,1.049923295849183,0.17106173761616195,-1.7284590905187909,-0.9105236784218519,-1.9922984548768634,-1.9338697168936487,-0.6069726457720921,0.9237347694900384,-0.9390581791495188,-0.4211340391693159,0.374073469311655,-0.5574677720942876,-0.11522334376472207,-1.0691178422516656,0.7875980036298249,0.8967320787238477,0.01358826207320534,2.2723028517714905,1.409971215422993,1.5884529804919427,-2.180942210639239,0
KXNBAGAME-26JAN18BKNCHI,2026-01-18,BKN,CHI,CHI,0,2025-26,0.7005,-1.3056728050402537,-1.78675687924573,-0.2759101932430727,-0.9498526641410007,-1.4648142333592695,-0.2879727162238044,-0.872743318710906,-1.3277728399498543,-1.076577880811407,-0.3836670173467028,0.5984869756028544,0.6121561414177037,-0.11527825568292054,-0.46965013375712733,-0.6059757642764436,0.20170263224102453,-0.5533240383573771,-0.15306052601798645,-0.6824683815956396,0.535563858579503,0.26375254726975067,1.0262037502897727,-1.2861277412049488,-1.4221135356173267,1.1482897420641736,-0.1512548160568486,-0.6198654933924183,-0.8883235892236965,-0.3421310531461902,-0.2843243541271096,-0.9423171231804098,0.26354595534460046,-1.0059954610793564,-1.1144058043574743,-1.4734604943737595,0.655406785287676,1.4099712154229926,-0.3863780520869259,0.03999169085607133,0
KXNBAGAME-26JAN18CHADEN,2026-01-18,CHA,DEN,CHA,0,2025-26,0.5565,-0.42653856479080904,0.8418966783733839,-0.49958347567297184,0.9500296499061164,0.48715711075591617,1.4298810923068899,1.0382006771995362,1.1341931396609106,0.44272445028060037,0.26216234432472935,-1.8099502250453854,-0.7831751265067666,-1.2164161539661753,0.8815263966194288,-0.6059757642764436,-0.3772985881456004,-0.09699534432182119,-0.2964066898753871,1.2113262471639186,-0.03316285498031138,-1.6641941989772242,-0.8298267022255331,-1.8157557764588845,-1.7876536651004138,-0.6069726457720921,-1.2262444016037357,-0.9390581791495186,1.082632325068211,-0.08799396453211586,0.7445158535492605,0.5534233514717147,0.17155237230157502,0.7710587196314798,1.9587936574297136,0.8833714969761463,1.5064047150159994,-0.01731826106501007,-0.123067247743077,0.03999169085607133,1
KXNBAGAME-26JAN18NOPHOU,2026-01-18,NOP,HOU,HOU,0,2025-26,0.8691,-1.3056728050402537,-0.46269434651906577,0.7785495667835896,-0.9243508881135225,0.10119914044223269,-0.28097534836828103,-0.8087893697179207,-0.0320012717336612,-0.5568165570167728,0.49700938493252317,-0.49625720650998156,1.6353990712289816,-0.11527825568292054,-0.01925795696494194,-1.5603927936277493,-1.2618837859584975,-0.02094056198256188,-0.8473935072022949,-2.1996561239541528,-1.672129838602687,2.159566847745942,-1.9999328570721404,-0.521109468060376,-0.6910332766511524,0.5939963564316687,-0.1512548160568486,-0.9390581791495188,0.8198382031626238,1.471483624690611,-0.6485155780833468,0.6675052520807768,1.3202290038117916,0.6093412760921291,-1.5437498468130373,0.9956015918023329,0.7405065782605088,0.13560561141584732,0.732692866374433,0.03999169085607133,0
KXNBAGAME-26JAN18ORLMEM,2026-01-18,ORL,MEM,MEM,0,2025-26,0.4204,0.4525956754586354,-0.19009323684004545,-0.18005021505883148,0.019214824903166366,-0.005272023782232484,-1.0786752838978129,-0.04901645568123721,0.2595473311149818,0.4827060905724944,-0.5598022978025484,-0.1313424791390367,-0.31806470386527647,0.9858596426003342,-0.920042310549313,-0.2553735902290262,0.12128579607621569,-0.26178070605688303,-0.7443634519297854,-0.4744379110122041,0.4321590015686276,0.9385339084561901,0.7034158455045018,1.0089270782287718,-0.6910332766511524,0.8711430492479211,0.9237347694900384,0.9760979353930849,0.04605551088506053,-0.21506250883915384,0.19822901761490472,0.5185649929522816,-0.4425669523370044,-0.3407487047015665,-0.4816882681071696,-0.15475688016607403,-1.1316888671418033,0.3904787322172761,-0.8471719596886621,0.03999169085607133,0
KXNBAGAME-26JAN18PORSAC,2026-01-18,POR,SAC,POR,0,2025-26,0.5113,0.8921627955833576,-0.2679792681769092,-0.49958347567297184,0.223229033122991,-0.7638790688815403,-0.2774766644405203,-0.09762145691590743,0.4863073555528142,-1.0365962405195115,0.43829762478057493,-0.1313424791390367,-0.5041088729218727,-1.2164161539661753,-0.46965013375712733,-1.6188264893023183,0.05695232714436771,-1.0983833117887356,0.25010055983096974,0.1747606264981754,-0.18568501907135276,-1.4071346328109617,-1.1929630951089636,0.00851856719355974,-1.7876536651004138,-0.05267926013958736,-0.1512548160568486,0.9760979353930848,1.0096339578722144,-0.39988948237666155,0.9448210267251909,-0.7268290886966261,-0.3232239256865904,0.06354490414681434,1.3260761211794105,0.09776083319284504,0.31500761339634714,1.1550980946215634,-0.3205503510009638,-1.0704752598915837,1
KXNBAGAME-26JAN18TORLAL,2026-01-18,TOR,LAL,LAL,0,2025-26,0.5583,0.4525956754586354,-0.5989949013585759,-0.8830233884099389,0.31248524921916426,-0.950203606274355,-2.7370514656565677,0.07377512638529508,0.2595473311149818,0.7625775726157601,-2.0863080617532064,-0.7152060429325487,0.3330898878328098,-0.11527825568292054,-0.46965013375712733,-0.23589569167083746,0.49120324243433583,-0.540648241300834,0.689098186644281,-0.4098767304863112,-0.7906034325849751,-1.1822075124154805,-0.34564484504762727,0.06736612666621902,-0.39860117306468257,-1.1612660314045973,-1.2262444016037357,0.6569052496359842,-0.2751373047773248,-0.9890254605274689,0.6079441445656715,-1.1704809243985321,-1.6658329755037244,0.6166920689802806,1.0097173530542591,0.7711414021499606,-1.5571878320059642,-0.22121675770615357,1.0618313718042447,1.1504586416037264,0
KXNBAGAME-26JAN19BOSDET,2026-01-19,BOS,DET,DET,0,2025-26,0.516,0.8921627955833576,0.588767076528581,-1.0747433447784236,1.243300074222114,0.32745036441921965,0.8595956120818329,0.9486651486093562,1.3933474533041508,-1.0365962405195115,-2.027596301601258,-1.44503549767444,0.6121561414177037,-0.11527825568292054,0.4311342198272434,-0.4501525758109251,-1.8248016391121593,1.1452327672194142,0.6487820780593874,0.6733164094481341,-0.6768580898730134,0.1352227641866172,0.29993096452291335,1.656250232428025,2.525719862800014,3.180698822716693,-0.1512548160568486,0.3377125638788836,0.7760391828450263,0.5357970711569755,0.061657308631315716,-0.22930524437378413,0.13923030258375593,1.1643261391476354,0.8741350238577668,-0.9403675439493753,-2.663485140652784,-2.769947965720445,-1.8345874759780973,0.03999169085607133,0
KXNBAGAME-26JAN19DALNYK,2026-01-19,DAL,NYK,DAL,0,2025-26,0.177,0.013028555333913172,0.16039390417583585,-0.020283584751761306,0.1212219290130787,0.8642424840508952,-0.4524108608285769,-0.9750696370996849,0.2271530419095765,0.16285296823733617,-0.5010905376506002,-0.7881889884067382,-0.41108678839357415,-0.11527825568292054,-1.3704344873414982,-0.9565779383238638,0.3625363045706422,-0.9082463559405872,-1.3446255130826736,-0.15880547288561178,0.8871403724164773,0.1030903184158361,-0.5473872855384214,-0.28571923016973777,-0.8372493284443875,-0.7917371076495939,-0.1512548160568486,0.9760979353930849,0.8344378766018243,-0.2728209380696252,0.7354110729503546,1.564315748535336,-0.21631246431226378,-1.3294303481580598,0.0832381035448856,0.49056616508449563,-0.1530412479542312,0.03365636309527558,0.2718989587726972,0.03999169085607133,1
KXNBAGAME-26JAN19INDPHI,2026-01-19,IND,PHI,PHI,0,2025-26,0.695,-0.42653856479080904,-0.9689535502086718,-0.08419023687458801,-0.5673260237288295,-0.382357397077214,0.7476377263934768,-0.7090212092888583,-0.6798870558417577,0.9225041337833392,0.144738824020833,0.16058930275772,-0.5041088729218727,-0.11527825568292054,0.4311342198272434,0.913300323262367,0.04086895991140686,0.5621461026184261,0.46511980561708316,-0.4816113755150825,1.342121743264327,-0.6680883800829557,-1.0315691427163274,-0.7564997059510131,1.136667370764283,1.7949653586354295,0.9237347694900384,-0.619865493392418,-1.413911833034871,-0.08799396453211586,-0.8124016288636535,-0.6064093047204018,0.8602610885966605,-1.4617446201448,-0.007150115919441557,1.3603493999874363,0.655406785287676,-0.6799883751487262,-1.6371043727202101,-1.0704752598915837,0
KXNBAGAME-26JAN19LACWAS,2026-01-19,LAC,WAS,LAC,0,2025-26,0.7198,1.3317299157080804,-0.05379268200053528,-1.0747433447784236,0.822520769768726,0.54039269286815,0.8071153531654146,1.9437885949402276,-1.4249557075660702,-1.1565411613951966,-1.1469198993220324,0.5984869756028544,0.7051782259460014,0.9858596426003342,-0.920042310549313,-0.8202326484165341,0.7967872198606103,-1.1617622970714516,-0.4576711242149716,-0.5784531463039229,0.7113521154979887,-0.31463147660434315,-0.9105236784218519,0.8323843998107929,0.2593710600048745,1.2406719730029248,-0.1512548160568486,1.6144833069072864,0.5716437546962371,-1.3471277217563924,1.4182696178682994,0.7055325522837981,0.9696588630262039,0.8923468022859948,-0.7754499813662401,-0.18281440387261993,-1.4295381425467162,0.23755485973641818,-0.3863780520869265,1.1504586416037264,1
KXNBAGAME-26JAN19MIAGSW,2026-01-19,MIA,GSW,GSW,0,2025-26,0.6484,0.013028555333913172,0.31616596684956055,0.6028062734458133,-0.2740555994128316,-0.8126783524844244,0.41526275325617296,-0.30227409369346503,0.2271530419095765,0.7225959323238645,0.3208741044766775,0.45252108465447666,-0.7831751265067666,-0.11527825568292054,0.8815263966194288,0.8743445261459867,-0.24863165028190448,0.7649588555231176,0.6398229428182954,0.7342908577225908,1.3989944146203108,-0.9894128377907848,1.7121280479584728,-0.7564997059510131,0.2593710600048745,-0.42220818389459025,-0.1512548160568486,-0.619865493392418,-0.421134039169318,0.6166588720796341,-0.748668164671312,-1.0373853736879621,-0.2187987773674818,-1.2099799637255846,0.8515379689916842,-0.6878498305904571,0.7830564747469241,0.13560561141584687,-0.2547226499150017,0.03999169085607133,0
KXNBAGAME-26JAN19MILATL,2026-01-19,MIL,ATL,MIL,0,2025-26,0.4997,0.013028555333913172,-0.8326529953691616,-0.3398168453659017,-0.2740555994128316,0.19879770764798851,0.9435640263480976,-0.8497198970734305,-1.1334071047174272,-0.15700015409782353,-0.7359375782583929,-1.0071378248293055,-0.8761972110350646,2.086997540883589,-0.01925795696494194,-0.5280641700436858,-0.21646491581598276,-0.1730501266610805,-0.8518730748228408,-0.033269844085262075,-2.137451695151623,-0.15396924775042858,1.550734095565838,-1.0507375033143105,1.79463960383384,-0.8841193385883449,-0.1512548160568486,0.018519878121783073,-0.2313382844597252,-0.08799396453211586,-0.07491440035227322,0.7403909108032312,0.688705487786693,0.9107237845063758,-0.6850617619019114,-1.1928852573082944,0.22990782042351438,-1.954353979155872,0.008588154428847751,2.260925592351381,1
KXNBAGAME-26JAN19OKCCLE,2026-01-19,OKC,CLE,OKC,0,2025-26,0.6722,0.8921627955833576,0.39405199818642433,-1.1546266599319586,1.179545634153419,0.35406815547533776,-1.1311555428142275,1.0151772555620606,-0.5827041882255442,-0.7567247584762474,-1.8514610211454126,0.8174358120254223,2.6586420010402603,-0.11527825568292054,0.8815263966194288,1.166513004518835,0.12128579607621569,0.6635524790707719,1.4730225202394736,1.50902502403332,-0.04350334068140063,0.07095787264505272,2.5190978099216497,0.42045148350217687,0.040046982315021705,0.7787608183091705,0.9237347694900384,0.018519878121783073,-0.5817304470005097,-0.9197153454509038,0.3621150683952114,-0.7933768640519147,-1.8547927677002112,0.7618702285212904,-0.4590912132410886,-2.2871286818636074,-1.642287624978797,0.543402604698134,1.3251421761480937,-1.0704752598915837,1
KXNBAGAME-26JAN19PHXBKN,2026-01-19,PHX,BKN,PHX,0,2025-26,0.7888,0.4525956754586354,-0.7158239483638688,-1.4262299314539784,0.6695101136038575,-1.3051074870225705,-0.21450035374082183,0.19145039253239185,0.32433590952579006,-1.0365962405195115,-0.44237877749865095,0.8904187574996111,-0.5041088729218727,-0.11527825568292054,-1.3704344873414982,-1.8525612720005975,-0.16821481411709563,-1.0730317176756492,-1.4252577302524683,-0.23771358241725937,-1.0904775179165147,-1.214339958186264,-0.6280842617347389,-0.6388045870056945,0.11315500821163886,0.5016141254929182,-1.2262444016037357,1.2952906211501853,0.8490375500410229,-0.9081636596048103,1.2452787864890869,0.07174421556679614,0.007455710657258761,0.9143991809504537,1.0775085176525052,-0.29504449869880656,0.14480802745068236,0.543402604698134,-0.7155165575167379,1.1504586416037264,1
KXNBAGAME-26JAN19UTASAS,2026-01-19,UTA,SAS,SAS,0,2025-26,0.895,-1.3056728050402537,0.043564857170543016,2.1685192504551027,-1.7021550569516042,0.7311535287703168,-1.5509976141455586,-0.38669330636420673,-0.6474927666363547,1.1623939755347092,0.6144329052364195,-0.2773083700874144,-1.5273518027331505,-0.11527825568292054,0.4311342198272434,-0.5864978657182549,-0.8919663396003751,0.3213059585441051,-1.263993295912884,-1.4141617608891068,0.07024200203056108,1.3883881492471528,-0.6684327498328982,-1.4626704196229277,-1.0565734061342396,-1.1612660314045973,-0.1512548160568486,-1.2582508649066193,0.4694460406218415,2.210791518840645,-1.4497362707870687,1.412206547723258,-0.12680519432445506,-0.3260471189252593,-1.4307645724826275,1.2761768288677977,1.5064047150159994,0.543402604698134,-0.25472264991500143,0.03999169085607133,0
KXNBAGAME-26JAN20LACCHI,2026-01-20,LAC,CHI,CHI,0,2025-26,0.5729,1.3317299157080804,-0.46269434651906577,-0.8191167362871122,0.35073791326038145,0.3230140659098674,0.14586409081856958,2.1663483374358194,-1.3925614183606647,-1.5163759240222519,-0.44237877749865095,0.5255040301286655,0.4261119723611075,-1.2164161539661753,-0.01925795696494194,-0.1579840974380768,-0.3451318536796764,0.1691963938655864,0.34865104748293824,-0.34890228221185443,0.04439078777784224,0.3280174388113151,1.6717795598603147,-1.7569082169862251,-1.0565734061342396,0.9635252801866724,-0.1512548160568486,0.9760979353930851,-0.23133828445972726,-0.3421310531461902,0.1253907728236573,-0.020155093257169757,0.3406216600563246,1.5263526888891368,-1.2047940238218031,-2.2310136344505156,0.9532560606925896,1.104123470461278,-0.3863780520869265,-1.0704752598915837,0
KXNBAGAME-26JAN20LALDEN,2026-01-20,LAL,DEN,LAL,0,2025-26,0.5922,0.013028555333913172,-0.19009323684004545,-0.1161435629360025,-0.03178872715178979,0.8021343049199594,-0.0710543127026174,-0.38413514840449037,-0.6798870558417577,-0.4768532764329832,-0.2662434970428064,-0.6422230974583599,-0.8761972110350646,-0.11527825568292054,0.4311342198272434,-0.9760558368820526,-0.2647150175148676,-0.4265660677919449,-0.3859980422862687,0.913627470294519,-0.009896762152867012,-2.2425782228513182,-0.6684327498328982,-1.9922984548768634,-1.6414376133071789,-0.6069726457720921,-0.1512548160568486,-0.3006728076353175,0.5862434281354356,0.1083846948514871,0.28017204300505805,0.8417970446779546,-0.6887119448034781,-0.26724077582004274,1.1001055725185893,0.12581835689939094,1.2511053360975024,0.6963264771789913,-0.18889494882903934,0.03999169085607133,1
KXNBAGAME-26JAN20MIASAC,2026-01-20,MIA,SAC,MIA,0,2025-26,0.6268,-0.42653856479080904,-0.36533680734798746,0.794526229814298,-0.8733473360585664,-1.438196442303154,-0.24598850909067205,-0.17692435366721074,0.4863073555528142,0.3227795294049153,0.8492799458442133,0.30655519370609896,-0.9692192955633627,-1.2164161539661753,-0.46965013375712733,-1.2292685181385206,-0.16821481411709563,-0.6674062118662661,0.5995068342333993,0.253668736029823,-0.4338566758974547,-1.3750021870401785,-0.7491297260292157,-0.16802411122441813,-1.2758974838240917,-0.3298259529558397,-0.1512548160568486,0.018519878121783073,0.6446421218922316,0.6975206730022944,-0.14775264514352066,-1.4556856759211838,-0.3555459954044109,0.1829952885792915,1.303479066313328,0.7430838784434137,0.740506578260508,1.1041234704612783,-0.4522057531728885,-1.0704752598915837,1
KXNBAGAME-26JAN20MINUTA,2026-01-20,MIN,UTA,UTA,0,2025-26,0.1583,0.4525956754586354,1.34815588206299,0.09155305646318827,0.8097698817549869,1.6893940067904936,1.188471901291374,-1.7987965001293538,0.875038826017673,0.16285296823733617,-0.2662434970428064,-0.05835953366484655,0.7982003104742998,0.9858596426003342,-1.3704344873414982,0.25105177228390974,2.308623739759017,-1.6561183822766372,0.48751764371980294,-1.0805956615053216,-0.19344038334716757,-0.4431612596874744,1.6314310717621554,0.3616039240295165,-0.10616906947821261,-1.9003238789146042,-1.2262444016037357,1.2952906211501853,0.8198382031626238,-1.589713124524373,1.7642512806267248,0.8576417530958761,1.5887508137752167,-1.153011318842404,0.9193291335899303,-1.024540115069015,-0.45089052335914404,0.03365636309527558,1.9175914859217549,2.260925592351381,0
KXNBAGAME-26JAN20PHXPHI,2026-01-20,PHX,PHI,PHX,0,2025-26,0.5564,0.8921627955833576,-0.46269434651906577,-1.6179498878224632,0.9882823139473335,-0.5465004419232627,0.1213733033242427,-0.043900139761798844,-0.2263670069660906,-0.7967063987681429,-0.5010905376506002,0.5984869756028544,-0.5971309574501704,-1.2164161539661753,0.4311342198272434,0.40687496074942825,-0.4737987915433701,0.6382008849576855,0.5457520227868728,-0.7075755073557107,0.9595237723240906,-0.7002208258537368,-1.4754025117960752,-0.7564997059510131,1.429099474350753,1.7949653586354295,-1.2262444016037357,0.3377125638788836,-0.6547288141965062,-0.82730185868215,0.2437529206094344,-0.780701097317576,0.5718487741914985,-0.7119637455532614,0.33180570707179097,0.4625086413779487,0.18735792393709763,-0.578039126828155,-1.7029320738061722,0.03999169085607133,1
KXNBAGAME-26JAN20SASHOU,2026-01-20,SAS,HOU,HOU,0,2025-26,0.615,0.4525956754586354,-0.8326529953691616,-1.2824399641776143,0.4782467933977718,-0.9901302928585323,-1.239614744574823,-0.010644086285443739,1.1017988504555076,-0.39688999584919366,-1.2643434196259287,-0.8611719338809272,-0.31806470386527647,-1.2164161539661753,-0.01925795696494194,-1.696738083535079,-1.406634091055152,0.004411032130524563,-1.250554593051251,-2.231936714217098,-1.7315876313839393,2.063169510433592,-1.959584368973981,-0.7564997059510131,-0.3254931471680654,0.40923189455416686,-0.1512548160568486,0.3377125638788836,0.6446421218922337,0.08528132315929823,0.33480072659849364,0.1731503494415125,0.6613560441793058,1.224970180474892,-0.6850617619019097,1.0797741629219715,-0.36579073038631205,-0.37414063018701094,-0.5180334542588506,-1.0704752598915837,0
KXNBAGAME-26JAN20TORGSW,2026-01-20,TOR,GSW,TOR,0,2025-26,0.5,0.013028555333913172,-0.8715960110375935,-0.8191167362871122,0.08296926497186156,-0.8437324420498898,-2.7930304085007465,-0.07203987731871273,-0.2263670069660906,1.0824306949509184,-1.8514610211454126,-0.6422230974583599,0.1470457187762136,-0.11527825568292054,0.8815263966194288,0.9327782218205558,-0.45771542431040924,0.9677716084278092,0.46959937323762413,0.6661429449452557,0.9440130437724581,-0.7002208258537368,1.8331735122529496,-1.0507375033143105,0.5518031635913431,-0.42220818389459025,-1.2262444016037357,-0.619865493392418,-1.355513139278073,-0.2612692522235299,-0.639410797484441,-0.9391481814968234,-2.45150790095227,-0.7211522366634507,0.33180570707179097,-0.5195046883511787,-0.5785402128183929,-0.8329122476295832,0.4035543609446213,1.1504586416037264,1
KXNBAGAME-26JAN21ATLMEM,2026-01-21,ATL,MEM,ATL,0,2025-26,0.472,-0.42653856479080904,-0.8715960110375935,-0.1001668999052964,-0.49082069564639524,-1.234126710872928,-0.4104266536954426,-1.2411180649105087,-0.06439556093906648,1.3223205367022883,-1.0294963790181348,1.8391970486640699,-0.6901530419784689,-0.11527825568292054,-0.920042310549313,-0.23589569167083746,0.20170263224102453,-0.3124838942830559,-0.6502925318983602,-0.513891965778028,0.08833785200746512,0.9385339084561901,0.8244613097989786,0.8912319592834532,-0.6910332766511524,0.6863785873704192,0.9237347694900384,0.33771256387888376,-0.47953273292611404,-0.21506250883915384,-0.1295430839457088,-0.42577962875605463,0.05966828481681375,-0.9527022126402495,-0.7076588167679924,0.35027854655176316,-1.3869882460603,1.766793584544994,-0.9788273618605868,-1.0704752598915837,1
KXNBAGAME-26JAN21BKNNYK,2026-01-21,BKN,NYK,NYK,0,2025-26,0.8488,-1.3056728050402537,-1.4752127538982807,-0.1161435629360025,-0.8733473360585664,-1.16758223323264,-0.060558260919333355,-0.1564590899894544,-1.16580139392283,-0.23696343468161307,-0.9120728587142385,-0.20432542461322556,0.4261119723611075,-0.11527825568292054,-1.3704344873414982,-1.63830438786051,0.04086895991140686,-1.0983833117887356,-1.6985113551056443,-0.6358408623269395,0.11160394483491236,0.5208121134360131,-0.9508721665200098,0.12621368613887937,-0.6179252507545353,-0.5145904148333416,-0.1512548160568486,0.018519878121783073,0.11905387808105711,-0.11109733622430473,0.1618098952192809,0.36328685045661185,0.392834234215881,-0.19005745049444112,-1.1821969689557206,0.49056616508449563,-0.7487397987640576,0.28852948389670474,0.6668651652884708,0.03999169085607133,0
KXNBAGAME-26JAN21CLECHA,2026-01-21,CLE,CHA,CLE,0,2025-26,0.6809,0.4525956754586354,0.9587257253786767,0.6347595995072278,0.1212219290130787,1.2058374692710516,1.142989010230481,-0.2766925140962732,0.32433590952579006,2.121953342540187,0.8492799458442133,-0.20432542461322556,0.8912223950025976,-0.11527825568292054,-0.01925795696494194,0.5821760477731384,-1.1814669497936887,1.3100181289544761,0.41136499417055417,1.2400201051754258,1.23613176482818,1.5811828238718484,0.25958247642475535,0.12621368613887937,-2.372517872273353,-0.6069726457720921,0.9237347694900384,0.3377125638788836,0.2796502859122488,1.3097600228452921,-0.8579255318581831,0.5660991182060569,-0.052215802667946155,-1.0758279935168045,-0.8884352556966515,1.3042343525743436,0.5277570958284272,1.5119204637435644,1.0618313718042445,-1.0704752598915837,1
KXNBAGAME-26JAN21DETNOP,2026-01-21,DET,NOP,DET,0,2025-26,0.7038,0.8921627955833576,-0.9689535502086718,-2.304946398142864,1.205047410180897,0.22541549870410665,0.009415417635888504,-0.4250656757600002,0.16236446349876593,-0.27694507497350856,1.1428387466039553,2.423060612457582,3.1237524236817493,-0.11527825568292054,-1.3704344873414982,-0.5864978657182549,0.5877034458321055,-0.8448673706578711,0.4382423998938199,0.006184210680561724,-0.8784975610442208,-0.2824990308335598,-0.4666903093421041,0.7146892808654743,-0.10616906947821261,1.2406719730029248,0.9237347694900384,1.614483306907286,-0.2897369782165233,-2.086435615906425,1.463793520862829,-0.15325064396774335,-0.0024895415636078046,0.3208226552321497,0.30920865220570837,0.12581835689939094,0.3150076133963464,1.7667935845449931,1.3251421761480933,-1.0704752598915837,1
KXNBAGAME-26JAN21INDBOS,2026-01-21,IND,BOS,BOS,0,2025-26,0.8006,-0.42653856479080904,-1.0857825972139674,-0.06821357384388191,-0.6565822398250027,-0.19603285968439935,0.8840863995761598,-0.7780914742012877,-0.4531270314039253,1.0024674143671288,0.6144329052364195,-0.2773083700874144,0.05402363424791592,-0.11527825568292054,0.4311342198272434,0.11470648237657996,-1.2779671531914585,1.0818537819366982,-0.15754009363852742,1.0068825088319213,0.7552991797276115,1.3883881492471528,-1.596447976090552,-1.698060657513566,-1.5683295874105616,0.1320852017379145,-0.1512548160568486,-0.619865493392418,-0.902923262662895,0.8707959606937085,-1.2494310976111382,-0.03283085999151194,-0.07459262016490006,-1.0942049757371854,-1.2951822432861335,1.8092697792921808,1.676604300961664,0.9002249738201348,-0.057239546657114324,0.03999169085607133,0
KXNBAGAME-26JAN21OKCMIL,2026-01-21,OKC,MIL,OKC,0,2025-26,0.8249,0.8921627955833576,0.6277100921970128,-1.0108366926555945,1.217798298194636,0.6513001556019697,-0.5643687465169311,0.7107564583554463,-0.6798870558417577,-0.6367798376005623,-1.9688845414493101,0.5255040301286655,2.286553662927068,-0.11527825568292054,-0.01925795696494194,-0.8007547498583425,-0.18429818135005877,-0.375862879565772,0.34865104748294073,1.311754750204197,-1.0672114250890645,-1.1500750666446995,-0.06320542836051567,-0.6976521464783538,-1.3490055097207094,-0.6069726457720921,-0.1512548160568486,0.6569052496359842,1.0680326516290126,-0.5962681417602629,1.1360214193022156,0.21434659132812198,-1.3152628347181394,1.2709126360258434,0.3318057070717926,-0.4072745935249921,-0.9189393847097225,1.3080219671024214,2.049246888093679,0.03999169085607133,1
KXNBAGAME-26JAN21TORSAC,2026-01-21,TOR,SAC,TOR,0,2025-26,0.6457,0.4525956754586354,-0.05379268200053528,-0.48360681264226346,0.35073791326038145,0.14556212553575965,-1.5649923498566032,0.4140101350279866,-0.6474927666363547,1.6821552993293423,-1.323055179777877,-0.5692401519841711,0.05402363424791592,-1.2164161539661753,-0.46965013375712733,-1.015011633998433,-0.00738114178747798,-0.6547304148097228,0.7562917009524379,0.37561763257873254,-0.6303259042181161,-0.8287506089368702,-0.8298267022255331,0.24390880508419793,-1.3490055097207094,-0.14506149107833788,-1.2262444016037357,0.6569052496359842,0.7176404890882303,-0.3421310531461902,0.7172015117525427,-0.43528645380680686,-1.3774206610985624,0.7471686427449852,0.12843221327705082,1.753154731879087,-1.1316888671418024,0.543402604698134,0.14024355660077248,0.03999169085607133,1
KXNBAGAME-26JAN22CHAORL,2026-01-22,CHA,ORL,CHA,0,2025-26,0.4099,0.013028555333913172,-0.11220720550318447,-1.6658798769145837,1.2560509622358533,-0.28032253136210106,0.1843496140239412,0.9921538339245852,1.879261791385223,-0.03705523322213846,0.08602706386888376,-1.8099502250453854,-0.5041088729218727,-1.2164161539661753,-0.01925795696494194,-0.5085862714854942,-0.13604807965117394,-0.22375331488725336,-0.32328409559865284,-1.2097180225571096,0.6053621370618417,0.45654722189444635,0.4209764288173901,0.06736612666621902,-0.39860117306468257,0.22446743267666502,1.9987243550369254,0.018519878121783073,0.2942499593514472,-1.1045423189884116,1.0540783939120622,0.024210090313017338,0.9646862369157705,0.2840686907913857,0.987120298188178,-0.32310202240535246,0.01715833799143357,-0.985836120110441,-0.5180334542588506,-3.291409161386894,1
KXNBAGAME-26JAN22CHIMIN,2026-01-22,CHI,MIN,CHI,0,2025-26,0.2398,0.013028555333913172,-0.11220720550318447,-0.5155601387036779,0.33798702524664237,0.5670104839242681,0.2543232925791631,0.104473021901931,0.12997017429336294,1.9220451410807122,-1.5579022203856707,-0.6422230974583599,1.3563328176440876,-0.11527825568292054,0.4311342198272434,1.7703278598227203,0.15345253054213967,1.0311505937105252,1.791071821298089,1.0786171538606926,-1.9358122239804156,0.8421365711438422,0.4209764288173901,-0.5799570275330352,0.4055871117981088,0.7787608183091705,-0.1512548160568486,-0.3006728076353175,-1.413911833034871,-0.4807512832993218,-0.5028390885008519,-0.8662625227743656,-0.5718552312082835,1.4528447600076129,-0.5042853229732522,1.0517166392154256,-0.7061899022776409,-0.7309629993090119,0.4035543609446213,0.03999169085607133,1
KXNBAGAME-26JAN22DENWAS,2026-01-22,DEN,WAS,DEN,0,2025-26,0.7019,0.4525956754586354,-1.0273680737113182,-0.2759101932430727,-0.45256803160517817,-0.30250402390886205,0.9960442852645139,-0.2664598822573936,-2.267207226906596,-0.6367798376005623,-2.203731582057103,-1.7369672795711966,-0.2250426193369788,-0.11527825568292054,-1.3704344873414982,-0.9760558368820526,0.7485371181617232,-1.2251412823541676,-0.48454852993823233,-0.9945140874707958,1.2645681005061675,-0.2824990308335598,-1.0719176308144867,1.4208599945373879,0.186263034108256,0.9635252801866724,0.9237347694900384,1.2952906211501853,-0.04154252975013453,-0.7348883719133945,0.5533154609722359,0.12244728250415257,1.3923320824130798,-1.0886918810710677,-1.3855704627504621,0.29416349913867035,-2.6209352441663682,-1.3426584892324414,-0.8471719596886627,-1.0704752598915837,1
KXNBAGAME-26JAN22GSWDAL,2026-01-22,GSW,DAL,DAL,0,2025-26,0.3598,0.8921627955833576,1.5428709604051465,-0.2759101932430727,1.230549186208375,1.1570381856681702,0.8735903477928757,0.7388961959123573,-0.9066470802795924,2.002008421664502,-0.9120728587142385,0.5255040301286655,-0.7831751265067666,-0.11527825568292054,0.4311342198272434,0.03679488814382207,-0.4255486898444853,0.3593333497137347,0.8145260800195103,0.03129133644063286,-1.2998723533635341,0.45654722189444635,-0.14390240455683306,-0.22687167069707845,-0.6179252507545353,-0.6069726457720921,0.9237347694900384,0.3377125638788836,1.1264313453858086,0.1083846948514871,0.6170489251645773,0.24603600816396864,0.5942255916884497,1.4565201564516888,-0.9562264202948978,1.500637018520169,-0.49344041984556003,0.798275725499563,-0.123067247743077,-1.0704752598915837,0
KXNBAGAME-26JAN22HOUPHI,2026-01-22,HOU,PHI,PHI,0,2025-26,0.4239,0.013028555333913172,-1.9035859262510229,-1.2824399641776143,-0.22305204735787543,-1.500304621434092,-2.376687021097176,-1.936937029954204,2.0412332374122473,-1.9161923269412011,-0.7359375782583929,-0.49625720650998156,0.6121561414177037,-0.11527825568292054,-0.01925795696494194,0.1536622794929603,-0.3451318536796764,0.37200914677027797,0.03508131404486374,-0.8402846006589387,0.7087669940727199,-0.5074261512290411,-1.5560994879923924,-0.34456678964239706,1.5753155261439873,1.702583127696679,-0.1512548160568486,0.018519878121783073,-1.5453088939876636,-0.6771299426829231,-0.4300008437096045,-1.1007642073596642,-1.1113851641903527,-1.8936037023237555,1.7780172185010577,-0.26698697499226065,-0.2806909374134793,-1.4446077375530133,-0.7813442586027001,0.03999169085607133,0
KXNBAGAME-26JAN22LALLAC,2026-01-22,LAL,LAC,LAC,0,2025-26,0.5692,0.013028555333913172,-0.44322283868484846,-0.3398168453659017,-0.019037839138050756,0.4561030211904433,0.12487198725200341,-0.9341391097441722,-0.38833845299311476,-0.5568165570167728,-0.6772258181064448,-1.0801207703034943,-1.0622413800916604,-0.11527825568292054,0.8815263966194288,-0.5864978657182549,-0.18429818135005877,-0.2364291119437966,0.424803697032187,0.2644289327841395,2.1099028065700773,-1.5999293074356598,-1.3543570475015982,-0.28571923016973777,0.3324790859014916,0.22446743267666502,-0.1512548160568486,-0.619865493392418,0.10445420464185863,-0.11109733622430473,0.15270511462037506,0.021041148629430913,-0.09945575071706925,-2.1692584356294677,0.8515379689916842,0.5466812124975885,-0.2806909374134793,-0.985836120110441,-0.9129996607746241,0.03999169085607133,0
KXNBAGAME-26JAN22MIAPOR,2026-01-22,MIA,POR,POR,0,2025-26,0.5902,-0.42653856479080904,-0.13167871333739903,0.8744095449678331,-0.7840911199623931,-1.234126710872928,0.24732592472364165,-0.8804177925900636,0.3891244879366006,0.642632651740075,0.26216234432472935,-0.2773083700874144,-1.3413076336765548,-0.11527825568292054,1.3319185734116146,0.1926180766093406,-0.6828825655718727,0.6635524790707719,-0.3456819337013726,-0.7757234201330439,0.17364685904143928,0.2316201014989673,-1.1122661189126462,-0.16802411122441813,-0.39860117306468257,-0.42220818389459025,1.9987243550369254,-1.2582508649066195,-0.24593795789892575,1.1249330493077827,-1.0400211438363018,-0.6412676632398349,0.708595992228429,-0.7542308046601369,0.1058351584109682,1.220061781454705,0.3150076133963464,0.08463098725556123,-0.6496888564307757,-2.180942210639239,0
KXNBAGAME-26JAN22SASUTA,2026-01-22,SAS,UTA,SAS,0,2025-26,0.8322,0.013028555333913172,-1.1636686285508284,-1.3143932902390287,0.2869834731916862,-1.2518719049103368,-1.2501107963581048,0.536801717094519,0.9722216936338866,-0.35690835555729816,-1.4991904602337225,-0.9341548793551167,-0.038998450280382596,-0.11527825568292054,-0.920042310549313,0.5042644535403777,2.292540372526052,-1.4786572234850321,0.6174251047155782,-0.9263661746934627,0.023709816375669476,-0.18610169352121197,1.5910825836639975,0.47929904297483616,-0.03306104358159546,-1.7155594170371025,-0.1512548160568486,0.6569052496359843,-1.2533154252036773,-2.5947097931345717,1.2634883476868985,-1.3352658919449525,-0.2511208470853009,0.37044050722717475,0.806343859259519,-1.3612303995475739,-1.4295381425467162,-0.6290137509884406,1.1934867739761692,0.03999169085607133,1
KXNBAGAME-26JAN23BOSBKN,2026-01-23,BOS,BKN,BOS,0,2025-26,0.7736,0.4525956754586354,0.06303636500475757,-1.3463466163004434,1.1157911940847236,-0.30250402390886205,0.8386035085152648,0.9921538339245852,1.879261791385223,-1.6363208448979354,-1.4991904602337225,-1.5180184431486294,0.1470457187762136,-0.11527825568292054,-1.3704344873414982,-2.086296054698877,-0.055631243486365105,-1.3138718617499705,-1.6268382731769415,0.22856161026975183,-0.7001241827004606,-1.3750021870401785,-0.42634182124394465,-1.0507375033143105,-0.9834653802376224,0.039702970799163975,-0.1512548160568486,1.2952906211501853,1.6082205688793878,-0.9312670312969975,1.7369369388300069,0.9305274118183323,0.4326152430993514,1.2121062929206248,2.2751524255548667,-0.8561949728297366,-0.32324083389989605,-0.37414063018701094,0.07441585551480982,0.03999169085607133,1
KXNBAGAME-26JAN23DENMIL,2026-01-23,DEN,MIL,DEN,0,2025-26,0.3181,0.8921627955833576,-1.1831401363850458,-0.7552100841642833,-0.17204849530291924,-0.462210770245561,0.9645561299146638,0.08400775822417468,-1.846081467236332,-0.916651319643828,-1.9688845414493101,-1.372052552200251,-0.13202053480868028,-1.2164161539661753,-0.46965013375712733,-1.2097906195803318,-0.03954787625340197,-0.7561367912620687,0.21426401886662202,1.0212294378376758,-1.5764803458676235,-0.8930155004784347,-0.022856940262356254,-0.28571923016973777,-1.5683295874105616,-1.0688838004658463,-0.1512548160568486,0.9760979353930848,0.01685616400666149,-0.5154063408376043,0.416743751988647,-0.48598952074417034,-0.027352672115779738,1.1827031213680124,-0.6624647070358287,-0.6317347831773653,-1.2167886601146354,0.13560561141584732,0.6668651652884708,-1.0704752598915837,1
KXNBAGAME-26JAN23HOUDET,2026-01-23,HOU,DET,HOU,0,2025-26,0.4061,0.013028555333913172,-1.5530987852351417,-0.9948600296248885,-0.22305204735787543,-1.1542733377045808,-1.6559581319783931,-2.704384417870045,1.879261791385223,-1.5563575643141458,-0.2662434970428064,-0.49625720650998156,0.4261119723611075,-1.2164161539661753,1.3319185734116146,-0.6838873585092043,-2.403802859498782,1.4494518965764516,0.3710488855856605,0.5728879064078555,-0.6199854185170297,0.19948765572818394,0.05784003593396114,1.5385551134827065,2.5988278886966314,3.2730810536554436,-0.1512548160568486,-0.939058179149519,-0.6547288141965062,1.00941619084684,-1.2039071946166084,-1.0912573823089085,-1.578812018571135,-1.5003362828076021,1.1678967371168356,-1.1367702098952017,-1.3018884530874673,-2.158252475797015,-2.032070579235984,-1.0704752598915837,1
KXNBAGAME-26JAN23INDOKC,2026-01-23,IND,OKC,IND,0,2025-26,0.1414,-0.42653856479080904,-1.2610261677219068,-0.1321202259667086,-0.720336679893698,-0.7195160837880183,0.4187614371839356,-0.9929767428177221,-0.35594416378770943,1.2023756158266035,0.6144329052364195,-0.49625720650998156,-0.13202053480868028,-0.11527825568292054,0.8815263966194288,0.4847865549821889,-0.8437162379014903,0.9804474054843524,0.7742099714346167,-0.646601059081256,-0.16500404766918,-0.9894128377907848,-1.0315691427163274,-2.34538381171282,0.6249111894879615,2.0721120514516818,-0.1512548160568486,-0.9390581791495186,-1.3117141189604755,0.5126936994647866,-1.2221167558144204,-1.0659058488402293,0.7409180619462494,-0.5943510593428221,0.4447909814022039,1.5567520659332617,2.1446531623122413,-0.781937623469298,-1.5712766716342474,0.03999169085607133,1
KXNBAGAME-26JAN23NOPMEM,2026-01-23,NOP,MEM,NOP,0,2025-26,0.3512,-1.3056728050402537,-0.7158239483638688,0.37913299101591413,-0.7713402319486541,0.2830873793256902,-0.20750298588530042,-0.5632062055848505,-0.12918413934987705,-0.5967981973086682,0.9667034661481096,0.30655519370609896,0.7982003104742998,-0.11527825568292054,-0.920042310549313,-0.04111670608893858,0.3303695701047182,-0.2871323001699695,-0.44871198897388215,-0.2915145661888378,0.29256244460394415,0.9385339084561901,0.7841128217008205,1.0089270782287718,-1.2027894579274745,0.5939963564316687,-0.1512548160568486,-0.3006728076353175,-0.5087320798045131,0.03907457977492049,-0.34805781831945104,0.5153960512686935,0.04972303259594581,-0.6108903433411651,-0.7528529265001576,-0.9684250676559231,-0.025391558494983195,1.0531488463009926,0.14024355660077248,0.03999169085607133,1
KXNBAGAME-26JAN23PHXATL,2026-01-23,PHX,ATL,ATL,0,2025-26,0.4209,0.8921627955833576,-0.7158239483638688,-1.4901365835768052,0.7205136656588136,-1.1143466511204037,0.6531732603439281,0.4140101350279866,-0.2263670069660906,-0.7167431181843533,0.08602706386888376,-0.20432542461322556,-1.2482855491482567,0.9858596426003342,-0.46965013375712733,-0.5864978657182549,0.31428620287175735,-0.6293788206966365,-1.2729524311539708,0.02411787193775454,-0.8888380467453073,-0.31463147660434315,1.4700371193695205,-0.8153472654236734,1.5753155261439873,-0.3298259529558397,-0.1512548160568486,0.9760979353930848,-0.09994122350693262,-1.3009209783720146,0.9630305879230029,0.1002646907190599,0.44256049532021935,0.9309384649487967,0.06064104867880462,-1.5295755417868533,0.655406785287676,-1.24070924091187,-0.6496888564307753,1.1504586416037264,0
KXNBAGAME-26JAN23SACCLE,2026-01-23,SAC,CLE,CLE,0,2025-26,0.8299,-0.42653856479080904,-0.9105390267060254,-0.1640735520281231,-0.4653189196189172,0.9707136482753579,0.026908837274692024,-0.26901804021710995,-0.712281345047163,-0.6367798376005623,-0.03139645643501261,-1.299069606726062,0.1470457187762136,-0.11527825568292054,0.4311342198272434,0.3094854679584788,0.2660361011728702,-0.008264764926018657,0.747332565711351,0.5190869226362751,-0.47780374012707755,0.4886796676652297,1.7121280479584728,1.1854697566467507,-0.3254931471680654,0.7787608183091705,-0.1512548160568486,-0.619865493392418,-0.9175229361020935,-0.30747599560790606,-0.32984825712163923,0.16047458270717385,-0.34560074318354295,0.14807902236056955,-0.8432411459644863,-1.6418056366130378,-0.8763894882233064,-0.6799883751487262,-0.4522057531728885,0.03999169085607133,0
KXNBAGAME-26JAN23TORPOR,2026-01-23,TOR,POR,TOR,0,2025-26,0.611,0.4525956754586354,-0.28745077601112373,-0.6114201168879192,0.29973436120542524,-0.19159656117504467,-1.5405015623622744,0.4063356611488291,-0.6798870558417577,1.7621185799131331,-1.4991904602337225,-0.49625720650998156,-0.41108678839357415,-0.11527825568292054,1.3319185734116146,0.29000756940029004,-0.6667991983389118,0.7142556672969448,-0.10378528219200092,-0.5605194850467301,0.29256244460394415,0.3601498845820985,-1.152614607010804,0.47929904297483616,-0.10616906947821261,-0.6069726457720921,-1.2262444016037357,-0.6198654933924184,-0.43573371260851645,0.039074579774922125,-0.30253391532492147,-0.06768921851094503,-0.7110887623004293,0.08559728281127311,-0.7302558716340749,2.033729968944553,-1.4295381425467162,-0.27219138186643965,0.14024355660077248,1.1504586416037264,1
KXNBAGAME-26JAN24BOSCHI,2026-01-24,BOS,CHI,CHI,0,2025-26,0.42,0.4525956754586354,-0.24850776034269187,-1.1706033229626647,0.7715172177137698,-0.755006471862836,0.6986561514048211,0.4370335566654621,1.717290345358199,-1.4364126434384608,-1.323055179777877,-1.2260866612518726,0.05402363424791592,-1.2164161539661753,-0.01925795696494194,-0.09955040176350768,-0.45771542431040924,0.29595436443101863,0.3307327770007644,0.648209283688065,-0.11588674058901394,-0.025439464667297386,1.8331735122529496,-1.6392130980409056,-0.6179252507545353,0.9635252801866724,-0.1512548160568486,0.3377125638788836,-0.11454089694613111,-0.5154063408376027,0.33480072659849364,-0.7775321556339896,0.042264093430294504,0.3980059805577493,1.2130908468490007,-2.2871286818636074,0.22990782042351438,-0.4251152543472966,-0.6496888564307753,-1.0704752598915837,0
KXNBAGAME-26JAN24CLEORL,2026-01-24,CLE,ORL,CLE,0,2025-26,0.4927,0.4525956754586354,0.4719380295232853,0.37913299101591413,0.0064639368894273234,0.5359563943587953,0.28931013185677595,0.15307802313660124,0.29194162032038706,1.3223205367022883,0.6144329052364195,-0.2773083700874144,0.6121561414177037,-1.2164161539661753,-0.01925795696494194,-0.6838873585092043,0.13736916330917653,-0.5533240383573771,-0.2740088517726698,-0.8618049941675697,0.4011375444653627,-0.21823413929199306,0.4209764288173901,0.3027563645568572,-0.17927709537483108,0.1320852017379145,-0.1512548160568486,0.3377125638788836,0.8636372234802213,0.1776948099280521,0.39853419079083513,0.5724370015732262,0.798103262216239,-0.17351816649609805,0.35440276193787357,0.6308537836172281,0.22990782042351438,-0.06829288522529572,0.33772665985865924,-1.0704752598915837,1
KXNBAGAME-26JAN24LALDAL,2026-01-24,LAL,DAL,LAL,0,2025-26,0.6061,-0.42653856479080904,-0.7547669640323007,-0.3717701714273139,-0.19755027133039735,0.3673770510033919,0.3522864425564725,-1.1464662204008875,-0.7446756342525683,-0.7967063987681429,-0.7359375782583929,-0.35029131556160326,-0.8761972110350646,-0.11527825568292054,0.8815263966194288,0.32896336651667035,-0.5542156277081789,0.6508766820142288,1.0519431639083436,0.5944082999164865,-1.5583844958907225,0.9385339084561901,-0.06320542836051567,0.3027563645568572,-0.7641413025477697,-0.14506149107833788,-0.1512548160568486,-0.9390581791495186,-0.8153252220277,0.13148806654367598,-0.6120964556877232,-0.48598952074417207,-0.16658620320792683,0.28590638901342563,-1.1821969689557206,-0.5195046883511787,-0.7487397987640568,0.28852948389670474,-0.518033454258851,0.03999169085607133,1
KXNBAGAME-26JAN24MIAUTA,2026-01-24,MIA,UTA,MIA,0,2025-26,0.6776,-0.42653856479080904,-0.2290362525084773,0.9063628710292475,-0.8733473360585664,-1.2962348900038663,-0.37543981441783364,-1.0722796395690253,0.4863073555528142,0.642632651740075,0.027315303716935573,0.08760635728353114,-1.1552634646199587,-0.11527825568292054,-0.920042310549313,0.3484412650748592,2.1156233329634735,-1.4406298323154025,0.5681498608895926,-0.9945140874707958,0.08058248773165033,-0.12183680197964522,1.550734095565838,0.5969941619201548,-0.47170919896130037,-1.6231771860983515,-0.1512548160568486,0.33771256387888376,-0.43573371260851645,-0.8619569162204309,0.4076389713897411,-1.3320969502613678,0.41769736476804875,-0.8259010353196228,0.4221939265361197,-0.6317347831773643,-0.4083406268727281,0.3904787322172765,0.33772665985865924,0.03999169085607133,1
KXNBAGAME-26JAN24NYKPHI,2026-01-24,NYK,PHI,NYK,0,2025-26,0.5404,-0.8661056849155315,-1.2610261677219068,-0.7232567581028687,-0.24855382338535348,-0.7949331584470107,0.33479302291766705,-0.2536690924587948,0.6806730907852436,-0.916651319643828,-0.03139645643501261,-0.42327426103579274,-0.5041088729218727,0.9858596426003342,-0.01925795696494194,0.11470648237657996,-0.2968817519807916,0.30863016148756184,0.06643828738867294,-1.2993863288430736,1.2568127362303585,-0.5395585969998222,-0.9105236784218519,-0.28571923016973777,2.0139636815236917,1.1482897420641736,-0.1512548160568486,-0.6198654933924183,-1.0343203236156875,-0.30747599560790606,-0.40268650191288674,-0.6190850714547403,1.13375552467052,-1.0739902952947666,0.8515379689916825,-0.014469261633341557,0.18735792393709838,-1.6994808583544423,-1.1763104651184737,1.1504586416037264,1
KXNBAGAME-26JAN24WASCHA,2026-01-24,WAS,CHA,CHA,0,2025-26,0.8195,-1.7452399251649762,-1.4362697382298488,0.8264795558757124,-1.6001479528416918,-1.074419964536229,-1.2850976356357158,1.166108575185507,-0.5503098990201388,-1.2365044419789861,1.1428387466039553,0.16058930275772,0.7051782259460014,-0.11527825568292054,-0.01925795696494194,0.1536622794929603,-1.6639679667825418,1.4114245054068217,0.25010055983096974,0.6159286934251175,1.0163964436800685,1.6775801611841985,0.09818852403211913,0.24390880508419793,-1.860761690997031,-0.42220818389459025,-0.1512548160568486,-1.2582508649066195,-1.1949167314468814,1.794930828381252,-2.159909157501731,-0.9486550065475774,-1.3450985913807432,0.1168381525859193,-1.5663469016791198,-0.9403675439493753,0.655406785287676,1.4099712154229926,0.798520567460395,0.03999169085607133,0
KXNBAGAME-26JAN25BKNLAC,2026-01-25,BKN,LAC,LAC,0,2025-26,0.8074,-1.7452399251649762,-2.1372440202616114,0.13948304555530888,-1.5108917367455186,-1.9128803828038887,-0.27397798051276157,-0.632276470497277,-0.9066470802795924,-0.7167431181843533,-0.5598022978025484,-1.0801207703034943,0.1470457187762136,-0.11527825568292054,1.3319185734116146,-0.6449315613928239,-0.8597996051344534,0.25792697326138897,0.3172940741391316,0.23573507477263017,2.1383391422480678,-0.9894128377907848,-1.4754025117960752,0.3027563645568572,0.6249111894879615,-0.14506149107833788,0.9237347694900384,-2.2158289221779213,-1.1219183642508848,0.7206240446944832,-1.26764065880895,-1.5951191099989233,-0.36300493457006217,-1.972624725871393,0.06064104867880462,0.5186236887910416,-0.6210901093048088,-1.1897346167515845,0.20607125768673457,-1.0704752598915837,0
KXNBAGAME-26JAN25MIAPHX,2026-01-25,MIA,PHX,MIA,0,2025-26,0.4019,-0.42653856479080904,0.19933691984426774,1.0661295013363177,-0.720336679893698,-1.4293238452844494,-0.3929332340566391,-0.8471617391137114,1.166587428866316,0.8425408531995496,-0.0901082165869608,-0.5692401519841711,-1.2482855491482567,-1.2164161539661753,0.4311342198272434,-0.7812768513001538,-1.374467356589228,0.5748218996749693,-1.111687996814389,0.4616992066132604,0.8225123367846787,-0.4752937054582577,-0.5877357736365809,-0.10917655175175883,0.6980192153845788,-1.0688838004658463,-0.1512548160568486,-0.619865493392418,0.7322401625274287,1.7602757708429677,-0.9307637766494307,-0.2388120694245399,-0.604177300926104,-1.1916029815052016,1.145299682250753,0.9956015918023329,0.01715833799143357,-0.8838868717898697,-0.123067247743077,-1.0704752598915837,1
KXNBAGAME-26JAN25NOPSAS,2026-01-25,NOP,SAS,NOP,0,2025-26,0.1908,-0.8661056849155315,-0.19009323684004545,0.4110863170773286,-0.45256803160517817,0.2742147823069858,-0.3439516590679815,-0.3125067255323418,0.09757588508795764,-0.5568165570167728,0.027315303716935573,0.6714699210770445,0.5191340568894061,-0.11527825568292054,0.4311342198272434,-0.8202326484165341,-1.374467356589228,0.549470305561883,-0.9056278862693673,-0.8904988521790771,0.42440363729280994,0.713606788060711,-0.22459938075315045,-1.2272801817322896,-0.9834653802376224,0.31684966361541633,0.9237347694900384,-0.9390581791495188,0.4694460406218415,1.2866566511531015,-0.7213538228745943,0.8322902196271971,0.36797110366371183,-0.5245185269053739,-0.436494158375006,-0.23892945128571375,0.9107061642061729,1.1550980946215643,0.14024355660077248,-1.0704752598915837,1
KXNBAGAME-26JAN25SACDET,2026-01-25,SAC,DET,DET,0,2025-26,0.8368,-0.42653856479080904,-0.5211088700217122,-0.03626024778246741,-0.3123082634540487,1.1792196782149336,0.7056535192603445,0.17610144477407674,-0.5503098990201388,-0.27694507497350856,0.027315303716935573,-1.6639843340970077,-0.31806470386527647,-0.11527825568292054,0.8815263966194288,-1.1513569239057626,-2.323386023333973,1.0818537819366982,-0.3277636632191938,-0.2843411016859615,-0.6613473613213809,0.1352227641866172,-0.2649478688513099,1.3620124350647276,2.3795038110067788,3.2730810536554436,-0.1512548160568486,-0.9390581791495186,0.4694460406218415,1.644758912382025,-1.003602021440678,1.0699608458960699,0.6936781138971277,0.5983150867599017,-0.4816882681071696,-0.014469261633341557,-0.9614892811961376,-2.820922589880731,-2.5586921879236826,0.03999169085607133,0
KXNBAGAME-26JAN25TOROKC,2026-01-25,TOR,OKC,TOR,0,2025-26,0.2181,0.4525956754586354,-0.44322283868484846,-0.6433734429493336,0.223229033122991,-0.1605424716095768,-1.5894831373509322,0.4447080305446197,-0.6798870558417577,1.522228738161763,-1.4404787000817743,-0.7152060429325487,-0.038998450280382596,-0.11527825568292054,0.8815263966194288,0.660087642005899,-0.6989659328048358,0.9804474054843524,0.8279647828811457,-0.8044172781445511,-0.15207844054281916,-0.6038234885413889,-1.1122661189126462,-2.34538381171282,0.7711272412811959,2.4416409752066857,-0.1512548160568486,-0.3006728076353175,-0.8299248954668984,0.039074579774922125,-0.5483629914953816,-0.7046464969115369,-0.5768278573187182,0.42924685033239546,-0.05234422565160675,1.8373273029987276,0.655406785287676,-1.0368107442707266,-1.7687597748921349,0.03999169085607133,1
KXNBAGAME-26JAN26GSWMIN,2026-01-26,GSW,MIN,MIN,0,2025-26,0.7289,0.8921627955833576,1.5623424682393638,-0.41970016051943676,1.3580580663457655,1.134856693121409,0.7826245656710877,1.125178047829997,-1.0686185263066166,2.0419900619563975,-0.9120728587142385,1.109367593922179,-0.2250426193369788,-1.2164161539661753,-0.46965013375712733,0.4847865549821889,0.16953589777510053,0.18187219092212964,0.6263842399566651,1.5161984885361963,-2.163302909404342,0.9706663542269734,0.017491547835801726,0.12621368613887937,-0.39860117306468257,1.055907511125423,-1.2262444016037357,0.9760979353930848,0.8052385297234254,-0.4229928540688504,0.8355636595383198,0.36328685045661535,-0.49975215260699263,2.3478037941401633,-1.430764572482626,1.4164644474005301,-0.7487397987640576,1.0531488463009921,-0.9129996607746248,0.03999169085607133,0
KXNBAGAME-26JAN26INDATL,2026-01-26,IND,ATL,ATL,0,2025-26,0.6602,0.013028555333913172,-1.4557412460640633,-0.46763014961155736,-0.5800769117425685,-1.0877288600642905,0.3487877586287118,-1.5353062302782492,-0.0320012717336612,1.0424490546590242,0.6144329052364195,-0.35029131556160326,-0.31806470386527647,0.9858596426003342,-0.01925795696494194,-0.7228431556255847,-0.18429818135005877,-0.32515969133959916,-0.9638622653364373,0.253668736029823,-1.2869467462371762,0.07095787264505272,1.3086431669768843,-0.521109468060376,1.2097753966609002,-0.3298259529558397,0.9237347694900384,0.018519878121783073,-0.5525311001221106,-0.2035108229930586,-0.18417176753914433,-0.09937863534679874,0.06712722398246368,-0.18638205405036534,-0.07494128051768933,-0.18281440387261993,0.8256063712333408,-1.0877853684310124,0.008588154428847751,0.03999169085607133,0
KXNBAGAME-26JAN26LALCHI,2026-01-26,LAL,CHI,LAL,0,2025-26,0.5382,-0.42653856479080904,-0.6574094248612223,-0.2599335302123666,-0.22305204735787543,0.09232654342352335,0.551711426438856,-0.9111156881066995,-0.3235498745823065,-0.9566329599357221,-0.6772258181064448,-0.6422230974583599,-0.6901530419784689,-0.11527825568292054,0.4311342198272434,0.1926180766093406,-0.4737987915433701,0.49876711733571016,0.5905476989923124,1.3619690017243393,0.30031780887975895,0.006692981103485984,1.8331735122529496,-1.4038228601502685,-1.1296814320308568,1.055907511125423,-0.1512548160568486,-0.619865493392418,-0.6401291407573078,0.15459143823586322,-0.5210486496986638,-0.3560629117171849,-0.5569373528769823,-0.8663303962044605,-0.23312066458026587,-1.9504383973850496,0.527757095828428,0.3395041080569904,-1.2421381662044364,0.03999169085607133,1
KXNBAGAME-26JAN26MEMHOU,2026-01-26,MEM,HOU,HOU,0,2025-26,0.8198,-0.8661056849155315,-0.24850776034269187,0.18741303464743175,-0.3123082634540487,-0.7505701733534837,-0.3159621876458939,0.2579624994850992,0.8426445368122677,1.0024674143671288,0.9667034661481096,-1.0071378248293055,0.6121561414177037,0.9858596426003342,-0.01925795696494194,-1.3071801123712812,-0.8437162379014903,-0.1857259237176237,-0.8921891834077369,-1.2814526675858808,-2.5329752732182205,1.5811828238718484,-1.5157509998942345,-0.22687167069707845,-0.10616906947821261,0.9635252801866724,0.9237347694900384,-0.6198654933924183,0.7906388562842268,0.7437274163866721,-0.09312396155008507,0.0907578656683059,0.6588697311240906,1.9876149426206984,-0.5268823778393348,1.753154731879088,0.8681562677197568,-0.6290137509884406,-0.2547226499150017,0.03999169085607133,0
KXNBAGAME-26JAN26ORLCLE,2026-01-26,ORL,CLE,CLE,0,2025-26,0.6301,-0.42653856479080904,-0.852124503203379,0.23534302373955235,-0.745838455921176,-0.6041723225448488,-0.4244213894064874,0.5572669807722752,-0.5827041882255442,0.12287132794544067,0.144738824020833,-0.20432542461322556,0.05402363424791592,-0.11527825568292054,0.8815263966194288,0.6795655405640878,0.28211946840583335,0.2198995820917593,0.9757905143590948,0.7307041254711507,0.0056139663987654345,0.07095787264505272,1.5103856074676785,0.5969941619201548,-0.3254931471680654,0.22446743267666502,-0.1512548160568486,-0.9390581791495186,-1.1511177111292838,-0.030235535301644495,-0.6940394810778765,-1.126115740828345,-0.8130275975643226,0.3980059805577472,-0.4590912132410886,-0.9684250676559222,-0.3232408338998953,0.08463098725556123,-0.12306724774307641,0.03999169085607133,0
KXNBAGAME-26JAN26PHICHA,2026-01-26,PHI,CHA,CHA,0,2025-26,0.567,0.013028555333913172,-0.20956474467426275,-0.5475134647650924,0.29973436120542524,0.2121066031760476,-1.5509976141455586,1.189131996822988,-0.6798870558417577,-1.076577880811407,-0.2662434970428064,1.912179994138259,0.7051782259460014,-0.11527825568292054,-0.01925795696494194,0.05627278670201085,-1.374467356589228,1.1198811731063278,0.19186618076389975,0.16758716199529905,0.6208728656134742,1.4847854865595005,0.29993096452291335,0.24390880508419793,-1.5683295874105616,-0.7917371076495939,-0.1512548160568486,0.018519878121783073,-0.20213893758132823,0.5935555003874452,-0.5938868944899113,0.011534323578678672,-1.2232692516751154,0.4145452645560923,-1.5211527919469545,-0.9684250676559222,-0.36579073038631205,2.4294636986287097,1.0618313718042445,0.03999169085607133,0
KXNBAGAME-26JAN26PORBOS,2026-01-26,POR,BOS,BOS,0,2025-26,0.8226,0.8921627955833576,-0.0732641898347526,-0.7072800950721626,0.516499457438989,-0.30694032241821423,-1.0576831803312448,0.5854067183291891,0.1947587527041712,-1.2365044419789861,0.7318564255403169,0.23357224823190884,-0.6901530419784689,0.9858596426003342,-0.01925795696494194,-0.29432938734540653,-0.9241330740662991,0.5367945085053397,-0.5651807471080246,0.5262603871391534,0.5303936157289568,1.1634610288516714,-1.1929630951089636,-1.4626704196229277,-1.0565734061342396,0.1320852017379145,-0.1512548160568486,0.6569052496359842,0.16285289839865466,0.15459143823586322,-0.02028571675883761,0.17631929112509895,-1.1213304164112208,0.045167921926433395,-0.6850617619019114,-0.042526785339887456,1.5915045079888321,0.9002249738201343,-0.5838611553448133,1.1504586416037264,0
KXNBAGAME-26JAN27BKNPHX,2026-01-27,BKN,PHX,PHX,0,2025-26,0.7697,-1.7452399251649762,-2.409845129940632,0.4909696322308637,-1.969923705240124,-2.2589116665334,-0.7078147875551355,-0.008085928325724552,-1.16580139392283,-0.7167431181843533,-0.7946493384103421,-0.8611719338809272,-0.2250426193369788,-0.11527825568292054,0.4311342198272434,-0.6838873585092043,-1.1975503170266495,0.49876711733571016,-1.3356663778415891,-0.04403004083957657,0.9724493794504485,0.038825426874269355,-0.9508721665200098,-0.22687167069707845,0.3324790859014916,-0.42220818389459025,-0.1512548160568486,-1.57744355066372,-1.2971144455212769,1.2173465360765365,-1.7684035917487761,-0.6729570800756832,-0.4773753351100401,-0.6954244615549162,-0.8432411459644863,0.15387588060593685,-0.4083406268727281,-0.8329122476295836,0.1402435566007719,0.03999169085607133,0
KXNBAGAME-26JAN27DETDEN,2026-01-27,DET,DEN,DET,0,2025-26,0.7025,1.3317299157080804,-0.6574094248612223,-2.3848297132963996,1.472816058469417,-0.014144620800939351,0.27181671221796855,-0.7601843684832505,0.2595473311149818,-0.03705523322213846,1.2602622669078516,2.7149923943543386,2.937708254625154,-0.11527825568292054,0.8815263966194288,-1.5993485907441296,-1.10105011362888,-0.1730501266610805,-1.0265762120240531,0.34333704231578904,0.3727012087873723,-1.5677968616648763,-0.8701751903236925,-2.6396216090761175,-1.2758974838240917,-0.42220818389459025,1.9987243550369254,0.337712563878884,0.7030408156490298,-0.9312670312969975,1.1724405416978394,0.7118704356509656,-0.04972948961273227,-0.8093617513212797,1.280882011447247,0.5747387362041353,2.8254515060949,2.78628606775071,2.3783853935234904,-2.180942210639239,1
KXNBAGAME-26JAN27LACUTA,2026-01-27,LAC,UTA,LAC,0,2025-26,0.7505,1.3317299157080804,-0.2290362525084773,-1.106696670839838,0.7332645536725527,0.6646090511300239,0.6566719442716887,2.1177433362011495,-0.8742527910741872,-1.676302485189831,0.26216234432472935,1.1823505393963678,-0.5041088729218727,-0.11527825568292054,-0.920042310549313,0.17314017805115184,2.405123943156787,-1.7828763528420695,0.7338938628497181,-0.9514733004535318,0.049561030628388306,-1.117942620873916,1.6717795598603147,0.24390880508419793,-0.39860117306468257,-1.1612660314045973,0.9237347694900384,1.6144833069072864,-0.3043366516557239,-2.5253996780580086,1.8006704030223484,-0.04867556840943527,1.1213239593944355,1.4877610262263348,0.173626323009216,-2.343243729276701,0.01715833799143357,1.104123470461278,0.4693820620305837,-1.0704752598915837,1
KXNBAGAME-26JAN27MILPHI,2026-01-27,MIL,PHI,PHI,0,2025-26,0.7716,-0.42653856479080904,-1.4946842617324951,-0.2759101932430727,-0.7585893439349151,-0.07625279993188003,0.5936956335719883,-1.3869330686145194,-0.7770699234579735,-0.03705523322213846,-0.5010905376506002,-1.1531037157776838,-0.8761972110350646,2.086997540883589,-0.46965013375712733,-0.9176221412074835,-0.18429818135005877,-0.45191766190503135,-0.40839588038898855,-1.8230492375531016,0.9026511009681097,-0.7323532716245201,-1.4754025117960752,0.12621368613887937,1.79463960383384,0.5016141254929182,-1.2262444016037357,0.018519878121783073,-0.43573371260851645,-0.06489059283992699,-0.22059088993476808,0.2301912997460418,1.6807443968182407,-1.6363259512384223,-0.029747170785525755,0.9956015918023329,-0.4508905233591448,-2.0563032274764437,-0.9788273618605872,3.371392543099036,0
KXNBAGAME-26JAN27NOPOKC,2026-01-27,NOP,OKC,OKC,0,2025-26,0.866,-0.42653856479080904,-0.1706217290058309,0.15545970858601726,-0.23580293537161445,0.10563543895158242,-0.2914714001515651,-0.20250593326440258,0.5510959339636248,-0.7567247584762474,-0.3249552571947546,0.30655519370609896,0.7982003104742998,-0.11527825568292054,0.8815263966194288,0.7379992362386569,-1.036716644697032,1.297342331897933,1.159452786801394,-0.8976723166819554,0.1245295519612732,-0.4752937054582577,-0.9912206546181693,-2.1688411332948414,0.11315500821163886,2.4416409752066857,-0.1512548160568486,-0.9390581791495186,-0.6839281610749053,0.8592442748476148,-1.1037546080286433,-0.7490116804817258,0.41023842560240026,-0.2323245096013167,0.7159556397951903,0.15387588060593785,1.3362051290703345,0.1356056114158478,-1.1763104651184737,0.03999169085607133,0
KXNBAGAME-26JAN27PORWAS,2026-01-27,POR,WAS,WAS,0,2025-26,0.3178,0.4525956754586354,-0.9105390267060254,-0.9469300405327679,0.1594745930542958,-0.825987248012481,-1.568491033784364,-0.14366830019085847,0.2271530419095765,-1.83622904635741,0.9667034661481096,0.37953813918028784,-0.31806470386527647,-1.2164161539661753,-1.8208266641336839,-1.4045696051622307,0.5233699769002599,-1.3265476588065135,-1.2057589168458114,-1.1810241645456003,1.1404822720931225,-0.6038234885413889,-0.6684327498328982,0.7735368403381336,0.47869513769472594,0.7787608183091705,0.9237347694900384,1.6144833069072864,0.3672483265474459,-1.0583355756040356,1.063183174510968,0.25871177489830904,-0.3008471081896393,-0.9122728517554138,0.5803733105986962,-0.8281374491231897,0.1448080274506816,-0.06829288522529572,-0.7813442586027001,-2.180942210639239,0
KXNBAGAME-26JAN27SACNYK,2026-01-27,SAC,NYK,NYK,0,2025-26,0.8713,-0.42653856479080904,-0.1706217290058309,0.5868296104151072,-0.5800769117425685,1.6228495291502005,1.2304561084245065,0.07377512638529508,-0.8742527910741872,0.08288968765354518,0.3795858646286257,-1.9559161159937637,-0.2250426193369788,-0.11527825568292054,-0.46965013375712733,-1.3656138080458504,-1.0206332774640712,-0.08431954726527797,-0.7219656138270656,0.17834735874961355,-1.0232643608594418,0.9385339084561901,-0.7491297260292157,-0.34456678964239706,-0.6910332766511524,-0.23744372201708921,0.9237347694900384,0.018519878121783073,0.8928365703586204,1.159588106846067,-0.357162598918357,1.6657218824100541,0.7458906880566814,0.7820849089637072,-1.2725851884200492,0.5747387362041344,0.5277570958284272,-0.8838868717898692,0.008588154428847751,-1.0704752598915837,0
KXNBAGAME-26JAN28ATLBOS,2026-01-28,ATL,BOS,ATL,0,2025-26,0.3498,0.4525956754586354,-0.13167871333739903,-0.2599335302123666,0.1212219290130787,-0.49770115832037864,0.43275617289498036,-1.036465428132954,0.09757588508795764,1.5622103784536585,-0.5598022978025484,1.2553334848705566,0.4261119723611075,-0.11527825568292054,0.4311342198272434,-0.4501525758109251,-1.2458004187255345,0.6889040731838584,-0.6547720995189037,0.47963286787045323,0.5588299514069472,0.7778716796022755,-0.8701751903236925,-1.2861277412049488,-0.6910332766511524,-0.05267926013958736,-0.1512548160568486,0.018519878121783073,0.23585126559465125,0.7090723588483879,-0.41179128251179264,0.10343363240264457,-0.029838985170995,-1.1401474312881368,-0.4816882681071696,1.6970396844659952,0.5277570958284272,1.358996591262707,0.33772665985865924,0.03999169085607133,1
KXNBAGAME-26JAN28CHAMEM,2026-01-28,CHA,MEM,CHA,0,2025-26,0.5499,0.4525956754586354,0.6861246156996592,-1.474159920546099,1.6258267146342853,0.9529684542379466,0.2823127640012526,0.34493987011556293,1.620107477741983,0.8825224934914437,0.6731446653883677,-1.1531037157776838,-0.9692192955633627,-0.11527825568292054,-0.920042310549313,-0.6449315613928239,-0.0877979779522868,-0.3505112854526856,-1.2236771873279852,-0.7936570813902366,0.6829157798200011,1.3883881492471528,0.7841128217008205,0.8323843998107929,-1.1296814320308568,0.8711430492479211,-0.1512548160568486,0.9760979353930849,0.995034284433016,-1.0005771463735642,1.4091648372693932,1.542133156750238,0.7458906880566827,-0.2359999060453945,0.1510292681431318,0.06970330948629715,-0.1104913514678152,-0.017318261065010523,-1.3079658672903984,0.03999169085607133,1
KXNBAGAME-26JAN28CHIIND,2026-01-28,CHI,IND,IND,0,2025-26,0.4592,0.4525956754586354,0.4914095373575026,-0.2918868562737788,0.554752121480206,0.9307869616911831,1.3494113619683858,0.007263019432590565,-0.12918413934987705,2.0419900619563975,-1.2643434196259287,-0.8611719338809272,0.7051782259460014,-0.11527825568292054,-0.01925795696494194,-1.4240475037204194,-0.23254828304894362,-0.7434609942055255,-1.0803310234705796,-0.20901972440575206,-1.411032574650227,0.26375254726975067,1.0262037502897727,0.7735368403381336,-0.3254931471680654,-0.05267926013958736,-0.1512548160568486,0.3377125638788836,1.4330244876089955,-0.04178722114773811,0.9266114655273792,1.424882314457593,1.0989471418974857,1.0099594884964342,-0.27831477431243107,0.7150263547368678,-1.4720880390331321,-0.37414063018701094,0.5352097631165461,0.03999169085607133,0
KXNBAGAME-26JAN28GSWUTA,2026-01-28,GSW,UTA,GSW,0,2025-26,0.734,0.4525956754586354,0.8418966783733839,-0.49958347567297184,0.9500296499061164,0.4827208122465615,0.2508246086514024,0.7081983003957214,-0.9390413694849977,1.642173659037448,-0.3836670173467028,1.620248212241502,-0.038998450280382596,-0.11527825568292054,-1.3704344873414982,-0.08007250320531892,2.4212073103897476,-1.9603375116336745,0.5367928875457859,-0.7828968846359202,0.4812763086487908,-1.1822075124154805,1.5103856074676785,0.7146892808654743,-0.7641413025477697,-1.1612660314045973,-1.2262444016037357,1.2952906211501853,0.6884411422098312,-2.09798730175252,2.0829186015884322,-0.039168743358683034,0.7160549313940788,0.1682937028029843,0.1736263230092144,0.09776083319284504,-0.7912896952504737,1.6648443362244219,0.7985205674603953,1.1504586416037264,1
KXNBAGAME-26JAN28LALCLE,2026-01-28,LAL,CLE,CLE,0,2025-26,0.609,0.013028555333913172,0.08250787283897211,-0.08419023687458801,0.1212219290130787,0.8287520959760727,1.440377144090172,-0.6859977876513828,-0.6474927666363547,-0.5568165570167728,-1.2056316594739804,-0.7881889884067382,-0.5971309574501704,-0.11527825568292054,0.8815263966194288,0.5626981492149495,-0.00738114178747798,0.37200914677027797,0.8638013238454934,0.9279743993002716,0.1012634591338231,-0.025439464667297386,1.1069007264860902,0.42045148350217687,-0.39860117306468257,0.1320852017379145,-0.1512548160568486,-0.619865493392418,-0.362735345412522,-0.05333890699383337,-0.18417176753914438,-0.02332403494075618,0.3754300428293617,-0.5631101895681717,-0.436494158375006,-1.1648277336017476,-1.1742387636282192,-0.27219138186643965,-0.5180334542588506,0.03999169085607133,0
KXNBAGAME-26JAN28MINDAL,2026-01-28,MIN,DAL,MIN,0,2025-26,0.7492,-0.42653856479080904,0.1798654120100504,-0.052236910813173526,0.1594745930542958,0.5936282749803813,1.576825817272855,-2.1543804565303577,0.7778559584014595,0.08288968765354518,0.7318564255403169,0.014623411809342294,1.26331073311579,-0.11527825568292054,0.4311342198272434,0.32896336651667035,-0.3612152209126373,0.49876711733571016,0.4472015351349068,0.4652859388646966,-1.6075018029708885,0.8100041253730589,-0.14390240455683306,0.00851856719355974,-0.47170919896130037,-0.5145904148333416,1.9987243550369254,-0.619865493392418,-0.11454089694613317,0.22390155331242984,-0.24790523173148585,0.10343363240264457,0.7931306361058044,-0.40323044425085885,-0.029747170785524153,0.15387588060593685,0.527757095828428,0.3395041080569909,1.259314475062132,-2.180942210639239,1
KXNBAGAME-26JAN28NYKTOR,2026-01-28,NYK,TOR,NYK,0,2025-26,0.458,0.013028555333913172,-1.1441971207166137,-1.6019732247917546,0.529250345452728,-0.49770115832037864,0.03390620513021343,-1.0927449032467789,1.425741742509556,-0.39688999584919366,-0.2662434970428064,-0.35029131556160326,-0.41108678839357415,-1.2164161539661753,0.4311342198272434,-0.29432938734540653,-0.5220488932422549,0.2198995820917593,-0.06794874122765075,-1.0554885357452526,0.21242368042051896,-0.411028813916691,1.9542189765474263,-1.1684326222596302,-0.47170919896130037,0.1320852017379145,0.9237347694900384,-0.3006728076353175,-0.6401291407573078,-0.7810951152977723,0.21643857881271655,-0.31169772814698904,0.7508633141671159,-0.9343252304198706,1.280882011447247,-1.641805636613039,0.655406785287676,0.08463098725556167,-0.3863780520869259,-2.180942210639239,1
KXNBAGAME-26JAN28ORLMIA,2026-01-28,ORL,MIA,ORL,0,2025-26,0.4296,-0.42653856479080904,-1.1636686285508284,0.12350638252460276,-0.8605964480448274,-1.030056979442707,-0.9702160821372176,0.7261054061137614,-0.38833845299311476,-0.15700015409782353,0.20345058417278117,-0.20432542461322556,0.1470457187762136,-0.11527825568292054,-0.01925795696494194,0.5626981492149495,0.7967872198606103,-0.26178070605688303,-1.1475245377787415,-0.5963868075611157,-0.6768580898730134,1.4205205950179338,0.5823703812100264,-0.4622619085877156,-0.5448172248579175,-1.346030493282099,0.9237347694900384,-0.3006728076353175,-1.2971144455212769,-0.4807512832993218,-0.4300008437096045,0.07174421556679263,-0.2809566037479034,1.0044463938303205,-1.2725851884200492,-0.5195046883511787,0.48520719934201123,0.23755485973641863,1.0618313718042447,-1.0704752598915837,1
KXNBAGAME-26JAN28SASHOU,2026-01-28,SAS,HOU,SAS,0,2025-26,0.4452,0.4525956754586354,-1.0468395815455356,-1.4422065944846845,0.4654959053840328,-0.8171146509937741,-1.0226963410536358,-0.16924987978805317,0.6158845123744353,-0.39688999584919366,-1.323055179777877,-1.44503549767444,0.4261119723611075,0.9858596426003342,0.4311342198272434,-1.1903127210221403,-0.9080497068333383,-0.05896795315219154,-0.569660314728568,-1.0124477487279886,-2.3778679877019075,1.5811828238718484,-1.152614607010804,-0.10917655175175883,-0.03306104358159546,0.5939963564316687,-0.1512548160568486,0.018519878121783073,0.10445420464185655,-0.38833779653056627,0.3712198489941173,-0.18494006080359354,-0.029838985170996382,1.57045744621805,-0.6850617619019097,0.5186236887910416,-0.8763894882233056,-0.985836120110441,-0.123067247743077,1.1504586416037264,1
KXNBAGAME-26JAN29BKNDEN,2026-01-29,BKN,DEN,DEN,0,2025-26,0.6988,-1.7452399251649762,-2.468259653443278,0.25131968677025845,-1.8169130490752556,-1.784227726032665,-0.4034292858399212,-0.5836714692626068,-1.2953785507444513,-0.6367798376005623,-0.20753173689085821,-1.0801207703034943,-0.41108678839357415,-0.11527825568292054,0.4311342198272434,-1.7356938806514592,-1.1171334808618407,-0.2491049090003398,-0.9011483186488238,-0.05120350534245489,0.5588299514069472,-1.2464724039570472,-1.0719176308144867,-2.2865362522401607,-1.495221561513944,-0.3298259529558397,-0.1512548160568486,-1.57744355066372,-0.5525311001221106,0.9863128191546512,-1.1219641692264553,-0.6412676632398365,-0.25609347319573417,-0.8148748459873933,-0.029747170785525755,0.29416349913867035,1.5064047150159994,0.28852948389670474,-0.057239546657114324,0.03999169085607133,0
KXNBAGAME-26JAN29CHADAL,2026-01-29,CHA,DAL,CHA,0,2025-26,0.6467,0.8921627955833576,0.6861246156996592,-1.7457631920681187,1.8425918108678492,1.1126752005746456,0.425758805039457,0.6647096150804924,1.879261791385223,0.7225959323238645,0.8492799458442133,-1.372052552200251,-1.1552634646199587,-1.2164161539661753,-0.01925795696494194,0.4263528593076198,-0.03954787625340197,0.30863016148756184,0.6532616456799284,0.002597478429123559,-1.6075018029708885,0.6493418965191443,-0.022856940262356254,0.12621368613887937,-0.47170919896130037,-0.5145904148333416,-1.2262444016037357,0.6569052496359842,0.1920522452770537,-1.2316108632954497,1.090497516307686,0.3284284919371805,0.29586802506242094,1.6219129964351173,0.8515379689916842,0.5186236887910416,0.5277570958284272,-0.6290137509884401,-0.45220575317288825,0.03999169085607133,1
KXNBAGAME-26JAN29DETPHX,2026-01-29,DET,PHX,PHX,0,2025-26,0.4276,1.3317299157080804,-0.7547669640323007,-2.43275970238852,1.447314282441939,0.23872439423216574,-0.3614450787067889,-1.187396747756403,0.12997017429336294,-0.07703687351403395,0.6731446653883677,2.6420094488801498,2.3795757474553665,-0.11527825568292054,0.4311342198272434,-0.8981442426492919,-1.1332168480948015,0.30863016148756184,-0.9145870215104567,-0.5569327527952899,1.2955895576094325,-0.5716910427706056,-1.3140085594034403,-0.4034143491150563,0.4055871117981088,-0.42220818389459025,-0.1512548160568486,0.6569052496359845,0.10445420464185655,-0.9428187171430927,0.8082493177416021,0.813276569525689,0.12431242425245195,-1.7723156196692404,0.4899850911343675,0.8553139732696003,0.7830564747469241,1.5628950879038506,1.983419187007717,0.03999169085607133,0
KXNBAGAME-26JAN29HOUATL,2026-01-29,HOU,ATL,HOU,0,2025-26,0.7017,0.4525956754586354,-1.3389121990587705,-0.9469300405327679,-0.12104494324796307,-0.6840256957131958,-0.6098516375778261,-2.0827520336582146,1.296164585687935,-1.076577880811407,-0.03139645643501261,0.30655519370609896,0.6121561414177037,-1.2164161539661753,0.4311342198272434,-0.09955040176350768,-0.1199647124182108,0.029762626243611,-0.3904776099068097,0.6553827481909412,-0.953466082377103,-0.2824990308335598,1.550734095565838,-1.2861277412049488,1.063559344867666,-0.3298259529558397,-1.2262444016037357,0.018519878121783073,-0.932122609541294,-0.5962681417602645,-0.11133352274789693,-0.21662947763944548,-0.8925896153312649,-0.8167125442094313,1.1001055725185878,-1.838208302558864,0.9107061642061729,-0.5270645026678683,0.6668651652884708,0.03999169085607133,1
KXNBAGAME-26JAN29MIACHI,2026-01-29,MIA,CHI,MIA,0,2025-26,0.5694,0.013028555333913172,1.017140248881326,0.9063628710292475,-0.05729050317926788,-0.6707168001851367,0.4502495925337839,-0.34064646308925856,1.3609531640987453,0.9624857740752347,-0.5010905376506002,-0.49625720650998156,-1.3413076336765548,-1.2164161539661753,0.4311342198272434,0.8548666275877979,-0.16821481411709563,0.6889040731838584,1.1908097601452032,1.4946780950275653,0.2718814732017714,-0.08970435620886184,2.075264440841903,-1.6392130980409056,-1.0565734061342396,0.22446743267666502,-1.2262444016037357,-0.3006728076353175,0.11905387808105711,0.7783824739249545,-0.5392582108964756,-1.3257590668941985,-0.7210340145212986,-0.4363090122475491,1.0097173530542591,-0.7720224017100968,0.8256063712333401,0.3904787322172765,-1.1104827640325112,0.03999169085607133,1
KXNBAGAME-26JAN29MILWAS,2026-01-29,MIL,WAS,WAS,0,2025-26,0.5061,-0.8661056849155315,-1.4946842617324951,0.011669741309653184,-0.9881053281822177,-0.09843429247863858,0.6251837889218386,-1.8601922911626227,-0.712281345047163,-0.11701851380592944,-0.44237877749865095,-1.372052552200251,-0.8761972110350646,-0.11527825568292054,-1.8208266641336839,-1.50195909795318,0.5072866096672967,-1.3772508470326865,-1.4073394597702895,-0.779310152384482,0.9285023152208257,-0.5716910427706056,-0.5877357736365809,0.7146892808654743,0.7711272412811959,0.9635252801866724,-0.1512548160568486,0.6569052496359843,0.0022564905674630066,-0.3536827389922838,0.28017204300505816,0.9210205867675783,0.9796041152470718,-1.9946771045358498,-0.09753833538377193,0.32222102284521625,-0.8338395917368897,-1.4955823617132993,-1.3079658672903987,0.03999169085607133,0
KXNBAGAME-26JAN29OKCMIN,2026-01-29,OKC,MIN,MIN,0,2025-26,0.3749,0.8921627955833576,0.21880842767848227,-1.554043235699634,1.3835598423732436,0.9795862452940624,-0.36844244656231223,0.4088938191085483,-0.38833845299311476,-1.0365962405195115,-1.8514610211454126,-0.5692401519841711,2.286553662927068,-0.11527825568292054,-0.46965013375712733,-0.04111670608893858,-0.2807983847478285,0.19454798797867287,0.09779526073247716,1.0427498313463068,-1.6514488672005114,0.6493418965191443,-0.18425089265499248,0.42045148350217687,0.47869513769472594,1.6102008967579278,-1.2262444016037357,0.9760979353930848,0.1920522452770537,-0.9197153454509038,0.8446684401372259,0.6263090101941708,-0.9895558244847263,1.469384044005958,-0.7302558716340749,-0.6036772594708174,-1.642287624978797,-0.7309629993090119,0.469382062030584,1.1504586416037264,0
KXNBAGAME-26JAN29SACPHI,2026-01-29,SAC,PHI,PHI,0,2025-26,0.7817,-0.42653856479080904,-0.48216585435328035,0.04362306737106767,-0.3505609274952658,1.188092275233638,0.9085771870704866,0.29889302684060903,-0.4531270314039253,-0.11701851380592944,0.6144329052364195,-1.8099502250453854,-0.5041088729218727,-0.11527825568292054,-0.46965013375712733,-0.21641779311264592,0.31428620287175735,-0.3885386766223152,0.10227482835302061,-0.4565042497550113,0.535563858579503,-0.9251479462492181,-0.8701751903236925,-0.22687167069707845,1.429099474350753,0.40923189455416686,-0.1512548160568486,0.018519878121783073,-0.20213893758132823,-0.19195913714696497,0.02523818623569204,0.7720803276390813,0.9572272977501192,-0.16432967538591065,0.33180570707179097,0.5186236887910416,0.61285688880126,-2.2602017241175867,-0.6496888564307753,0.03999169085607133,0
KXNBAGAME-26JAN30BKNUTA,2026-01-30,BKN,UTA,BKN,0,2025-26,0.411,-1.7452399251649762,-2.3709021142721998,0.31522633889308743,-1.8041621610615164,-1.6688839647894906,-0.39293323405663716,0.268195131323976,-1.1010128155120218,-0.6767614778924579,-0.2662434970428064,-1.5180184431486294,-0.41108678839357415,-1.2164161539661753,-1.3704344873414982,0.4847865549821889,2.26037363806013,-1.465981426428489,0.8951582971893025,-0.1767391341428026,0.7733950297045127,-0.9894128377907848,2.1559614170382204,0.9500795187561115,-0.03306104358159546,-1.0688838004658463,-0.1512548160568486,-0.30067280763531756,-2.1438955049948367,-1.3933344651407684,-0.2388004511325799,-1.8296207945842151,-0.1616135770974922,-0.35545029047786963,-0.07494128051768933,-1.9784959210915967,-0.8763894882233056,-1.036810744270727,0.469382062030584,-1.0704752598915837,1
KXNBAGAME-26JAN30CLEPHX,2026-01-30,CLE,PHX,PHX,0,2025-26,0.4586,1.3317299157080804,0.6666531078654419,-0.5634901277957985,0.8862752098374211,0.8331883944854224,1.0450258602531697,0.2630788154045376,0.2595473311149818,1.122412335242814,0.26216234432472935,-0.1313424791390367,0.1470457187762136,-0.11527825568292054,0.4311342198272434,-0.8591884455329144,-1.3101338876573825,0.4734155232226237,-0.8205161014790316,-0.5569327527952919,1.187014457748014,-0.2503665850627764,-1.3543570475015982,0.00851856719355974,0.6980192153845788,-0.5145904148333416,-1.2262444016037357,0.6569052496359845,1.1410310188250092,0.5357970711569755,0.28927682360396406,1.1713669797707915,1.1238102724496535,-0.6531574024480407,0.35440276193787357,1.725097208172541,0.18735792393709838,-0.578039126828155,0.469382062030584,1.1504586416037264,0
KXNBAGAME-26JAN30DETGSW,2026-01-30,DET,GSW,DET,0,2025-26,0.492,0.8921627955833576,-1.241554659887692,-2.049319789651551,0.822520769768726,-0.30250402390886205,-1.442538412384967,-0.9980930587371604,-0.09678985014447176,-0.03705523322213846,0.26216234432472935,2.350077666983393,1.5423769867006838,-1.2164161539661753,0.4311342198272434,0.9327782218205558,-0.1199647124182108,0.7015798702404016,0.45168110275545026,0.3182299165557179,0.2615409875006793,-0.9251479462492181,1.6717795598603147,0.12621368613887937,2.3795038110067788,0.1320852017379145,-0.1512548160568486,0.3377125638788836,-1.6329069346228609,-1.3933344651407684,0.07986686982912768,-0.5398615293651132,-1.2506186952825027,-0.9012466624231824,0.5803733105986962,-1.1928852573082944,0.10225813096426559,-0.01731826106501007,0.9960036707182824,-1.0704752598915837,1
KXNBAGAME-26JAN30LACDEN,2026-01-30,LAC,DEN,DEN,0,2025-26,0.4399,1.7712970358328026,-0.15115022117161359,-1.4262299314539784,1.0392858660022894,0.8021343049199545,0.7756271978155663,1.7902991173570622,-0.9066470802795924,-1.4364126434384608,0.3208741044766775,1.4012993758189356,-0.6901530419784689,0.9858596426003342,0.8815263966194288,-1.3461359094876615,-1.2297170514925735,0.0931416115263271,-0.6413333966572758,0.5083267258819606,0.3520202373851966,-1.342869741269395,-0.9912206546181693,-2.9927069659120744,-1.495221561513944,-0.14506149107833788,-1.2262444016037357,0.6569052496359845,0.8928365703586225,-0.14575239376258722,0.671677608758013,1.0224267206422981,0.19392918979852758,1.0375249618270066,0.30920865220570837,-0.32310202240535246,2.3999525412307383,2.0216667053464232,-0.3863780520869265,2.260925592351381,0
KXNBAGAME-26JAN30LALWAS,2026-01-30,LAL,WAS,LAL,0,2025-26,0.8054,0.013028555333913172,0.043564857170543016,0.29924967586237905,-0.21030115934413637,1.0594396184624142,0.9645561299146657,-0.44041462351831534,-0.9390413694849977,-0.836688039060037,-1.0294963790181348,-0.9341548793551167,-0.31806470386527647,-0.11527825568292054,-1.3704344873414982,-1.521436996511369,-0.00738114178747798,-0.9843011382798467,-1.8463370865835957,-1.3711209738718448,0.6518943227167362,0.038825426874269355,-0.9105236784218519,0.18506124561153864,0.844235267177813,1.055907511125423,-1.2262444016037357,0.9760979353930849,1.1702303657034083,0.2239015533124282,0.5533154609722359,2.058670651174599,1.631018135713905,-0.7781208815466315,-0.6850617619019114,0.04164578577975224,-0.8763894882233056,-1.24070924091187,-0.9788273618605868,1.1504586416037264,1
KXNBAGAME-26JAN30MEMNOP,2026-01-30,MEM,NOP,NOP,0,2025-26,0.5889,-0.8661056849155315,-1.0078965658771037,-0.2599335302123666,-0.45256803160517817,-1.0655473675175247,-0.4489121769008162,0.2912185529614515,0.8426445368122677,0.6826142920319691,1.084126986452006,-0.7881889884067382,1.4493549021723862,-0.11527825568292054,-0.46965013375712733,-0.23589569167083746,-0.00738114178747798,-0.14769853254799406,-0.3188045279781119,-0.38118287247480187,0.11677418768545554,0.9706663542269734,-0.7894782141273751,-0.933042384368992,0.2593710600048745,0.9635252801866724,0.9237347694900384,-0.3006728076353177,-0.5817304470005097,-0.18040745130087135,-0.22059088993476808,-0.5398615293651114,-0.05967474183359884,0.1278643419181487,-0.09753833538377193,1.0236591155088788,1.4638548185295825,-0.7309629993090123,0.33772665985865924,-1.0704752598915837,0
KXNBAGAME-26JAN30PORNYK,2026-01-30,POR,NYK,NYK,0,2025-26,0.7075,0.013028555333913172,-0.7547669640323007,-0.7392334211335772,0.0957201529856006,-1.043365874970761,-1.3305805266966089,-0.6425091023361538,1.2313760072771265,-1.9161923269412011,1.318974027059801,0.5984869756028544,-0.13202053480868028,0.9858596426003342,-0.01925795696494194,-1.1903127210221403,-1.8730517408110443,0.7015798702404016,-0.48454852993823233,-0.11935141811978599,-1.2533401677086424,1.3883881492471528,-0.34564484504762727,0.06736612666621902,0.11315500821163886,-0.5145904148333416,-0.1512548160568486,0.018519878121783073,0.32344930622984625,0.8130375314632371,-0.4391056243085104,-0.40676597865454484,-0.8677264847790956,0.4310845485544354,-0.12013539024985452,-1.1087126861886556,0.9107061642061737,0.3395041080569904,0.2718989587726972,1.1504586416037264,0
KXNBAGAME-26JAN30SACBOS,2026-01-30,SAC,BOS,BOS,0,2025-26,0.8216,-0.8661056849155315,-0.48216585435328035,0.28327301283167294,-0.5418242477013513,1.2590730513832806,1.0380284923976482,0.4933130317792871,-0.42073274219852,-0.27694507497350856,1.0254152263000589,-1.6639843340970077,-0.2250426193369788,-1.2164161539661753,-0.01925795696494194,-0.8202326484165341,-1.2458004187255345,0.4480639291095373,-0.9593826977158962,-0.36324921121760906,0.3468499945346534,1.131328583080888,-1.152614607010804,-0.933042384368992,-0.6910332766511524,0.039702970799163975,-0.1512548160568486,-0.6198654933924183,0.2504509390338518,1.1018296776155938,-0.7122490422756884,1.57382257358609,0.9845767413575064,0.1094873596977657,-1.0918087494913917,0.6027962599106812,1.4213049220431673,-0.6799883751487262,-0.18889494882903962,-1.0704752598915837,0
KXNBAGAME-26JAN30TORORL,2026-01-30,TOR,ORL,ORL,0,2025-26,0.5997,0.4525956754586354,-0.8131814875349471,-0.6593501059800421,-0.006286951124311717,-0.5686819344700262,-1.4740265677348152,0.13517091741856693,0.00039301747174178806,1.1623939755347092,-0.3836670173467028,-0.2773083700874144,0.3330898878328098,-0.11527825568292054,-0.46965013375712733,-1.1708348224639515,0.12128579607621569,-0.8575431677144144,-1.2908707016361471,-1.1200497162711436,0.7113521154979887,-0.21823413929199306,-0.06320542836051567,0.18506124561153864,0.11315500821163886,0.1320852017379145,-0.1512548160568486,0.6569052496359842,0.2650506124730503,-0.5616130842219821,0.6079441445656716,0.5027202845343548,-0.27598397763747146,-0.40690584069493463,0.1510292681431318,0.8553139732696003,-0.4083406268727281,-0.2721913818664392,0.14024355660077248,0.03999169085607133,0
KXNBAGAME-26JAN31ATLIND,2026-01-31,ATL,IND,IND,0,2025-26,0.4784,0.013028555333913172,-0.5989949013585759,0.10752971949389666,-0.4780698076326562,-0.95020360627436,0.369779862195278,-0.008085928325727392,-0.06439556093906648,1.0424490546590242,-0.9120728587142385,0.5984869756028544,-0.41108678839357415,-0.11527825568292054,-0.01925795696494194,-1.443525402278611,-0.2647150175148676,-0.7307851971489823,-1.317748107359408,-0.3058614951945905,-1.597161317269802,0.3280174388113151,1.2279461907805669,-0.050328992279099545,-0.47170919896130037,-0.3298259529558397,0.9237347694900384,0.018519878121783073,0.6300424484530331,0.2701082966968076,0.18001945641709288,0.24920494984754976,0.4699099389276024,1.131247571150947,-0.27831477431242946,-0.12669935645952715,-0.6210901093048088,0.747301101339277,-0.057239546657114324,-1.0704752598915837,0
KXNBAGAME-26JAN31CHIMIA,2026-01-31,CHI,MIA,CHI,0,2025-26,0.4235,0.013028555333913172,0.588767076528581,-0.06821357384388191,0.4399941293565547,0.6246823645458467,1.6537968636836002,0.2784277631628527,-0.06439556093906648,1.8021002202050274,-1.6166139805376187,-1.372052552200251,-0.038998450280382596,-0.11527825568292054,0.4311342198272434,1.1275572074024547,0.7807038526276472,0.11849320563941354,-1.040014914885686,-0.20184625990287375,0.3959673016148195,1.709712606954982,0.7437643336026611,-1.0507375033143105,-0.3254931471680654,-1.5307949551596005,-0.1512548160568486,-0.3006728076353175,-0.4065343657301174,-0.6078198276063582,0.22554335941162248,1.1777048631379627,1.3102837515909223,-0.07979555717215746,-1.2499881335539682,0.7430838784434137,-0.4083406268727281,-0.7309629993090119,1.0618313718042445,0.03999169085607133,1
KXNBAGAME-26JAN31DALHOU,2026-01-31,DAL,HOU,HOU,0,2025-26,0.79,0.013028555333913172,0.5303525530259345,0.027646404340361565,0.32523613723290334,0.3984311405688647,-0.33695429121246007,-1.4943757029227365,0.7778559584014595,-0.19698179438971902,-0.6185140579544965,-0.20432542461322556,0.05402363424791592,-0.11527825568292054,0.8815263966194288,-1.1903127210221403,-1.3101338876573825,0.25792697326138897,-0.6950882081038023,-0.026096379582383752,-2.0107807453133035,1.741845052725763,-1.0719176308144867,-0.10917655175175883,0.5518031635913431,1.4254364348804267,-0.1512548160568486,-0.619865493392418,1.2870277532170022,0.963209447462464,0.043447747433503874,0.7720803276390849,-0.22625771653313173,0.3575766196729116,-0.6850617619019097,0.6027962599106812,-0.36579073038631205,-0.5270645026678683,-0.9788273618605868,0.03999169085607133,0
KXNBAGAME-26JAN31MINMEM,2026-01-31,MIN,MEM,MIN,0,2025-26,0.8099,0.013028555333913172,-0.28745077601112373,-0.8830233884099389,0.516499457438989,-0.21821435223116037,0.8595956120818329,-2.0955428234568134,0.875038826017673,-0.39688999584919366,0.6731446653883677,0.8174358120254223,1.6353990712289816,-0.11527825568292054,-1.3704344873414982,-0.9760558368820526,-0.07171461071932596,-0.5786756324704636,-0.9145870215104567,-0.6788816493442015,0.9595237723240906,0.3280174388113151,0.6227188693081843,0.8912319592834532,-0.5448172248579175,0.8711430492479211,-1.2262444016037357,0.9760979353930849,0.513245060939439,-0.5847164559141693,0.7809349759448843,0.4868755761164332,1.0765703244005318,-2.185797719627813,0.3769998168039561,-0.715907354297004,-0.153041247954232,0.9511995979804204,0.5352097631165461,1.1504586416037264,1
KXNBAGAME-26JAN31NOPPHI,2026-01-31,NOP,PHI,PHI,0,2025-26,0.68,-0.42653856479080904,-0.5405803778559267,-0.06821357384388191,-0.29955737544030964,-0.5465004419232627,-0.7043161036273748,0.5061038215778887,0.7130673799906488,-1.0365962405195115,-1.0882081391700842,0.37953813918028784,1.1702886485874915,-1.2164161539661753,-0.01925795696494194,-0.2553735902290262,0.23386936670694852,-0.3505112854526856,0.48751764371980294,-0.23412685016582122,0.7035967512221739,-1.5677968616648763,-0.30529635694946927,-0.9918899438416513,1.3559914484541358,-0.3298259529558397,-0.1512548160568486,-0.3006728076353175,-0.21673861102052672,-0.21506250883915384,0.03434296683459798,-0.7395048554309718,-0.3431144301283263,-0.13492650383329827,1.5972407795723984,-0.5195046883511777,-0.06794145498139921,-0.6799883751487262,1.0618313718042445,-1.0704752598915837,0
KXNBAGAME-26JAN31SASCHA,2026-01-31,SAS,CHA,CHA,0,2025-26,0.3981,0.4525956754586354,-0.9689535502086718,-1.3143932902390287,0.41449235332907663,-0.5997360240354941,-0.7742897821825967,-0.45832172923635245,0.4863073555528142,-0.23696343468161307,-1.323055179777877,-1.8099502250453854,0.7051782259460014,0.9858596426003342,0.8815263966194288,0.1926180766093406,-1.2940505204244193,1.1452327672194142,0.9085970000509354,0.7737449124884146,1.0215666865306146,1.1955934746224548,0.46132491691554955,0.655841721392814,-1.860761690997031,-0.7917371076495939,-0.1512548160568486,-0.3006728076353175,-0.8737239157844959,-0.018683849455550877,-0.5301534302975697,-1.0754126738909835,-1.0914946597486181,-1.0537756148523458,-0.5042853229732538,-0.49144716464463184,-1.4295381425467153,0.03365636309527558,1.0618313718042445,1.1504586416037264,0
KXNBAGAME-26MAR01CLEBKN,2026-03-01,CLE,BKN,CLE,0,2025-26,0.8763,0.8921627955833576,0.8418966783733839,-0.9309533775020595,1.2943036262770702,0.984022543803417,0.20884040151827002,-0.3483209369684161,0.09757588508795764,0.4027428099887049,-0.5010905376506002,0.8174358120254223,0.4261119723611075,-0.11527825568292054,-1.3704344873414982,-1.7162159820932676,0.5716200785991447,-1.5673878028808348,-0.7354043166886959,-0.05479023759389305,-1.529948160212732,-1.6320617532064432,0.05784003593396114,0.42045148350217687,-0.03306104358159546,-1.1612660314045973,-0.1512548160568486,1.614483306907286,1.9148137111025725,-1.0814389472962227,2.0464994791928084,1.2189011050245686,0.18149762452244297,0.83905355384689,1.2130908468490007,0.23804845172557657,-0.6636400057912256,0.5943772288584196,1.127659072890207,0.03999169085607133,1
KXNBAGAME-26MAR01DETORL,2026-03-01,DET,ORL,DET,0,2025-26,0.6654,1.3317299157080804,0.5108810451917172,-0.9788833665941824,1.1157911940847236,0.22541549870410665,-0.8337674089545345,0.2170319721295894,1.3285588748933401,-0.11701851380592944,-0.2662434970428064,1.4012993758189356,1.6353990712289816,-0.11527825568292054,0.4311342198272434,-0.5670199671600661,-0.9402164412992623,0.37200914677027797,-0.6502925318983627,-0.41346346273774737,0.7087669940727142,-0.7323532716245201,-0.06320542836051567,-1.0507375033143105,1.429099474350753,1.3330542039416753,0.9237347694900384,0.6569052496359845,0.8052385297234254,-0.030235535301644495,0.5260011191755181,0.6168021851434169,-0.3107923604105072,-0.3462617993676761,1.439061395509822,-0.042526785339888455,0.5703069923148433,-0.01731826106501007,0.20607125768673457,-1.0704752598915837,1
KXNBAGAME-26MAR01MEMIND,2026-03-01,MEM,IND,MEM,0,2025-26,0.5089,-0.8661056849155315,0.4719380295232853,1.1460128164898529,-0.6055786877700465,0.7622076183357847,0.6566719442716887,-0.5018104145515843,-1.9756586240579508,0.642632651740075,-0.14881997673890898,3.006924176251095,-0.038998450280382596,-0.11527825568292054,-1.3704344873414982,-0.04111670608893858,1.488372010877966,-1.1997896882410815,0.06643828738867044,-0.015336182828067266,-0.2709940261053269,-1.021545283561566,0.9455067740934554,0.5969941619201548,-0.3254931471680654,-1.5307949551596005,0.9237347694900384,0.3377125638788836,0.38184799998664437,-0.23816588053134108,0.42584853258755295,0.4932134594836025,0.4723962519828204,-0.1661673736079465,-0.6624647070358287,-0.21087192757916684,-0.535990316331976,2.3275144503081378,1.0618313718042445,-1.0704752598915837,1
KXNBAGAME-26MAR01MILCHI,2026-03-01,MIL,CHI,CHI,0,2025-26,0.4169,0.8921627955833576,-0.1706217290058309,-0.03626024778246741,-0.08279227920674595,1.1126752005746456,0.7896219335266091,-0.4864614667932692,-0.4855213206093306,-0.7167431181843533,0.144738824020833,-1.44503549767444,-0.6901530419784689,-0.11527825568292054,-2.271218840925869,-1.4045696051622307,1.2149547679176154,-1.871606932237872,-1.241595457810164,-0.22695338566294287,0.3468499945346534,-1.0858101751031326,-0.8298267022255331,2.0681831487366433,0.4055871117981088,0.6863785873704192,0.9237347694900384,2.2528686784214873,0.9220359172370195,-0.896611973758715,1.2816979088847105,1.6688908240936422,0.7135686183388609,-0.5943510593428241,0.4221939265361197,0.06970330948629715,-1.3869882460603,-1.2916838650721558,-0.9788273618605868,-1.0704752598915837,0
KXNBAGAME-26MAR01MINDEN,2026-03-01,MIN,DEN,MIN,0,2025-26,0.4125,0.4525956754586354,0.5692955686943636,0.31522633889308743,0.1212219290130787,0.8243157974667229,0.15985882652961433,-1.8397270274848636,-0.16157842855528234,-0.6767614778924579,0.20345058417278117,0.23357224823190884,1.5423769867006838,0.9858596426003342,-0.46965013375712733,1.5560709756826328,0.24995273393990936,0.8156620437492905,0.2411414245898828,0.35051050681866536,-0.333036940311851,1.3562557034763694,0.9455067740934554,0.00851856719355974,-0.3254931471680654,-0.7917371076495939,-0.1512548160568486,0.6569052496359842,-0.7423268548317034,0.05062626562101574,-0.5028390885008519,0.41398991739397883,-0.13426413349010635,-1.083178786404954,-1.0692116946253107,-1.1367702098952017,0.14480802745068236,0.3904787322172761,1.6542806815779054,1.1504586416037264,1
KXNBAGAME-26MAR01NOPLAC,2026-03-01,NOP,LAC,LAC,0,2025-26,0.7641,0.4525956754586354,0.5108810451917172,-0.004306921721052926,0.33798702524664237,0.6069371705084379,0.32429697113438494,-0.40715857004196304,-0.16157842855528234,0.4027428099887049,-0.2662434970428064,-0.20432542461322556,1.0772665640591939,-1.2164161539661753,-0.46965013375712733,-1.7162159820932676,-0.7632994017366814,-0.5152966471877475,0.7294142952291771,-1.2348251483171788,0.46059533724661517,-1.342869741269395,-1.596447976090552,0.3027563645568572,-0.03306104358159546,0.22446743267666502,0.9237347694900384,0.6569052496359842,1.6666192626361838,0.5473487570030691,0.6079441445656715,-0.08670286861245831,1.081542950510965,-0.6182411362293166,0.8289409141256,1.3884069236939833,-0.4083406268727281,-0.11926750938558227,0.6010374642025087,-2.180942210639239,0
KXNBAGAME-26MAR01OKCDAL,2026-03-01,OKC,DAL,OKC,0,2025-26,0.9082,0.4525956754586354,-0.2290362525084773,-0.7871634102256977,0.4782467933977718,-0.746133874844134,1.2864350512686855,0.8361061983816978,0.3891244879366006,-0.23696343468161307,0.3208741044766775,0.8174358120254223,0.1470457187762136,-0.11527825568292054,-1.3704344873414982,0.03679488814382207,1.488372010877966,-1.1490865000149084,0.5950272666128584,-0.8366978684074986,-1.3257235676162529,-0.5074261512290411,-0.9912206546181693,-0.6976521464783538,-0.9834653802376224,-0.9765015695270958,-0.1512548160568486,1.2952906211501853,-0.20213893758132823,-1.6359198679087492,1.1633357610989332,-0.9581618315983385,1.4892982915665398,1.5447296711095178,0.6255674203308614,0.5186236887910426,0.740506578260508,1.2570473429421356,0.7985205674603956,0.03999169085607133,1
KXNBAGAME-26MAR01PHIBOS,2026-03-01,PHI,BOS,BOS,0,2025-26,0.754,0.013028555333913172,-0.014849666332106177,0.21936636070884397,-0.1847993833166583,-0.31137662092756646,-0.9632187142816961,0.9870375180051439,-0.2587612961714959,-1.4364126434384608,-0.14881997673890898,1.766214103189881,0.2400678033045113,0.9858596426003342,1.3319185734116146,-1.1513569239057626,-2.5003030628965517,1.2212875495586735,-0.30536582511647403,-0.026096379582383752,0.25895586607540766,1.9025072815796775,-0.022856940262356254,-0.9918899438416513,-1.5683295874105616,1.1482897420641736,-0.1512548160568486,-0.939058179149519,0.8490375500410229,1.9566544302265692,-1.012706802039584,-0.010648268206417514,-0.6713077534169603,0.5266448561004139,-1.5211527919469545,-0.996482591362469,0.61285688880126,2.327514450308138,-0.6496888564307753,1.1504586416037264,0
KXNBAGAME-26MAR01PORATL,2026-03-01,POR,ATL,ATL,0,2025-26,0.6799,0.4525956754586354,0.1798654120100504,0.3471796649545019,-0.15929760728918022,-0.28919512838080547,-0.634342425072153,-1.174605957957804,0.6482788015798383,0.12287132794544067,2.258362189490974,-0.20432542461322556,1.3563328176440876,-1.2164161539661753,0.4311342198272434,0.17314017805115184,-0.21646491581598276,0.2832785673744754,-1.1475245377787415,-0.5533460205438537,-0.36147327598984424,1.3562557034763694,0.8244613097989786,-0.933042384368992,0.4055871117981088,-0.14506149107833788,0.9237347694900384,0.018519878121783073,0.002256490567460932,0.4087285268499392,-0.3207434765227333,0.6009574767254917,-0.07210630710968205,-0.5851625682326306,-0.5042853229732538,-0.49144716464463184,2.3148527482579055,-0.425115254347297,1.0618313718042445,-2.180942210639239,0
KXNBAGAME-26MAR01SASNYK,2026-03-01,SAS,NYK,NYK,0,2025-26,0.4673,2.210864155957525,2.029658656260538,-0.7392334211335772,1.9190971389502833,1.3300538275329306,0.8036166692376538,-0.7397191048054942,1.3933474533041508,2.1619349828320824,-0.5010905376506002,0.16058930275772,2.1935315783987703,0.9858596426003342,0.4311342198272434,-0.2553735902290262,-0.9080497068333383,0.549470305561883,0.008203908321598008,-0.2771676371830852,-0.1701742905197232,-0.34676392237512654,0.542021893111867,-1.109585062786971,-0.6910332766511524,-0.6993548767108434,-0.1512548160568486,1.2952906211501856,1.7104182829537813,0.11993638069758072,0.9721353685219087,0.9400342368690916,0.7583222533327673,-0.40874353891697457,1.2130908468490007,1.1358892103350653,0.44265730285559524,0.5943772288584196,2.0492468880936796,1.1504586416037264,0
KXNBAGAME-26MAR02DENUTA,2026-03-02,DEN,UTA,DEN,0,2025-26,0.8466,-0.42653856479080904,1.270269850726129,0.09155305646318827,0.7587663297000308,0.380685946531451,0.08638646404663176,-0.6118112068195207,1.425741742509556,0.9624857740752347,0.26216234432472935,-0.6422230974583599,-1.3413076336765548,-1.2164161539661753,-0.920042310549313,0.17314017805115184,0.6359535475309926,-0.3885386766223152,-0.16649922887961432,-0.6824683815956396,-0.7492414897806239,0.3922823303528819,0.5823703812100264,0.5381466024474955,2.2332877592135443,-0.7917371076495939,-0.1512548160568486,0.33771256387888376,0.8198382031626238,-0.38833779653056794,0.817354098340508,0.3854694422417098,0.5295814522528101,0.09478577392146258,0.7159556397951903,0.26610597543212344,-0.19559114444064724,-2.0053286033161575,-0.38637805208692616,-1.0704752598915837,1
KXNBAGAME-26MAR02HOUWAS,2026-03-02,HOU,WAS,HOU,0,2025-26,0.894,0.4525956754586354,-1.1636686285508284,-1.7297865290374104,0.6185065615489013,0.7045357377141962,0.4222601211116963,0.5930811922083524,0.00039301747174178806,-0.7167431181843533,1.2602622669078516,0.30655519370609896,1.5423769867006838,-0.11527825568292054,-0.920042310549313,-0.5475420686018745,1.456205276412042,-1.5040088175981188,-0.07242830884819174,-0.4887848400179588,-0.2554832975536945,-1.1822075124154805,-0.6684327498328982,0.47929904297483616,0.2593710600048745,1.2406719730029248,-0.1512548160568486,0.9760979353930849,-0.46493305948691555,-2.2943659611361213,1.5184222044562647,0.55025440978813,0.6340066005719214,0.6093412760921312,0.8289409141256,-0.042526785339888455,0.5703069923148433,0.03365636309527558,0.20607125768673457,0.03999169085607133,1
KXNBAGAME-26MAR02LACGSW,2026-03-02,LAC,GSW,LAC,0,2025-26,0.5156,0.013028555333913172,-1.280497675556124,-0.9788833665941824,-0.05729050317926788,0.47828451373721176,-0.8092766214602076,1.0612240988370145,-1.2629842615390459,-1.3964310031465668,0.027315303716935573,0.5255040301286655,0.3330898878328098,-1.2164161539661753,-0.46965013375712733,-1.0344895325566217,-0.13604807965117394,-0.5659998354139204,-0.13066268791526167,-0.6214939333211849,-1.4730754888567512,-0.411028813916691,1.7524765360566321,0.7146892808654743,0.9904513189710487,-1.0688838004658463,-0.1512548160568486,0.3377125638788836,-0.18753926414212974,-0.6078198276063582,0.36211506839521146,0.4298346258119004,-0.14918201182140758,1.8111959133050444,-0.5946735424375825,-2.202956110743969,-0.4934404198455608,-0.32316600602672574,0.9960036707182824,-1.0704752598915837,1
KXNBAGAME-26MAR03BKNMIA,2026-03-03,BKN,MIA,MIA,0,2025-26,0.85,-1.3056728050402537,-1.6699278322404372,0.33120300192379354,-1.35788108058065,-0.3379944119836846,0.026908837274692024,-1.1618151681592053,-1.7488985996201183,0.24281624882112574,0.3208741044766775,0.23357224823190884,-0.9692192955633627,-0.11527825568292054,-0.01925795696494194,0.6795655405640878,-0.45771542431040924,0.8029862466927474,-0.5830990175902059,-0.2915145661888378,-0.32269645461076457,2.3523615223706402,0.4209764288173901,-0.6976521464783538,-0.17927709537483108,-0.7917371076495939,0.9237347694900384,-0.9390581791495188,-1.7643039955756554,0.570452128695258,-1.549888857375034,0.1668124660743467,0.21630600729547875,-0.6035395504530114,-2.8769760839118925,-0.12669935645952715,0.740506578260508,0.28852948389670474,-0.123067247743077,-1.0704752598915837,0
KXNBAGAME-26MAR03DALCHA,2026-03-03,DAL,CHA,CHA,0,2025-26,0.8623,-1.3056728050402537,-0.24850776034269187,1.2738261207355084,-1.1793686483883037,0.4472304241717389,-0.8302687250267737,-1.3485606992187287,-0.4855213206093306,-1.0365962405195115,-0.20753173689085821,-0.7881889884067382,-1.2482855491482567,-0.11527825568292054,0.8815263966194288,0.1926180766093406,-1.3423006221233065,1.183260158389044,-0.9593826977158962,2.100835845520681,2.08663671374263,1.1634610288516714,-0.14390240455683306,1.244317316119409,0.2593710600048745,-0.6993548767108434,0.9237347694900384,-1.5774435506637199,-0.33353599853412086,1.8873443151500058,-1.695565346957529,0.9939062454900327,-2.0512114990623465,-2.450426263601298,-1.1595999140896396,-0.6317347831773643,-1.0465890741689705,-0.7309629993090123,-0.3863780520869259,-1.0704752598915837,0
KXNBAGAME-26MAR03DETCLE,2026-03-03,DET,CLE,CLE,0,2025-26,0.4361,1.3317299157080804,0.16039390417583585,-1.4422065944846845,1.2560509622358533,0.2032340061573481,-1.8168975926554012,-0.08227250915758948,1.7496846345636043,-0.23696343468161307,0.027315303716935573,1.766214103189881,1.8214432402855778,-0.11527825568292054,0.8815263966194288,0.5237423520985692,-0.7150493000377967,0.9043926231450932,0.9041174324303894,0.5872348354136081,-0.21670647617461766,-0.12183680197964522,0.21923398832659594,-0.050328992279099545,0.186263034108256,0.5939963564316687,-0.1512548160568486,0.337712563878884,-0.2751373047773248,-0.526958026683698,0.2437529206094344,-0.49866528747850547,-1.703127671331978,0.0966234721435025,1.3034790663133295,-0.32310202240535246,0.05970823447784958,1.1041234704612788,0.8643482685463577,0.03999169085607133,0
KXNBAGAME-26MAR03MEMMIN,2026-03-03,MEM,MIN,MIN,0,2025-26,0.8687,-0.8661056849155315,0.39405199818642433,0.8424562189064185,-0.414315367563961,0.8110069019386639,0.6216851049940778,0.13772907537828327,-2.105235780879572,0.8025592129076541,-0.14881997673890898,3.2988559581478523,0.4261119723611075,-0.11527825568292054,0.8815263966194288,0.3873970621912395,-0.10388134518524995,0.3339817556006483,1.0833001372521454,0.20704121676112286,-2.385623351977725,-0.15396924775042858,-0.30529635694946927,0.47929904297483616,0.6980192153845788,1.3330542039416753,-0.1512548160568486,-1.2582508649066193,0.0022564905674630066,0.6859689871562007,-0.5392582108964756,-0.19127794417075936,0.2933817120072029,1.7964943275287373,-1.3629734078843796,0.7711414021499606,-0.45089052335914404,1.8177682087052796,-0.6496888564307753,0.03999169085607133,0
KXNBAGAME-26MAR03NOPLAL,2026-03-03,NOP,LAL,LAL,0,2025-26,0.7527,0.4525956754586354,0.9392542175444623,0.5548762843536927,0.17222548106803484,0.8553698870321909,0.46424432824482864,-0.11808672059366092,0.06518159588255236,0.36276116969681077,0.26216234432472935,-0.42327426103579274,1.0772665640591939,-0.11527825568292054,-0.01925795696494194,-0.35276308301997567,-0.5702989949411398,0.2198995820917593,1.208728030627377,1.3476220727185848,-0.6044746899653972,-1.5999293074356598,0.05784003593396114,-0.6976521464783538,-0.39860117306468257,0.1320852017379145,-0.1512548160568486,0.3377125638788836,0.965834937554617,0.8130375314632371,-0.03849527795664948,-0.2483188944752904,-0.6091499270365373,0.34655043034068217,1.1678967371168356,0.20999092801903066,0.6979566817740921,-0.017318261065010523,0.6668651652884708,0.03999169085607133,0
KXNBAGAME-26MAR03NYKTOR,2026-03-03,NYK,TOR,NYK,0,2025-26,0.57,0.4525956754586354,-0.6768809326954369,-1.554043235699634,0.7970189937412478,-0.2625773373246873,-0.33695429121246007,-0.8190220015567975,-0.0320012717336612,0.4827060905724944,-0.9707846188661867,0.014623411809342294,-0.5971309574501704,-0.11527825568292054,0.4311342198272434,-0.04111670608893858,-0.9080497068333383,0.6889040731838584,0.35313061510347926,0.7988520382484837,0.28739220175340097,-0.7002208258537368,0.29993096452291335,-0.6388045870056945,0.6980192153845788,0.7787608183091705,0.9237347694900384,0.018519878121783073,-0.47953273292611404,-0.4691995974532266,0.07076208923022169,-0.4416243371739744,-0.7981097192330214,-0.7909847691008988,0.4673880362682849,0.12581835689939094,-0.23814104092706326,-0.4760898785075827,-0.9788273618605868,-1.0704752598915837,1
KXNBAGAME-26MAR03PHXSAC,2026-03-03,PHX,SAC,PHX,0,2025-26,0.7803,-0.42653856479080904,-2.3319590986037677,-0.7232567581028687,-0.9498526641410007,-2.148004203799585,-0.7323055750494644,-0.4941359406724239,0.09757588508795764,-1.6363208448979354,-1.0294963790181348,0.30655519370609896,-1.4343297182048529,3.1881354391668437,-1.3704344873414982,-1.1903127210221403,1.5044553781109267,-1.9603375116336745,-1.1520041053992873,-3.07123206105372,0.6260431084640146,0.19948765572818394,-0.22459938075315045,-0.4034143491150563,0.6249111894879615,-0.05267926013958736,-0.1512548160568486,0.6569052496359843,-0.8591242423452975,-1.601264810370465,0.7263062923514486,-0.7236601470130449,1.6036686921065166,-0.7983355619890483,-0.07494128051768933,-0.996482591362469,-0.45089052335914404,-0.22121675770615357,-0.9788273618605868,3.371392543099036,1
KXNBAGAME-26MAR03SASPHI,2026-03-03,SAS,PHI,SAS,0,2025-26,0.7903,1.7712970358328026,1.5039279447367173,-0.6114201168879192,1.472816058469417,1.1969648722523474,0.5657061621499027,-0.41483304392112064,0.6806730907852436,2.121953342540187,-0.03139645643501261,-0.1313424791390367,1.9144653248138763,-0.11527825568292054,-0.46965013375712733,-0.27485148878721777,0.5877034458321055,-0.6420546177531797,-0.5383033413847638,-0.779310152384482,0.8845552509912057,-0.8930155004784347,-1.5157509998942345,-0.5799570275330352,1.79463960383384,0.31684966361541633,-0.1512548160568486,1.6144833069072864,1.330826773534602,-0.8619569162204309,1.5093174238573586,1.2315768717589108,0.937336793308386,-0.9251367393096791,1.1001055725185878,2.5387653956623906,0.4001074063691792,-1.3426584892324422,1.1276590728902072,0.03999169085607133,1
KXNBAGAME-26MAR03WASORL,2026-03-03,WAS,ORL,ORL,0,2025-26,0.9101,-1.3056728050402537,-0.7352954561980833,1.4974994031654054,-1.676653280924126,-0.3291218149649802,-0.15852141089664668,0.35773065991415887,-1.554532864387689,-1.076577880811407,0.26216234432472935,0.7444528665512333,1.0772665640591939,-1.2164161539661753,0.4311342198272434,-0.5670199671600661,-1.2940505204244193,0.6508766820142288,-0.6726903700010776,-0.5533460205438537,0.19174270901834045,-0.6359559343121723,-0.10355391645867508,-0.8741948248963327,1.6484235520406043,1.2406719730029248,-0.1512548160568486,-1.2582508649066193,-0.12914057038532958,2.0144128594570403,-1.6682510051608108,0.23652918311321114,0.2660322683998171,0.12235124725203501,-0.6398676521697462,-0.6878498305904571,0.8256063712333408,-0.6290137509884396,-0.123067247743077,-1.0704752598915837,0
KXNBAGAME-26MAR04ATLMIL,2026-03-04,ATL,MIL,ATL,0,2025-26,0.5022,0.4525956754586354,0.296694459015346,-0.48360681264226346,0.5802538975076842,-0.8481687405592445,-0.7428016268327484,0.09424039006305142,1.620107477741983,0.8825224934914437,-0.5598022978025484,0.6714699210770445,0.1470457187762136,0.9858596426003342,-0.01925795696494194,-1.4630033008367997,-0.1199647124182108,-0.8575431677144144,-0.37703890704517934,0.47963286787045323,-0.2709940261053269,-0.6680883800829557,-1.4350540236979157,0.5969941619201548,-0.9834653802376224,-0.6069726457720921,-0.1512548160568486,0.3377125638788836,1.3162271000954013,-0.2612692522235299,1.0267640521153443,-0.3433871449828445,-0.8652401717238805,0.262016312126929,1.5972407795723984,1.6128671133463546,-0.8338395917368897,1.1550980946215643,0.5352097631165461,1.1504586416037264,1
KXNBAGAME-26MAR04CHABOS,2026-03-04,CHA,BOS,CHA,0,2025-26,0.3099,0.8921627955833576,0.31616596684956055,-1.5220899096382197,1.4218125064144607,-0.6884619942225504,1.9931692046764253,1.5114598997476396,1.296164585687935,0.2827978891130198,0.8492799458442133,0.08760635728353114,-0.5041088729218727,-1.2164161539661753,1.3319185734116146,-1.1903127210221403,-2.725470204158017,1.3733971142371924,-0.5338237737642179,0.04922499769782767,0.45025485154552874,2.1916992935167254,0.17888550022843794,-0.933042384368992,-1.7145456392037965,1.4254364348804267,-0.1512548160568486,-0.30067280763531784,1.1264313453858086,0.8592442748476148,0.025238186235691958,-0.11839228544831025,1.3774142040817772,0.7673833231874061,-0.6398676521697477,0.06970330948629715,1.2936552325839186,1.2570473429421356,-1.3737935683763611,-1.0704752598915837,1
KXNBAGAME-26MAR04INDLAC,2026-03-04,IND,LAC,LAC,0,2025-26,0.8407,-1.3056728050402537,-0.38480831518220204,1.3377327728583353,-1.319628416539433,-0.16497877011893147,0.03040752120245273,-0.20250593326440544,-1.2305899723336406,0.7625775726157601,0.8492799458442133,-0.35029131556160326,-0.8761972110350646,0.9858596426003342,0.4311342198272434,-0.8007547498583425,-1.3101338876573825,0.5114429143922532,0.6398229428183004,-0.5103052335265897,1.0396625365075158,-0.7966181631660869,-1.4754025117960752,-0.5799570275330352,0.6980192153845788,0.5939963564316687,-0.1512548160568486,-1.2582508649066193,0.3088496327906478,1.910447686842193,-1.3131645618034797,-0.5747198878845533,0.37045741671892707,-0.8828696802028014,-0.30091182917851206,1.5567520659332628,1.0383558536654216,-0.7309629993090119,-1.0446550629465492,1.1504586416037264,0
KXNBAGAME-26MAR04OKCNYK,2026-03-04,OKC,NYK,OKC,0,2025-26,0.6575,1.3317299157080804,-0.15115022117161359,-1.3143932902390287,0.9500296499061164,-0.6086086210542034,0.06189567655230296,0.6519188252818994,0.6806730907852436,-0.4768532764329832,-0.44237877749865095,0.7444528665512333,0.1470457187762136,-1.2164161539661753,0.8815263966194288,-0.04111670608893858,-1.889135108044005,1.4621276936329948,0.7114960247470008,0.07074539120645666,-1.0413602108363487,0.19948765572818394,0.9051582859952959,-0.8153472654236734,0.2593710600048745,-0.3298259529558397,-1.2262444016037357,0.337712563878884,-0.08534155006773206,0.40872852684993755,-0.37537216011616886,-0.942317123180415,-0.00994848072926049,1.210268594698589,0.33180570707179097,-0.9684250676559222,0.27245771690993115,0.3395041080569904,0.33772665985865924,0.03999169085607133,1
KXNBAGAME-26MAR04PORMEM,2026-03-04,POR,MEM,POR,0,2025-26,0.7696,0.013028555333913172,-0.48216585435328035,0.6667129255686423,-0.8478455600310884,-0.9191495167088871,-0.8232713571712523,-1.8397270274848636,0.3891244879366006,-0.19698179438971902,2.1996504293390267,-0.49625720650998156,1.26331073311579,0.9858596426003342,-0.920042310549313,0.32896336651667035,0.6037868130650687,-0.26178070605688303,0.742852998090805,0.7880918414941693,0.19691295186888363,-2.2425782228513182,0.7841128217008205,-0.10917655175175883,3.0374760440763358,0.5016141254929182,-1.2262444016037357,0.6569052496359843,-0.6109297938789087,0.05062626562101574,-0.4208960631106986,-1.1863256328164555,-1.1362482947425234,-1.4599069219227623,1.8458083830993037,-0.6878498305904581,1.676604300961664,-2.4641002207587297,0.5352097631165461,2.260925592351381,1
KXNBAGAME-26MAR04UTAPHI,2026-03-04,UTA,PHI,PHI,0,2025-26,0.7448,-1.3056728050402537,0.024093349336325693,0.6826895885993484,-0.5290733596876124,-0.4311566806800956,-0.9317305589318459,-0.3252975153309406,0.2595473311149818,0.0029264070697556147,0.49700938493252317,2.1311288305608267,-0.8761972110350646,-0.11527825568292054,-0.46965013375712733,-0.7423210541837734,0.7807038526276472,-1.0983833117887356,-1.3849416216675696,-0.6717081848413251,0.6751604155441806,-0.5074261512290411,-1.8788873927776635,-0.6388045870056945,1.2828834225575172,0.5016141254929182,-1.2262444016037357,-0.6198654933924183,0.5716437546962351,-0.06489059283992699,0.407638971389741,0.6675052520807733,-0.20139458598096255,-0.7119637455532593,0.5351792008665327,1.3042343525743436,0.8256063712333408,0.5943772288584205,-0.9788273618605872,1.1504586416037264,0
KXNBAGAME-26MAR05BKNMIA,2026-03-05,BKN,MIA,MIA,0,2025-26,0.8701,-1.7452399251649762,-2.2346015594326896,0.5069462952615721,-1.8679166011302115,-1.0699836660268793,-0.5118884876005166,-0.8292546333956742,-1.9756586240579508,-0.23696343468161307,0.6731446653883677,0.08760635728353114,-0.7831751265067666,-0.11527825568292054,0.4311342198272434,0.8548666275877979,-0.9241330740662991,1.2846665348413897,-0.3277636632191988,0.10661271372084229,-0.34854766886348343,2.127434401975159,0.542021893111867,-0.7564997059510131,0.3324790859014916,-0.14506149107833788,-0.1512548160568486,-1.57744355066372,-2.319091586265229,1.0325195625390289,-2.2600617440896964,-0.5366925876815285,-0.4425669523370044,-0.34626179936767815,-2.876976083911891,-0.5475622120577246,1.038355853665421,-0.17024213354586792,-0.4522057531728885,0.03999169085607133,0
KXNBAGAME-26MAR05DETSAS,2026-03-05,DET,SAS,SAS,0,2025-26,0.6037,1.3317299157080804,0.0046218415021111415,-1.6499032138838754,1.3198054023045485,0.380685946531451,-1.4600318320237704,-0.1564590899894544,1.6525017669473885,0.04290804736165111,-0.03139645643501261,1.620248212241502,2.007487409342174,-0.11527825568292054,1.7823107502038,1.4586814828916832,-1.0849667463959167,1.8043742141596617,1.4327064116545773,0.5728879064078555,-0.5631127471610489,0.8421365711438422,2.2366583932345394,0.12621368613887937,0.040046982315021705,2.164494282390433,-0.1512548160568486,-0.3006728076353175,-1.0927190173724857,-0.41144116822275517,-0.35716259891835705,-0.7458427387981411,-1.4395784874789868,0.28958178545750146,0.5577762557326137,-1.5295755417868533,-0.1104913514678152,1.104123470461278,-0.123067247743077,0.03999169085607133,0
KXNBAGAME-26MAR05GSWHOU,2026-03-05,GSW,HOU,GSW,0,2025-26,0.2807,-0.42653856479080904,-0.93001053454024,-0.1640735520281231,-0.4780698076326562,-0.5331915463952062,-0.7987805696769255,-0.9085575301469775,-0.16157842855528234,1.6821552993293423,0.3795858646286257,0.9634017029737999,-1.4343297182048529,0.9858596426003342,0.8815263966194288,-0.6644094599510155,-1.5513843961518088,0.7903104496362041,0.8682808914660344,0.5226736548877152,0.8535337938879437,0.5850770049775799,-0.8298267022255331,1.4208599945373879,-0.25238512127144824,1.5178186658191772,0.9237347694900384,-0.9390581791495186,-0.20213893758132614,0.9978645050007464,-0.9125542154516187,-0.9993580734849409,-0.9348569372699532,-1.257760117498574,-0.5268823778393364,1.753154731879087,-0.7487397987640576,0.8492503496598487,-2.0978982803219464,0.03999169085607133,1
KXNBAGAME-26MAR05LALDEN,2026-03-05,LAL,DEN,DEN,0,2025-26,0.6084,0.013028555333913172,-0.28745077601112373,-0.5794667908265069,0.2742325851779472,1.0150766333688848,0.8840863995761598,-0.5555317317056929,-1.3601671291552595,0.04290804736165111,-0.7359375782583929,-0.35029131556160326,0.3330898878328098,-0.11527825568292054,-0.01925795696494194,1.3223361929843536,-0.00738114178747798,0.8663652319754634,0.8638013238454934,0.6733164094481341,-0.38473936881728865,0.9706663542269734,0.8244613097989786,0.18506124561153864,-0.9834653802376224,-1.43841272422085,0.9237347694900384,0.018519878121783073,-1.2095164048860798,-0.41144116822275684,-0.43000084370960456,0.10977151576981391,0.15663449397027382,-0.12390031450107092,-1.634138066277366,-0.5475622120577246,-0.6636400057912248,0.4414533563775626,1.259314475062132,-1.0704752598915837,0
KXNBAGAME-26MAR05NOPSAC,2026-03-05,NOP,SAC,NOP,0,2025-26,0.7027,0.4525956754586354,0.2382799355126996,0.059599730401773784,0.10847104099933966,0.6025008719990858,-0.3964319179843998,0.14284539129772164,0.16236446349876593,0.24281624882112574,0.9079917059961625,-0.20432542461322556,1.1702886485874915,-0.11527825568292054,-1.3704344873414982,-1.3461359094876615,1.5044553781109267,-2.06174388808602,-1.1072084291938429,-3.1106861158195462,0.40372266589063716,0.1352227641866172,-0.10355391645867508,-0.22687167069707845,0.6980192153845788,-0.42220818389459025,-0.1512548160568486,1.2952906211501853,1.1848300391426088,-1.0352322039118467,1.5548413268518884,1.2093942799738129,1.8697041890147275,-0.1827066576062916,0.015446938946639432,0.23804845172557756,0.8256063712333416,-0.6290137509884406,1.1276590728902065,0.03999169085607133,1
KXNBAGAME-26MAR05TORMIN,2026-03-05,TOR,MIN,MIN,0,2025-26,0.646,0.013028555333913172,-0.30692228384534104,-0.7711867471949894,0.41449235332907663,0.5004660062839703,0.5342180068000505,0.465173294222376,-1.1334071047174272,0.36276116969681077,-0.8533610985622904,0.5255040301286655,0.3330898878328098,-0.11527825568292054,0.8815263966194288,0.17314017805115184,-0.3612152209126373,0.3973607408833644,0.95339267625637,-0.20901972440575206,-1.7807049384641056,0.038825426874269355,-0.5877357736365809,0.9500795187561115,0.6980192153845788,1.055907511125423,-0.1512548160568486,-0.619865493392418,-0.362735345412522,-0.29592430976181244,0.0070286250378801636,-0.3212045531977483,0.5196362000319434,1.6016983159927005,-0.8206440910984053,0.658911307323775,-1.3018884530874673,-0.11926750938558227,-0.5180334542588506,0.03999169085607133,0
KXNBAGAME-26MAR05UTAWAS,2026-03-05,UTA,WAS,UTA,0,2025-26,0.39,-1.3056728050402537,-0.30692228384534104,0.4430396431387431,-0.5545751357150904,-0.679589397203846,-1.2536094802858657,0.4344753987057401,0.03278730667714708,0.12287132794544067,0.7318564255403169,2.1311288305608267,-0.6901530419784689,-1.2164161539661753,-1.3704344873414982,-0.7812768513001538,1.5366221125768507,-1.7194973675593535,-0.3188045279781119,-0.646601059081256,-0.41834594734582514,-1.1822075124154805,-0.8701751903236925,0.12621368613887937,0.5518031635913431,0.8711430492479211,-0.1512548160568486,0.018519878121783073,0.35264865310824534,-0.7810951152977723,0.8355636595383198,-0.264163602893219,-0.4475395784474363,0.611178974314167,0.8515379689916825,0.6869688310303209,0.44265730285559524,1.1041234704612788,-1.1104827640325114,-1.0704752598915837,1
KXNBAGAME-26MAR06DALBOS,2026-03-06,DAL,BOS,BOS,0,2025-26,0.8995,-1.3056728050402537,-1.105254105048182,0.6187829364765194,-1.2176213124295205,0.03909096131129446,-1.5929818212786928,-1.5429807041574066,-0.35594416378770943,-1.4763942837303563,0.49700938493252317,-1.2260866612518726,-1.1552634646199587,-1.2164161539661753,0.8815263966194288,-1.3656138080458504,-2.371636125032858,0.9804474054843524,-0.6995677757243433,0.04922499769782767,0.8819701295659312,2.031037064662811,0.21923398832659594,-0.933042384368992,-2.1531937945835007,1.055907511125423,-0.1512548160568486,-1.5774435506637199,0.1920522452770537,2.153033089610172,-1.5772031991717514,0.5185649929522799,-1.1710566775155618,-1.7337239570064387,-1.6793321760095312,-1.1928852573082944,1.0383558536654216,0.6453518530187057,-1.5712766716342477,-1.0704752598915837,0
KXNBAGAME-26MAR06INDLAL,2026-03-06,IND,LAL,LAL,0,2025-26,0.7899,-1.3056728050402537,-0.2290362525084773,1.7371493486260106,-1.5363935127729966,-0.2270869492498697,0.026908837274692024,-0.21273856510328218,-1.1981956831282354,0.7625775726157601,1.084126986452006,-0.8611719338809272,-0.9692192955633627,-0.11527825568292054,-0.01925795696494194,-0.19693989455445712,-0.5220488932422549,0.2832785673744754,1.1191366782165004,1.2974078211984443,-0.6587622398961065,-1.535664415894093,0.25958247642475535,-1.0507375033143105,-0.03306104358159546,0.22446743267666502,-1.2262444016037357,-0.9390581791495188,-0.02694285631093604,1.6332072265359296,-1.3040597812045736,-0.9581618315983385,-0.8851306761656149,0.3171472587880719,0.24141748760746218,0.35027854655176316,1.5489546115024146,-0.5780391268281544,-0.8471719596886621,1.1504586416037264,0
KXNBAGAME-26MAR06LACSAS,2026-03-06,LAC,SAS,SAS,0,2025-26,0.7249,0.4525956754586354,-0.5211088700217122,-1.41025326842327,0.7842681057275088,0.7488987228077281,-0.7323055750494644,0.8949438314552448,-0.5503098990201388,-1.2365044419789861,-0.8533610985622904,0.8904187574996111,0.6121561414177037,-0.11527825568292054,1.7823107502038,1.1275572074024547,-1.3905507238221912,1.829725808272748,1.1818506249041139,0.3971380260873675,-0.3046006046338605,0.6493418965191443,1.8331735122529496,-0.4034143491150563,0.040046982315021705,2.164494282390433,-1.2262444016037357,-0.939058179149519,-1.238715751764479,-0.018683849455549236,-0.757772945270218,-0.3053598447798197,-0.8005960322882408,0.8611059325113466,-0.8432411459644863,-2.146841063330875,-0.32324083389989605,0.5943772288584196,-1.1104827640325114,1.1504586416037264,0
KXNBAGAME-26MAR06MIACHA,2026-03-06,MIA,CHA,MIA,0,2025-26,0.2899,0.8921627955833576,1.4065704055656392,-0.7711867471949894,1.5365704985381121,0.14556212553575965,0.08638646404663176,0.06865881046585671,2.2679932618500795,0.7625775726157601,-0.6185140579544965,0.6714699210770445,0.3330898878328098,-1.2164161539661753,0.8815263966194288,0.1926180766093406,-1.9695519442088139,1.6776162435942297,-0.780199992894138,1.8246574621599123,1.0138113222547969,1.0670636915393235,0.09818852403211913,0.18506124561153864,0.4055871117981088,-0.42220818389459025,-0.1512548160568486,0.018519878121783073,0.907436243797821,0.8592442748476148,-0.11133352274789698,0.6516605436628534,-1.2083513733438127,-0.6696966864463837,0.8289409141256,0.4625086413779497,-0.5785402128183929,0.18658023557613343,0.5352097631165461,-1.0704752598915837,1
KXNBAGAME-26MAR06NOPPHX,2026-03-06,NOP,PHX,PHX,0,2025-26,0.6471,0.4525956754586354,0.5108810451917172,0.18741303464743175,0.18497636908177387,0.4339215286436848,-0.7043161036273748,0.2298227619281825,0.58349022316903,0.16285296823733617,0.6731446653883677,-0.05835953366484655,1.7284211557572802,-1.2164161539661753,-0.46965013375712733,-2.495331924420863,-0.972383175765184,-0.8575431677144144,-2.7332914754513005,-1.3818811706261593,-1.0025833894572689,0.6814743422899276,-1.3543570475015982,-0.4034143491150563,-0.10616906947821261,-1.1612660314045973,-1.2262444016037357,0.6569052496359842,2.2506062002041562,0.8361409031554259,0.7445158535492605,2.239300327138946,0.4525057475410859,0.8794829147317276,-0.07494128051768933,1.0517166392154256,0.7830564747469241,0.03365636309527558,2.049246888093679,0.03999169085607133,0
KXNBAGAME-26MAR06NYKDEN,2026-03-06,NYK,DEN,NYK,0,2025-26,0.4959,0.4525956754586354,-0.28745077601112373,-1.6978332029759982,1.16679474613968,0.41174003609691884,-0.37543981441783364,-0.9597206893413698,0.29194162032038706,0.8825224934914437,-0.44237877749865095,0.30655519370609896,-0.31806470386527647,-0.11527825568292054,-0.01925795696494194,1.0106898160533164,-0.1199647124182108,0.7522830584665745,0.6129455370950322,0.5549542451506627,0.22534928754687406,0.9706663542269734,0.4209764288173901,0.42045148350217687,-1.2758974838240917,-1.9927061098533547,-1.2262444016037357,0.3377125638788836,-0.9759216298588915,-1.1391973765266956,0.28927682360396395,-0.1437438189169876,-0.656389875085659,-0.8479534139840795,-0.4816882681071696,0.32222102284521625,-0.6210901093048088,1.1041234704612783,1.1934867739761692,1.1504586416037264,1
KXNBAGAME-26MAR06PORHOU,2026-03-06,POR,HOU,HOU,0,2025-26,0.7192,0.013028555333913172,-0.48216585435328035,0.6507362625379339,-0.8350946720173492,-0.825987248012481,-1.0436884446202002,-1.9215880821958862,0.5510959339636248,-0.23696343468161307,2.1996504293390267,-0.2773083700874144,2.007487409342174,-0.11527825568292054,0.4311342198272434,-0.6449315613928239,-1.406634091055152,0.6889040731838584,0.8682808914660393,0.7486377867283435,0.8095867296583208,0.8421365711438422,-0.7894782141273751,1.5974026729553668,-0.3254931471680654,1.2406719730029248,-1.2262444016037357,-0.3006728076353175,0.11905387808105711,1.4830353105367045,-1.0946498274297374,-1.2085082246015535,-1.2655365736138011,-1.95424774365101,-0.2105236097141833,0.37833607025831006,0.44265730285559524,0.03365636309527558,0.5352097631165461,1.1504586416037264,0
KXNBAGAME-26MAR07BKNDET,2026-03-07,BKN,DET,BKN,0,2025-26,0.1408,-2.1848070452896984,-2.487731161277493,0.6826895885993484,-2.1739379134599486,-1.420451248265745,-0.8267700410990131,-0.8548362129928689,-1.9108700456471426,-0.15700015409782353,0.6731446653883677,0.014623411809342294,-1.1552634646199587,-0.11527825568292054,0.8815263966194288,-0.19693989455445712,-0.9562998085322231,0.6255250879011423,-0.1709787965001603,-1.4356821543977378,-0.3537179117140266,1.6133152696426318,-0.3859933331457867,-0.22687167069707845,1.136667370764283,1.7949653586354295,-0.1512548160568486,-2.215828922177921,-1.720504975258056,1.182691478538254,-2.0051278873203304,-0.8979519396102227,0.40277948643674755,-0.3609633851439833,-2.4702290963224107,0.15387588060593785,0.655406785287676,-0.7819376234692975,-2.097898280321946,0.03999169085607133,1
KXNBAGAME-26MAR07GSWOKC,2026-03-07,GSW,OKC,OKC,0,2025-26,0.8417,-0.42653856479080904,-0.6574094248612223,0.09155305646318827,-0.5035715836601343,-0.33355811347433484,-0.7847858339658808,-0.9520462154622094,-0.09678985014447176,1.9220451410807122,0.6144329052364195,1.109367593922179,-1.3413076336765548,-0.11527825568292054,1.3319185734116146,-0.43067467725273634,-1.438800825521076,0.8536894349189202,-0.7354043166886984,-0.04403004083957856,0.9362576794966434,0.42441477612366524,-0.5473872855384214,-0.4622619085877156,0.4055871117981088,-0.23744372201708921,0.9237347694900384,-1.2582508649066195,-0.1729395907029292,1.1018296776155938,-0.9762876796439603,0.2777254249998188,-0.5320742223248117,-1.3478073303784408,-0.36870299377675986,1.725097208172541,0.7830564747469241,0.49242798053784825,-0.7813442586026997,-1.0704752598915837,0
KXNBAGAME-26MAR07LACMEM,2026-03-07,LAC,MEM,LAC,0,2025-26,0.7274,0.013028555333913172,-0.5795233935243587,-1.0907200078091297,0.49099768141151084,0.6379912600739107,-1.2746015838524338,0.841222514301139,-0.42073274219852,-1.3564493628546712,-1.1469198993220324,0.9634017029737999,0.3330898878328098,-1.2164161539661753,-0.920042310549313,0.3094854679584788,0.6037868130650687,-0.2744565031134263,0.5099154818225227,0.8490662897686241,0.07541224488110713,-2.1783133313097514,1.0262037502897727,0.00851856719355974,2.8912599922831013,0.5016141254929182,0.9237347694900384,0.6569052496359843,-0.6693284876357047,-1.2200591774493543,0.54421068037333,0.0907578656683059,-1.499250000804193,0.5523726312089484,1.2356879017150817,-1.6698631603195848,-0.8338395917368897,-1.3426584892324422,-0.123067247743077,-2.180942210639239,1
KXNBAGAME-26MAR07ORLMIN,2026-03-07,ORL,MIN,ORL,0,2025-26,0.3103,0.4525956754586354,-0.5405803778559267,-1.2025566490240793,0.6057556735351622,-0.5021374568297333,-0.1130385198357517,0.5905230342486275,-0.4531270314039253,0.12287132794544067,-1.4404787000817743,0.5255040301286655,0.3330898878328098,-0.11527825568292054,1.3319185734116146,0.17314017805115184,-0.5542156277081789,0.549470305561883,1.3923903030696814,0.12813310722947327,-1.9435675882562333,-0.15396924775042858,-0.5070387974402635,1.1266221971740904,0.9173432930744302,0.8711430492479211,-0.1512548160568486,-0.6198654933924184,-0.537931426682912,-0.4691995974532266,0.034342966834597935,-1.347941658679293,-0.17404514237357677,1.8075205168609645,-0.2105236097141833,0.4344511176714029,-1.8550371074108778,-0.2721913818664392,-0.3863780520869259,0.03999169085607133,1
KXNBAGAME-26MAR07PHIATL,2026-03-07,PHI,ATL,ATL,0,2025-26,0.7063,-0.42653856479080904,-0.8326529953691616,0.7146429146607629,-1.1156142083196083,-1.4692505318686193,-1.1276568588864666,0.6544769832416157,-0.712281345047163,-1.6363208448979354,-0.7946493384103421,1.4012993758189356,0.7982003104742998,0.9858596426003342,0.4311342198272434,0.5237423520985692,-0.5381322604752181,0.7649588555231176,-0.6010172880723748,0.056398462200704,-0.05901406923303308,1.2598583661640192,0.864809797897138,-0.521109468060376,1.063559344867666,-0.14506149107833788,0.9237347694900384,-0.619865493392418,-1.019720650176489,0.9054510182319926,-1.3495836841991034,-0.6285918965054962,-0.8453496672821446,0.5137809685461486,-1.3855704627504606,-1.7540357314392245,-0.19559114444064724,0.23755485973641907,0.6668651652884708,0.03999169085607133,0
KXNBAGAME-26MAR07UTAMIL,2026-03-07,UTA,MIL,MIL,0,2025-26,0.7961,-0.8661056849155315,-0.20956474467426275,0.31522633889308743,-0.3888135915364829,-0.5331915463952062,-0.8827489839431921,0.16842697089491634,-0.2587612961714959,0.16285296823733617,0.027315303716935573,2.2041117760350155,-0.6901530419784689,-0.11527825568292054,-0.01925795696494194,-1.1903127210221403,0.0891190616102917,-0.8448673706578711,-0.2336927431877712,0.36844416807585817,-0.307185726059135,-0.5395585969998222,-1.0315691427163274,0.3027563645568572,-0.9103573543410046,-0.9765015695270958,0.9237347694900384,-0.6198654933924183,0.7322401625274267,0.16614312408195847,0.3256959459995877,-0.2197984193230319,-0.887616989220833,0.3410373356745685,0.19622337787529698,0.8272564495630534,-0.19559114444064724,2.1745905778272805,0.20607125768673457,-1.0704752598915837,0
KXNBAGAME-26MAR08BOSCLE,2026-03-08,BOS,CLE,BOS,0,2025-26,0.5332,1.3317299157080804,-0.7937099797007325,-2.576549669664884,1.5365704985381121,-0.2448321432872785,0.5692048460776614,0.21447381416986738,2.5271475754933195,0.4827060905724944,-0.9120728587142385,-1.9559161159937637,1.7284211557572802,-0.11527825568292054,0.8815263966194288,0.1536622794929603,-0.9884665429981471,0.8790410290320066,0.5412724551663294,0.7880918414941693,-0.5708681114368637,-0.12183680197964522,0.09818852403211913,-0.16802411122441813,0.040046982315021705,0.6863785873704192,3.0737139405838123,0.337712563878884,-0.7131275079533043,-1.1507490623727894,0.4622676549831766,-0.5620441211502094,-0.14669569876619096,0.5615611223191379,1.8458083830993037,0.26610597543212344,-0.5359903163319768,-1.3936331133927276,0.7326928663744335,-3.291409161386894,1
KXNBAGAME-26MAR08CHAPHX,2026-03-08,CHA,PHX,PHX,0,2025-26,0.3591,0.8921627955833576,0.4719380295232853,-1.7138098660067043,1.6768302666892414,-0.7372612778254296,1.5978179208394232,0.8975019894149668,1.3933474533041508,0.16285296823733617,-0.2662434970428064,0.5255040301286655,0.1470457187762136,-0.11527825568292054,-0.01925795696494194,-2.203163446048015,-0.8597996051344534,-0.7561367912620687,-2.527231364906279,-1.001687551973674,-1.3825962389722337,0.713606788060711,-1.152614607010804,-0.34456678964239706,-0.03306104358159546,-0.6069726457720921,-0.1512548160568486,0.6569052496359842,2.0024117517377675,-0.6193715134524518,1.7369369388300069,1.2569284052275882,1.8249505540208253,1.6292637893232709,0.4673880362682849,0.9114290206826932,0.05970823447784958,0.3904787322172761,0.5352097631165461,0.03999169085607133,0
KXNBAGAME-26MAR08CHISAC,2026-03-08,CHI,SAC,SAC,0,2025-26,0.3635,-1.3056728050402537,-1.611513308737788,-0.020283584751761306,-1.039108880237174,-0.870350233106008,-0.8547595125211026,-0.7883241060401645,-0.06439556093906648,-0.6367798376005623,2.4344974699468196,0.30655519370609896,0.3330898878328098,0.9858596426003342,-1.3704344873414982,-1.4045696051622307,1.5205387453438899,-2.112447076312193,-1.1340858349171086,-3.7347775275698543,0.27963683747758333,0.1352227641866172,-0.14390240455683306,-0.6976521464783538,0.4055871117981088,-0.6069726457720921,0.9237347694900384,0.018519878121783073,-0.15833991726372862,-1.1045423189884132,0.7718301953459785,0.17631929112509895,1.9766156503890542,-0.7634192957703263,-0.1427324451159355,-0.3511595461118993,2.2723028517714896,-0.06829288522529572,0.6668651652884708,0.03999169085607133,0
KXNBAGAME-26MAR08DALTOR,2026-03-08,DAL,TOR,TOR,0,2025-26,0.7895,-1.3056728050402537,-1.319440691224553,0.6187829364765194,-1.35788108058065,-0.28032253136210106,-0.987709501776023,-1.2718159604271446,-0.2587612961714959,-1.2764860822708817,0.144738824020833,-1.5910013886228183,-1.1552634646199587,-0.11527825568292054,-0.01925795696494194,-0.6449315613928239,-0.9402164412992623,0.3213059585441051,0.3710488855856605,0.3971380260873655,0.34167975168411024,-1.1822075124154805,0.017491547835801726,-0.8153472654236734,0.47869513769472594,0.1320852017379145,0.9237347694900384,-0.9390581791495188,-0.5087320798045131,1.1249330493077827,-1.2039071946166084,-0.46697587064266055,-0.9820968853190736,-1.1548490170644419,0.6481644751969424,-0.9123100202428294,0.6979566817740929,-1.4446077375530133,-0.9129996607746245,-1.0704752598915837,0
KXNBAGAME-26MAR08DETMIA,2026-03-08,DET,MIA,MIA,0,2025-26,0.5159,0.4525956754586354,-0.3263937916795556,-0.9469300405327679,0.5420012334664671,-0.39566629260526814,-0.7987805696769255,-0.5299501521084954,1.5229246101257696,-0.35690835555729816,0.027315303716935573,1.3283164303447454,2.100509493870472,-1.2164161539661753,0.8815263966194288,1.3612919901007339,-0.4255486898444853,1.2212875495586735,0.13363180169683228,0.23214834252119199,-0.12622722629010033,1.709712606954982,0.6630673574063437,-1.2272801817322896,-0.17927709537483108,0.40923189455416686,-0.1512548160568486,-0.3006728076353175,-1.267915098642878,-0.37678611068447265,-0.49373430790194595,-0.381414445185864,-0.7334655797973831,-0.2892931544844974,-0.1427324451159371,-0.715907354297004,0.9107061642061729,1.0531488463009921,1.1934867739761692,-1.0704752598915837,0
KXNBAGAME-26MAR08HOUSAS,2026-03-08,HOU,SAS,SAS,0,2025-26,0.7095,0.4525956754586354,-0.5989949013585759,-1.3782999423618578,0.7077627776450746,1.2102737677804063,-0.14452667518559997,0.419126450947425,0.875038826017673,-0.6367798376005623,1.8473798684273355,-0.1313424791390367,1.6353990712289816,-0.11527825568292054,1.7823107502038,0.7379992362386569,-1.3262172548903433,1.5255066789157108,0.8190056476400538,0.4724594033675769,-0.9767321752045501,0.8742690169146256,1.6314310717621554,-0.4034143491150563,-0.5448172248579175,2.2568765133291837,-0.1512548160568486,-0.939058179149519,-1.0051209767372906,-0.04178722114773975,-0.5938868944899113,0.280894366683407,-0.43510801317135306,0.9970956009421669,-0.0071501159194431625,-1.585690589199945,1.6340544044752474,0.2885294838967043,-0.4522057531728885,0.03999169085607133,0
KXNBAGAME-26MAR08INDPOR,2026-03-08,IND,POR,POR,0,2025-26,0.7899,-1.3056728050402537,0.024093349336325693,1.833009326810254,-1.4471372966768234,-0.13836097906281333,-0.4454134929730555,-0.5939041011014835,-1.1981956831282354,1.0424490546590242,0.3795858646286257,-0.5692401519841711,-0.8761972110350646,-0.11527825568292054,-0.46965013375712733,-1.1513569239057626,0.5072866096672967,-1.1490865000149084,-1.2057589168458114,-1.3782944383747213,-2.46059187331061,0.26375254726975067,-0.8701751903236925,2.0681831487366433,0.3324790859014916,1.5178186658191772,-0.1512548160568486,-0.6198654933924183,0.878236896919422,0.963209447462464,-0.21148610933586218,0.7498977358539869,0.63400660057192,1.3242058844649482,-1.0240175848931456,1.3322918762808904,-1.216788660114636,-0.6290137509884406,-1.7029320738061724,0.03999169085607133,0
KXNBAGAME-26MAR08NYKLAL,2026-03-08,NYK,LAL,LAL,0,2025-26,0.3879,0.8921627955833576,-0.13167871333739903,-2.2410397460200353,1.7023320427167197,0.7622076183357798,0.20884040151827002,-0.9059993721872612,0.4215187771420059,1.3223205367022883,-0.5010905376506002,0.8174358120254223,-0.31806470386527647,-0.11527825568292054,0.4311342198272434,0.1926180766093406,-0.8276328706685294,0.7776346525796609,1.3296763563820628,1.3655557339757776,-0.23738744757679042,-1.2464724039570472,0.34027945262107273,-1.3449753006776082,-0.17927709537483108,0.22446743267666502,-0.1512548160568486,0.3377125638788836,-0.24593795789892575,-1.0236805180657513,0.6534680475602012,-0.4004280952873738,-0.8030823453434561,-0.48041376957646253,1.1678967371168356,0.6869688310303209,0.6128568888012593,0.6963264771789918,-0.3863780520869259,0.03999169085607133,0
KXNBAGAME-26MAR08ORLMIL,2026-03-08,ORL,MIL,ORL,0,2025-26,0.7038,0.4525956754586354,-0.5211088700217122,-1.3143932902390287,0.7077627776450746,-0.5154463523577923,-0.3509490269235048,0.4626151362626568,0.00039301747174178806,0.16285296823733617,-1.2056316594739804,0.08760635728353114,0.4261119723611075,-1.2164161539661753,-0.01925795696494194,-1.2487464166967122,-0.055631243486365105,-0.7688125883186119,-0.22921317556723023,0.19628102000680636,-1.4162028175007704,-0.5074261512290411,-0.5877357736365809,0.00851856719355974,-0.6910332766511524,-0.8841193385883449,-1.2262444016037357,0.3377125638788836,0.5424444078178381,-0.9081636596048086,1.0540783939120622,-0.21029159427227262,-0.390354378177448,1.3407451684632914,0.35440276193787357,0.5186236887910426,-0.8763894882233056,0.543402604698134,0.9301759696323201,0.03999169085607133,1
KXNBAGAME-26MAR08WASNOP,2026-03-08,WAS,NOP,NOP,0,2025-26,0.7996,-1.3056728050402537,-0.5989949013585759,1.3217561098276291,-1.4471372966768234,-0.11617948651604985,-0.3404529751402227,-0.39180962228364796,-1.1334071047174272,-0.916651319643828,0.144738824020833,0.6714699210770445,0.4261119723611075,0.9858596426003342,-0.01925795696494194,0.46530865642400016,0.6198701802980295,-0.1857259237176237,0.03508131404486374,-0.865391726419008,0.8302677010604935,0.6493418965191443,-0.30529635694946927,0.7735368403381336,-0.10616906947821261,1.5178186658191772,-0.1512548160568486,-0.9390581791495188,-0.8007255485885014,0.5126936994647866,-0.9034494348527128,-0.1120544020811374,0.3530532253324092,-0.8700057926485363,-1.2499881335539682,-0.43533211723153903,-0.45089052335914404,0.543402604698134,-0.7813442586027001,1.1504586416037264,0
KXNBAGAME-26MAR09DENOKC,2026-03-09,DEN,OKC,OKC,0,2025-26,0.4778,0.013028555333913172,0.7055961235338738,0.20338969767813786,0.29973436120542524,0.5847556779616719,0.05839699262454225,-0.010644086285443739,0.5187016447582194,0.6026510114481795,0.49700938493252317,-1.44503549767444,-1.9924622253746407,0.9858596426003342,1.3319185734116146,-1.0539674311148133,-1.6318012323166178,0.6001734937880558,-1.4566147035962724,-0.25923397592589037,1.099120329288774,0.5850770049775799,-0.7087812379310577,-0.10917655175175883,0.47869513769472594,-0.42220818389459025,-0.1512548160568486,-0.939058179149519,1.3162271000954013,1.3213117086913857,-0.22059088993476808,1.4438959645591027,0.21630600729547875,-0.787309372656823,-0.05234422565160835,0.9114290206826932,0.44265730285559524,-1.3426584892324414,-1.1104827640325114,1.1504586416037264,0
KXNBAGAME-26MAR09GSWUTA,2026-03-09,GSW,UTA,UTA,0,2025-26,0.3242,-0.42653856479080904,-0.6963524405296543,0.07557639343248217,-0.5163224716738732,-0.4001025911146228,-0.6588332125664818,-1.0160001644551948,0.2271530419095765,2.0419900619563975,0.6144329052364195,0.5255040301286655,-1.3413076336765548,-0.11527825568292054,-1.3704344873414982,-0.4891083729273054,0.3947030390365662,-0.6293788206966365,-0.8787504805461065,-0.976580426213603,0.12452955196127033,-0.4431612596874744,-0.06320542836051567,0.00851856719355974,2.08707170742031,-0.6069726457720921,-0.1512548160568486,0.6569052496359843,-0.1583399172637307,-0.22661419468524746,0.07986686982912768,0.33159743362076693,0.20387444201939414,-0.8167125442094293,0.4673880362682849,1.472579494813623,0.44265730285559524,-1.0877853684310133,-0.518033454258851,0.03999169085607133,0
KXNBAGAME-26MAR09NYKLAC,2026-03-09,NYK,LAC,LAC,0,2025-26,0.4892,0.4525956754586354,-0.93001053454024,-1.9055298223751889,0.9117769858648992,0.31857776740051275,-0.5608700625891704,-0.6757651558125061,0.29194162032038706,0.6026510114481795,-0.2662434970428064,0.37953813918028784,-0.6901530419784689,-1.2164161539661753,0.4311342198272434,-0.002160908972558256,-0.7632994017366814,0.6001734937880558,1.0698614343905173,-1.374707706123283,1.267153221931445,-0.4752937054582577,-1.7174934403850288,-0.933042384368992,0.844235267177813,0.039702970799163975,-0.1512548160568486,0.018519878121783073,-0.6985278345141037,-0.82730185868215,0.21643857881271655,-0.5335236459979456,0.549471956694546,-1.3845612948192028,0.5351792008665327,1.6128671133463555,0.48520719934201123,-0.32316600602672485,-0.5180334542588512,-1.0704752598915837,0
KXNBAGAME-26MAR09PHICLE,2026-03-09,PHI,CLE,CLE,0,2025-26,0.8707,-0.42653856479080904,-0.8715960110375935,0.5548762843536927,-1.013607104209696,-1.123219248139113,-1.0646805481867663,0.1581943390560396,-0.6150984774309495,-1.4763942837303563,-0.3836670173467028,1.2553334848705566,0.4261119723611075,-0.11527825568292054,0.4311342198272434,-0.2553735902290262,-1.1171334808618407,0.7142556672969448,0.2724983979336895,0.6302756224308721,-0.8397207396651412,-0.025439464667297386,0.017491547835801726,-0.34456678964239706,-0.10616906947821261,0.5939963564316687,-1.2262444016037357,-0.619865493392418,-0.46493305948691555,1.205794850230443,-1.240326317012232,-0.9993580734849409,-1.1984061211229449,0.7122523765262632,-0.41389710350892345,-1.0525976387755618,-0.025391558494982442,0.95119959798042,-0.123067247743077,1.1504586416037264,0
KXNBAGAME-26MAR10BOSSAS,2026-03-10,BOS,SAS,SAS,0,2025-26,0.601,1.3317299157080804,-1.0857825972139674,-2.6883863108798316,1.4345633944281997,-0.5819908299980804,0.551711426438856,0.9665722543273905,2.559541864698725,0.3227795294049153,-1.0294963790181348,-2.4667967343130877,0.9842444795308961,-0.11527825568292054,1.7823107502038,1.1080793088442658,-1.2136336842596105,1.6776162435942297,1.1997688953862902,1.4372903790045488,-1.0853072750659687,0.4886796676652297,1.7524765360566321,-0.521109468060376,-0.6910332766511524,2.349258744267935,-0.1512548160568486,-0.3006728076353175,-1.6475066080620613,-1.0698872614501291,-0.1841717675391445,-1.2687181165896657,-0.6091499270365373,1.4675463457839182,1.4390613955098235,-0.996482591362469,-0.3657907303863113,-1.24070924091187,-0.9788273618605868,0.03999169085607133,0
KXNBAGAME-26MAR10CHAPOR,2026-03-10,CHA,POR,CHA,0,2025-26,0.582,0.4525956754586354,0.25775144334691413,-1.6499032138838754,1.4855669464831558,-0.5376278449045583,1.4578705637289795,0.39866118726967154,1.1017988504555076,0.2827978891130198,-0.44237877749865095,-0.1313424791390367,0.1470457187762136,-0.11527825568292054,-0.01925795696494194,-0.7228431556255847,0.15345253054213967,-0.5913514295270068,-0.8518730748228408,-1.3424271158603356,-2.4554216304600667,0.3601498845820985,-0.6280842617347389,1.3620124350647276,0.4055871117981088,1.887347589574181,-0.1512548160568486,0.3377125638788836,0.7322401625274287,-1.3009209783720146,1.482003082060641,0.21434659132811845,1.9616977720577542,2.033557398171654,0.51258214600045,0.6308537836172271,-1.3018884530874666,-0.3741406301870114,-1.2421381662044364,0.03999169085607133,1
KXNBAGAME-26MAR10CHIGSW,2026-03-10,CHI,GSW,CHI,0,2025-26,0.3202,-1.3056728050402537,-1.7088708479088663,0.027646404340361565,-1.1411159843470864,-0.9723850988211185,-0.5048911197449933,-1.0569306918107102,0.2595473311149818,-0.35690835555729816,2.1996504293390267,-0.49625720650998156,0.1470457187762136,-0.11527825568292054,-0.920042310549313,-0.6254536628346352,0.2177859994739854,-0.5786756324704636,-0.8160365338584882,-0.7183357041100272,-1.3645003889953298,0.3922823303528819,2.1559614170382204,-0.16802411122441813,0.4055871117981088,-1.2536482623433483,-1.2262444016037357,-0.3006728076353175,-0.8153252220276979,-0.13420070791649197,-0.40268650191288674,-0.1215612271318914,0.13425767647332126,0.21239846013189778,-0.09753833538377193,-1.7540357314392245,1.71915419744808,-0.6290137509884401,0.9960036707182824,1.1504586416037264,1
KXNBAGAME-26MAR10DALATL,2026-03-10,DAL,ATL,ATL,0,2025-26,0.8568,-1.3056728050402537,-1.5530987852351417,0.5868296104151072,-1.4853899607180403,-0.7062071882599592,-1.3445752624076557,-1.0415817440523922,0.3567301987311953,-1.2764860822708817,0.3795858646286257,-1.7369672795711966,-0.5971309574501704,-0.11527825568292054,0.8815263966194288,0.6406097434477075,-0.6989659328048358,0.9677716084278092,-0.30984539273702,-0.23054011791438303,-0.270994026105324,1.5490503781010674,0.9455067740934554,0.12621368613887937,1.2097753966609002,-0.5145904148333416,0.9237347694900384,-1.5774435506637199,-1.6475066080620593,0.9285543899241814,-1.7592988111498702,-0.28951513636189985,-0.8005960322882395,-0.5539216984579863,-0.8432411459644878,-1.5576330654933992,0.18735792393709763,-2.0563032274764432,-0.057239546657114324,-1.0704752598915837,0
KXNBAGAME-26MAR10DETBKN,2026-03-10,DET,BKN,DET,0,2025-26,0.9139,0.013028555333913172,-0.38480831518220204,-0.531536801734384,0.17222548106803484,-0.471083367264263,-1.2011292213694493,-0.24343646061991808,1.263770296482532,-0.27694507497350856,-0.20753173689085821,0.9634017029737999,2.472597831983664,-0.11527825568292054,-1.3704344873414982,-1.696738083535079,0.6198701802980295,-1.5927393969939212,-0.5248646385231309,-0.3058614951945925,0.04180566635257065,-1.7605915362895743,0.05784003593396114,1.3031648755920693,0.040046982315021705,-0.23744372201708921,-1.2262444016037357,0.9760979353930849,0.9804346109938176,-0.8273018586821483,1.2634883476868985,0.03054797368019019,-0.6464446228647897,-0.2029213380487084,2.1169730414922916,-0.23892945128571375,-1.0891389706553873,0.6453518530187052,1.9175914859217549,1.1504586416037264,1
KXNBAGAME-26MAR10INDSAC,2026-03-10,IND,SAC,SAC,0,2025-26,0.6054,-1.7452399251649762,-0.48216585435328035,1.7850793377181335,-1.7404077209928213,-0.506573755339088,-0.679825316133048,-0.8650688448317457,-1.3601671291552595,0.9225041337833392,0.43829762478057493,-0.35029131556160326,-0.6901530419784689,-0.11527825568292054,-0.920042310549313,-0.7812768513001538,1.3597050730142721,-1.580063599937378,-0.9369848596131715,-2.8380944647102138,0.9155767080944706,0.2958849930405318,0.4209764288173901,-1.4626704196229277,0.186263034108256,-0.3298259529558397,-0.1512548160568486,-0.6198654933924181,0.22125159215545276,0.31631504008118366,-0.11133352274789682,0.2967390751013268,1.4793530393456704,-1.2706240050528412,-1.1595999140896378,0.35027854655176316,1.3787550255567513,-0.3741406301870105,-0.2547226499150017,0.03999169085607133,0
KXNBAGAME-26MAR10MEMPHI,2026-03-10,MEM,PHI,PHI,0,2025-26,0.5734,-0.8661056849155315,0.39405199818642433,0.7625729037528834,-0.3505609274952658,0.2653421852882814,1.041527176325409,0.2784277631628527,-2.040447202468761,1.0024674143671288,0.3795858646286257,2.0581458850866365,1.0772665640591939,-1.2164161539661753,-0.46965013375712733,-0.6059757642764436,0.23386936670694852,-0.5786756324704636,-0.7398838843092393,-0.6824683815956416,-0.23221720472624724,-0.5074261512290411,-1.3140085594034403,-0.4622619085877156,1.063559344867666,0.22446743267666502,-1.2262444016037357,-0.3006728076353177,0.7468398359666273,0.38562515515774864,0.161809895219281,0.708701493967381,1.208344916327029,0.366765110783099,-1.0692116946253092,1.6128671133463555,0.6128568888012593,0.6963264771789909,0.6010374642025087,0.03999169085607133,0
KXNBAGAME-26MAR10MINLAL,2026-03-10,MIN,LAL,LAL,0,2025-26,0.4456,1.3317299157080804,0.06303636500475757,-0.531536801734384,0.4654959053840328,0.9662773497660058,0.019911469419170616,-1.6299580747878704,-0.2587612961714959,-0.5168349167248787,0.6144329052364195,1.109367593922179,1.1702886485874915,0.9858596426003342,0.4311342198272434,-0.08007250320531892,-0.9402164412992623,0.6889040731838584,0.7652508361935297,1.4301169145016726,-0.2994303617833145,-1.310737295498614,-0.2649478688513099,-1.2861277412049488,-0.03306104358159546,0.40923189455416686,-0.1512548160568486,0.6569052496359845,0.10445420464185863,0.2932116683889965,-0.1659622063413325,0.144629874289247,-0.982096885319075,-0.9563776090843293,0.7385526946612728,-0.18281440387262093,1.3787550255567504,0.798275725499563,0.5352097631165461,1.1504586416037264,0
KXNBAGAME-26MAR10TORHOU,2026-03-10,TOR,HOU,HOU,0,2025-26,0.6242,0.013028555333913172,-0.6963524405296543,-1.2185333120547877,0.516499457438989,0.09232654342352335,-0.1270332555467945,0.055868020667260786,-0.9390413694849977,0.16285296823733617,-1.0294963790181348,0.5984869756028544,-0.13202053480868028,-0.11527825568292054,0.4311342198272434,-0.21641779311264592,-0.6989659328048358,0.4100365379399076,1.3296763563820628,-0.2699941726802088,0.6518943227167362,0.5850770049775799,-0.6280842617347389,1.3031648755920693,-0.03306104358159546,1.2406719730029248,-0.1512548160568486,-0.3006728076353175,-0.362735345412522,-0.37678611068447265,0.07076208923022169,-0.8789382895087112,0.09199035453463561,-0.42160742647124183,-1.0692116946253107,0.5466812124975885,-1.684837521465213,0.4414533563775617,-0.9788273618605868,0.03999169085607133,0
KXNBAGAME-26MAR10WASMIA,2026-03-10,WAS,MIA,MIA,0,2025-26,0.9164,-1.3056728050402537,-0.5016373621874977,1.3217561098276291,-1.383382856608128,0.09232654342352828,-0.23899114123515064,-0.437856465558599,-1.1010128155120218,-0.8766696793519324,0.26216234432472935,-0.1313424791390367,0.3330898878328098,-0.11527825568292054,1.3319185734116146,1.5560709756826328,-0.5059655260092941,1.4114245054068217,0.3307327770007644,0.34333704231578704,0.4890316729246084,1.9025072815796775,0.9455067740934554,-1.3449753006776082,0.040046982315021705,0.5939963564316687,-0.1512548160568486,-1.896636236420821,-1.5453088939876658,1.3213117086913857,-2.0051278873203304,-0.17226429406925134,-0.41273119567440053,-0.6605081953361963,-2.108676218465094,-1.2770578284279341,1.1660055431246696,-0.11926750938558227,-0.18889494882903904,0.03999169085607133,0
KXNBAGAME-26MAR11CHASAC,2026-03-11,CHA,SAC,CHA,0,2025-26,0.8824,0.8921627955833576,0.296694459015346,-1.7138098660067043,1.5620722745655902,-0.7283886808067251,1.5803245012006157,0.4165682929877058,1.296164585687935,0.12287132794544067,-0.3836670173467028,0.23357224823190884,0.2400678033045113,-1.2164161539661753,-0.46965013375712733,-0.3722409815781672,1.1667046662187306,-1.1617622970714516,-0.43527328611225424,-2.343125414011693,0.9285023152208257,0.6172094507483609,0.34027945262107273,-1.5803655385682462,0.186263034108256,0.039702970799163975,-1.2262444016037357,0.9760979353930848,0.49864538750024057,-2.0748839300603312,1.946346892604843,-0.2166294776394437,2.742400071395864,-0.3591256869219454,0.4673880362682849,-0.15475688016607403,0.8681562677197568,0.03365636309527558,0.1402435566007719,0.03999169085607133,1
KXNBAGAME-26MAR11CLEORL,2026-03-11,CLE,ORL,ORL,0,2025-26,0.4008,0.4525956754586354,-0.7352954561980833,-1.3463466163004434,0.5930047855214232,-0.14723357608152265,0.3697798621952799,-0.6680906819333484,-0.3235498745823065,-0.07703687351403395,-0.9707846188661867,-0.42327426103579274,0.6121561414177037,-0.11527825568292054,0.8815263966194288,-0.06059460464712736,-1.6800513340155026,1.2846665348413897,0.10675439597356656,-0.3202084242003451,0.15038076621398916,0.5850770049775799,0.17888550022843794,-0.8741948248963327,-0.03306104358159546,0.039702970799163975,0.9237347694900384,-0.3006728076353175,-0.5087320798045131,0.23545323915852345,-0.5028390885008519,-0.1849400608035953,0.4798551911484717,-0.5851625682326306,-0.6398676521697477,-0.18281440387262093,-0.06794145498139846,-0.27219138186643965,0.4035543609446213,-1.0704752598915837,0
KXNBAGAME-26MAR11HOUDEN,2026-03-11,HOU,DEN,DEN,0,2025-26,0.7034,0.4525956754586354,-0.09273569766896715,-0.7711867471949894,0.554752121480206,1.3522353200796917,0.16685619438513574,0.2963348688808927,1.0370102720446972,-0.5568165570167728,1.7299563481234392,-0.49625720650998156,0.8912223950025976,-1.2164161539661753,-0.46965013375712733,0.8159108304714175,0.4590365079684119,0.1691963938655864,0.28593710079532486,-0.07272389885108586,-0.2632386618295093,0.8100041253730589,0.6227188693081843,0.06736612666621902,-1.4221135356173267,-1.8079416479758534,-0.1512548160568486,0.6569052496359842,-0.6839281610749053,-0.8850602879126197,0.27106726240615214,0.7594045609047427,0.16409343313592373,0.40168137700182505,0.15102926814313342,-0.8281374491231897,1.2085554396110865,0.6453518530187057,1.9175914859217544,-1.0704752598915837,0
KXNBAGAME-26MAR11MINLAC,2026-03-11,MIN,LAC,LAC,0,2025-26,0.5478,0.8921627955833576,-0.5600518856901441,-0.46763014961155736,0.0064639368894273234,0.3673770510033919,-0.4384161251175341,-1.079954113448183,-0.19397271776068534,-1.076577880811407,0.3795858646286257,0.6714699210770445,0.7982003104742998,-1.2164161539661753,0.4311342198272434,0.40687496074942825,-0.5059655260092941,0.6635524790707719,1.0429840286672516,-1.1272231807740218,1.267153221931445,-0.34676392237512654,-1.5560994879923924,-1.109585062786971,0.7711272412811959,-0.23744372201708921,-0.1512548160568486,0.3377125638788836,-0.7277271813925028,0.02752289392882687,-0.47552474670413414,-0.47965163737699923,0.4649373128171691,-1.674917613901222,0.10583515841096981,0.32222102284521625,1.0809057501518378,-0.06829288522529572,0.7326928663744335,-1.0704752598915837,0
KXNBAGAME-26MAR11NYKUTA,2026-03-11,NYK,UTA,NYK,0,2025-26,0.8893,0.4525956754586354,-0.7937099797007325,-1.9055298223751889,1.0010332019610726,0.4960297077746206,-0.13752930733007857,-0.6757651558125061,0.7130673799906488,0.9225041337833392,0.20345058417278117,0.08760635728353114,-1.2482855491482567,-0.11527825568292054,-1.3704344873414982,-0.5280641700436858,0.7646204853946863,-0.946273747110217,-1.1699223758814612,-1.1630905032884074,0.14521052336344598,-0.5074261512290411,-0.2649478688513099,-0.050328992279099545,2.0139636815236917,-0.5145904148333416,-0.1512548160568486,1.2952906211501853,-0.20213893758132823,-1.924712014061106,1.3909552760715815,1.1777048631379645,0.7036233661179943,-0.5870002664546684,0.8515379689916842,0.8272564495630534,0.18735792393709838,-1.3426584892324414,-0.5180334542588506,0.03999169085607133,1
KXNBAGAME-26MAR11TORNOP,2026-03-11,TOR,NOP,NOP,0,2025-26,0.4496,-0.42653856479080904,-1.1441971207166137,-1.0747433447784236,0.10847104099933966,-0.07625279993187511,-0.5363792750948435,0.27586960520313636,-1.716504310414713,-0.15700015409782353,-1.0294963790181348,0.45252108465447666,-0.5041088729218727,-1.2164161539661753,0.4311342198272434,0.9912119174951248,0.5394533441332207,0.2198995820917593,0.3531306151034867,-1.0483150712423743,0.6880860226705414,0.5850770049775799,-0.3859933331457867,0.47929904297483616,0.3324790859014916,1.7949653586354295,0.9237347694900384,-0.619865493392418,-1.6037075877444618,-1.162300748218883,-0.08401918095117913,-0.30852878646340964,0.3406216600563246,-0.2892931544844974,-1.611541011411285,0.15387588060593785,-1.0891389706553865,0.08463098725556123,-1.6371043727202101,-2.180942210639239,0
KXNBAGAME-26MAR12BKNATL,2026-03-12,BKN,ATL,ATL,0,2025-26,0.9103,-1.3056728050402537,-1.4557412460640633,1.0980828273977299,-1.8296639370889947,-0.30250402390886205,0.25432329257916114,0.1786596027337959,-2.040447202468761,0.20283460852923024,1.2015505067559045,-0.49625720650998156,-0.5971309574501704,-0.11527825568292054,1.3319185734116146,0.796432931913226,-1.1171334808618407,1.3987487083502785,0.19186618076390224,0.04922499769782568,-0.5786234757126812,1.4847854865595005,1.3086431669768843,-0.4034143491150563,0.9173432930744302,0.1320852017379145,-0.1512548160568486,-1.896636236420821,-1.6913056283796568,1.5985521689976472,-2.314690427683132,-0.35606291171718313,0.1417166156389698,0.5413464418767211,-2.4702290963224107,-0.7720224017100968,1.1660055431246705,-0.9858361201104405,-0.5180334542588506,0.03999169085607133,0
KXNBAGAME-26MAR12CHILAL,2026-03-12,CHI,LAL,LAL,0,2025-26,0.8391,-0.8661056849155315,-1.2220831520534747,0.027646404340361565,-0.8223437840036103,-1.0389295764614113,-0.553872694733649,-1.0901867452870597,1.2313760072771265,0.0029264070697556147,2.258362189490974,-0.7152060429325487,0.2400678033045113,-0.11527825568292054,0.4311342198272434,-0.17746199599626836,-1.1975503170266495,0.8283378408058337,0.6129455370950347,0.5011532613790842,-0.4778037401270747,-0.8287506089368702,-0.2649478688513099,-1.5803655385682462,-0.10616906947821261,0.22446743267666502,-0.1512548160568486,-0.9390581791495188,-0.7861258751492988,0.8823476465398037,-1.1856976334187965,-1.1799877494492896,-0.7458971450734677,-0.4418221069136607,1.4390613955098235,0.18193340431248375,2.782901609608483,-0.425115254347297,0.008588154428847751,0.03999169085607133,0
KXNBAGAME-26MAR12DALMEM,2026-03-12,DAL,MEM,DAL,0,2025-26,0.6743,-1.3056728050402537,-1.533627277400927,0.6187829364765194,-1.4981408487317796,-0.46664706875491324,-1.0436884446202002,-0.9162320040261379,0.29194162032038706,-0.9966146002276175,0.49700938493252317,-2.174864952416331,-0.8761972110350646,-0.11527825568292054,-1.3704344873414982,0.543220250656758,1.2149547679176154,-0.60402722658355,0.3128145065185856,1.225673176169673,0.584681165659669,-2.0819159939974035,0.9051582859952959,0.5381466024474955,1.2828834225575172,0.7787608183091705,-0.1512548160568486,0.018519878121783073,-1.5599085674268642,-0.4229928540688504,-0.639410797484441,-0.5588751794666229,-1.5962162099576516,-1.0721525970727288,1.6650319441706463,-1.3331728758410268,-0.025391558494982442,-2.4131255965984435,-1.176310465118474,0.03999169085607133,1
KXNBAGAME-26MAR12DENSAS,2026-03-12,DEN,SAS,DEN,0,2025-26,0.4288,0.013028555333913172,1.0755547723839725,0.059599730401773784,0.6567592255901183,0.7045357377141962,0.6041916853552743,-0.2766925140962704,0.7454616691960542,0.8825224934914437,-0.3249552571947546,-1.0801207703034943,-1.6203738872614486,-1.2164161539661753,1.7823107502038,1.1859909030770237,-0.8597996051344534,1.4494518965764516,1.2042484630068362,1.706295297862439,-1.6540339886257829,0.2958849930405318,1.6314310717621554,-0.521109468060376,-0.9103573543410046,1.887347589574181,-0.1512548160568486,-1.2582508649066195,-0.08534155006773206,0.6628656154640118,-0.5756773332920995,-0.35289397003360023,-0.7583287103495496,0.9787186187217859,0.30920865220571,-0.5195046883511787,0.14480802745068236,-0.11926750938558182,-2.4928644868377203,-1.0704752598915837,1
KXNBAGAME-26MAR12MILMIA,2026-03-12,MIL,MIA,MIA,0,2025-26,0.6871,-0.8661056849155315,-2.1372440202616114,0.6667129255686423,-1.9316710411989069,-0.7771879644096019,-0.22499640552410588,-2.2234507214427843,-0.8418585018687819,-0.7967063987681429,0.49700938493252317,-0.7881889884067382,-1.8064180563180448,-0.11527825568292054,1.3319185734116146,2.0819742367537604,-0.21646491581598276,1.5255066789157108,0.7249347276086312,0.3576839713215417,0.5898514085102093,1.645447715413415,1.187597702682409,-0.8153472654236734,0.6249111894879615,0.22446743267666502,-0.1512548160568486,-1.57744355066372,-3.165872645738789,0.6397622437718246,-2.4785764784634385,-1.072243732207397,-0.41273119567440053,-2.0148917849782664,-1.7471233406077773,-1.3892879232541206,0.9532560606925896,-0.9858361201104414,-1.439621269462323,0.03999169085607133,0
KXNBAGAME-26MAR12PHIDET,2026-03-12,PHI,DET,DET,0,2025-26,0.9023,0.013028555333913172,-0.014849666332106177,0.37913299101591413,-0.3123082634540487,-0.13392468055345866,-0.634342425072153,-0.16924987978805317,-0.6798870558417577,-0.916651319643828,-0.7359375782583929,1.4012993758189356,-0.5041088729218727,-0.11527825568292054,-0.01925795696494194,-0.11902830032169646,-0.6667991983389118,0.4480639291095373,-0.23817231080832213,-0.8869121199276389,-0.48814422582816397,1.0991961373101047,-0.022856940262356254,-0.5799570275330352,1.136667370764283,1.9797298205129314,-0.1512548160568486,0.018519878121783073,0.0752548577634575,0.7552791022327657,-0.5483629914953816,0.06857527388321323,0.15912080702549045,0.22710004590820498,-1.2499881335539667,-0.6317347831773653,-0.11049135146781446,0.18658023557613343,-1.7687597748921349,0.03999169085607133,0
KXNBAGAME-26MAR12PHXIND,2026-03-12,PHX,IND,PHX,0,2025-26,0.7995,0.4525956754586354,-2.0204149732563184,-1.4422065944846845,-0.17204849530291924,-2.307710950136279,-0.37893849834559434,-0.2690180402171128,0.32433590952579006,-1.1965228016870921,-0.6772258181064448,0.16058930275772,-0.8761972110350646,-0.11527825568292054,-2.271218840925869,-0.5670199671600661,1.9065395589349707,-1.871606932237872,-0.8518730748228358,-0.8474580651618151,-0.3924947330931034,-1.1822075124154805,0.9455067740934554,0.5969941619201548,-0.6910332766511524,-0.9765015695270958,-0.1512548160568486,1.933675992664387,-1.0927190173724857,-2.409882819597064,1.2179644446923688,-1.0500611404223044,0.3132722164489388,0.08743498103330898,1.0549114627864227,-1.5015180180803063,-0.9189393847097217,0.5943772288584196,0.07441585551481011,0.03999169085607133,1
KXNBAGAME-26MAR13CHILAC,2026-03-13,CHI,LAC,LAC,0,2025-26,0.87,-0.8661056849155315,-0.6574094248612223,0.5388996213229843,-0.8605964480448274,-0.5154463523577923,-0.14452667518559997,-1.082512271407902,1.0694045612501024,0.4827060905724944,1.8473798684273355,-0.6422230974583599,0.05402363424791592,-1.2164161539661753,0.4311342198272434,1.1470351059606463,-0.2807983847478285,0.9677716084278092,1.7731535508159202,-0.15163200838273347,1.267153221931445,-0.8608830547076514,-1.1929630951089636,-1.3449753006776082,1.2828834225575172,-0.23744372201708921,-0.1512548160568486,-0.9390581791495188,-1.355513139278075,0.5935555003874452,-1.3131645618034797,-1.626808526834777,-0.002489541563609185,-1.67675531212326,1.348673176045493,1.1639467340416112,2.3148527482579055,-1.3426584892324414,0.20607125768673515,-1.0704752598915837,0
KXNBAGAME-26MAR13CLEDAL,2026-03-13,CLE,DAL,CLE,0,2025-26,0.8601,0.013028555333913172,-0.5405803778559267,-0.6433734429493336,0.1594745930542958,-0.22708694924986475,0.5202232710890057,-0.5299501521084982,-0.7770699234579735,-0.19698179438971902,-1.2056316594739804,-0.7152060429325487,0.4261119723611075,-0.11527825568292054,-1.3704344873414982,-1.7746496777678369,0.378619671803603,-1.4533056293719457,-0.7174860462065221,-1.198957825802793,-0.5967193256895824,0.7457392338314944,-1.152614607010804,1.0089270782287718,-2.2994098463767356,-0.23744372201708921,-1.2262444016037357,0.9760979353930849,0.9220359172370195,-0.7348883719133945,1.1542309805000273,0.3411042586715227,1.195913351050943,0.045167921926433395,-1.0692116946253107,0.658911307323774,-1.5997377284923808,1.1041234704612783,0.469382062030584,1.1504586416037264,1
KXNBAGAME-26MAR13MEMDET,2026-03-13,MEM,DET,DET,0,2025-26,0.92,-1.3056728050402537,0.35510898251799244,0.9063628710292475,-0.49082069564639524,0.043527259820644204,0.950561394203619,0.7158727742748818,-1.9756586240579508,0.6826142920319691,0.3795858646286257,1.03638464844799,0.6121561414177037,-1.2164161539661753,-0.01925795696494194,-0.021638807530747036,-0.6828825655718727,0.5241187114487965,-0.0007552269194889111,-1.0590752679966908,0.08575273058219353,0.7778716796022755,0.09818852403211913,-0.4034143491150563,0.9904513189710487,2.0721120514516818,-1.2262444016037357,-0.9390581791495188,0.2796502859122488,1.1480364209999716,-0.7304586034735001,0.027379031996602004,1.4047636476891643,0.454974625440928,-1.9278997795364348,0.40639359396485597,0.5703069923148433,0.03365636309527558,-1.044655062946549,0.03999169085607133,0
KXNBAGAME-26MAR13MINGSW,2026-03-13,MIN,GSW,MIN,0,2025-26,0.6677,0.4525956754586354,-0.6574094248612223,0.23534302373955235,-0.6183295757837857,0.7222809317516075,-0.3404529751402227,-0.9955349007774383,-0.6798870558417577,-0.836688039060037,0.7318564255403169,0.014623411809342294,0.3330898878328098,-0.11527825568292054,-0.920042310549313,-0.4111967786945448,0.28211946840583335,-0.48994505307466096,-1.0086579415418768,-0.6107337365668704,-1.0439453322616175,0.6814743422899276,1.873522000351109,-0.16802411122441813,0.6249111894879615,-0.23744372201708921,0.9237347694900384,0.9760979353930849,-0.18753926414212974,-0.030235535301644495,-0.09312396155008511,1.225238988391738,0.1765249984120083,0.02862863792809238,-0.9562264202948978,-1.894323349971957,0.655406785287676,-0.425115254347297,0.40355436094462194,-1.0704752598915837,1
KXNBAGAME-26MAR13NOPHOU,2026-03-13,NOP,HOU,HOU,0,2025-26,0.6873,0.8921627955833576,1.0366117567155404,0.04362306737106767,0.6440083375763794,0.2032340061573432,0.06189567655230489,0.7951756710261851,1.0046159828392918,-0.19698179438971902,0.6144329052364195,0.37953813918028784,1.8214432402855778,-0.11527825568292054,0.4311342198272434,-0.31380728590359536,-0.3933819553785613,0.10581740858287032,1.1952893277657441,-0.7362693653672181,-0.8242100111135088,1.0027987999977568,-0.5070387974402635,1.4797075540100482,-0.39860117306468257,0.8711430492479211,-0.1512548160568486,0.3377125638788836,1.0096339578722144,0.31631504008118366,0.3803246295930232,-0.7046464969115335,0.549471956694546,1.1588130444815177,-0.0071501159194431625,0.20999092801903066,-0.6210901093048096,0.543402604698134,0.6668651652884708,0.03999169085607133,0
KXNBAGAME-26MAR13PHXTOR,2026-03-13,PHX,TOR,TOR,0,2025-26,0.6674,0.8921627955833576,-1.4557412460640633,-1.6499032138838754,0.3634888012741204,-1.6333935767146706,0.04090357298573678,0.11726381170052694,0.12997017429336294,-1.2365044419789861,-0.6185140579544965,0.30655519370609896,-0.6901530419784689,-1.2164161539661753,-0.46965013375712733,-0.8007547498583425,-0.8919663396003751,0.18187219092212964,-0.11274441743308784,-0.4851981077665206,-0.13915283341646117,-1.4713995243525286,-0.22459938075315045,-1.4038228601502685,0.844235267177813,-0.6069726457720921,-0.1512548160568486,0.9760979353930848,-0.4941324063653146,-0.5500613983758869,0.12539077282365724,-1.0912573823089067,0.3605121644980605,0.18483298680132942,1.122702627384672,-0.715907354297004,0.570306992314844,-0.3741406301870105,-0.057239546657114906,-1.0704752598915837,0
KXNBAGAME-26MAR13UTAPOR,2026-03-13,UTA,POR,POR,0,2025-26,0.9025,-1.3056728050402537,-0.5989949013585759,0.6986662516300545,-0.9498526641410007,-1.1764548302513445,-0.7183108393384195,0.33214908031696416,-0.4855213206093306,-0.19698179438971902,-0.2662434970428064,1.4742823212931244,-0.41108678839357415,-0.11527825568292054,-0.46965013375712733,-1.3850917066040391,-0.10388134518524995,-0.8195157765447848,-1.250554593051251,-1.3782944383747213,-2.261537523564677,0.038825426874269355,-0.7491297260292157,1.1854697566467507,0.3324790859014916,1.9797298205129314,0.9237347694900384,-0.6198654933924183,0.5862434281354335,0.5820038145413516,-0.09312396155008502,0.040054798730942434,0.44007418226500133,1.8479498777458063,-0.36870299377675986,0.37833607025830907,-1.0465890741689712,0.798275725499563,-1.7029320738061722,-1.0704752598915837,0
KXNBAGAME-26MAR14BKNPHI,2026-03-14,BKN,PHI,PHI,0,2025-26,0.7795,-1.3056728050402537,-1.5920418009035735,0.9862461861827826,-1.8296639370889947,-0.19159656117504714,0.21933645330155407,0.2963348688808927,-1.8784757564417371,-0.19698179438971902,1.6125328278195428,-0.7881889884067382,-0.41108678839357415,-0.11527825568292054,-0.01925795696494194,-0.021638807530747036,0.5072866096672967,-0.4138902707354017,0.2590596950720616,-0.7183357041100272,-0.47780374012707755,-1.0858101751031326,-0.8701751903236925,-0.4622619085877156,1.3559914484541358,-0.23744372201708921,-0.1512548160568486,-0.9390581791495188,-1.1803170580076827,0.35097009761946785,-1.012706802039584,-0.3243734948813347,0.648924478903224,0.5542103294309884,-0.5494794327054174,0.4625086413779487,1.5064047150159994,-1.4955823617132997,-0.12306724774307641,0.03999169085607133,0
KXNBAGAME-26MAR14CHASAS,2026-03-14,CHA,SAS,SAS,0,2025-26,0.6968,1.3317299157080804,0.374580490352207,-1.8575998332830683,1.7278338187441977,-0.4400292776987951,1.9931692046764253,0.38075408155163437,1.166587428866316,0.24281624882112574,-0.2662434970428064,0.45252108465447666,-0.038998450280382596,0.9858596426003342,1.3319185734116146,1.0301677146115051,-0.6346324638729878,1.1705843613325009,0.7562917009524379,1.7852034073940886,-1.5842357101434412,0.3280174388113151,1.7121280479584728,-0.9918899438416513,-0.6910332766511524,1.6102008967579278,-0.1512548160568486,0.018519878121783073,-0.4941324063653146,-0.8850602879126214,0.3894294101919291,-0.8535867560400286,0.17403868535679168,1.4013892097905478,0.5803733105986962,-1.024540115069015,0.5277570958284272,0.798275725499563,-1.1763104651184737,1.1504586416037264,0
KXNBAGAME-26MAR14DENLAL,2026-03-14,DEN,LAL,LAL,0,2025-26,0.5256,0.013028555333913172,0.6666531078654419,0.5069462952615721,0.031965712916905406,0.380685946531451,-0.022072737713963664,0.06610065250613753,0.32433590952579006,0.3227795294049153,-0.6772258181064448,-1.372052552200251,-1.5273518027331505,-0.11527825568292054,0.8815263966194288,0.8548666275877979,-0.8919663396003751,1.2593149407283033,1.3520741944847852,1.1180712086265163,-0.35630303313930106,-0.7644857173953036,0.25958247642475535,-1.4626704196229277,0.040046982315021705,0.1320852017379145,-0.1512548160568486,-0.619865493392418,-0.14374024382453224,1.00941619084684,-0.885239873654901,-0.6888017884936101,-0.7956234061778061,0.3024456730117687,0.7611497495273538,0.04164578577975124,0.570306992314844,-0.985836120110441,-1.1763104651184737,0.03999169085607133,0
KXNBAGAME-26MAR14MILATL,2026-03-14,MIL,ATL,ATL,0,2025-26,0.814,-0.8661056849155315,-1.9230574340852402,0.5069462952615721,-1.6639023929103869,-0.4134114866426819,0.0024180497803651525,-2.356474935348199,-1.16580139392283,-0.4768532764329832,0.20345058417278117,-0.35029131556160326,-1.9924622253746407,-0.11527825568292054,1.7823107502038,0.8159108304714175,-1.3262172548903433,1.5762098671418838,-0.018673497401662752,0.12813310722947327,-0.6406663899192024,1.8061099442673296,1.0665522383879322,-0.4622619085877156,1.2097753966609002,0.1320852017379145,-0.1512548160568486,-1.896636236420821,-2.0562974643596417,1.3213117086913857,-2.323795208282038,-0.2863461946783152,-0.09199681155141794,-1.2357077388341193,-2.0860791635990115,-1.0806551624821088,0.48520719934201123,-1.0877853684310124,-1.5054489705482854,0.03999169085607133,0
KXNBAGAME-26MAR14ORLMIA,2026-03-14,ORL,MIA,ORL,0,2025-26,0.3863,1.3317299157080804,0.35510898251799244,-0.9788833665941824,1.0137840899748116,0.34963185696598065,-0.3999306019121605,-0.1232030365130993,0.6158845123744353,0.44272445028060037,-1.2643434196259287,-0.05835953366484655,-0.8761972110350646,-0.11527825568292054,1.3319185734116146,1.7703278598227203,-0.0877979779522868,1.2212875495586735,0.24562099221043124,0.2500820037783848,0.6648199298430942,1.4847854865595005,0.9858552621916148,-0.6388045870056945,0.3324790859014916,0.039702970799163975,-0.1512548160568486,0.018519878121783073,-1.0635196704940866,-0.6424748851446423,-0.15685742574242648,0.07174421556679086,-0.4624574567787389,-0.5594347931240959,-0.6172705973036635,-0.3792170698184462,-0.45089052335914404,-0.2721913818664392,-0.6496888564307757,0.03999169085607133,1
KXNBAGAME-26MAR14SACLAC,2026-03-14,SAC,LAC,SAC,0,2025-26,0.1197,-0.42653856479080904,-0.11220720550318447,0.8903862079985392,-0.7840911199623931,0.14999842404511182,-2.2472357157700142,0.9051764632941272,0.2271530419095765,0.4027428099887049,-1.8514610211454126,0.014623411809342294,0.3330898878328098,0.9858596426003342,0.8815263966194288,1.0886014102860744,-0.5542156277081789,1.1452327672194142,1.459583817377843,-0.5103052335265897,1.0655137507602346,-0.7323532716245201,-1.0719176308144867,-1.9334508954042031,1.3559914484541358,0.40923189455416686,-1.2262444016037357,-0.9390581791495186,-0.902923262662895,1.0440712483851224,-1.3860028065947272,-0.9296413564460729,-1.2481323822272832,-0.10552333228068589,0.6707615300630251,1.0236591155088788,0.05970823447784958,-0.9348614959501553,-0.057239546657114324,2.260925592351381,1
KXNBAGAME-26MAR14WASBOS,2026-03-14,WAS,BOS,BOS,0,2025-26,0.9598,-2.1848070452896984,-0.1706217290058309,2.328285880762173,-1.969923705240124,-0.10287059098799571,0.5202232710890057,-0.19483145938524787,-1.4249557075660702,-1.4763942837303563,0.9079917059961625,-1.2260866612518726,0.2400678033045113,-0.11527825568292054,0.4311342198272434,-1.32665801092947,-2.1786357182373166,0.8536894349189202,-1.1251266996760216,0.14248003623522792,1.0784393578865954,1.7739774984965464,-0.3859933331457867,-1.4038228601502685,-2.445625898169971,0.6863785873704192,-0.1512548160568486,-1.8966362364208205,0.8636372234802213,3.2504432449891296,-2.0233374485181423,0.718208319018135,0.2660322683998171,-0.9049220588672603,-2.244258547661588,-0.7720224017100968,1.676604300961665,0.8492503496598491,-0.3205503510009638,0.03999169085607133,0
KXNBAGAME-26MAR15DALCLE,2026-03-15,DAL,CLE,DAL,0,2025-26,0.1052,-1.7452399251649762,-2.1567155280958286,0.7146429146607629,-1.982674593253863,-1.3849608601909225,-1.4775252516625759,-0.46343804515579085,0.6482788015798383,-1.1165595211033026,1.2015505067559045,-2.320830843364709,-0.31806470386527647,-0.11527825568292054,-0.01925795696494194,-0.11902830032169646,-0.7311326672707574,0.49876711733571016,0.16050920742009306,0.5728879064078555,-1.3696706318458758,-0.6038234885413889,0.13853701213027853,-1.109585062786971,-0.6179252507545353,0.5016141254929182,-0.1512548160568486,-1.2582508649066195,-1.5307092205484671,1.0440712483851224,-1.777508372347682,-1.1071020907268336,-1.4520100527550712,0.6424198440888153,0.8741350238577652,-0.8842524965362835,1.676604300961665,-1.189734616751584,-0.5838611553448133,0.03999169085607133,1
KXNBAGAME-26MAR15DETTOR,2026-03-15,DET,TOR,TOR,0,2025-26,0.4161,0.4525956754586354,0.39405199818642433,-0.7871634102256977,0.8862752098374211,0.7178446332422578,-0.5573713786614097,-0.05669092956039761,0.7130673799906488,0.6826142920319691,-0.20753173689085821,1.4012993758189356,1.9144653248138763,-0.11527825568292054,-0.46965013375712733,-0.5670199671600661,-0.6667991983389118,0.1565205968090432,0.39344672368838035,0.2859493262927704,-0.32269645461076457,-1.535664415894093,-0.14390240455683306,-1.521517979095587,0.2593710600048745,-0.6069726457720921,-0.1512548160568486,0.6569052496359842,0.7176404890882303,-0.08799396453211586,0.5168963385766122,0.23019129974604532,-0.5992046748156693,0.19034608146744308,1.5746437247063159,0.5747387362041344,0.9532560606925888,0.798275725499563,1.7859360837498301,0.03999169085607133,0
KXNBAGAME-26MAR15GSWNYK,2026-03-15,GSW,NYK,NYK,0,2025-26,0.8742,-0.8661056849155315,-0.30692228384534104,0.33120300192379354,-0.4653189196189172,-1.2208178153448739,-0.8197726732434917,0.16586881293519715,0.6482788015798383,1.5622103784536585,-0.14881997673890898,0.6714699210770445,-0.5041088729218727,-0.11527825568292054,0.4311342198272434,-0.3332851844617869,-1.8087182718791963,1.2086117525021303,0.5009563465814308,-0.2054329921543139,-0.25806841897896604,1.2919908119348027,1.1069007264860902,0.12621368613887937,-0.39860117306468257,-0.9765015695270958,-0.1512548160568486,-0.9390581791495188,0.01685616400666149,1.5407937397671758,-1.2039071946166084,-1.230690816386648,-0.4450532653922196,0.3042833712338046,-0.4590912132410886,0.32222102284521725,-0.19559114444064724,0.7473011013392774,0.33772665985865924,0.03999169085607133,0
KXNBAGAME-26MAR15INDMIL,2026-03-15,IND,MIL,MIL,0,2025-26,0.745,-2.1848070452896984,-1.0468395815455356,1.5454293922575282,-1.9189201531851678,-1.0566747704988202,-1.4355410445294416,0.14028723333800244,-1.4249557075660702,0.5626693711562855,-0.3836670173467028,-1.0801207703034943,-0.6901530419784689,-0.11527825568292054,-1.3704344873414982,-2.456376127304483,0.6359535475309926,-2.0997712792556498,-0.43527328611225424,-0.25923397592589037,-2.7139337729872524,-1.4713995243525286,-0.5070387974402635,0.8912319592834532,-0.7641413025477697,-1.9003238789146042,-1.2262444016037357,-0.6198654933924183,1.053432978189812,0.6628656154640118,0.13449555342256322,-0.45113116222473193,-0.8453496672821431,2.031719699949612,0.03804399381272203,0.7430838784434147,-0.9189393847097225,-0.22121675770615357,0.8643482685463577,1.1504586416037264,0
KXNBAGAME-26MAR15MINOKC,2026-03-15,MIN,OKC,OKC,0,2025-26,0.802,0.4525956754586354,-0.5600518856901441,0.33120300192379354,-0.6310804637975247,1.1038026035559412,-0.2739779805127596,-0.34832093696841326,-0.971435658690403,-0.9566329599357221,0.6144329052364195,-0.05835953366484655,0.05402363424791592,-0.11527825568292054,1.7823107502038,-0.3722409815781672,-1.1171334808618407,0.6382008849576855,-0.6234151261750994,-0.4385705884978185,0.7035967512221739,0.006692981103485984,-0.5070387974402635,-1.2861277412049488,0.186263034108256,-0.14506149107833788,0.9237347694900384,-0.939058179149519,-0.14374024382453016,1.0440712483851224,-0.9125542154516187,1.2252389883917414,0.10442191981071881,-0.7487177099940212,-0.6850617619019114,-0.32310202240535246,1.3787550255567504,-0.170242133545867,0.14024355660077248,-1.0704752598915837,0
KXNBAGAME-26MAR15PORPHI,2026-03-15,POR,PHI,PHI,0,2025-26,0.2582,0.013028555333913172,-1.0078965658771037,-0.8350933993178183,0.0064639368894273234,-0.7683153673908975,-1.2116252731527333,-1.4048401743325536,0.4863073555528142,-0.39688999584919366,1.5538210676675936,0.9634017029737999,2.6586420010402603,-0.11527825568292054,-0.01925795696494194,-0.6254536628346352,0.3303695701047182,-0.6674062118662661,0.026122178803771847,-2.3251917527545003,-0.11847186201428553,-0.8287506089368702,-1.2333115832071215,-0.28571923016973777,1.2097753966609002,0.5939963564316687,-1.2262444016037357,0.018519878121783073,-0.2897369782165233,-0.8388535445282437,0.4804772161809885,-0.5715509462009634,0.7458906880566814,-0.9232990410876392,0.9193291335899303,0.5747387362041344,1.3362051290703345,-0.17024213354586792,1.4567975783200187,1.1504586416037264,0
KXNBAGAME-26MAR15UTASAC,2026-03-15,UTA,SAC,SAC,0,2025-26,0.5998,-1.3056728050402537,-0.5989949013585759,0.7146429146607629,-0.9626035521547397,-1.3450341736067477,-0.5398779590226043,0.86936225185805,-0.9066470802795924,-0.19698179438971902,-0.6185140579544965,1.8391970486640699,-0.6901530419784689,-0.11527825568292054,-0.01925795696494194,-0.1579840974380768,0.4590365079684119,-0.46459345896157456,0.689098186644281,-1.6724064829926826,0.1296997948118164,0.6172094507483609,0.25958247642475535,-1.3449753006776082,-0.17927709537483108,0.039702970799163975,-1.2262444016037357,-0.9390581791495188,-0.3335359985341229,0.18924649577414734,-0.357162598918357,-1.452516734237601,0.7707538186088505,0.5339956489885654,-1.0692116946253092,-0.32310202240535346,0.5277570958284272,1.4099712154229935,-0.5180334542588512,1.1504586416037264,0
KXNBAGAME-26MAR16DALNOP,2026-03-16,DAL,NOP,NOP,0,2025-26,0.7516,-1.3056728050402537,-1.9814719575878865,0.5548762843536927,-1.7404077209928213,-1.5047409199434467,-1.2501107963581048,0.13517091741856693,0.7130673799906488,-0.6367798376005623,0.9079917059961625,-1.6639843340970077,-0.13202053480868028,-1.2164161539661753,0.4311342198272434,0.660087642005899,0.024785592678443723,0.4100365379399076,-0.018673497401665237,-0.22695338566294287,0.5976067727860269,0.9385339084561901,-0.42634182124394465,0.47929904297483616,0.47869513769472594,1.6102008967579278,0.9237347694900384,-1.2582508649066193,-1.9832990971636453,0.3856251551577503,-1.5407840767761278,-1.0659058488402293,-0.7359518928525998,-0.3260471189252593,-0.1653294999820181,-0.15475688016607403,0.31500761339634714,-1.4955823617132993,-1.2421381662044357,-2.180942210639239,0
KXNBAGAME-26MAR16LALHOU,2026-03-16,LAL,HOU,LAL,0,2025-26,0.514,1.3317299157080804,1.1729123115550506,-0.6913034320414543,1.3198054023045485,1.472015379832216,1.1254955905916755,-0.48390330883354715,-0.5179156098147336,0.5226877308643899,-1.1469198993220324,0.37953813918028784,-0.038998450280382596,-0.11527825568292054,0.4311342198272434,-0.6644094599510155,-0.3933819553785613,-0.12234693843490764,0.5502315904074189,-1.1272231807740238,-0.9612214466529205,0.9706663542269734,-0.8701751903236925,0.5969941619201548,-0.5448172248579175,0.8711430492479211,0.9237347694900384,0.6569052496359845,1.3746257938521995,-0.2150625088391522,1.0267640521153445,0.6579984270300228,1.5763192484991335,0.33736193923049274,-1.0466146397592266,0.967544068095786,-1.2593385566010513,0.6453518530187057,-0.6496888564307753,-1.0704752598915837,1
KXNBAGAME-26MAR16MEMCHI,2026-03-16,MEM,CHI,CHI,0,2025-26,0.7157,-1.3056728050402537,0.2772229511811287,0.9542928601213682,-0.5800769117425685,-0.20490545670310376,0.9960442852645159,0.4395917146251813,-2.105235780879572,0.16285296823733617,0.3208741044766775,0.8904187574996111,0.5191340568894061,0.9858596426003342,-0.920042310549313,-0.6644094599510155,0.475119875201375,-0.8068399794882415,-0.5472624766258531,-0.5748664140524847,-0.5605276257357773,1.1634610288516714,0.25958247642475535,1.3620124350647276,-1.0565734061342396,-0.5145904148333416,0.9237347694900384,-0.3006728076353175,0.7030408156490298,0.3509700976194662,0.161809895219281,0.2365291831132164,1.1014334549527023,0.7159277729703389,-2.289452657393753,-0.07058430904643435,-0.7487397987640568,1.358996591262707,0.7326928663744335,0.03999169085607133,0
KXNBAGAME-26MAR16ORLATL,2026-03-16,ORL,ATL,ATL,0,2025-26,0.6233,1.3317299157080804,0.549824060860149,-0.8510700623485244,1.0392858660022894,0.40286743907821443,-0.5223845393837988,0.33214908031696416,0.8102502476068625,0.4827060905724944,-0.7946493384103421,-0.1313424791390367,-0.9692192955633627,-0.11527825568292054,1.7823107502038,0.913300323262367,-1.454884192754037,1.7409952288769457,0.28593710079532486,0.32540338105859423,-0.6329110256433905,1.6775801611841985,1.2682946788787264,-0.521109468060376,1.136667370764283,-0.23744372201708921,-0.1512548160568486,-0.3006728076353175,-0.2751373047773248,0.4318318985421264,-0.511943869099758,0.08125104061754838,-0.6016909878708859,0.6901999978618065,-0.6172705973036652,-0.5475622120577256,-0.19559114444064724,-0.8838868717898697,-0.5180334542588506,0.03999169085607133,0
KXNBAGAME-26MAR16PHXBOS,2026-03-16,PHX,BOS,BOS,0,2025-26,0.7501,0.4525956754586354,-1.4167982303956315,-1.4581832575153928,0.23597992113673005,-1.043365874970761,0.5237219550167664,0.09679854802277345,-0.8742527910741872,-1.2365044419789861,-0.44237877749865095,-0.1313424791390367,-0.5041088729218727,0.9858596426003342,0.4311342198272434,-1.0539674311148133,-1.8730517408110443,0.7903104496362041,-0.9414644272337225,0.0850923202122113,1.0939500864382279,1.5811828238718484,-0.18425089265499248,-1.1684326222596302,-2.1531937945835007,0.40923189455416686,-0.1512548160568486,0.018519878121783073,-0.27513730477732273,0.2932116683889948,-0.40268650191288674,-0.08353392692886837,0.3082995903385041,-0.7064506508871456,-1.7245262857416948,-0.7439648780035499,0.527757095828428,1.4099712154229926,-0.6496888564307753,1.1504586416037264,0
KXNBAGAME-26MAR16PORBKN,2026-03-16,POR,BKN,POR,0,2025-26,0.8529,-0.42653856479080904,-0.7937099797007325,-0.3238401823351933,-0.26130471139909256,-1.1143466511204088,-1.033192392836918,-1.0927449032467789,0.5510959339636248,-0.27694507497350856,1.4363975473636972,0.6714699210770445,2.472597831983664,-1.2164161539661753,-1.3704344873414982,-1.8915170691169778,0.7324537509287623,-1.8082279469551559,-0.8608322100639277,0.06715865895501849,0.6725752941189089,-1.4392670785817452,-0.5473872855384214,1.9504880297913225,-0.9103573543410046,-0.14506149107833788,-0.1512548160568486,0.6569052496359843,0.8198382031626238,-0.7579917436055834,1.1087070775054977,-0.19127794417076463,-0.7856781539569382,-1.2614355139426476,1.3938672857776584,0.18193340431248375,-0.3657907303863113,1.1041234704612783,1.8517637848357922,-1.0704752598915837,1
KXNBAGAME-26MAR16SASLAC,2026-03-16,SAS,LAC,SAS,0,2025-26,0.6916,1.3317299157080804,1.017140248881326,-0.6913034320414543,1.217798298194636,0.9574047527473013,1.2864350512686855,-0.9699533211802466,0.4863073555528142,1.5622103784536585,-1.1469198993220324,-0.7152060429325487,1.1702886485874915,-0.11527825568292054,0.8815263966194288,1.0886014102860744,-0.4416320570774461,1.0565021878236118,1.3789516002080509,-0.09424429235971685,0.8121718510835924,-0.9894128377907848,-1.0315691427163274,-1.7569082169862251,1.6484235520406043,0.31684966361541633,-0.1512548160568486,0.337712563878884,-0.056142203189333016,-0.18040745130086971,0.10718121162584536,-0.2958530197290692,0.9746314891366384,-1.272461703274879,1.0323144079203417,1.8092697792921808,0.44265730285559524,-1.6485062341941563,0.6010374642025081,0.03999169085607133,1
KXNBAGAME-26MAR17CLEMIL,2026-03-17,CLE,MIL,CLE,0,2025-26,0.8513,0.013028555333913172,-0.014849666332106177,-0.6273967799186275,0.49099768141151084,0.26534218528827896,0.7126508871158659,-1.512282808640771,-0.7770699234579735,0.2827978891130198,-1.1469198993220324,-0.8611719338809272,0.7051782259460014,-0.11527825568292054,-1.3704344873414982,-2.144729750373446,0.7485371181617232,-1.985689105746761,-0.4397528537327977,0.10302598146940213,-2.4967835732644152,-1.342869741269395,-0.3859933331457867,0.655841721392814,-0.5448172248579175,-1.9003238789146042,-0.1512548160568486,0.9760979353930849,1.5936208954401871,-0.9890254605274689,1.7733560612256305,0.49638240116718546,0.4301289300441347,0.6901999978618065,0.3995968716700371,0.4625086413779487,-1.3018884530874673,-0.22121675770615357,1.8517637848357922,0.03999169085607133,1
KXNBAGAME-26MAR17INDNYK,2026-03-17,IND,NYK,NYK,0,2025-26,0.8795,-2.1848070452896984,-1.1831401363850458,1.5454293922575282,-2.0081763692813412,-0.9723850988211185,-1.351572630263175,0.09679854802277345,-1.3925614183606647,0.44272445028060037,-0.20753173689085821,-1.299069606726062,-0.41108678839357415,-0.11527825568292054,0.8815263966194288,-0.021638807530747036,-1.8408850063451203,1.4367760995199084,0.7562917009524379,-0.05120350534245489,0.49161679434987715,1.2919908119348027,1.1069007264860902,0.00851856719355974,-0.25238512127144824,-1.1612660314045973,-0.1512548160568486,-2.215828922177921,-0.873723915784498,2.4418252357625305,-2.469471697864533,-1.2338597580702308,-0.9298843111595172,-0.27826696515226806,-1.8827056698042712,-0.46338964093808493,-0.1530412479542312,-0.7309629993090119,0.5352097631165463,0.03999169085607133,0
KXNBAGAME-26MAR17MIACHA,2026-03-17,MIA,CHA,CHA,0,2025-26,0.6538,0.8921627955833576,1.3676273898972073,-0.1161435629360025,0.9882823139473335,0.0036005732364719203,0.04090357298573678,0.841222514301139,0.7130673799906488,0.5226877308643899,-1.0294963790181348,0.7444528665512333,0.05402363424791592,0.9858596426003342,0.8815263966194288,-0.11902830032169646,-1.7765515374132723,1.3226939260110193,-0.9549031300953553,1.3368618759642683,0.6312133513145606,0.6814743422899276,-0.10355391645867508,-0.28571923016973777,0.2593710600048745,0.40923189455416686,0.9237347694900384,0.018519878121783073,1.1118316719466101,1.1942431643843476,-0.24790523173148585,0.6738431354479496,-0.9025348675521327,0.157267513470759,0.015446938946639432,0.4344511176714029,-0.535990316331976,0.3395041080569904,-0.2547226499150011,0.03999169085607133,0
KXNBAGAME-26MAR17OKCORL,2026-03-17,OKC,ORL,OKC,0,2025-26,0.8098,1.7712970358328026,-0.5016373621874977,-1.3143932902390287,0.7205136656588136,-0.9546399047837096,-0.9527226624984121,1.3707612119630646,0.03278730667714708,-0.6767614778924579,-1.7927492609934645,0.5255040301286655,0.05402363424791592,-0.11527825568292054,0.8815263966194288,0.6211318448895187,-0.5702989949411398,0.8536894349189202,0.2635392626926051,-0.18391259864568094,0.4269887587180844,0.5529445592067964,0.25958247642475535,-0.8153472654236734,-0.03306104358159546,-1.1612660314045973,-1.2262444016037357,0.6569052496359845,-0.844524568906099,-0.5385097125297932,-0.10222874214899101,-0.8726004061415419,-0.5544510398217642,0.6828492049736488,-0.36870299377675986,-0.6597923068839112,-0.7061899022776409,0.3904787322172761,0.8643482685463579,1.1504586416037264,1
KXNBAGAME-26MAR17PHXMIN,2026-03-17,PHX,MIN,MIN,0,2025-26,0.5864,0.4525956754586354,-0.7352954561980833,-1.0108366926555945,0.32523613723290334,-0.6840256957131958,0.7616324621045215,-0.256227250418514,-1.0686185263066166,-0.836688039060037,-1.2056316594739804,-0.6422230974583599,-0.2250426193369788,-1.2164161539661753,0.4311342198272434,-0.6254536628346352,0.07303569437733085,-0.46459345896157456,1.0833001372521478,0.3110564520528416,-0.6484217541950201,-0.7644857173953036,-1.1122661189126462,0.8323843998107929,-0.25238512127144824,-0.23744372201708921,-0.1512548160568486,0.018519878121783073,-0.08534155006773206,-0.7810951152977723,0.5624202415711418,-1.2592112915389135,0.3207311556145887,0.27855559612527203,-0.2105236097141833,0.18193340431248475,-1.4720880390331321,-0.2721913818664392,0.008588154428847751,-1.0704752598915837,0
KXNBAGAME-26MAR17SASSAC,2026-03-17,SAS,SAC,SAS,0,2025-26,0.8799,1.3317299157080804,1.1923838193892653,-0.5634901277957985,1.230549186208375,0.9440958572192423,0.733642990682434,-0.38669330636420673,0.875038826017673,1.4422654575779734,-1.0294963790181348,-1.1531037157776838,1.3563328176440876,-1.2164161539661753,-0.01925795696494194,-0.29432938734540653,0.410786406269527,-0.5152966471877475,0.6084659694744863,-1.812289040798787,0.28739220175340097,0.7778716796022755,0.17888550022843794,-1.1684326222596302,-0.39860117306468257,-0.3298259529558397,-0.1512548160568486,0.9760979353930851,1.1118316719466101,-0.700233314375112,1.2452787864890866,0.23969812479680108,1.7727379798612688,-0.4804137695764605,0.06064104867880462,0.8833714969761463,0.10225813096426635,-0.5270645026678688,1.1934867739761692,-1.0704752598915837,1
KXNBAGAME-26MAR18ATLDAL,2026-03-18,ATL,DAL,ATL,0,2025-26,0.8278,2.210864155957525,1.4065704055656392,-1.7457631920681187,2.314374667376194,0.633554961564556,0.19834434973498596,-0.1973896173449642,1.9764446590014366,1.522228738161763,-0.44237877749865095,1.2553334848705566,-0.2250426193369788,-0.11527825568292054,-1.3704344873414982,-1.8330833734424088,0.6842036492298775,-1.7321731646158964,-1.4879716769400841,-0.955060032704972,0.052146152053659904,0.8421365711438422,-0.5070387974402635,0.3616039240295165,-1.2758974838240917,-0.23744372201708921,-0.1512548160568486,2.5720613641785883,2.425802281474551,-1.751436726369692,2.89324407489106,1.5009369148636391,0.7981032622162376,-0.17719356294017385,0.7837468043934364,1.4164644474005301,-0.5785402128183921,1.7667935845449936,0.008588154428847751,0.03999169085607133,1
KXNBAGAME-26MAR18DENMEM,2026-03-18,DEN,MEM,MEM,0,2025-26,0.1584,0.013028555333913172,1.2313268350576971,0.6826895885993484,0.2614816971642081,0.744462424298371,0.9085771870704886,0.34749802807528213,0.1947587527041712,0.9225041337833392,-0.44237877749865095,-1.299069606726062,-1.5273518027331505,-1.2164161539661753,-1.3704344873414982,0.2120959751675294,0.9897876266561497,-0.6420546177531797,-0.3456819337013751,0.8669999510258168,0.5950216513607554,-2.0176511024558366,0.17888550022843794,0.42045148350217687,1.063559344867666,0.5939963564316687,-0.1512548160568486,0.9760979353930849,0.7614395094058278,-0.2150625088391522,0.6443632669612952,0.7720803276390831,0.03977778037507924,-0.17168046827406017,1.5520466698402333,0.5186236887910416,-0.6210901093048088,-1.6485062341941572,-1.5054489705482854,-1.0704752598915837,0
KXNBAGAME-26MAR18GSWBOS,2026-03-18,GSW,BOS,BOS,0,2025-26,0.8495,-0.8661056849155315,-0.40427982301641935,0.28327301283167294,-0.49082069564639524,-0.9102769196901828,-0.8162739893157309,0.22726460396846332,-0.2263670069660906,1.2023756158266035,-0.3836670173467028,0.6714699210770445,-0.31806470386527647,-0.11527825568292054,0.8815263966194288,-0.35276308301997567,-1.7283014357143873,1.132556970162871,-0.3188045279781069,0.6087552289222411,1.4765480573784644,1.2598583661640192,0.34027945262107273,-1.1684326222596302,-1.9338697168936487,-0.05267926013958736,-0.1512548160568486,-1.2582508649066193,-0.04154252975013661,1.448380252998422,-1.1674880722209848,-0.428948570439641,-1.0069600158712442,-0.8847073784248414,-1.0466146397592266,0.6027962599106812,0.570306992314844,1.8177682087052802,-0.18889494882903904,0.03999169085607133,0
KXNBAGAME-26MAR18LACNOP,2026-03-18,LAC,NOP,NOP,0,2025-26,0.4607,0.8921627955833576,1.5818139760735783,-0.08419023687458801,1.1030403060709846,1.6938303052998507,0.3942706496896068,0.7158727742748818,-1.0686185263066166,-0.8766696793519324,-2.027596301601258,1.912179994138259,0.6121561414177037,-0.11527825568292054,0.4311342198272434,0.9717340189369361,0.05695232714436771,0.5874976967315126,0.3352123446213054,0.002597478429123559,0.3597756016610114,1.0670636915393235,0.017491547835801726,0.3027563645568572,0.11315500821163886,1.887347589574181,-0.1512548160568486,0.3377125638788836,0.45484636718264093,-0.09954565037820948,0.3621150683952114,0.9685547120213571,0.2734912075654684,0.2601786139048911,-1.4985557370808735,-0.6317347831773643,-1.684837521465213,1.2570473429421356,-0.9129996607746248,0.03999169085607133,0
KXNBAGAME-26MAR18LALHOU,2026-03-18,LAL,HOU,LAL,0,2025-26,0.4712,1.7712970358328026,0.9781972332128941,-1.026813355686303,1.460065170455678,1.1747833797055838,0.6216851049940798,-0.6552998921347497,-0.7446756342525683,0.4027428099887049,-1.2056316594739804,0.8174358120254223,-0.038998450280382596,-0.11527825568292054,-0.01925795696494194,-1.3656138080458504,-0.3451318536796764,-0.6167030236400932,0.25458012745151565,-2.0023858501250316,-1.3800111175469623,0.9706663542269734,-1.1929630951089636,1.244317316119409,-0.3254931471680654,0.40923189455416686,-0.1512548160568486,1.2952906211501856,1.7542173032713808,-0.49230296914541544,1.482003082060641,0.6548294853464381,1.8249505540208253,0.5119432703241107,-1.2047940238218031,1.1078316866285185,-1.769937314438045,0.798275725499563,-0.3205503510009638,0.03999169085607133,1
KXNBAGAME-26MAR18OKCBKN,2026-03-18,OKC,BKN,OKC,0,2025-26,0.9579,1.7712970358328026,-0.5600518856901441,-1.2984166272083226,0.6695101136038575,-1.0877288600642905,-1.2676042159969103,1.5140180577073588,0.16236446349876593,-0.9566329599357221,-2.203731582057103,0.37953813918028784,-0.13202053480868028,-1.2164161539661753,-1.3704344873414982,-2.183685547489826,0.5394533441332207,-1.8462553381247855,-1.2057589168458114,-0.3524890144632926,0.176231980466708,-1.6320617532064432,-0.8298267022255331,2.0681831487366433,-0.47170919896130037,0.40923189455416686,-0.1512548160568486,2.2528686784214873,1.2140293860210059,-1.3240243500642035,1.8006704030223484,0.07174421556679263,-0.6613625011960923,0.9640170329454828,1.2582849565811645,-0.09864183275298126,-3.0889841055169467,0.59437722885842,-0.3863780520869259,-1.0704752598915837,1
KXNBAGAME-26MAR18PORIND,2026-03-18,POR,IND,POR,0,2025-26,0.8583,0.013028555333913172,-0.93001053454024,-0.7871634102256977,0.019214824903166366,-0.9324584122369461,-0.9527226624984121,-1.202745695514718,0.5510959339636248,-0.15700015409782353,1.6125328278195428,0.45252108465447666,2.3795757474553665,-0.11527825568292054,-2.271218840925869,-1.2292685181385206,1.6170389487416594,-2.0744196851425634,-0.5786194499696599,-0.8187642071503058,-0.3123559689096753,-1.5677968616648763,0.6227188693081843,-0.22687167069707845,-1.4221135356173267,-0.14506149107833788,-1.2262444016037357,1.6144833069072864,0.22125159215545276,-1.728333354677503,1.5002126432584528,-0.2609946612096326,-0.11437362904837046,-0.6402935148937754,1.484255505241987,-0.5475622120577246,1.3362051290703352,1.3080219671024214,1.7859360837498301,1.1504586416037264,1
KXNBAGAME-26MAR18UTAMIN,2026-03-18,UTA,MIN,MIN,0,2025-26,0.88,-1.3056728050402537,-0.48216585435328035,0.5708529473843988,-0.7713402319486541,-0.8570413375779489,-0.011576685930677665,0.4779640840209748,-0.7770699234579735,-0.23696343468161307,-0.44237877749865095,1.4742823212931244,-0.5041088729218727,0.9858596426003342,0.4311342198272434,-0.7812768513001538,-0.20038154858301963,-0.3505112854526856,0.9847496496001817,-0.2807543694345233,-0.5450168971841448,-0.5074261512290411,-1.0315691427163274,0.9500795187561115,-0.6910332766511524,0.039702970799163975,-1.2262444016037357,-1.2582508649066193,0.22125159215545276,0.5589004428491627,-0.3025339153249214,-1.313083300159858,0.18149762452244436,0.7324670569686821,-0.1879265548481007,0.5466812124975885,-1.0040391776825537,1.5119204637435648,-0.3863780520869265,2.260925592351381,0
KXNBAGAME-26MAR19CLECHI,2026-03-19,CLE,CHI,CLE,0,2025-26,0.7857,0.013028555333913172,0.25775144334691413,-0.2759101932430727,0.38899057730159853,0.5448289913774997,0.5797008978609455,-1.3562351730978863,-0.7446756342525683,0.44272445028060037,-1.381766939929826,-1.44503549767444,0.5191340568894061,-0.11527825568292054,-0.46965013375712733,0.17314017805115184,0.6359535475309926,-0.3885386766223152,0.19186618076389975,-0.8725651909218842,-0.586378839988496,1.1634610288516714,0.7437643336026611,1.244317316119409,-0.6910332766511524,-0.05267926013958736,-1.2262444016037357,0.3377125638788836,0.06065518432425902,-0.6540265709907359,0.5533154609722359,0.24920494984755504,1.0119261849648922,-0.5557593966800222,-1.340376353018297,-0.21087192757916684,-1.897587003897294,-0.5270645026678683,0.40355436094462194,1.1504586416037264,1
KXNBAGAME-26MAR19DETWAS,2026-03-19,DET,WAS,DET,0,2025-26,0.9069,0.013028555333913172,0.2382799355126996,-0.7711867471949894,0.7715172177137698,0.6912268421861396,0.27181671221796855,0.07889144230473347,0.09757588508795764,0.642632651740075,-0.6185140579544965,0.7444528665512333,1.0772665640591939,-0.11527825568292054,-2.271218840925869,0.40687496074942825,2.26037363806013,-1.516684614654662,0.5233541846841506,1.2041527826610423,-0.7466563683553523,-1.8569888736019222,-1.152614607010804,1.1854697566467507,-1.2027894579274745,-0.23744372201708921,-0.1512548160568486,1.6144833069072864,-0.12914057038532958,-2.1788491026751786,1.6367843522420416,0.11927834082057143,-0.6464446228647911,0.5891265956497082,1.3712702309115756,1.248119305161251,-1.3018884530874681,1.3589965912627076,0.9301759696323203,0.03999169085607133,1
KXNBAGAME-26MAR19LACNOP,2026-03-19,LAC,NOP,NOP,0,2025-26,0.6097,0.4525956754586354,1.0366117567155404,0.027646404340361565,0.6567592255901183,1.5696139470379742,-0.24248982516291134,0.5649414546514356,-1.1334071047174272,-1.076577880811407,-1.6166139805376187,1.8391970486640699,0.5191340568894061,-1.2164161539661753,0.4311342198272434,0.8743445261459867,-0.0877979779522868,0.6382008849576855,0.3665693179651146,0.1819340910010517,0.522638251453142,1.0670636915393235,-0.18425089265499248,0.3616039240295165,0.040046982315021705,1.702583127696679,-1.2262444016037357,0.018519878121783073,0.11905387808105711,0.08528132315929823,0.0070286250378801636,0.8576417530958796,-0.3033334212448559,0.03597943081624394,-1.5437498468130388,-0.6317347831773643,-1.4295381425467153,1.2570473429421356,-0.8471719596886621,0.03999169085607133,0
KXNBAGAME-26MAR19LALMIA,2026-03-19,LAL,MIA,LAL,0,2025-26,0.4046,1.7712970358328026,0.8808396940418158,-0.7871634102256977,1.205047410180897,1.494196872378972,0.6426772085606459,-0.8343709493151126,-1.16580139392283,0.44272445028060037,-0.9707846188661867,0.7444528665512333,0.2400678033045113,-1.2164161539661753,0.8815263966194288,1.1859909030770237,0.05695232714436771,0.726931464353488,-0.0769078764687327,-0.4098767304863112,0.8690445224395732,0.42441477612366524,0.29993096452291335,-1.109585062786971,0.4055871117981088,-0.14506149107833788,-0.1512548160568486,0.6569052496359845,-0.2313382844597252,-0.6078198276063582,0.3348007265984937,1.1174949711498434,0.7359454358358162,-1.2154930583916963,-1.1144058043574743,0.09776083319284504,0.10225813096426635,0.23755485973641907,0.27189895877269665,-1.0704752598915837,1
KXNBAGAME-26MAR19MILUTA,2026-03-19,MIL,UTA,UTA,0,2025-26,0.3175,-1.3056728050402537,-1.8256998949141618,0.6347595995072278,-1.7021550569516042,-0.24039584477792383,0.2753153961457312,-2.502289939052207,-1.16580139392283,-0.39688999584919366,0.20345058417278117,-0.6422230974583599,-1.6203738872614486,-0.11527825568292054,-1.3704344873414982,-0.5864978657182549,0.9093707904913408,-1.0983833117887356,-1.1609632406403743,0.06715865895501849,0.5950216513607554,-0.5074261512290411,-0.30529635694946927,-0.10917655175175883,1.136667370764283,-0.6069726457720921,-1.2262444016037357,0.018519878121783073,-0.932122609541294,-0.19195913714696333,-0.43000084370960456,0.6453226602956841,0.14420292869418921,-2.218876287624497,-0.459091213241087,-0.07058430904643435,0.22990782042351438,-1.24070924091187,-0.7155165575167377,1.1504586416037264,0
KXNBAGAME-26MAR19ORLCHA,2026-03-19,ORL,CHA,CHA,0,2025-26,0.622,0.8921627955833576,0.588767076528581,-0.6114201168879192,0.8735243218236821,-0.009708322291587149,-0.45241086082857496,1.0356425192398142,0.6158845123744353,0.08288968765354518,-0.7946493384103421,-0.20432542461322556,-1.3413076336765548,-0.11527825568292054,0.8815263966194288,-0.021638807530747036,-1.6639679667825418,1.297342331897933,-0.8877096157871934,1.2149129794153586,0.4269887587180844,0.7457392338314944,-0.06320542836051567,-0.4622619085877156,0.11315500821163886,-0.05267926013958736,-0.1512548160568486,0.018519878121783073,0.45484636718264093,0.7552791022327673,-0.3116386959238275,0.6168021851434169,-1.1685703644603425,0.44211073788665867,-0.09753833538377193,0.09776083319284404,-0.23814104092706403,-0.22121675770615357,-0.9129996607746245,0.03999169085607133,0
KXNBAGAME-26MAR19PHISAC,2026-03-19,PHI,SAC,PHI,0,2025-26,0.5689,-0.42653856479080904,-1.7088708479088663,0.21936636070884397,-1.2941266405119547,-0.9102769196901802,-2.9119856620446223,-0.05413277160067559,-0.8094642126633789,-1.5563575643141458,-0.2662434970428064,0.8174358120254223,1.1702886485874915,-0.11527825568292054,-0.01925795696494194,-0.1579840974380768,0.475119875201375,-0.4772692560181178,0.8010873771578775,-1.2025445580542333,-0.19085526192189883,0.713606788060711,0.5823703812100264,-1.4038228601502685,-0.7641413025477697,-0.3298259529558397,-0.1512548160568486,-0.3006728076353175,-1.1657173845684823,-0.18040745130087135,-0.5847821138910052,-1.2211839913358904,-1.240673443061632,0.0984611703655404,-1.0692116946253107,-1.5015180180803063,0.8256063712333408,1.104123470461278,1.0618313718042445,0.03999169085607133,1
KXNBAGAME-26MAR19PHXSAS,2026-03-19,PHX,SAS,SAS,0,2025-26,0.8162,0.4525956754586354,-0.28745077601112373,-0.7072800950721626,0.37623968928785945,-0.6219175165822576,0.8246087728042201,-0.5299501521084982,-0.8742527910741872,-0.5568165570167728,-0.8533610985622904,0.014623411809342294,-0.5041088729218727,-0.11527825568292054,1.3319185734116146,1.341814091542545,-0.6185490966400269,1.3607213171806491,1.0698614343905173,1.1754589246495328,-0.4286864330469115,1.1955934746224548,1.6717795598603147,-1.2272801817322896,-1.7876536651004138,1.3330542039416753,-0.1512548160568486,-0.6198654933924184,-1.2241160783252802,-0.06489059283992699,-0.7122490422756884,-1.2053392829179688,-0.23371665569878303,-0.07428246250604174,-1.4533616273487084,-1.5576330654933992,0.27245771690993037,1.2570473429421356,-1.3079658672903984,0.03999169085607133,0
KXNBAGAME-26MAR20ATLHOU,2026-03-20,ATL,HOU,HOU,0,2025-26,0.5848,2.210864155957525,1.7960005622499522,-1.4901365835768052,2.36537821943115,0.881987678088304,0.21933645330155407,-0.37901883248504914,1.6525017669473885,1.8420818604969227,-0.7946493384103421,1.2553334848705566,-0.31806470386527647,-0.11527825568292054,-0.46965013375712733,-1.3071801123712812,-0.0877979779522868,-0.7814883853751551,0.1246726664557404,-2.1279214789253813,-1.1680311606746683,0.8742690169146256,-1.1122661189126462,1.1854697566467507,-0.10616906947821261,-0.3298259529558397,-0.1512548160568486,1.933675992664387,2.323604567400155,-1.0121288322196578,2.246804652368739,0.5375786430537913,1.6260455096034718,0.5597234240971,0.535179200866531,2.0617874926510997,-1.4295381425467169,0.95119959798042,0.008588154428847751,0.03999169085607133,0
KXNBAGAME-26MAR20BOSMEM,2026-03-20,BOS,MEM,BOS,0,2025-26,0.9167,0.8921627955833576,-0.93001053454024,-1.9534598114673096,0.9500296499061164,-1.1720185317419898,-0.4594082286840983,1.8209970128736925,1.620107477741983,-0.31692671526540406,-0.9120728587142385,-1.6639843340970077,-0.5971309574501704,-0.11527825568292054,-1.3704344873414982,0.23157387372572094,1.1988714006846544,-0.7941641824316983,-0.6861290728627154,0.6948368029567671,0.398552423040094,-1.8569888736019222,-0.10355391645867508,0.3616039240295165,0.9904513189710487,0.7787608183091705,-0.1512548160568486,1.614483306907286,-0.8737239157844959,-2.271262589443934,1.2452787864890869,-0.3560629117171814,-0.8130275975643241,1.0264987724947732,2.4333318096174414,-0.15475688016607403,-0.9189393847097217,-1.8524047308353007,-0.9788273618605868,0.03999169085607133,1
KXNBAGAME-26MAR20GSWDET,2026-03-20,GSW,DET,DET,0,2025-26,0.6719,-1.3056728050402537,-1.06631108937975,0.4110863170773286,-1.026357992223435,-1.500304621434092,-1.4460370963127258,-0.11552856263394458,-0.5179156098147336,0.7625775726157601,-0.5010905376506002,0.6714699210770445,-0.5971309574501704,-0.11527825568292054,-0.01925795696494194,0.4847865549821889,-0.6828825655718727,0.8536894349189202,0.7249347276086312,0.9243876670488335,0.10643370198436629,0.07095787264505272,0.9858552621916148,-0.8741948248963327,0.47869513769472594,1.2406719730029248,-1.2262444016037357,-0.9390581791495188,-1.1657173845684823,0.7899341597710482,-1.3495836841991031,-1.5887812266317558,-1.6732919146693757,-0.15697888249775502,-0.41389710350892345,-0.15475688016607403,0.27245771690993037,0.1356056114158478,-1.3079658672903984,1.1504586416037264,0
KXNBAGAME-26MAR20NYKBKN,2026-03-20,NYK,BKN,NYK,0,2025-26,0.9374,0.8921627955833576,0.12145088850740399,-1.6818565399452898,1.4218125064144607,0.8065706034293092,-0.3089648197903725,0.2374972358073429,1.4905303209203642,1.282338896410393,-0.0901082165869608,0.23357224823190884,-1.4343297182048529,0.9858596426003342,-1.3704344873414982,-2.553765620095432,0.10520242884325255,-1.7448489616724396,-1.7522661665521733,-0.7039887751042726,0.3158285374313914,-1.117942620873916,-1.3140085594034403,2.7155063029358963,-0.39860117306468257,0.5939963564316687,-0.1512548160568486,1.614483306907286,2.0024117517377675,-1.2893692925259193,2.2650142135665505,1.8114931998549664,0.26354595534460046,-0.05223008384158502,1.8232113282332212,1.8092697792921808,-2.025236693356542,0.4414533563775617,-1.4396212694623232,1.1504586416037264,1
KXNBAGAME-26MAR20PORMIN,2026-03-20,POR,MIN,POR,0,2025-26,0.5129,0.013028555333913172,-0.8131814875349471,-0.6753267690107482,0.0064639368894273234,-0.9147132181995349,-0.49439506796170923,-1.3639096469770438,0.7778559584014595,0.04290804736165111,1.67124458797149,0.08760635728353114,2.286553662927068,-0.11527825568292054,0.4311342198272434,0.25105177228390974,0.16953589777510053,0.029762626243611,1.468542952618925,0.2716023972870178,-0.29684524035804577,-0.34676392237512654,-0.3859933331457867,1.1854697566467507,-0.17927709537483108,0.039702970799163975,-0.1512548160568486,-0.3006728076353175,-0.8007255485884994,-0.6078198276063582,-0.020285716758837627,-1.6965252438736431,-0.5445057876008977,-0.7670946922144021,0.783746804393438,0.29416349913867035,0.35755750988276164,0.18658023557613343,1.5884529804919427,0.03999169085607133,1
KXNBAGAME-26MAR20TORDEN,2026-03-20,TOR,DEN,DEN,0,2025-26,0.7013,0.013028555333913172,-0.03432117416632073,-0.5954434538572131,0.4527450173702937,0.9086054691444196,-0.15852141089664668,0.419126450947425,-1.1334071047174272,-0.39688999584919366,-1.0882081391700842,-0.1313424791390367,-0.8761972110350646,-0.11527825568292054,-0.01925795696494194,1.2054688016352153,0.7002870164628383,0.2325753791483025,1.0922592724932347,0.9279743993002736,0.3287541445577494,0.006692981103485984,1.2279461907805669,-0.4034143491150563,-1.6414376133071789,-1.6231771860983515,-0.1512548160568486,0.018519878121783073,-0.932122609541294,-0.9312670312969975,0.15270511462037506,-0.1278991104990625,-0.7608150234047704,0.06905799881293005,-0.7980470362323228,-1.1367702098952017,-0.4934404198455608,1.0531488463009917,0.5352097631165461,0.03999169085607133,0
KXNBAGAME-26MAR21CLENOP,2026-03-21,CLE,NOP,CLE,0,2025-26,0.6569,0.4525956754586354,0.2382799355126996,-0.4037234974887284,0.4782467933977718,0.3540681554753328,0.7231469388991499,-1.5199572825199312,-0.42073274219852,0.36276116969681077,-1.0882081391700842,-1.1531037157776838,0.7982003104742998,-0.11527825568292054,0.4311342198272434,0.6795655405640878,-0.18429818135005877,0.5874976967315126,0.43376283227327644,0.3289901133100324,0.6751604155441806,0.4886796676652297,-0.6280842617347389,0.18506124561153864,0.47869513769472594,0.8711430492479211,-0.1512548160568486,0.018519878121783073,-0.33353599853412086,-0.15730407960868084,-0.08401918095117913,-0.058182393460194555,0.2809501467311197,-1.570168815245048,-0.6398676521697462,0.6869688310303209,-0.9189393847097225,-1.1387599925912983,-0.057239546657114324,0.03999169085607133,1
KXNBAGAME-26MAR21GSWATL,2026-03-21,GSW,ATL,ATL,0,2025-26,0.7502,-1.3056728050402537,-1.06631108937975,0.18741303464743175,-0.8478455600310884,-1.4559416363405626,-1.1276568588864666,-0.23576198674076054,-0.5827041882255442,0.4027428099887049,0.3795858646286257,0.6714699210770445,-0.41108678839357415,-1.2164161539661753,1.7823107502038,1.3612919901007339,-1.1493002153277647,1.7916984171031183,1.0474635962877976,0.33257684556147254,-0.5631127471610489,0.8421365711438422,1.4296886312713613,-0.4034143491150563,1.136667370764283,0.31684966361541633,-1.2262444016037357,-2.215828922177921,-1.8227026893324514,0.963209447462464,-1.8958705201334591,-1.785255611014026,-1.0367957725338466,0.23261314057431864,-1.0014205300270629,-0.715907354297004,0.5703069923148433,-0.32316600602672485,-0.5180334542588506,0.03999169085607133,0
KXNBAGAME-26MAR21INDSAS,2026-03-21,IND,SAS,SAS,0,2025-26,0.9124,-2.1848070452896984,-1.06631108937975,1.4655460771039932,-1.8679166011302115,-0.4400292776987951,-0.3894345501288784,-0.07715619323815111,-1.4897442859768784,0.7625775726157601,-0.20753173689085821,-1.2260866612518726,0.2400678033045113,0.9858596426003342,1.7823107502038,1.5755488742408215,-0.8437162379014903,1.6902920406507729,1.096738840113778,1.2794741599412536,0.05214615205365703,1.227725920393238,1.5910825836639975,-1.698060657513566,-1.860761690997031,1.3330542039416753,-0.1512548160568486,-2.8542142936921224,-1.983299097163643,1.6678622840742139,-2.551414723254686,-1.0944263239924896,-1.1685703644603451,-0.09082174650438275,-1.9053027246703538,-0.5756197357642715,1.0809057501518378,0.44145335637756217,-0.7813442586027001,1.1504586416037264,0
KXNBAGAME-26MAR21LACDAL,2026-03-21,LAC,DAL,LAC,0,2025-26,0.7184,0.013028555333913172,0.7445391392023056,0.09155305646318827,0.41449235332907663,1.4232160962293368,-0.16202009482440738,-0.2511109344990757,-1.554532864387689,-0.9966146002276175,-1.4991904602337225,1.9851629396124477,0.05402363424791592,-0.11527825568292054,-1.3704344873414982,-1.1903127210221403,1.2471215023835394,-1.757524758728983,-1.040014914885686,-0.5856266108067992,0.34167975168411024,0.6493418965191443,-0.2649478688513099,0.47929904297483616,-1.1296814320308568,0.22446743267666502,0.9237347694900384,0.9760979353930849,1.447624161048194,-0.82730185868215,1.5548413268518884,1.7481143661832694,0.2859227728415516,-0.42160742647124183,-1.5437498468130373,-0.5195046883511787,-1.4295381425467162,2.17459057782728,-0.12306724774307641,-1.0704752598915837,1
KXNBAGAME-26MAR21LALORL,2026-03-21,LAL,ORL,LAL,0,2025-26,0.6157,1.7712970358328026,0.9976687410471087,-0.43567682355014287,1.0010332019610726,1.6317221261689099,0.5587087942943774,-0.7601843684832505,-0.8418585018687819,0.0029264070697556147,-0.7946493384103421,0.30655519370609896,-0.31806470386527647,-0.11527825568292054,0.8815263966194288,0.9912119174951248,-0.18429818135005877,0.7903104496362041,0.1963457483844432,-0.21977992116006656,1.2955895576094325,0.26375254726975067,0.25958247642475535,-1.109585062786971,-0.03306104358159546,-1.346030493282099,-0.1512548160568486,0.6569052496359845,0.0022564905674630066,-0.18040745130086971,0.14360033402146913,1.0224267206423,0.5444993305841113,-1.465420016588878,-0.7754499813662401,-0.18281440387262093,0.22990782042351438,0.23755485973641907,0.7326928663744332,0.03999169085607133,1
KXNBAGAME-26MAR21MIAHOU,2026-03-21,MIA,HOU,HOU,0,2025-26,0.5768,0.8921627955833576,1.3286843742287753,0.17143637161672337,0.7332645536725527,0.13225323000770056,-0.8267700410990131,1.0075027816829032,0.32433590952579006,0.5226877308643899,-1.2643434196259287,0.16058930275772,-0.13202053480868028,-0.11527825568292054,-0.01925795696494194,-1.073445329673002,-0.40946532261152213,-0.375862879565772,0.4561606703759962,-1.3496005803632138,-1.1370097035714035,1.0027987999977568,-0.8298267022255331,1.7150977919006853,0.2593710600048745,-0.05267926013958736,-1.2262444016037357,0.6569052496359842,1.7980163235889783,0.42028021269603116,0.7900397565437901,-0.2324741860573688,0.3431079731115426,1.5337034817772883,-0.4816882681071712,0.9394865443892391,-2.1528863828157907,-0.06829288522529663,-0.057239546657114324,1.1504586416037264,0
KXNBAGAME-26MAR21MILPHX,2026-03-21,MIL,PHX,MIL,0,2025-26,0.1703,-1.3056728050402537,-1.8451714027483765,0.7625729037528834,-1.8169130490752556,-0.054071307385111636,0.47823906395587146,-2.719733365628363,-1.4897442859768784,-0.6367798376005623,0.26216234432472935,-0.6422230974583599,-1.7133959717897467,-0.11527825568292054,-0.01925795696494194,-0.5085862714854942,-0.8115495034355663,0.30863016148756184,-0.7981182633763119,0.41148495509312016,-0.6122300542412149,-0.7002208258537368,-0.34564484504762727,-0.933042384368992,-0.03306104358159546,-0.6993548767108434,-0.1512548160568486,-0.9390581791495188,-1.0051209767372906,1.1364847351538763,-1.5225745155783161,0.5217339346358663,0.049723032595944426,-1.516875566805945,-0.5494794327054174,-0.21087192757916684,0.8681562677197568,-0.425115254347297,-0.7155165575167374,0.03999169085607133,1
KXNBAGAME-26MAR21OKCWAS,2026-03-21,OKC,WAS,OKC,0,2025-26,0.9698,2.210864155957525,-0.46269434651906577,-1.8096698441909456,1.1412929701122019,-0.5420641434139105,-1.1521476463807956,1.0561077829175733,0.4215187771420059,-1.0365962405195115,-1.9101727812973608,1.03638464844799,0.05402363424791592,0.9858596426003342,-2.271218840925869,-0.17746199599626836,1.9869563950997797,-1.6814699763897236,0.09779526073247716,0.9315611315517118,-0.8681570753431288,-1.8569888736019222,-1.2736600713052808,1.4797075540100482,-1.2027894579274745,-0.05267926013958736,-0.1512548160568486,3.2104467356927895,-0.21673861102052672,-2.7333300232877034,2.0191851373960907,-0.4606379872754895,-1.4694142441415905,1.3774991329040511,1.5972407795723984,0.15387588060593785,-2.4507356582207045,1.562895087903851,0.0744158555148104,1.1504586416037264,1
KXNBAGAME-26MAR21PHIUTA,2026-03-21,PHI,UTA,PHI,0,2025-26,0.6848,0.013028555333913172,-0.9105390267060254,0.28327301283167294,-0.8223437840036103,-0.4577744717362039,-2.6145975281849294,0.2170319721295894,-0.42073274219852,-1.1165595211033026,-0.0901082165869608,0.6714699210770445,1.4493549021723862,-0.11527825568292054,-0.920042310549313,-0.13850619887988802,0.6037868130650687,-0.5659998354139204,-0.28744755463430016,0.41148495509312016,0.2899773231786726,-0.2824990308335598,0.09818852403211913,0.47929904297483616,1.136667370764283,-0.8841193385883449,-0.1512548160568486,0.6569052496359843,-0.5817304470005097,-0.22661419468524746,-0.18417176753914433,-0.12789911049906072,-2.1481777082158064,-0.0485546873975072,-0.09753833538377193,-0.8561949728297366,-0.4083406268727281,-0.32316600602672485,1.6542806815779056,0.03999169085607133,1
KXNBAGAME-26MAR22BKNSAC,2026-03-22,BKN,SAC,SAC,0,2025-26,0.7009,-1.3056728050402537,-2.7798037787907277,-0.148096888997417,-1.7021550569516042,-2.2500390695146955,-0.6483371607831977,0.9742467282065509,-0.8418585018687819,-1.2764860822708817,2.610632750402665,-0.49625720650998156,0.7982003104742998,-0.11527825568292054,-0.46965013375712733,-0.391718880136356,0.7646204853946863,-0.8575431677144144,0.7025368895059139,-0.9622334972078483,-0.475218618701806,0.5529445592067964,0.46132491691554955,-0.8741948248963327,-1.3490055097207094,-0.14506149107833788,0.9237347694900384,-0.6198654933924183,-1.7935033424540525,-0.6540265709907359,-0.6029916750888172,-2.108487662739699,0.20138812896417752,1.0393626600490444,-0.9788234751609803,-1.2209427810148414,2.527602230689987,0.59437722885842,0.6668651652884708,-1.0704752598915837,0
KXNBAGAME-26MAR22MINBOS,2026-03-22,MIN,BOS,MIN,0,2025-26,0.2197,0.013028555333913172,-0.03432117416632073,0.12350638252460276,-0.12104494324796307,0.7932617079012502,-0.018574053786202957,0.27586960520313636,-0.2587612961714959,-0.8766696793519324,1.1428387466039553,-0.1313424791390367,0.05402363424791592,-0.11527825568292054,0.8815263966194288,-0.8397105469747228,-1.6961347012484633,0.7903104496362041,-1.1251266996760216,-0.6573612558355705,1.843635299767071,1.516917932330284,-0.6280842617347389,-1.0507375033143105,-1.7145456392037965,-1.0688838004658463,-0.1512548160568486,-0.619865493392418,0.600843101574634,1.3097600228452904,-0.6576203586822528,1.3583345391023098,0.43758786920978326,-1.1107442597355244,-1.2499881335539682,-0.18281440387262093,1.5915045079888313,1.104123470461278,0.7985205674603956,0.03999169085607133,1
KXNBAGAME-26MAR22PORDEN,2026-03-22,POR,DEN,DEN,0,2025-26,0.7635,0.4525956754586354,-0.5211088700217122,-0.7552100841642833,0.2614816971642081,-0.83929614354054,-0.46290691261186095,-0.7422772627652133,1.166587428866316,0.16285296823733617,1.67124458797149,0.08760635728353114,2.1935315783987703,-0.11527825568292054,0.4311342198272434,1.4586814828916832,0.6681202819969143,0.42271233499645083,1.3655128973464157,1.6238004560793533,0.37787145163791547,-0.18610169352121197,1.4296886312713613,-0.6388045870056945,-1.4221135356173267,-1.8079416479758534,-0.1512548160568486,0.018519878121783073,-1.4869102002308676,-1.0236805180657513,-0.12043830334680285,-1.5697675765302441,-1.4594689919207227,-0.8001732602110883,0.9419261884560128,-0.8842524965362825,1.6766043009616634,1.0531488463009921,2.8391793011252275,0.03999169085607133,0
KXNBAGAME-26MAR22TORPHX,2026-03-22,TOR,PHX,PHX,0,2025-26,0.4571,0.013028555333913172,0.12145088850740399,-0.41970016051943676,0.41449235332907663,1.3078723349861598,-0.24598850909067205,0.13005460149912854,-1.4573499967714754,0.20283460852923024,-1.2643434196259287,0.014623411809342294,-0.8761972110350646,-0.11527825568292054,-0.46965013375712733,-0.6838873585092043,-0.7311326672707574,0.13116900269595677,-0.8339548043406619,0.40072475833880566,-0.847476103940956,-1.1822075124154805,-0.5070387974402635,-1.4626704196229277,-0.3254931471680654,-0.6069726457720921,-1.2262444016037357,0.3377125638788836,0.600843101574634,0.2239015533124282,0.19822901761490472,1.519950564965142,-0.4574848306683056,0.6975507907499601,-0.1879265548481023,0.49056616508449563,0.14480802745068236,0.23755485973641907,-0.18889494882903934,1.1504586416037264,0
KXNBAGAME-26MAR22WASNYK,2026-03-22,WAS,NYK,NYK,0,2025-26,0.9589,-2.1848070452896984,-0.34586529951377015,2.0726592722708572,-1.8806674891439508,-0.0673802029131707,0.39776933361736944,-1.0006512166968795,-1.6193214427984994,-0.9566329599357221,1.6125328278195428,-1.6639843340970077,-0.13202053480868028,-1.2164161539661753,0.8815263966194288,-0.2553735902290262,-1.5996344978506938,1.0945295789932412,0.6756594837826432,-0.5497592882924156,0.5795109228091229,1.3883881492471528,1.1069007264860902,0.3616039240295165,-0.03306104358159546,-1.2536482623433483,-0.1512548160568486,-2.215828922177921,-0.07074187662853358,2.6497555809922253,-2.1325948157050134,-0.5303547043143556,0.658869731124092,-1.1291212419559074,-2.108676218465096,-1.4454029706672125,0.9107061642061737,-1.1387599925912988,0.7985205674603956,-1.0704752598915837,0
KXNBAGAME-26MAR23BKNPOR,2026-03-23,BKN,POR,POR,0,2025-26,0.9102,-1.3056728050402537,-2.3124875907695532,-0.1161435629360025,-1.4216355206493452,-1.633393576714673,0.1773522461684198,0.8028501449053456,-1.2629842615390459,-1.0365962405195115,1.9060916285792848,-0.42327426103579274,0.7051782259460014,-1.2164161539661753,0.4311342198272434,-0.27485148878721777,-0.8276328706685294,0.4734155232226237,-0.6906086404832613,-0.5389990915380971,-0.6225705399423013,1.3562557034763694,0.5016734050137075,1.3031648755920693,0.040046982315021705,1.6102008967579278,-1.2262444016037357,-1.2582508649066193,-1.5307092205484651,0.5126936994647866,-1.3586884647980093,-0.6824639051264391,0.49477306947977295,1.0209856778286615,-1.8375115600721077,-1.0806551624821077,0.44265730285559524,-0.3231660060267253,-0.6496888564307753,0.03999169085607133,0
KXNBAGAME-26MAR23GSWDAL,2026-03-23,GSW,DAL,GSW,0,2025-26,0.5485,-1.3056728050402537,-0.8910675188718108,0.37913299101591413,-0.8860982240723054,-0.9546399047837096,-1.1171608071031847,-0.08483066711730866,-0.9390413694849977,0.2827978891130198,0.7905681856922652,0.8174358120254223,-0.41108678839357415,-0.11527825568292054,-1.3704344873414982,-0.391718880136356,1.5848722142757354,-1.5040088175981188,-0.6234151261750994,0.2967095230470849,0.3959673016148195,0.8100041253730589,-0.022856940262356254,0.24390880508419793,-1.2758974838240917,0.40923189455416686,-0.1512548160568486,0.018519878121783073,-0.37733501885172044,-0.8619569162204325,0.4440580937853648,-0.24514995279170748,-1.0044737028160262,-0.34074870470156443,-1.2273910786878857,0.20999092801902966,0.4001074063691792,1.4609458395832788,-0.5838611553448126,0.03999169085607133,1
KXNBAGAME-26MAR23LALDET,2026-03-23,LAL,DET,DET,0,2025-26,0.4775,1.7712970358328026,0.9003112018760303,-0.38774683445802227,0.8990260978511602,1.5341235589631517,0.39427064968960485,-1.1515825363203258,-1.003829947895806,-0.39688999584919366,-1.381766939929826,0.5984869756028544,-0.8761972110350646,-0.11527825568292054,0.4311342198272434,0.6016539463313272,-0.8758829723674143,1.0818537819366982,0.8010873771578799,0.4330053486017511,-0.07193967635939105,-0.21823413929199306,0.9858552621916148,-0.8153472654236734,0.9904513189710487,0.9635252801866724,0.9237347694900384,0.9760979353930851,0.22125159215545276,0.3509700976194662,-0.13864786454461467,0.524902876319451,-0.024866359060563097,-0.7744454851025537,-0.5494794327054174,-0.9684250676559231,-0.4083406268727281,-0.2721913818664401,-1.3079658672903987,-1.0704752598915837,0
KXNBAGAME-26MAR23MEMATL,2026-03-23,MEM,ATL,ATL,0,2025-26,0.8882,-1.7452399251649762,-0.2290362525084773,1.4335927510425788,-1.2941266405119547,-1.109910352611054,0.107378567613196,-0.043900139761798844,-1.9756586240579508,-0.7967063987681429,-0.0901082165869608,0.7444528665512333,-0.038998450280382596,-0.11527825568292054,1.7823107502038,1.3612919901007339,-0.9241330740662991,1.6142372583115134,1.3923903030696814,0.30388298754996323,-0.3924947330931034,0.3601498845820985,1.3489916550750438,-0.16802411122441813,0.9904513189710487,-0.05267926013958736,-0.1512548160568486,-2.535021607935022,-1.1949167314468814,1.7025173416124963,-2.087070912710484,-1.7820866693304416,-0.13923675960054102,0.2491524245726617,-1.634138066277366,-1.5015180180803063,0.05970823447784958,-0.17024213354586792,0.008588154428847751,0.03999169085607133,0
KXNBAGAME-26MAR23MILLAC,2026-03-23,MIL,LAC,LAC,0,2025-26,0.8793,-0.8661056849155315,-1.319440691224553,0.7146429146607629,-1.4343864086630844,0.5448289913774997,0.6496745764161673,-2.8988044228087233,-1.4573499967714754,-0.5568165570167728,0.3208741044766775,-0.7152060429325487,-1.6203738872614486,-0.11527825568292054,-0.01925795696494194,0.9327782218205558,0.5233699769002599,0.19454798797867287,1.526777331686,0.3289901133100344,-0.19085526192189595,-1.7927239820603578,-0.7894782141273751,-1.4626704196229277,1.9408556556270744,0.31684966361541633,-0.1512548160568486,-0.6198654933924183,-1.6913056283796568,0.1430397523897696,-1.1674880722209848,-0.6951396718607812,0.22873757257156332,-1.9450592525408206,0.24141748760746218,0.15387588060593785,1.2936552325839186,-1.8524047308352998,-1.373793568376361,0.03999169085607133,0
KXNBAGAME-26MAR23OKCPHI,2026-03-23,OKC,PHI,OKC,0,2025-26,0.9199,2.210864155957525,-0.36533680734798746,-1.9694364744980157,1.3325562903182875,-0.21821435223116037,-1.068179232114529,0.6672677730402117,0.3891244879366006,-0.9566329599357221,-1.8514610211454126,0.45252108465447666,-0.31806470386527647,-0.11527825568292054,0.4311342198272434,-0.19693989455445712,0.0891190616102917,-0.19840172077416693,0.24114142458988777,-2.691038442401233,0.4192333944422667,0.07095787264505272,-0.8298267022255331,0.00851856719355974,0.3324790859014916,1.702583127696679,-0.1512548160568486,1.2952906211501856,-0.12914057038533167,-1.4857479519095222,1.090497516307686,-0.33071137824850405,1.1014334549526996,0.18299528857928948,0.21882043274137958,-0.09864183275298126,-1.3444383495738832,0.08463098725556123,-1.4396212694623232,0.03999169085607133,1
KXNBAGAME-26MAR23SASMIA,2026-03-23,SAS,MIA,SAS,0,2025-26,0.6173,1.7712970358328026,1.6012854839077957,-0.43567682355014287,1.3963107303869826,1.0461307229343528,1.1394903263027203,0.19912486641155225,1.0370102720446972,1.4422654575779734,-1.9688845414493101,-2.174864952416331,0.9842444795308961,-0.11527825568292054,0.4311342198272434,1.4976372800080635,0.5072866096672967,0.5748218996749693,0.20082531600498918,-0.6752949170927632,1.12497154354149,0.1030903184158361,0.9051582859952959,-1.5803655385682462,0.3324790859014916,-0.42220818389459025,-0.1512548160568486,0.9760979353930851,0.07525485776345958,-0.6771299426829231,0.5806298027689538,0.60095747672549,1.2729890557626686,-0.6549951006700785,0.6481644751969424,0.37833607025831006,-0.28069093741348006,-1.7504554825147285,0.9960036707182824,0.03999169085607133,1
KXNBAGAME-26MAR23TORUTA,2026-03-23,TOR,UTA,TOR,0,2025-26,0.765,-0.42653856479080904,-0.5795233935243587,-0.49958347567297184,0.019214824903166366,0.8331883944854274,-0.553872694733649,-0.3048322516531842,-1.6193214427984994,0.08288968765354518,-0.6772258181064448,0.16058930275772,-0.31806470386527647,-1.2164161539661753,-0.920042310549313,-0.31380728590359536,0.5716200785991447,-0.6547304148097228,-0.7622817224119591,-0.16239220513704994,0.5200531300278705,-0.08970435620886184,0.29993096452291335,0.42045148350217687,0.9173432930744302,-0.42220818389459025,-0.1512548160568486,0.33771256387888376,-0.20213893758132823,-0.7695434294516786,0.48047721618098843,1.1301707378841892,-0.285929229858338,-0.5870002664546704,-1.0692116946253107,-0.15475688016607403,-0.7912896952504737,-0.5270645026678683,0.07441585551480982,-1.0704752598915837,1
KXNBAGAME-26MAR24DENPHX,2026-03-24,DEN,PHX,DEN,0,2025-26,0.6674,0.4525956754586354,1.4260419133998536,0.4110863170773286,0.6057556735351622,1.3477990215703395,1.4718652994400223,0.419126450947425,-0.0320012717336612,1.882063500788817,-0.8533610985622904,-1.2260866612518726,-1.7133959717897467,-0.11527825568292054,-0.01925795696494194,-0.35276308301997567,-0.8437162379014903,0.43538813205299404,-0.26952928415212385,0.999709044329045,0.013369330674580222,-1.342869741269395,-0.5070387974402635,-1.2272801817322896,0.040046982315021705,-0.3298259529558397,-0.1512548160568486,0.3377125638788836,1.3308267735345998,0.9054510182319909,0.11628599222475135,1.1491843879856989,0.34808059922197454,0.29325718190157724,0.9193291335899303,1.6689821607594484,0.27245771690993037,-0.8838868717898692,-0.9788273618605868,0.03999169085607133,1
KXNBAGAME-26MAR24NOPNYK,2026-03-24,NOP,NYK,NYK,0,2025-26,0.7699,0.4525956754586354,0.43299501385485617,-0.6433734429493336,0.7970189937412478,0.34075925994727624,0.05139962476902084,0.6058719820069455,0.4863073555528142,-0.31692671526540406,-0.2662434970428064,0.8174358120254223,1.1702886485874915,0.9858596426003342,0.8815263966194288,0.40687496074942825,-1.3101338876573825,1.297342331897933,0.7518121333318919,0.11737291047515877,1.0887798435876819,1.5490503781010674,1.1069007264860902,0.12621368613887937,-0.3254931471680654,-1.43841272422085,-0.1512548160568486,-0.3006728076353175,0.016856164006663565,0.47803864192650414,-0.36626737951726307,-0.292684078045481,-0.04972948961273089,-0.33707330825748866,-0.7528529265001591,-0.996482591362469,-0.28069093741348006,0.798275725499563,1.8517637848357922,1.1504586416037264,0
KXNBAGAME-26MAR24ORLCLE,2026-03-24,ORL,CLE,CLE,0,2025-26,0.7773,0.013028555333913172,0.7445391392023056,-0.06821357384388191,0.5420012334664671,-0.09843429247864105,-0.5503740108058863,1.10727094211196,0.06518159588255236,-0.07703687351403395,-0.6185140579544965,0.08760635728353114,-1.8064180563180448,-1.2164161539661753,0.8815263966194288,0.11470648237657996,-0.6185490966400269,0.5621461026184261,0.46511980561708316,0.562127709653541,-1.7109066599817637,0.006692981103485984,0.13853701213027853,-1.3449753006776082,-1.495221561513944,0.31684966361541633,0.9237347694900384,-0.619865493392418,0.4694460406218415,0.39717684100384393,-0.02028571675883761,-0.40359703697096017,-0.7856781539569382,2.013342717729231,0.03804399381272203,-0.15475688016607403,0.5277570958284272,1.104123470461278,-1.5054489705482856,-2.180942210639239,0
KXNBAGAME-26MAR24SACCHA,2026-03-24,SAC,CHA,CHA,0,2025-26,0.9336,0.013028555333913172,0.0046218415021111415,0.6187829364765194,-0.49082069564639524,0.9307869616911881,0.02341015334693132,-0.8778596346303444,0.5510959339636248,0.44272445028060037,-1.0294963790181348,-1.299069606726062,-0.41108678839357415,-0.11527825568292054,0.8815263966194288,0.2120959751675294,-1.503134294452924,1.3226939260110193,-0.5383033413847663,1.3512088049700228,0.6518943227167362,0.3922823303528819,-0.30529635694946927,-0.050328992279099545,-0.25238512127144824,0.1320852017379145,0.9237347694900384,-0.619865493392418,-0.15833991726372862,1.5292420539210823,-1.3040597812045738,1.0414403707438131,-0.9249116850490854,-1.0923672775151456,0.1058351584109682,0.5186236887910426,-0.7061899022776409,-0.7309629993090119,-0.3863780520869259,-1.0704752598915837,0
KXNBAGAME-26MAR25ATLDET,2026-03-25,ATL,DET,ATL,0,2025-26,0.4897,1.7712970358328026,1.5428709604051465,-0.8670467253792328,1.7023320427167197,1.26794564840199,0.5587087942943774,-0.01576040220488211,0.06518159588255236,1.3623021769941839,-0.3836670173467028,1.1823505393963678,0.05402363424791592,-0.11527825568292054,0.8815263966194288,0.7379992362386569,-1.0528000119299927,1.3100181289544761,1.0385044610467107,0.41148495509312016,0.23051953039742012,-0.4431612596874744,1.4296886312713613,-0.7564997059510131,1.136667370764283,0.9635252801866724,-0.1512548160568486,0.6569052496359845,0.600843101574634,0.13148806654367434,0.2710672624061522,0.1668124660743432,0.10690823286593408,-0.17351816649609805,0.35440276193787357,-0.042526785339887456,0.27245771690993037,0.03365636309527558,-0.6496888564307753,0.03999169085607133,1
KXNBAGAME-26MAR25BKNGSW,2026-03-25,BKN,GSW,GSW,0,2025-26,0.8654,-1.3056728050402537,-2.5266741769459244,0.011669741309653184,-1.6639023929103869,-1.7176832483923723,-0.22149772159634518,1.3016909470506408,-1.8136871780309267,-1.3564493628546712,2.023515148883181,-0.2773083700874144,0.7982003104742998,-0.11527825568292054,-1.3704344873414982,-0.43067467725273634,0.7163703836958015,-0.8448673706578711,-0.829475236720121,-1.1200497162711456,-0.0641843120835734,-0.8930155004784347,0.7034158455045018,1.06777463770143,1.2097753966609002,-0.5145904148333416,-0.1512548160568486,0.018519878121783073,-1.5745082408660627,-0.5038546549915107,-0.5847821138910053,-0.6444366049234195,0.6141160961301855,0.9823940151658597,-0.6398676521697462,-1.4454029706672125,0.6979566817740929,-1.0368107442707266,0.9301759696323203,0.03999169085607133,0
KXNBAGAME-26MAR25CHIPHI,2026-03-25,CHI,PHI,PHI,0,2025-26,0.7033,-0.42653856479080904,0.3356374746837779,0.9223395340599536,-0.5163224716738732,-0.11617948651604985,-0.2879727162238063,-0.5452990998668161,1.2313760072771265,0.4827060905724944,0.7905681856922652,-0.8611719338809272,-0.13202053480868028,-0.11527825568292054,-0.01925795696494194,-0.2553735902290262,0.4268697735024879,-0.5026208501312042,0.1560296397995521,-2.2857376979886763,-0.5269210472072408,0.1030903184158361,-0.6280842617347389,0.18506124561153864,0.6249111894879615,1.3330542039416753,-0.1512548160568486,-0.3006728076353175,0.44024669374344244,0.36252178346556146,-0.011180936159931673,-0.19761582753793394,1.3749278910265605,-0.015476119400825161,0.7837468043934364,0.7711414021499596,0.44265730285559524,-1.036810744270727,-1.044655062946549,0.03999169085607133,0
KXNBAGAME-26MAR25DALDEN,2026-03-25,DAL,DEN,DEN,0,2025-26,0.8392,-1.3056728050402537,-0.09273569766896715,1.8809393159023746,-1.5618952888004747,-0.04519871036640723,0.26481934436244714,0.06610065250614038,0.2595473311149818,0.3227795294049153,0.8492799458442133,-0.7152060429325487,-0.13202053480868028,-0.11527825568292054,0.4311342198272434,1.5560709756826328,0.6198701802980295,0.5241187114487965,1.3386354916231549,1.3906628597358486,-0.03833309783085744,0.2316201014989673,2.2366583932345394,-1.3449753006776082,-1.3490055097207094,-1.6231771860983515,-1.2262444016037357,-1.2582508649066193,-1.238715751764479,0.9170027040780862,-1.4952601737815983,-0.9835133650670176,-0.7807055278465049,0.07640879170108367,0.015446938946639432,-1.333172875841028,1.5915045079888313,0.4414533563775626,1.0618313718042447,1.1504586416037264,0
KXNBAGAME-26MAR25HOUMIN,2026-03-25,HOU,MIN,MIN,0,2025-26,0.508,0.013028555333913172,-0.8910675188718108,-0.1161435629360025,-0.49082069564639524,0.917478066163129,-1.5265068266512316,-1.4994920188421776,0.29194162032038706,-0.31692671526540406,1.2015505067559045,-0.2773083700874144,0.2400678033045113,-0.11527825568292054,-0.01925795696494194,-0.29432938734540653,-0.1199647124182108,-0.09699534432182119,0.6084659694744913,0.2787758617898941,0.27188147320176853,-0.15396924775042858,-0.6684327498328982,0.8912319592834532,-0.25238512127144824,0.5016141254929182,0.9237347694900384,0.018519878121783073,-0.45033338604771705,0.004419522236637996,-0.2843243541271096,0.22068447469528954,-1.2829407650003217,-1.2687863068308034,0.30920865220571,0.23804845172557657,0.22990782042351438,-0.01731826106501007,-0.18889494882903962,-1.0704752598915837,0
KXNBAGAME-26MAR25LALIND,2026-03-25,LAL,IND,LAL,0,2025-26,0.7902,1.7712970358328026,0.8418966783733839,-0.49958347567297184,0.9500296499061164,1.3744168126264527,-0.10604115198023029,-0.7115793672485803,-0.7770699234579735,-0.5168349167248787,-1.2056316594739804,0.16058930275772,-0.41108678839357415,-0.11527825568292054,-1.8208266641336839,-0.3722409815781672,1.6009555815086987,-1.5040088175981188,0.24562099221042874,0.5477807806477863,0.45801021582134355,-1.7605915362895743,1.389340143173203,-0.9918899438416513,-1.0565734061342396,-0.3298259529558397,-0.1512548160568486,2.5720613641785883,0.907436243797821,-1.5088513236017127,1.755146500027819,0.8037697444749315,-0.4599711437235236,-0.8350895264298123,0.6933585849291076,-1.333172875841028,-0.1530412479542312,0.8492503496598487,-0.057239546657114324,0.03999169085607133,1
KXNBAGAME-26MAR25MIACLE,2026-03-25,MIA,CLE,MIA,0,2025-26,0.4338,0.013028555333913172,1.2118553272234824,1.0661295013363177,-0.05729050317926788,-0.24039584477792383,-0.8897463517987135,1.3272725266478356,-0.12918413934987705,0.9225041337833392,-1.5579022203856707,0.23357224823190884,-0.41108678839357415,-0.11527825568292054,0.8815263966194288,0.6990434391222765,-0.1521314468841348,0.5748218996749693,0.9981883524618096,0.2716023972870178,-1.1395948249966779,-0.15396924775042858,0.09818852403211913,-1.8746033359315437,-1.6414376133071789,0.039702970799163975,-1.2262444016037357,-0.619865493392418,0.3818479999866464,0.8823476465398037,-0.4573151855063223,-0.8821072311922924,-0.82545916284041,1.765253457754089,0.015446938946639432,0.5747387362041353,0.22990782042351438,1.308021967102421,-0.3205503510009638,1.1504586416037264,1
KXNBAGAME-26MAR25MILPOR,2026-03-25,MIL,POR,POR,0,2025-26,0.8981,-0.8661056849155315,-1.6504563244062198,0.6826895885993484,-1.62564972886917,0.27865108081633555,0.8490995602985488,-2.9832236354794675,-1.554532864387689,-0.4768532764329832,0.7905681856922652,-0.8611719338809272,-1.6203738872614486,-0.11527825568292054,0.4311342198272434,-0.04111670608893858,-1.068883379162956,0.8156620437492905,-0.48902809755877824,-0.09065756010827869,-0.3924947330931034,1.0991961373101047,0.46132491691554955,1.7150977919006853,0.040046982315021705,1.3330542039416753,-0.1512548160568486,-0.9390581791495188,-1.2095164048860798,1.2635532794609143,-1.7501940305509645,0.5407475847373725,0.6613560441793073,-1.8623628325491073,-1.8601086149381887,-0.6597923068839112,-0.6636400057912248,-0.6290137509884401,-2.097898280321946,0.03999169085607133,0
KXNBAGAME-26MAR25OKCBOS,2026-03-25,OKC,BOS,BOS,0,2025-26,0.441,2.210864155957525,0.08250787283897211,-1.7138098660067043,1.4218125064144607,0.16774361808252064,-0.2494871930184347,1.2633185776548475,0.4539130663474112,-0.5168349167248787,-1.4991904602337225,0.23357224823190884,-0.13202053480868028,-0.11527825568292054,0.4311342198272434,-1.1513569239057626,-1.3583839893562673,0.3213059585441051,-1.4566147035962724,-1.112876251768267,2.272765456362205,1.4847854865595005,-1.1929630951089636,-1.0507375033143105,-1.5683295874105616,-1.43841272422085,0.9237347694900384,1.2952906211501856,0.9220359172370195,-0.2612692522235299,0.7809349759448843,1.1460154463021124,0.589252965578015,-0.7064506508871476,-0.7302558716340749,0.4625086413779487,-0.32324083389989605,1.2570473429421352,0.9301759696323203,-1.0704752598915837,0
KXNBAGAME-26MAR25SASMEM,2026-03-25,SAS,MEM,SAS,0,2025-26,0.93,1.7712970358328026,1.8933581014210306,-0.3557935083966078,1.523819610524373,0.9352232602005378,1.132492958447197,0.4370335566654621,1.5553188993311748,1.8021002202050274,-1.6166139805376187,-2.0288990614679534,0.7982003104742998,-0.11527825568292054,-1.8208266641336839,-0.3332851844617869,1.8743728244690467,-1.694145773446267,-1.2191976197074443,-0.24488704692013571,0.4967870372004232,-2.1140484397681867,-0.9912206546181693,0.24390880508419793,0.47869513769472594,-0.23744372201708921,-0.1512548160568486,2.5720613641785883,1.6666192626361858,-1.601264810370465,2.301433335962175,1.5262884483323165,0.9696588630262039,-0.03752849806527985,2.568914138813937,1.9495573978249132,-1.3444383495738832,-1.7504554825147285,0.7326928663744335,0.03999169085607133,1
KXNBAGAME-26MAR25WASUTA,2026-03-25,WAS,UTA,WAS,0,2025-26,0.4095,-2.1848070452896984,-0.2679792681769092,2.3762158698542915,-2.0719308093500364,0.0036005732364719203,0.9715534977701871,-0.8676270027914678,-2.0728414916741666,-0.8766696793519324,1.67124458797149,-1.0801207703034943,-0.31806470386527647,0.9858596426003342,-0.920042310549313,0.17314017805115184,1.1667046662187306,-0.8068399794882415,-0.48902809755877824,0.027704604189192704,0.2356897732479633,-0.18610169352121197,0.4209764288173901,0.5969941619201548,1.063559344867666,-0.42220818389459025,-0.1512548160568486,-0.9390581791495188,-0.3335359985341229,0.882347646539802,-0.9034494348527128,0.34427320035510384,0.6663286702897419,-0.7891470708788609,-1.3177792981522145,-0.9123100202428294,0.7830564747469241,-1.4955823617132993,0.07441585551480982,1.1504586416037264,1
KXNBAGAME-26MAR26NOPDET,2026-03-26,NOP,DET,DET,0,2025-26,0.6687,0.4525956754586354,0.725067631368091,-0.46763014961155736,0.848022545796204,0.7355898272796666,0.6286824728495992,0.480522241980694,0.2595473311149818,-0.15700015409782353,-0.9707846188661867,0.30655519370609896,1.1702886485874915,-0.11527825568292054,0.8815263966194288,1.2054688016352153,-0.6828825655718727,1.3226939260110193,1.4237472764134855,0.00977094293200188,0.4890316729246084,-0.2503665850627764,1.913870488449267,-0.7564997059510131,0.9904513189710487,0.8711430492479211,-1.2262444016037357,-0.3006728076353175,-0.3627353454125199,0.15459143823586322,-0.34805781831945115,-0.4859895207441668,0.43510155615456664,-0.0007745336245179539,0.35440276193787357,-1.4454029706672125,-0.1530412479542312,-0.4760898785075827,0.20607125768673457,1.1504586416037264,0
KXNBAGAME-26MAR26NYKCHA,2026-03-26,NYK,CHA,CHA,0,2025-26,0.5565,1.3317299157080804,0.7834821548707375,-1.1386499969012525,1.4218125064144607,1.1614744841775249,0.4467509086060232,1.5651812169017454,1.3609531640987453,1.3223205367022883,-0.03139645643501261,-0.2773083700874144,-1.3413076336765548,-0.11527825568292054,0.8815263966194288,0.543220250656758,-1.503134294452924,1.538182475972254,-0.3859980422862687,1.641734117336546,0.8225123367846787,0.6493418965191443,-0.30529635694946927,-0.050328992279099545,-0.5448172248579175,-0.05267926013958736,-0.1512548160568486,0.337712563878884,0.17745257183785523,0.25855661085071235,-0.09312396155008502,1.098481321048339,-0.8254591628404087,0.541346441876719,0.4899850911343675,1.1358892103350653,0.01715833799143357,0.18658023557613299,-0.9129996607746245,0.03999169085607133,0
KXNBAGAME-26MAR26SACORL,2026-03-26,SAC,ORL,ORL,0,2025-26,0.9096,0.013028555333913172,-0.24850776034269187,0.9383161970906597,-0.9116000000997836,0.7134083347329031,0.2403285568681183,-1.2411180649105116,0.3891244879366006,0.5226877308643899,-1.1469198993220324,-1.8099502250453854,-0.31806470386527647,-0.11527825568292054,-0.46965013375712733,1.0106898160533164,0.6842036492298775,0.11849320563941354,0.03508131404486374,-0.18032586639424275,1.3085151647357933,-0.5716910427706056,-0.10355391645867508,-0.933042384368992,-0.10616906947821261,-1.9927061098533547,-0.1512548160568486,0.3377125638788836,-0.9467222829804925,0.1892464957741457,-0.739563384072406,0.48053769274926034,0.29089539895198624,-1.8200957734422318,0.6707615300630251,0.4344511176714029,-0.1530412479542312,-1.1897346167515845,1.1934867739761692,0.03999169085607133,0
KXNBAGAME-26MAR27ATLBOS,2026-03-27,ATL,BOS,BOS,0,2025-26,0.6703,1.7712970358328026,1.523399452570932,-0.6114201168879192,1.4855669464831558,0.9707136482753579,0.21583776937379143,0.030286441070066082,0.3891244879366006,1.282338896410393,0.144738824020833,1.109367593922179,-0.5041088729218727,-0.11527825568292054,0.8815263966194288,-0.5670199671600661,-1.503134294452924,0.8156620437492905,-1.0579331853678597,-0.5354123592866589,2.0452747709382817,1.4205205950179338,-0.9105236784218519,-1.2272801817322896,-1.2758974838240917,-1.346030493282099,-0.1512548160568486,0.6569052496359845,1.5644215485617903,0.6397622437718246,0.4713724355820825,1.4375580811919335,0.5196362000319421,-1.430503750370156,-0.7302558716340749,1.5286945422267157,0.9958059571790057,1.6648443362244223,0.6010374642025085,0.03999169085607133,0
KXNBAGAME-26MAR27BKNLAL,2026-03-27,BKN,LAL,LAL,0,2025-26,0.9494,-1.7452399251649762,-2.546145684780142,0.07557639343248217,-1.7276568329790822,-1.5269224124902054,-0.1130385198357517,0.7849430391873083,-2.396784383728215,-1.1965228016870921,1.8473798684273355,0.45252108465447666,0.05402363424791592,-0.11527825568292054,1.7823107502038,1.0496456131696967,-0.24863165028190448,0.8790410290320066,1.5536547374092609,-0.3058614951945905,-0.971561932354007,-0.9251479462492181,-0.30529635694946927,-1.1684326222596302,0.844235267177813,-0.23744372201708921,-0.1512548160568486,-2.535021607935022,-2.6986830956844123,0.23545323915852345,-1.8685561783367415,-2.1940490881964902,0.12679873730766858,1.2562110502495383,-1.0240175848931456,-0.6317347831773643,2.1872030587986577,-0.2721913818664392,0.20607125768673515,0.03999169085607133,0
KXNBAGAME-26MAR27CHIOKC,2026-03-27,CHI,OKC,OKC,0,2025-26,0.9502,-0.42653856479080904,0.9003112018760303,1.5773827183189404,-0.6693331278387418,0.13668952851705524,-0.38593586620111575,-0.14878461611029684,1.0694045612501024,0.6026510114481795,0.49700938493252317,-0.8611719338809272,-0.13202053480868028,-0.11527825568292054,1.7823107502038,-0.021638807530747036,-1.503134294452924,1.1705843613325009,0.3710488855856605,0.09943924921796396,1.1895995791732856,-0.08970435620886184,-0.7491297260292157,-1.6392130980409056,-0.03306104358159546,-0.14506149107833788,-0.1512548160568486,-1.57744355066372,0.6884411422098291,2.2223432046867386,-1.3222693424023857,-0.16909535238566667,-0.3480870562387596,-0.9508645144182116,0.806343859259519,0.9394865443892391,1.5489546115024153,-0.5780391268281544,0.008588154428847751,0.03999169085607133,0
KXNBAGAME-26MAR27DALPOR,2026-03-27,DAL,POR,DAL,0,2025-26,0.1904,-1.3056728050402537,0.588767076528581,2.232425902577927,-1.3961337446218671,0.33632296143792156,0.0653943604800656,-0.03366750792292209,0.16236446349876593,0.642632651740075,0.49700938493252317,-0.6422230974583599,-0.31806470386527647,-0.11527825568292054,0.8815263966194288,0.5626981492149495,-1.1814669497936887,1.297342331897933,0.07987699025030331,0.4652859388646986,0.2537856232248645,1.4526530407887173,0.864809797897138,2.009335589263983,-0.39860117306468257,2.164494282390433,-0.1512548160568486,-1.5774435506637199,0.01685616400666149,2.4649286074547176,-1.932289642529083,0.17948823280868184,-0.2809566037479034,-0.2029213380487084,-0.9110323105627341,-0.15475688016607403,-1.0891389706553865,-0.17024213354586792,-1.7687597748921349,0.03999169085607133,1
KXNBAGAME-26MAR27HOUMEM,2026-03-27,HOU,MEM,HOU,0,2025-26,0.89,-0.42653856479080904,-0.852124503203379,0.059599730401773784,-0.6055786877700465,0.34075925994727624,-1.3620686820464611,-1.0160001644551975,0.6158845123744353,-0.19698179438971902,1.1428387466039553,-0.49625720650998156,0.3330898878328098,-0.11527825568292054,-1.8208266641336839,-0.761798952741965,1.8743728244690467,-1.9730133086902177,-1.6133995703153134,-0.4313971239949422,0.15296588763926364,-2.146180885538968,-1.1122661189126462,0.06736612666621902,0.47869513769472594,-0.5145904148333416,-0.1512548160568486,0.9760979353930851,-0.07074187662853358,-1.3009209783720146,0.9812401491208147,1.380517130887406,-0.6737940664721769,-0.8369272246518522,1.9361966025636326,0.6308537836172281,0.7830564747469249,-0.6799883751487258,0.6010374642025087,0.03999169085607133,1
KXNBAGAME-26MAR27LACIND,2026-03-27,LAC,IND,LAC,0,2025-26,0.6995,0.4525956754586354,1.1534408037208332,-0.2599335302123666,0.9627805379198554,1.9555719173516601,1.3424139941128646,0.268195131323976,-1.846081467236332,-0.11701851380592944,-1.6166139805376187,1.8391970486640699,1.5423769867006838,-0.11527825568292054,-1.8208266641336839,-0.11902830032169646,1.7457058866053532,-1.4533056293719457,0.6443025104388415,1.1969793181581658,0.6518943227167362,-1.9533862109142723,1.4700371193695205,-0.34456678964239706,-1.2758974838240917,-0.5145904148333416,-0.1512548160568486,1.6144833069072864,0.9512352641154165,-1.4395412085251462,1.727832158231101,0.9368652951855051,0.11933979814202005,-0.26907847404208063,0.08323810354488721,-1.1087126861886556,-0.9189393847097217,2.1745905778272805,1.4567975783200187,0.03999169085607133,1
KXNBAGAME-26MAR27MIACLE,2026-03-27,MIA,CLE,CLE,0,2025-26,0.7564,0.013028555333913172,1.095026280218187,0.9542928601213682,-0.044539615165528845,-0.2758862328527464,-0.6553345286387191,1.181457522943825,-0.29115558537690117,1.0024674143671288,-1.5579022203856707,0.08760635728353114,-0.8761972110350646,-0.11527825568292054,0.4311342198272434,0.5042644535403777,0.024785592678443723,0.30863016148756184,0.953392676256375,0.10661271372084229,-0.8655719539178571,-0.08970435620886184,0.05784003593396114,-1.6392130980409056,-1.860761690997031,-0.23744372201708921,-0.1512548160568486,-0.3006728076353175,0.44024669374344244,0.6744173013101071,-0.2570100123303918,-0.8757693478251265,-0.5445057876008963,1.4657086475618781,-0.1427324451159371,0.658911307323774,0.05970823447784958,1.358996591262707,-0.45220575317288825,0.03999169085607133,0
KXNBAGAME-26MAR27NOPTOR,2026-03-27,NOP,TOR,TOR,0,2025-26,0.7598,0.013028555333913172,0.2382799355126996,-0.3717701714273139,0.4527450173702937,0.5714467824336178,0.6531732603439281,-0.5273919941487761,-0.06439556093906648,-0.19698179438971902,-0.7946493384103421,0.6714699210770445,0.7982003104742998,-1.2164161539661753,-0.01925795696494194,0.1341843809347715,-0.13604807965117394,0.19454798797867287,1.226646301109551,0.09226578471508763,-2.0418022024165654,-1.214339958186264,1.3489916550750438,-0.7564997059510131,0.5518031635913431,0.22446743267666502,-0.1512548160568486,0.018519878121783073,0.07525485776345958,-0.16885576545477446,0.18001945641709283,-0.4638069289590706,0.3953205472710976,1.0742789262677686,0.806343859259519,-1.0806551624821088,-0.025391558494983195,0.08463098725556213,0.40355436094462194,-1.0704752598915837,0
KXNBAGAME-26MAR27UTADEN,2026-03-27,UTA,DEN,DEN,0,2025-26,0.9524,-1.3056728050402537,-0.09273569766896715,1.4495694140732849,-1.2176213124295205,-0.6884619942225455,-0.6763266322052872,-0.2613435663379524,-0.3235498745823065,0.5226877308643899,0.7905681856922652,1.03638464844799,-0.038998450280382596,-0.11527825568292054,0.8815263966194288,2.3157090194520396,0.5072866096672967,1.1072053760497846,1.8582653356062508,2.4666825351674158,0.20208319471942682,0.6814743422899276,2.47874932182349,-1.698060657513566,-1.7145456392037965,-1.6231771860983515,-0.1512548160568486,-1.5774435506637199,-1.808103015893253,0.6859689871562007,-1.6682510051608108,-1.8106071444827034,-2.19541765626493,-0.32972251536933506,-0.7076588167679939,-1.3612303995475727,1.8042539904209127,1.919717457025852,1.127659072890207,0.03999169085607133,0
KXNBAGAME-26MAR27WASGSW,2026-03-27,WAS,GSW,GSW,0,2025-26,0.8672,-1.7452399251649762,0.14092239634162132,2.184495913485809,-1.651151504896648,0.380685946531451,0.8910837674316812,-0.9213483199455763,-1.6517157320039024,-0.6767614778924579,1.67124458797149,-0.7881889884067382,-0.038998450280382596,-0.11527825568292054,-0.920042310549313,-0.19693989455445712,0.7485371181617232,-0.718109400092439,-0.29192712225484363,-1.0411416067394959,0.3675309659368262,-1.021545283561566,0.4209764288173901,1.832792910846004,1.429099474350753,-0.5145904148333416,-0.1512548160568486,-0.6198654933924181,0.2504509390338518,1.0440712483851242,-0.6667251392811587,0.4741998093820893,1.3500647604743914,-0.9214613428656012,-0.436494158375006,-0.7720224017100968,-0.1104913514678152,-1.5465569858735855,0.33772665985865924,0.03999169085607133,0
KXNBAGAME-26MAR28CHIMEM,2026-03-28,CHI,MEM,MEM,0,2025-26,0.3346,-0.8661056849155315,1.056083264549755,2.024729283178739,-0.9243508881135225,-0.12505208353475425,-0.14452667518559997,0.16331065497547798,1.1017988504555076,0.6826142920319691,0.43829762478057493,-1.1531037157776838,0.05402363424791592,-1.2164161539661753,-1.8208266641336839,-0.8786663440911031,1.7617892538383162,-1.9603375116336745,-1.5910017322125938,-0.6071470043154302,0.27963683747758333,-2.0497835482266202,-0.9912206546181693,-0.16802411122441813,0.6249111894879615,-0.9765015695270958,-1.2262444016037357,0.6569052496359843,1.447624161048194,0.20079818162024096,0.7445158535492606,1.0319335456930556,0.3132722164489388,-0.07979555717215542,2.2073612609566204,1.1639467340416112,0.44265730285559524,-1.2407092409118705,0.7326928663744335,0.03999169085607133,0
KXNBAGAME-26MAR28DETMIN,2026-03-28,DET,MIN,DET,0,2025-26,0.543,1.3317299157080804,1.5428709604051465,-0.9309533775020595,1.7533355947716758,1.9289541262955419,0.8001179853098932,0.48308039994041035,-0.0320012717336612,2.201916623123978,-0.3249552571947546,1.3283164303447454,0.3330898878328098,-0.11527825568292054,-0.01925795696494194,-0.391718880136356,-0.10388134518524995,-0.1730501266610805,0.15155007217900862,0.034878068692073015,0.057316394904203094,0.1030903184158361,-0.5473872855384214,1.1266221971740904,-0.17927709537483108,1.1482897420641736,0.9237347694900384,0.9760979353930851,1.447624161048194,-0.5962681417602629,1.3727457148737696,1.266435230278344,0.5395267044736767,0.3079587676778804,-0.09753833538377193,1.9214998741183673,-1.0465890741689705,1.0531488463009921,-0.5838611553448126,-1.0704752598915837,1
KXNBAGAME-26MAR28PHICHA,2026-03-28,PHI,CHA,PHI,0,2025-26,0.3145,0.4525956754586354,0.5108810451917172,0.5708529473843988,-0.12104494324796307,0.1633073195731709,-1.9848344211879325,-0.28692514593514995,0.4215187771420059,-0.35690835555729816,-0.5598022978025484,0.5984869756028544,1.9144653248138763,0.9858596426003342,0.8815263966194288,0.46530865642400016,-1.2779671531914585,1.3100181289544761,-0.09482614695091152,1.6489075818394225,0.79666112253196,0.6493418965191443,-0.22459938075315045,0.7146892808654743,-0.9103573543410046,-0.05267926013958736,-0.1512548160568486,-0.3006728076353175,0.03145583744585998,1.3328633945374793,-1.0309163632373959,0.17948823280868537,-2.5584193623265965,-0.77077008865848,-0.1653294999820181,-0.09864183275298126,-0.9189393847097225,1.0531488463009917,1.3909698772340564,1.1504586416037264,1
KXNBAGAME-26MAR28SACATL,2026-03-28,SAC,ATL,ATL,0,2025-26,0.8716,0.013028555333913172,-0.36533680734798746,0.7465962407221773,-0.8350946720173492,0.7400261257890163,0.8211100888764593,-0.8292546333956742,0.16236446349876593,0.5626693711562855,-0.9120728587142385,-1.6639843340970077,-0.31806470386527647,-0.11527825568292054,1.3319185734116146,1.1080793088442658,-0.6828825655718727,1.2593149407283033,0.26801883031314855,0.09226578471508963,-0.012481883578138609,0.2316201014989673,0.9455067740934554,-0.8741948248963327,0.6980192153845788,-0.3298259529558397,-1.2262444016037357,-0.939058179149519,-1.1073186908116863,1.0325195625390289,-1.5043649543805042,0.3347663753043481,0.5146635739215074,-0.5851625682326306,-0.05234422565160835,-0.26698697499225965,-0.025391558494982442,-1.6485062341941572,0.008588154428847751,1.1504586416037264,0
KXNBAGAME-26MAR28SASMIL,2026-03-28,SAS,MIL,SAS,0,2025-26,0.9398,1.7712970358328026,2.029658656260538,-0.5794667908265069,1.7915882588128929,1.0816211110091778,0.8980811352872026,0.9026183053344023,1.7820789237690071,2.0819717022482913,-1.4991904602337225,-1.9559161159937637,0.9842444795308961,0.9858596426003342,-1.3704344873414982,-1.8915170691169778,1.2310381351505761,-2.2011776557079954,-0.05003047074547692,0.8096122350028002,-2.83284935854976,-2.0176511024558366,-0.9105236784218519,1.1266221971740904,-0.5448172248579175,-1.8079416479758534,0.9237347694900384,2.2528686784214873,2.9367908518465247,-1.3009209783720146,2.8568249524954363,0.8037697444749368,0.07209985009289696,2.663887888330715,2.6593023582782642,2.089845016357646,-1.897587003897294,-0.985836120110441,1.9834191870077171,0.03999169085607133,1
KXNBAGAME-26MAR28UTAPHX,2026-03-28,UTA,PHX,PHX,0,2025-26,0.9295,-1.3056728050402537,0.4914095373575026,1.8010560007488396,-1.1156142083196083,0.26090588677892673,-0.5783634822279758,-0.5811133113028848,-0.6474927666363547,0.9624857740752347,0.6731446653883677,1.2553334848705566,0.05402363424791592,-1.2164161539661753,-0.46965013375712733,-0.2553735902290262,-0.6989659328048358,0.38468494382682117,-0.2964066898753871,1.0606834926034996,0.1814022233172512,-1.342869741269395,-0.6280842617347389,-1.9334508954042031,-0.17927709537483108,-0.42220818389459025,1.9987243550369254,-0.6198654933924183,0.5570440812570365,1.8064825142273455,-1.0764402662319255,0.3918073256088774,-1.1511661730738245,-0.5447332073477907,0.4899850911343659,1.1078316866285185,1.889353783393744,1.0021742221407066,0.33772665985865924,-3.291409161386894,0
KXNBAGAME-26MAR29BOSCHA,2026-03-29,BOS,CHA,BOS,0,2025-26,0.4542,0.8921627955833576,-0.8131814875349471,-1.5061132466075136,0.6695101136038575,-1.0921651585736452,-0.33345560728469936,2.4528620289243994,1.263770296482532,-1.0365962405195115,-0.8533610985622904,-1.6639843340970077,-1.899440140846343,-0.11527825568292054,0.8815263966194288,0.3484412650748592,-1.438800825521076,1.3607213171806491,-0.3277636632191988,1.4480505757588633,0.3597756016610143,0.8100041253730589,-0.4666903093421041,0.47929904297483616,-0.9834653802376224,-0.7917371076495939,-1.2262444016037357,0.018519878121783073,-0.8737239157844959,-0.05333890699383337,-0.502839088500852,-0.5525372960994553,-1.2456460691720666,1.5079757066687538,0.30920865220571,-0.4072745935249921,-0.9614892811961384,-0.4760898785075827,-0.7813442586027001,1.1504586416037264,1
KXNBAGAME-26MAR29GSWDEN,2026-03-29,GSW,DEN,DEN,0,2025-26,0.8389,-0.42653856479080904,0.06303636500475757,0.8105028928450041,-0.6055786877700465,0.06570875236741014,-0.6273450572166316,0.6595932991610569,-1.1010128155120218,0.36276116969681077,1.964803388731232,1.03638464844799,-0.41108678839357415,-0.11527825568292054,1.3319185734116146,2.4910101064757493,0.5072866096672967,1.2212875495586735,1.9254588499144127,2.4344019449044683,0.4321590015686247,0.4886796676652297,2.6804917623142845,-1.2861277412049488,-1.5683295874105616,-1.5307949551596005,-0.1512548160568486,-1.2582508649066195,-1.8227026893324536,0.22390155331242984,-1.3131645618034797,-1.319421183527029,-2.13823245599494,0.1682937028029884,-1.1144058043574743,-1.613748112906491,2.3574026447443215,1.8177682087052802,0.7985205674603956,0.03999169085607133,0
KXNBAGAME-26MAR29HOUNOP,2026-03-29,HOU,NOP,HOU,0,2025-26,0.6971,0.013028555333913172,-0.8715960110375935,-0.5155601387036779,-0.15929760728918022,0.2963962748537493,-1.089171335681097,-1.3843749106548002,1.263770296482532,0.0029264070697556147,1.2602622669078516,-0.20432542461322556,0.5191340568894061,-0.11527825568292054,-0.01925795696494194,0.0757506852602024,-0.3129651192137525,0.29595436443101863,0.47407894085817004,0.33257684556147055,-0.6199854185170297,-0.05757191043807847,-0.06320542836051567,-0.8741948248963327,0.5518031635913431,1.2406719730029248,-0.1512548160568486,0.018519878121783073,-0.7131275079533043,-0.14575239376258722,-0.32984825712163923,-0.1278991104990625,-1.0094463289264608,-0.5520840002359464,0.9193291335899303,0.04164578577975124,1.5489546115024153,-0.5270645026678683,-0.5180334542588506,0.03999169085607133,1
KXNBAGAME-26MAR29LACMIL,2026-03-29,LAC,MIL,LAC,0,2025-26,0.9227,0.4525956754586354,0.9197827097102477,-0.3398168453659017,0.8735243218236821,1.8003014695243134,1.0625192798919751,-0.09506329895618824,-1.5221385751822836,-0.31692671526540406,-1.381766939929826,1.8391970486640699,1.5423769867006838,-0.11527825568292054,-1.3704344873414982,-1.8136054748842172,1.1827880334516914,-2.112447076312193,-0.014193929781119292,0.8418928252657477,-1.8737693097738946,-1.9855186566850533,-0.9105236784218519,1.244317316119409,-0.6179252507545353,-1.6231771860983515,-1.2262444016037357,1.2952906211501853,2.046210772055367,-1.092990633142318,2.137547285181868,1.2917867637470248,0.16657974619114038,1.2653995413597297,0.33180570707179097,0.40639359396485597,-1.897587003897294,1.7158189603847083,2.246729991351566,1.1504586416037264,1
KXNBAGAME-26MAR29MIAIND,2026-03-29,MIA,IND,IND,0,2025-26,0.2522,-0.42653856479080904,1.095026280218187,1.4176160880118702,-0.414315367563961,-0.382357397077214,-1.1731397499473617,1.3554122642047495,-0.2587612961714959,0.7625775726157601,-1.1469198993220324,-0.05835953366484655,-0.9692192955633627,-0.11527825568292054,-1.8208266641336839,-0.08007250320531892,1.4722886436450027,-1.2124654852976247,0.9220357029125633,1.595106598067844,0.9310874366460973,-1.7284590905187909,1.7524765360566321,0.12621368613887937,-1.495221561513944,-0.6993548767108434,-0.1512548160568486,0.9760979353930851,0.878236896919422,-0.030235535301644495,0.5715250221700479,-0.9296413564460712,-1.94430003768802,0.3134718623439961,1.0323144079203417,-0.6878498305904571,-0.9189393847097225,1.0021742221407066,-0.18889494882903904,0.03999169085607133,0
KXNBAGAME-26MAR29NYKOKC,2026-03-29,NYK,OKC,OKC,0,2025-26,0.7552,0.8921627955833576,0.024093349336325693,-0.962906703563474,0.7842681057275088,0.8642424840508952,0.12487198725200341,1.8900672777861218,0.5187016447582194,0.6026510114481795,-0.0901082165869608,-0.49625720650998156,-1.5273518027331505,0.9858596426003342,1.7823107502038,0.5237423520985692,-1.2940505204244193,1.3607213171806491,0.429283264652733,-0.15163200838273347,0.9362576794966434,0.5529445592067964,-0.42634182124394465,-1.9922984548768634,0.040046982315021705,0.6863785873704192,-0.1512548160568486,-0.6198654933924184,-0.37733501885172044,0.23545323915852345,-0.42089606311069866,0.309414841835669,0.1889565636880929,0.6938753943058823,-0.029747170785525755,0.7150263547368668,1.3787550255567513,-0.37414063018701094,-1.5712766716342474,1.1504586416037264,0
KXNBAGAME-26MAR29ORLTOR,2026-03-29,ORL,TOR,TOR,0,2025-26,0.5335,-0.42653856479080904,0.802953662704952,1.0501528383056093,-0.3123082634540487,-0.08068909844122978,-0.02207273771396172,1.6547167454919283,-0.971435658690403,-0.4768532764329832,-1.0882081391700842,-0.7152060429325487,-1.9924622253746407,0.9858596426003342,-0.01925795696494194,0.0757506852602024,0.0891190616102917,-0.02094056198256188,1.2759215449355363,0.37561763257873454,-2.0547278095429236,-1.0858101751031326,1.2279461907805669,-0.4034143491150563,0.3324790859014916,0.5939963564316687,-0.1512548160568486,-0.3006728076353175,0.542444407817836,0.6975206730022944,-0.21148610933586215,-0.964499714965506,-0.2809566037479034,2.65102400077645,0.0832381035448856,-1.1928852573082944,-0.4934404198455608,-0.7309629993090119,-1.834587475978097,1.1504586416037264,0
KXNBAGAME-26MAR29SACBKN,2026-03-29,SAC,BKN,BKN,0,2025-26,0.5455,-0.42653856479080904,-0.6184664091927905,0.9542928601213682,-1.1666177603745644,0.8997328721257128,0.8071153531654146,-1.0006512166968795,-0.2587612961714959,0.3227795294049153,-0.2662434970428064,-1.5180184431486294,-0.7831751265067666,-1.2164161539661753,-2.271218840925869,-3.0407130840501795,0.13736916330917653,-2.087095482199106,-2.1330294142984147,-0.998100819722236,0.2822219589028578,-2.5317702347883637,-1.6367964641887098,1.4797075540100482,0.47869513769472594,-0.6069726457720921,-0.1512548160568486,1.2952906211501856,1.8126159970281768,0.5935555003874469,0.662572828159107,2.14740101831498,1.260557490486584,-0.9177859464215276,1.5972407795723984,1.3603493999874363,-1.259338556601052,-1.3936331133927276,-0.123067247743077,-1.0704752598915837,0
KXNBAGAME-26MAR29WASPOR,2026-03-29,WAS,POR,POR,0,2025-26,0.9299,-1.7452399251649762,0.296694459015346,2.0726592722708572,-1.4598881846905625,0.7134083347329007,1.2269574244967456,-0.9597206893413698,-1.7488985996201183,-0.5967981973086682,1.318974027059801,-0.5692401519841711,-0.038998450280382596,-0.11527825568292054,0.4311342198272434,-0.17746199599626836,-1.3583839893562673,0.955095811371266,-0.42631415087116237,0.11019944597228046,-0.05125870495721829,1.2919908119348027,0.34027945262107273,2.6566587434632383,-0.17927709537483108,2.0721120514516818,-0.1512548160568486,-1.57744355066372,0.3526486531082474,2.476480293300811,-1.7319844693531525,0.8069386861585145,0.7906443230505863,-0.6513197042260027,-2.1312732733311766,-0.6597923068839112,-0.9614892811961384,-0.2721913818664392,-1.5054489705482854,0.03999169085607133,0
KXNBAGAME-26MAR30BOSATL,2026-03-30,BOS,ATL,ATL,0,2025-26,0.5694,0.8921627955833576,-0.7158239483638688,-1.4901365835768052,0.7205136656588136,-0.7993694569563653,-0.2739779805127596,1.9872772802554566,0.9398274044284836,-1.1165595211033026,-1.1469198993220324,-1.372052552200251,-1.6203738872614486,-1.2164161539661753,1.3319185734116146,1.0886014102860744,-0.6667991983389118,1.233963346615217,0.22322315410770896,0.0958525169665258,0.26154098750068216,0.07095787264505272,1.1472492145842497,-0.6976521464783538,0.844235267177813,-0.7917371076495939,-0.1512548160568486,-0.30067280763531784,-1.355513139278073,-0.5962681417602629,-0.37537216011616903,-0.7331669720638007,-0.26603872541660073,1.2433471626952688,0.6029703654647789,-1.585690589199946,-0.32324083389989605,-1.546556985873585,-0.583861155344813,-1.0704752598915837,0
KXNBAGAME-26MAR30CHISAS,2026-03-30,CHI,SAS,SAS,0,2025-26,0.9475,-0.8661056849155315,1.3286843742287753,2.008752620148033,-0.7330875679074369,0.24316069274151794,-0.4069279697676819,0.3372653962364025,1.2313760072771265,0.642632651740075,0.9667034661481096,-0.7152060429325487,0.5191340568894061,-0.11527825568292054,1.7823107502038,1.7118941641481513,-0.9402164412992623,1.8550774023858345,0.9802700819796383,0.5190869226362771,0.7216926011990751,2.031037064662811,1.9945674646455858,-1.3449753006776082,-1.3490055097207094,0.5939963564316687,-0.1512548160568486,-1.896636236420821,-0.2897369782165233,2.1299297179179866,-1.8594513977378355,-0.5240168209471898,-0.653903562030441,-0.2690784740420786,-0.5720764875715,-0.9403675439493763,1.6766043009616634,0.4414533563775626,-0.057239546657114324,0.03999169085607133,0
KXNBAGAME-26MAR30CLEUTA,2026-03-30,CLE,UTA,CLE,0,2025-26,0.928,0.8921627955833576,1.4649849290682855,0.28327301283167294,0.7332645536725527,1.498633170888334,0.6671679960549709,-0.5146012043501831,0.06518159588255236,0.642632651740075,-1.5579022203856707,-1.44503549767444,-0.6901530419784689,0.9858596426003342,-1.8208266641336839,0.32896336651667035,2.1477900674293995,-1.4786572234850321,0.21426401886661706,-0.252060511423014,-1.2481699248580964,-0.9251479462492181,1.0262037502897727,0.47929904297483616,1.2097753966609002,0.039702970799163975,-0.1512548160568486,1.933675992664387,0.8490375500410229,-1.3355760359102986,1.5821556686486062,0.9146827034004142,0.643951852792788,0.5192940632122602,0.6933585849291076,-0.26698697499225965,-1.4720880390331321,-1.8524047308352998,-0.5180334542588512,1.1504586416037264,1
KXNBAGAME-26MAR30DETOKC,2026-03-30,DET,OKC,OKC,0,2025-26,0.8667,1.3317299157080804,0.9781972332128941,-1.1386499969012525,1.5493213865518511,1.747065887412077,0.3417903907731904,0.48308039994041035,0.3567301987311953,1.882063500788817,0.3208741044766775,1.2553334848705566,0.8912223950025976,-0.11527825568292054,1.7823107502038,0.660087642005899,-1.2458004187255345,1.4114245054068217,0.6263842399566676,-0.15163200838273347,0.5691704371080365,0.45654722189444635,-0.5473872855384214,-1.9334508954042031,0.2593710600048745,0.5939963564316687,-1.2262444016037357,-0.3006728076353175,0.23585126559465125,0.07372963731320298,0.08897165042803357,0.8006008027913434,0.34310797311154123,-0.05590548028566284,-0.07494128051768933,1.6970396844659943,1.6340544044752474,0.6963264771789909,0.20607125768673457,1.1504586416037264,0
KXNBAGAME-26MAR30MINDAL,2026-03-30,MIN,DAL,MIN,0,2025-26,0.7598,0.013028555333913172,-0.5211088700217122,-0.3078635193044872,-0.095543167220485,-0.040762411857052566,-0.0675556287748567,0.040519072908945665,0.16236446349876593,-0.5168349167248787,1.318974027059801,-0.2773083700874144,1.0772665640591939,-0.11527825568292054,-0.920042310549313,0.7769550333550372,1.826122722770162,-0.9335979500536737,0.5636702932690467,0.562127709653541,-0.44419716159854106,-0.18610169352121197,0.7437643336026611,0.3616039240295165,-0.17927709537483108,-0.5145904148333416,0.9237347694900384,0.6569052496359843,-0.9759216298588915,-1.5319546952939,0.5988393639667656,-0.4321175121232204,-0.4425669523370044,0.34655043034068217,0.24141748760746218,-0.8842524965362835,0.6979566817740929,-0.06829288522529572,1.1276590728902072,-1.0704752598915837,1
KXNBAGAME-26MAR30PHIMIA,2026-03-30,PHI,MIA,MIA,0,2025-26,0.4491,0.8921627955833576,0.8418966783733839,0.5548762843536927,0.10847104099933966,0.29195997634439463,-1.3480739463354163,-0.0515746136409564,0.3891244879366006,-0.39688999584919366,-1.0294963790181348,0.5984869756028544,2.007487409342174,-0.11527825568292054,-0.920042310549313,1.0691235117278854,1.8743728244690467,-0.7814883853751551,-0.35464106894246206,-1.2025445580542333,0.8354379439110368,-0.5074261512290411,0.7034158455045018,-1.4626704196229277,-0.39860117306468257,-1.0688838004658463,-1.2262444016037357,1.2952906211501853,-0.1729395907029292,-0.9428187171430911,0.6352584863623892,0.4551861592805795,-0.1292915073796717,-0.629267325561544,0.6255674203308614,-0.7720224017100968,0.31500761339634714,0.6963264771789909,2.1809022902656037,1.1504586416037264,0
KXNBAGAME-26MAR30PHXMEM,2026-03-30,PHX,MEM,PHX,0,2025-26,0.8564,-0.42653856479080904,0.16039390417583585,-0.5794667908265069,0.5675030094939452,-0.11617948651604985,0.7476377263934768,-0.4787869929141059,-0.6798870558417577,-0.4368716361410877,-1.6166139805376187,0.08760635728353114,-0.31806470386527647,-0.11527825568292054,-1.3704344873414982,-0.9565779383238638,1.5205387453438899,-1.8209037440116993,-1.716429625587823,-0.8904988521790771,0.28739220175340097,-2.2747106686221015,-0.7894782141273751,-0.521109468060376,1.50220750024737,-0.9765015695270958,-0.1512548160568486,0.6569052496359843,0.8344378766018243,-1.5088513236017127,1.7096225970332894,1.1270017962006045,1.143700776891388,-0.5465709055698307,1.122702627384672,0.23804845172557756,-0.7912896952504729,-0.985836120110441,0.469382062030584,0.03999169085607133,1
KXNBAGAME-26MAR30WASLAL,2026-03-30,WAS,LAL,LAL,0,2025-26,0.9198,-1.7452399251649762,-0.5016373621874977,1.6412893704417695,-1.638400616882909,0.05239985683935353,0.56220747822214,-0.6911141035708239,-1.6193214427984994,-0.9566329599357221,0.8492799458442133,-0.49625720650998156,-0.13202053480868028,-1.2164161539661753,1.7823107502038,1.166513004518835,-0.21646491581598276,0.9297442172581796,2.0508867432896394,0.04922499769782568,-1.3412342961678854,-0.7323532716245201,-0.3859933331457867,-1.109585062786971,0.7711272412811959,0.1320852017379145,0.9237347694900384,-2.535021607935022,-1.2533154252036793,1.3444150803835746,-1.8412418365400236,-1.417658375718161,0.3605121644980605,0.45865002188500575,-0.6172705973036652,-0.4072745935249921,1.4213049220431673,-0.8838868717898692,-0.18889494882903904,-2.180942210639239,0
KXNBAGAME-26MAR31CLELAL,2026-03-31,CLE,LAL,LAL,0,2025-26,0.5608,0.8921627955833576,1.6012854839077957,0.4749929692001576,0.6695101136038575,1.8091740665430178,0.05139962476902084,-0.783207790120726,0.32433590952579006,0.8425408531995496,-1.4404787000817743,-1.0801207703034943,-0.7831751265067666,-1.2164161539661753,1.7823107502038,1.166513004518835,-0.2968817519807916,0.9931232025408957,2.377895179589352,0.05998519445214017,-1.2119782249042912,-0.7002208258537368,-0.4666903093421041,-0.6388045870056945,0.7711272412811959,0.5939963564316687,-1.2262444016037357,-0.6198654933924184,0.32344930622984835,0.5589004428491644,-0.23880045113257997,-0.39409021192020444,-0.009948480729259109,0.3006079747897288,0.7159556397951886,0.9114290206826932,-0.5785402128183929,-1.2916838650721558,-0.9788273618605868,0.03999169085607133,0
KXNBAGAME-26MAR31DALMIL,2026-03-31,DAL,MIL,MIL,0,2025-26,0.4865,-0.8661056849155315,0.39405199818642433,1.7691026746874252,-1.1538668723608254,-0.031889814838348164,-0.07455299663037811,-0.5146012043501802,0.16236446349876593,0.44272445028060037,0.43829762478057493,-0.1313424791390367,-0.2250426193369788,-1.2164161539661753,-1.3704344873414982,-1.8330833734424088,1.1506212989857674,-2.0997712792556498,0.01716304356268493,0.9638417218146573,-1.4420540317534891,-2.3711080059344494,-1.0315691427163274,1.5385551134827065,-0.10616906947821261,-1.6231771860983515,-0.1512548160568486,0.3377125638788836,1.6666192626361858,0.4549352702343153,0.680782389356919,-0.039168743358679516,-0.7260066406317305,0.6571214298651203,1.778017218501056,1.0236591155088788,-0.7912896952504729,-0.017318261065010977,0.9960036707182821,-1.0704752598915837,0
KXNBAGAME-26MAR31NYKHOU,2026-03-31,NYK,HOU,HOU,0,2025-26,0.4936,0.8921627955833576,0.08250787283897211,-0.9469300405327679,0.8097698817549869,0.9174780661631241,0.8036166692376538,1.5319251634253932,0.32433590952579006,0.44272445028060037,-0.0901082165869608,-0.42327426103579274,-1.4343297182048529,-0.11527825568292054,-0.01925795696494194,-0.43067467725273634,-0.4255486898444853,0.055114220356697434,0.16946834266118246,-1.0985293227625126,-1.2171484677548343,1.4526530407887173,0.5016734050137075,0.655841721392814,-0.17927709537483108,0.8711430492479211,-0.1512548160568486,0.6569052496359842,0.38184799998664437,-0.37678611068447265,0.535105899774424,0.5312407596866185,1.3276879429774389,1.9674002621782796,-0.7980470362323228,-0.042526785339887456,-0.535990316331976,-0.17024213354586748,-1.6371043727202101,0.03999169085607133,0
KXNBAGAME-26MAR31PHXORL,2026-03-31,PHX,ORL,ORL,0,2025-26,0.6003,-0.42653856479080904,0.19933691984426774,-0.7232567581028687,0.7077627776450746,-0.267013635834042,0.42226012111169436,-1.292281224104898,-0.42073274219852,-0.19698179438971902,-1.675325740689568,0.37953813918028784,0.1470457187762136,-1.2164161539661753,-0.920042310549313,0.03679488814382207,1.375788440247233,-1.060355920619106,-0.6906086404832563,-0.35607574671473274,1.869486514019793,-1.1822075124154805,-0.8298267022255331,0.18506124561153864,-0.9103573543410046,-2.2698528026696074,-0.1512548160568486,0.33771256387888376,0.11905387808105711,-1.5088513236017111,1.2634883476868985,0.2935701334177439,0.5420130175288946,-2.255630252065259,0.535179200866531,0.4344511176714019,-1.344438349573884,0.9002249738201348,1.7201083826638677,-1.0704752598915837,0
KXNBAGAME-26MAR31PORLAC,2026-03-31,POR,LAC,POR,0,2025-26,0.3607,0.8921627955833576,0.21880842767848227,-1.6339265508531693,1.447314282441939,-0.04076241185705749,-0.10604115198022834,-0.3201811994115022,1.5553188993311748,0.36276116969681077,2.4344974699468196,0.014623411809342294,2.286553662927068,-0.11527825568292054,0.4311342198272434,0.4458307578658086,-0.5381322604752181,0.7142556672969448,1.6118891164763307,0.8454795575171858,-0.05642894780776148,-1.214339958186264,-0.6684327498328982,-1.0507375033143105,1.6484235520406043,1.5178186658191772,-0.1512548160568486,0.3377125638788836,-0.1729395907029292,-0.7926468011438659,0.5168963385766122,-1.1736498660821169,-0.6663351273065256,-0.18821975227240323,1.9361966025636326,0.7150263547368678,2.5276022306899866,-1.138759992591298,0.5352097631165461,0.03999169085607133,1
KXNBAGAME-26MAR31TORDET,2026-03-31,TOR,DET,DET,0,2025-26,0.6204,0.4525956754586354,0.8224251705391694,-0.3717701714273139,0.835271657782465,1.857973350145892,1.0135377049033194,-1.9292625560750465,-0.6150984774309495,2.002008421664502,-0.5010905376506002,1.109367593922179,0.5191340568894061,-0.11527825568292054,0.8815263966194288,0.6016539463313272,-1.0206332774640712,1.195935955445587,1.2624828420739036,0.2967095230470849,-0.6535919970455634,0.5208121134360131,1.6314310717621554,0.24390880508419793,1.3559914484541358,0.9635252801866724,-1.2262444016037357,-0.3006728076353175,0.16285289839865674,0.4664869560804105,-0.26611479292929774,0.42983462581189863,0.5096909478110756,-0.9196236446435654,-0.7980470362323228,0.26610597543212344,-0.5359903163319768,-0.17024213354586792,-0.3205503510009638,1.1504586416037264,0
