ticker,event_ticker,title,subtitle,open_time,close_time,settlement_ts,result,settlement_value_dollars,volume_fp,last_price_dollars,yes_bid_dollars,no_bid_dollars
KXNBAGAME-25APR15ATLORL-ORL,KXNBAGAME-25APR15ATLORL,Atlanta vs Orlando Winner?,,2025-04-14T18:00:00Z,2025-04-16T02:39:09.736516Z,2025-04-16T02:47:32.782451Z,yes,1.0000,199125.00,0.9900,0.9900,0.0000
KXNBAGAME-25APR15ATLORL-ATL,KXNBAGAME-25APR15ATLORL,Atlanta vs Orlando Winner?,,2025-04-14T18:00:00Z,2025-04-16T02:39:09.736516Z,2025-04-16T02:47:32.782451Z,no,0.0000,185969.00,0.0100,0.0000,0.9900
KXNBAGAME-25APR15MEMGSW-MEM,KXNBAGAME-25APR15MEMGSW,Memphis vs Golden State Winner?,,2025-04-14T18:00:00Z,2025-04-16T04:59:04.802883Z,2025-04-16T05:07:27.782601Z,no,0.0000,319985.00,0.0100,0.0000,0.9900
KXNBAGAME-25APR15MEMGSW-GSW,KXNBAGAME-25APR15MEMGSW,Memphis vs Golden State Winner?,,2025-04-14T18:00:00Z,2025-04-16T04:59:04.802883Z,2025-04-16T05:07:27.782601Z,yes,1.0000,345417.00,0.9900,0.9900,0.0000
KXNBAGAME-25APR16MIACHI-CHI,KXNBAGAME-25APR16MIACHI,Miami vs Chicago Winner?,,2025-04-14T19:15:00Z,2025-04-17T02:12:34.041146Z,2025-04-17T02:20:57.781509Z,no,0.0000,411138.00,0.0100,0.0000,0.9900
KXNBAGAME-25APR16MIACHI-MIA,KXNBAGAME-25APR16MIACHI,Miami vs Chicago Winner?,,2025-04-14T19:15:00Z,2025-04-17T02:12:34.041146Z,2025-04-17T02:20:57.781509Z,yes,1.0000,248189.00,0.9900,0.9900,0.0000
KXNBAGAME-25APR16DALSAC-SAC,KXNBAGAME-25APR16DALSAC,Dallas vs Sacramento Winner?,,2025-04-14T19:15:00Z,2025-04-17T04:46:19.745289Z,2025-04-17T04:54:42.782303Z,no,0.0000,303339.00,0.0100,0.0000,0.9900
KXNBAGAME-25APR16DALSAC-DAL,KXNBAGAME-25APR16DALSAC,Dallas vs Sacramento Winner?,,2025-04-14T19:15:00Z,2025-04-17T04:46:19.745289Z,2025-04-17T04:54:42.782303Z,yes,1.0000,336289.00,0.9900,0.9900,0.0000
KXNBAGAME-25APR18MIAATL-MIA,KXNBAGAME-25APR18MIAATL,Miami vs Atlanta Winner?,,2025-04-17T03:00:00Z,2025-04-19T01:45:05.883567Z,2025-04-19T01:53:28.773762Z,yes,1.0000,286918.00,0.9900,0.9900,0.0000
KXNBAGAME-25APR18MIAATL-ATL,KXNBAGAME-25APR18MIAATL,Miami vs Atlanta Winner?,,2025-04-17T03:00:00Z,2025-04-19T01:45:05.883567Z,2025-04-19T01:53:28.773762Z,no,0.0000,349040.00,0.0100,0.0000,0.9900
KXNBAGAME-25APR18DALMEM-MEM,KXNBAGAME-25APR18DALMEM,Dallas vs Memphis Winner?,,2025-04-17T05:00:00Z,2025-04-19T04:06:33.833681Z,2025-04-19T04:14:56.783878Z,yes,1.0000,258324.00,0.9900,0.9900,0.0000
KXNBAGAME-25APR18DALMEM-DAL,KXNBAGAME-25APR18DALMEM,Dallas vs Memphis Winner?,,2025-04-17T05:00:00Z,2025-04-19T04:06:33.833681Z,2025-04-19T04:14:56.783878Z,no,0.0000,395513.00,0.0100,0.0000,0.9900
KXNBAGAME-25APR19MILIND-MIL,KXNBAGAME-25APR19MILIND,Milwaukee vs Indiana: Game 1 Winner? Winner?,,2025-04-18T19:15:00Z,2025-04-19T20:03:10.824743Z,2025-04-19T20:11:30.77819Z,no,0.0000,208317.00,0.0100,0.0000,0.9900
KXNBAGAME-25APR19MILIND-IND,KXNBAGAME-25APR19MILIND,Milwaukee vs Indiana: Game 1 Winner? Winner?,,2025-04-18T19:15:00Z,2025-04-19T20:03:10.824743Z,2025-04-19T20:11:30.77819Z,yes,1.0000,140997.00,0.9900,0.9900,0.0000
KXNBAGAME-25APR19LACDEN-DEN,KXNBAGAME-25APR19LACDEN,Los Angeles C vs Denver: Game 1 Winner? Winner?,,2025-04-18T19:15:00Z,2025-04-19T22:46:12.555913Z,2025-04-19T22:54:32.78801Z,yes,1.0000,536859.00,0.9900,0.9900,0.0000
KXNBAGAME-25APR19LACDEN-LAC,KXNBAGAME-25APR19LACDEN,Los Angeles C vs Denver: Game 1 Winner? Winner?,,2025-04-18T19:15:00Z,2025-04-19T22:46:12.555913Z,2025-04-19T22:54:32.78801Z,no,0.0000,365459.00,0.0100,0.0000,0.9900
KXNBAGAME-25APR19DETNYK-NYK,KXNBAGAME-25APR19DETNYK,Detroit vs New York: Game 1 Winner? Winner?,,2025-04-18T19:15:00Z,2025-04-20T00:58:20.089323Z,2025-04-20T01:06:40.777617Z,yes,1.0000,949521.00,0.9900,0.9900,0.0000
KXNBAGAME-25APR19DETNYK-DET,KXNBAGAME-25APR19DETNYK,Detroit vs New York: Game 1 Winner? Winner?,,2025-04-18T19:15:00Z,2025-04-20T00:58:20.089323Z,2025-04-20T01:06:40.777617Z,no,0.0000,939346.00,0.0100,0.0000,0.9900
KXNBAGAME-25APR19MINLAL-LAL,KXNBAGAME-25APR19MINLAL,Minnesota vs Los Angeles L: Game 1 Winner? Winner?,,2025-04-18T19:15:00Z,2025-04-20T03:14:20.604658Z,2025-04-20T03:22:40.78772Z,no,0.0000,442106.00,0.0100,0.0000,0.9900
KXNBAGAME-25APR19MINLAL-MIN,KXNBAGAME-25APR19MINLAL,Minnesota vs Los Angeles L: Game 1 Winner? Winner?,,2025-04-18T19:15:00Z,2025-04-20T03:14:20.604658Z,2025-04-20T03:22:40.78772Z,yes,1.0000,253563.00,0.9900,0.9900,0.0000
KXNBAGAME-25APR20MEMOKC-OKC,KXNBAGAME-25APR20MEMOKC,Memphis vs Oklahoma City: Game 1 Winner?,,2025-04-19T04:30:00Z,2025-04-20T19:50:12.685733Z,2025-04-20T19:58:32.777972Z,yes,1.0000,42283.00,0.9900,0.9900,0.0000
KXNBAGAME-25APR20MEMOKC-MEM,KXNBAGAME-25APR20MEMOKC,Memphis vs Oklahoma City: Game 1 Winner?,,2025-04-19T04:30:00Z,2025-04-20T19:50:12.685733Z,2025-04-20T19:58:32.777972Z,no,0.0000,82500.00,0.0100,0.0000,0.9900
KXNBAGAME-25APR20ORLBOS-ORL,KXNBAGAME-25APR20ORLBOS,Orlando vs Boston: Game 1 Winner? Winner?,,2025-04-18T19:15:00Z,2025-04-20T22:03:35.680622Z,2025-04-20T22:11:55.77783Z,no,0.0000,261231.00,0.0100,0.0000,0.9900
KXNBAGAME-25APR20ORLBOS-BOS,KXNBAGAME-25APR20ORLBOS,Orlando vs Boston: Game 1 Winner? Winner?,,2025-04-18T19:15:00Z,2025-04-20T22:03:35.680622Z,2025-04-20T22:11:55.77783Z,yes,1.0000,317645.00,0.9900,0.9900,0.0000
KXNBAGAME-25APR20MIACLE-MIA,KXNBAGAME-25APR20MIACLE,Miami vs Cleveland: Game 1 Winner? Winner?,,2025-04-19T03:00:00Z,2025-04-21T01:28:21.122108Z,2025-04-21T01:36:41.777911Z,no,0.0000,146073.00,0.0100,0.0000,0.9900
KXNBAGAME-25APR20MIACLE-CLE,KXNBAGAME-25APR20MIACLE,Miami vs Cleveland: Game 1 Winner? Winner?,,2025-04-19T03:00:00Z,2025-04-21T01:28:21.122108Z,2025-04-21T01:36:41.777911Z,yes,1.0000,138796.00,0.9900,0.9900,0.0000
KXNBAGAME-25APR20GSWHOU-HOU,KXNBAGAME-25APR20GSWHOU,Golden State vs Houston: Game 1 Winner? Winner?,,2025-04-18T19:15:00Z,2025-04-21T04:04:11.971903Z,2025-04-21T04:12:32.788363Z,no,0.0000,407815.00,0.0100,0.0000,0.9900
KXNBAGAME-25APR20GSWHOU-GSW,KXNBAGAME-25APR20GSWHOU,Golden State vs Houston: Game 1 Winner? Winner?,,2025-04-18T19:15:00Z,2025-04-21T04:04:11.971903Z,2025-04-21T04:12:32.788363Z,yes,1.0000,405550.00,0.9900,0.9900,0.0000
KXNBAGAME-25APR21DETNYK-NYK,KXNBAGAME-25APR21DETNYK,Detroit vs New York Winner?,,2025-04-21T15:05:00Z,2025-04-22T02:20:17.396868Z,2025-04-22T02:28:37.785931Z,no,0.0000,660870.00,0.0100,0.0000,0.9900
KXNBAGAME-25APR21DETNYK-DET,KXNBAGAME-25APR21DETNYK,Detroit vs New York Winner?,,2025-04-21T15:05:00Z,2025-04-22T02:20:17.396868Z,2025-04-22T02:28:37.785931Z,yes,1.0000,486903.00,0.9900,0.9900,0.0000
KXNBAGAME-25APR21LACDEN-LAC,KXNBAGAME-25APR21LACDEN,Los Angeles C vs Denver Winner?,,2025-04-21T15:05:00Z,2025-04-22T04:46:21.822233Z,2025-04-22T04:54:41.785849Z,yes,1.0000,374164.00,0.9900,0.9900,0.0000
KXNBAGAME-25APR21LACDEN-DEN,KXNBAGAME-25APR21LACDEN,Los Angeles C vs Denver Winner?,,2025-04-21T15:05:00Z,2025-04-22T04:46:21.822233Z,2025-04-22T04:54:41.785849Z,no,0.0000,507478.00,0.0100,0.0000,0.9900
KXNBAGAME-25APR22MILIND-MIL,KXNBAGAME-25APR22MILIND,Milwaukee vs Indiana Winner?,,2025-04-19T19:56:00Z,2025-04-23T01:46:24.890069Z,2025-04-23T01:54:44.794056Z,no,0.0000,261979.00,0.0100,0.0000,0.9900
KXNBAGAME-25APR22MILIND-IND,KXNBAGAME-25APR22MILIND,Milwaukee vs Indiana Winner?,,2025-04-19T19:56:00Z,2025-04-23T01:46:24.890069Z,2025-04-23T01:54:44.794056Z,yes,1.0000,179388.00,0.9900,0.9900,0.0000
KXNBAGAME-25APR22MEMOKC-OKC,KXNBAGAME-25APR22MEMOKC,Memphis vs Oklahoma City Winner?,,2025-04-21T16:05:00Z,2025-04-23T02:04:19.951276Z,2025-04-23T02:12:40.78398Z,yes,1.0000,112012.00,0.9900,0.9900,0.0000
KXNBAGAME-25APR22MEMOKC-MEM,KXNBAGAME-25APR22MEMOKC,Memphis vs Oklahoma City Winner?,,2025-04-21T16:05:00Z,2025-04-23T02:04:19.951276Z,2025-04-23T02:12:40.78398Z,no,0.0000,107993.00,0.0100,0.0000,0.9900
KXNBAGAME-25APR22MINLAL-MIN,KXNBAGAME-25APR22MINLAL,Minnesota vs Los Angeles L Winner?,,2025-04-21T16:05:00Z,2025-04-23T04:46:18.481059Z,2025-04-23T04:54:38.783582Z,no,0.0000,482395.00,0.0100,0.0000,0.9900
KXNBAGAME-25APR22MINLAL-LAL,KXNBAGAME-25APR22MINLAL,Minnesota vs Los Angeles L Winner?,,2025-04-21T16:05:00Z,2025-04-23T04:46:18.481059Z,2025-04-23T04:54:38.783582Z,yes,1.0000,298601.00,0.9900,0.9900,0.0000
KXNBAGAME-25APR23ORLBOS-ORL,KXNBAGAME-25APR23ORLBOS,Orlando vs Boston Winner?,,2025-04-21T16:05:00Z,2025-04-24T01:42:15.863478Z,2025-04-24T01:50:35.376208Z,no,0.0000,245661.00,0.0100,0.0000,0.9900
KXNBAGAME-25APR23ORLBOS-BOS,KXNBAGAME-25APR23ORLBOS,Orlando vs Boston Winner?,,2025-04-21T16:05:00Z,2025-04-24T01:42:15.863478Z,2025-04-24T01:50:35.376208Z,yes,1.0000,241979.00,0.9900,0.9900,0.0000
KXNBAGAME-25APR23MIACLE-MIA,KXNBAGAME-25APR23MIACLE,Miami vs Cleveland Winner?,,2025-04-21T16:05:00Z,2025-04-24T02:08:19.984106Z,2025-04-24T02:16:40.375708Z,no,0.0000,160681.00,0.0100,0.0000,0.9900
KXNBAGAME-25APR23MIACLE-CLE,KXNBAGAME-25APR23MIACLE,Miami vs Cleveland Winner?,,2025-04-21T16:05:00Z,2025-04-24T02:08:19.984106Z,2025-04-24T02:16:40.375708Z,yes,1.0000,120712.00,0.9900,0.9900,0.0000
KXNBAGAME-25APR23GSWHOU-HOU,KXNBAGAME-25APR23GSWHOU,Golden State vs Houston Winner?,,2025-04-21T16:05:00Z,2025-04-24T04:36:11.516922Z,2025-04-24T04:44:31.385456Z,yes,1.0000,417611.00,0.9900,0.9900,0.0000
KXNBAGAME-25APR23GSWHOU-GSW,KXNBAGAME-25APR23GSWHOU,Golden State vs Houston Winner?,,2025-04-21T16:05:00Z,2025-04-24T04:36:11.516922Z,2025-04-24T04:44:31.385456Z,no,0.0000,412083.00,0.0100,0.0000,0.9900
KXNBAGAME-25APR24NYKDET-DET,KXNBAGAME-25APR24NYKDET,New York vs Detroit Winner?,,2025-04-22T02:20:00Z,2025-04-25T02:12:26.169418Z,2025-04-25T02:20:46.376723Z,no,0.0000,461332.00,0.0100,0.0000,0.9900
KXNBAGAME-25APR24NYKDET-NYK,KXNBAGAME-25APR24NYKDET,New York vs Detroit Winner?,,2025-04-22T02:20:00Z,2025-04-25T02:12:26.169418Z,2025-04-25T02:20:46.376723Z,yes,1.0000,416291.00,0.9900,0.9900,0.0000
KXNBAGAME-25APR24OKCMEM-OKC,KXNBAGAME-25APR24OKCMEM,Oklahoma City vs Memphis Winner?,,2025-04-23T02:00:00Z,2025-04-25T04:32:17.082439Z,2025-04-25T04:40:37.377318Z,yes,1.0000,460376.00,0.9900,0.9900,0.0000
KXNBAGAME-25APR24OKCMEM-MEM,KXNBAGAME-25APR24OKCMEM,Oklahoma City vs Memphis Winner?,,2025-04-23T02:00:00Z,2025-04-25T04:32:17.082439Z,2025-04-25T04:40:37.377318Z,no,0.0000,417632.00,0.0100,0.0000,0.9900
KXNBAGAME-25APR24DENLAC-LAC,KXNBAGAME-25APR24DENLAC,Denver vs Los Angeles C Winner?,,2025-04-22T04:40:00Z,2025-04-25T04:44:20.790609Z,2025-04-25T04:52:40.377499Z,yes,1.0000,171542.00,0.9900,0.9900,0.0000
KXNBAGAME-25APR24DENLAC-DEN,KXNBAGAME-25APR24DENLAC,Denver vs Los Angeles C Winner?,,2025-04-22T04:40:00Z,2025-04-25T04:44:20.790609Z,2025-04-25T04:52:40.377499Z,no,0.0000,233569.00,0.0100,0.0000,0.9900
KXNBAGAME-25APR25BOSORL-ORL,KXNBAGAME-25APR25BOSORL,Boston vs Orlando Winner?,,2025-04-24T01:45:00Z,2025-04-26T02:16:24.646602Z,2025-04-26T02:24:44.376969Z,yes,1.0000,390694.00,0.9900,0.9900,0.0000
KXNBAGAME-25APR25BOSORL-BOS,KXNBAGAME-25APR25BOSORL,Boston vs Orlando Winner?,,2025-04-24T01:45:00Z,2025-04-26T02:16:24.646602Z,2025-04-26T02:24:44.376969Z,no,0.0000,364543.00,0.0100,0.0000,0.9900
KXNBAGAME-25APR25INDMIL-MIL,KXNBAGAME-25APR25INDMIL,Indiana vs Milwaukee Winner?,,2025-04-23T01:50:00Z,2025-04-26T02:48:13.182061Z,2025-04-26T02:56:33.376987Z,yes,1.0000,188448.00,0.9900,0.9900,0.0000
KXNBAGAME-25APR25INDMIL-IND,KXNBAGAME-25APR25INDMIL,Indiana vs Milwaukee Winner?,,2025-04-23T01:50:00Z,2025-04-26T02:48:13.182061Z,2025-04-26T02:56:33.376987Z,no,0.0000,195905.00,0.0100,0.0000,0.9900
KXNBAGAME-25APR25LALMIN-MIN,KXNBAGAME-25APR25LALMIN,Los Angeles L vs Minnesota Winner?,,2025-04-23T04:45:00Z,2025-04-26T04:38:25.26241Z,2025-04-26T04:46:45.386811Z,yes,1.0000,273077.00,0.9900,0.9900,0.0000
KXNBAGAME-25APR25LALMIN-LAL,KXNBAGAME-25APR25LALMIN,Los Angeles L vs Minnesota Winner?,,2025-04-23T04:45:00Z,2025-04-26T04:38:25.26241Z,2025-04-26T04:46:45.386811Z,no,0.0000,596198.00,0.0100,0.0000,0.9900
KXNBAGAME-25APR26CLEMIA-MIA,KXNBAGAME-25APR26CLEMIA,Cleveland vs Miami Winner?,,2025-04-24T02:15:00Z,2025-04-26T19:34:26.421075Z,2025-04-26T19:42:46.376284Z,no,0.0000,136317.00,0.0100,0.0000,0.9900
KXNBAGAME-25APR26CLEMIA-CLE,KXNBAGAME-25APR26CLEMIA,Cleveland vs Miami Winner?,,2025-04-24T02:15:00Z,2025-04-26T19:34:26.421075Z,2025-04-26T19:42:46.376284Z,yes,1.0000,116557.00,0.9900,0.9900,0.0000
KXNBAGAME-25APR26OKCMEM-OKC,KXNBAGAME-25APR26OKCMEM,Oklahoma City vs Memphis Winner?,,2025-04-25T04:30:00Z,2025-04-26T22:26:23.253035Z,2025-04-26T22:34:43.376754Z,yes,1.0000,245413.00,0.9900,0.9900,0.0000
KXNBAGAME-25APR26OKCMEM-MEM,KXNBAGAME-25APR26OKCMEM,Oklahoma City vs Memphis Winner?,,2025-04-25T04:30:00Z,2025-04-26T22:26:23.253035Z,2025-04-26T22:34:43.376754Z,no,0.0000,323695.00,0.0100,0.0000,0.9900
KXNBAGAME-25APR26DENLAC-LAC,KXNBAGAME-25APR26DENLAC,Denver vs Los Angeles C Winner?,,2025-04-25T04:45:00Z,2025-04-27T00:54:18.216827Z,2025-04-27T01:02:38.37692Z,no,0.0000,305298.00,0.0100,0.0000,0.9900
KXNBAGAME-25APR26DENLAC-DEN,KXNBAGAME-25APR26DENLAC,Denver vs Los Angeles C Winner?,,2025-04-25T04:45:00Z,2025-04-27T00:54:18.216827Z,2025-04-27T01:02:38.37692Z,yes,1.0000,433468.00,0.9900,0.9900,0.0000
KXNBAGAME-25APR26HOUGSW-HOU,KXNBAGAME-25APR26HOUGSW,Houston vs Golden State Winner?,,2025-04-24T04:35:00Z,2025-04-27T03:34:12.486394Z,2025-04-27T03:42:32.38719Z,no,0.0000,372715.00,0.0100,0.0000,0.9900
KXNBAGAME-25APR26HOUGSW-GSW,KXNBAGAME-25APR26HOUGSW,Houston vs Golden State Winner?,,2025-04-24T04:35:00Z,2025-04-27T03:34:12.486394Z,2025-04-27T03:42:32.38719Z,yes,1.0000,370087.00,0.9900,0.9900,0.0000
KXNBAGAME-25APR27NYKDET-NYK,KXNBAGAME-25APR27NYKDET,New York vs Detroit Winner?,,2025-04-25T02:10:00Z,2025-04-27T19:52:22.114362Z,2025-04-27T20:00:43.06405Z,yes,1.0000,262090.00,0.9900,0.0000,0.0000
KXNBAGAME-25APR27NYKDET-DET,KXNBAGAME-25APR27NYKDET,New York vs Detroit Winner?,,2025-04-25T02:10:00Z,2025-04-27T19:52:22.114362Z,2025-04-27T20:00:43.06405Z,no,0.0000,209697.00,0.0100,0.0000,0.0000
KXNBAGAME-25APR27LALMIN-MIN,KXNBAGAME-25APR27LALMIN,Los Angeles L vs Minnesota Winner?,,2025-04-26T04:40:00Z,2025-04-27T22:40:26.090578Z,2025-04-27T22:48:47.043984Z,yes,1.0000,239379.00,0.9900,0.0000,0.0000
KXNBAGAME-25APR27LALMIN-LAL,KXNBAGAME-25APR27LALMIN,Los Angeles L vs Minnesota Winner?,,2025-04-26T04:40:00Z,2025-04-27T22:40:26.090578Z,2025-04-27T22:48:47.043984Z,no,0.0000,387653.00,0.0100,0.0000,0.0000
KXNBAGAME-25APR27BOSORL-ORL,KXNBAGAME-25APR27BOSORL,Boston vs Orlando Winner?,,2025-04-26T02:10:00Z,2025-04-28T01:54:31.144046Z,2025-04-28T02:02:51.933317Z,no,0.0000,341321.00,0.0100,0.0000,0.0000
KXNBAGAME-25APR27BOSORL-BOS,KXNBAGAME-25APR27BOSORL,Boston vs Orlando Winner?,,2025-04-26T02:10:00Z,2025-04-28T01:54:31.144046Z,2025-04-28T02:02:51.933317Z,yes,1.0000,292860.00,0.9900,0.0000,0.0000
KXNBAGAME-25APR27INDMIL-MIL,KXNBAGAME-25APR27INDMIL,Indiana vs Milwaukee Winner?,,2025-04-26T02:35:00Z,2025-04-28T04:16:24.429274Z,2025-04-28T04:24:44.933538Z,no,0.0000,392274.00,0.0100,0.0000,0.0000
KXNBAGAME-25APR27INDMIL-IND,KXNBAGAME-25APR27INDMIL,Indiana vs Milwaukee Winner?,,2025-04-26T02:35:00Z,2025-04-28T04:16:24.429274Z,2025-04-28T04:24:44.933538Z,yes,1.0000,272337.00,0.9900,0.0000,0.0000
KXNBAGAME-25APR28CLEMIA-MIA,KXNBAGAME-25APR28CLEMIA,Cleveland vs Miami Winner?,,2025-04-27T01:05:00Z,2025-04-29T02:03:41.753103Z,2025-04-29T02:12:01.942303Z,no,0.0000,200323.00,0.0100,0.0000,0.0000
KXNBAGAME-25APR28CLEMIA-CLE,KXNBAGAME-25APR28CLEMIA,Cleveland vs Miami Winner?,,2025-04-27T01:05:00Z,2025-04-29T02:03:41.753103Z,2025-04-29T02:12:01.942303Z,yes,1.0000,177411.00,0.9900,0.0000,0.0000
KXNBAGAME-25APR28HOUGSW-GSW,KXNBAGAME-25APR28HOUGSW,Houston vs Golden State Winner?,,2025-04-27T03:25:00Z,2025-04-29T05:10:27.68183Z,2025-04-29T05:18:47.942545Z,yes,1.0000,670653.00,0.9900,0.0000,0.0000
KXNBAGAME-25APR28HOUGSW-HOU,KXNBAGAME-25APR28HOUGSW,Houston vs Golden State Winner?,,2025-04-27T03:25:00Z,2025-04-29T05:10:27.68183Z,2025-04-29T05:18:47.942545Z,no,0.0000,648984.00,0.0100,0.0000,0.0000
KXNBAGAME-25APR29MILIND-MIL,KXNBAGAME-25APR29MILIND,Milwaukee vs Indiana Winner?,,2025-04-28T04:10:00Z,2025-04-30T01:04:17.323591Z,2025-04-30T01:12:37.751654Z,no,0.0000,550431.00,0.0100,0.0000,0.0000
KXNBAGAME-25APR29MILIND-IND,KXNBAGAME-25APR29MILIND,Milwaukee vs Indiana Winner?,,2025-04-28T04:10:00Z,2025-04-30T01:04:17.323591Z,2025-04-30T01:12:37.751654Z,yes,1.0000,591922.00,0.9900,0.0000,0.0000
KXNBAGAME-25APR29DETNYK-NYK,KXNBAGAME-25APR29DETNYK,Detroit vs New York Winner?,,2025-04-27T19:50:00Z,2025-04-30T02:32:22.447974Z,2025-04-30T02:40:42.5518Z,no,0.0000,362037.00,0.0100,0.0000,0.0000
KXNBAGAME-25APR29DETNYK-DET,KXNBAGAME-25APR29DETNYK,Detroit vs New York Winner?,,2025-04-27T19:50:00Z,2025-04-30T02:32:22.447974Z,2025-04-30T02:40:42.5518Z,yes,1.0000,343813.00,0.9900,0.0000,0.0000
KXNBAGAME-25APR29ORLBOS-BOS,KXNBAGAME-25APR29ORLBOS,Orlando vs Boston Winner?,,2025-04-28T01:50:00Z,2025-04-30T03:20:26.640059Z,2025-04-30T03:28:46.751845Z,yes,1.0000,271609.00,0.9900,0.0000,0.0000
KXNBAGAME-25APR29ORLBOS-ORL,KXNBAGAME-25APR29ORLBOS,Orlando vs Boston Winner?,,2025-04-28T01:50:00Z,2025-04-30T03:20:26.640059Z,2025-04-30T03:28:46.751845Z,no,0.0000,294674.00,0.0100,0.0000,0.0000
KXNBAGAME-25APR29LACDEN-DEN,KXNBAGAME-25APR29LACDEN,Los Angeles C vs Denver Winner?,,2025-04-27T00:55:00Z,2025-04-30T05:05:04.995017Z,2025-04-30T05:13:25.751699Z,yes,1.0000,438484.00,0.9900,0.0000,0.0000
KXNBAGAME-25APR29LACDEN-LAC,KXNBAGAME-25APR29LACDEN,Los Angeles C vs Denver Winner?,,2025-04-27T00:55:00Z,2025-04-30T05:05:04.995017Z,2025-04-30T05:13:25.751699Z,no,0.0000,446512.00,0.0100,0.0000,0.0000
KXNBAGAME-25APR30GSWHOU-HOU,KXNBAGAME-25APR30GSWHOU,Golden State vs Houston Winner?,,2025-04-29T05:05:00Z,2025-05-01T02:20:22.090991Z,2025-05-01T02:28:42.364419Z,yes,1.0000,177659.00,0.9900,0.0000,0.0000
KXNBAGAME-25APR30GSWHOU-GSW,KXNBAGAME-25APR30GSWHOU,Golden State vs Houston Winner?,,2025-04-29T05:05:00Z,2025-05-01T02:20:22.090991Z,2025-05-01T02:28:42.364419Z,no,0.0000,688096.00,0.0100,0.0000,0.0000
KXNBAGAME-25APR30MINLAL-MIN,KXNBAGAME-25APR30MINLAL,Minnesota vs Los Angeles L Winner?,,2025-04-27T22:40:00Z,2025-05-01T05:04:46.118579Z,2025-05-01T05:13:06.364303Z,yes,1.0000,620098.00,0.9900,0.0000,0.0000
KXNBAGAME-25APR30MINLAL-LAL,KXNBAGAME-25APR30MINLAL,Minnesota vs Los Angeles L Winner?,,2025-04-27T22:40:00Z,2025-05-01T05:04:46.118579Z,2025-05-01T05:13:06.364303Z,no,0.0000,421613.00,0.0100,0.0000,0.0000
KXNBAGAME-25MAY01NYKDET-DET,KXNBAGAME-25MAY01NYKDET,New York vs Detroit Winner?,,2025-04-30T02:30:00Z,2025-05-02T02:36:26.049952Z,2025-05-02T02:44:46.557479Z,no,0.0000,471909.00,0.0100,0.0000,0.0000
KXNBAGAME-25MAY01NYKDET-NYK,KXNBAGAME-25MAY01NYKDET,New York vs Detroit Winner?,,2025-04-30T02:30:00Z,2025-05-02T02:36:26.049952Z,2025-05-02T02:44:46.557479Z,yes,1.0000,540030.00,0.9900,0.0000,0.0000
KXNBAGAME-25MAY01DENLAC-LAC,KXNBAGAME-25MAY01DENLAC,Denver vs Los Angeles C Winner?,,2025-04-30T04:55:00Z,2025-05-02T04:44:16.641705Z,2025-05-02T04:52:36.5681Z,yes,1.0000,279233.00,0.9900,0.0000,0.0000
KXNBAGAME-25MAY01DENLAC-DEN,KXNBAGAME-25MAY01DENLAC,Denver vs Los Angeles C Winner?,,2025-04-30T04:55:00Z,2025-05-02T04:44:16.641705Z,2025-05-02T04:52:36.5681Z,no,0.0000,702641.00,0.0100,0.0000,0.0000
KXNBAGAME-25MAY02HOUGSW-HOU,KXNBAGAME-25MAY02HOUGSW,Houston vs Golden State Winner?,,2025-05-01T05:05:00Z,2025-05-03T04:04:16.156471Z,2025-05-03T04:12:36.764639Z,yes,1.0000,516548.00,0.9900,0.0000,0.0000
KXNBAGAME-25MAY02HOUGSW-GSW,KXNBAGAME-25MAY02HOUGSW,Houston vs Golden State Winner?,,2025-05-01T05:05:00Z,2025-05-03T04:04:16.156471Z,2025-05-03T04:12:36.764639Z,no,0.0000,751742.00,0.0100,0.0000,0.0000
KXNBAGAME-25MAY04INDCLE-IND,KXNBAGAME-25MAY04INDCLE,Indiana vs Cleveland Winner?,,2025-05-02T04:35:00Z,2025-05-05T00:34:17.053609Z,2025-05-05T00:42:37.15477Z,yes,1.0000,478107.00,0.9900,0.0000,0.0000
KXNBAGAME-25MAY04INDCLE-CLE,KXNBAGAME-25MAY04INDCLE,Indiana vs Cleveland Winner?,,2025-05-02T04:35:00Z,2025-05-05T00:34:17.053609Z,2025-05-05T00:42:37.15477Z,no,0.0000,421305.00,0.0100,0.0000,0.0000
KXNBAGAME-25MAY05NYKBOS-NYK,KXNBAGAME-25MAY05NYKBOS,New York vs Boston Winner?,,2025-05-02T04:35:00Z,2025-05-06T01:56:18.349374Z,2025-05-06T02:04:39.159095Z,yes,1.0000,1045058.00,0.9900,0.0000,0.0000
KXNBAGAME-25MAY05NYKBOS-BOS,KXNBAGAME-25MAY05NYKBOS,New York vs Boston Winner?,,2025-05-02T04:35:00Z,2025-05-06T01:56:18.349374Z,2025-05-06T02:04:39.159095Z,no,0.0000,593648.00,0.0100,0.0000,0.0000
KXNBAGAME-25MAY05DENOKC-OKC,KXNBAGAME-25MAY05DENOKC,Denver vs Oklahoma City Winner?,,2025-05-04T02:15:00Z,2025-05-06T04:34:21.756367Z,2025-05-06T04:42:42.169181Z,no,0.0000,277430.00,0.0100,0.0000,0.0000
KXNBAGAME-25MAY05DENOKC-DEN,KXNBAGAME-25MAY05DENOKC,Denver vs Oklahoma City Winner?,,2025-05-04T02:15:00Z,2025-05-06T04:34:21.756367Z,2025-05-06T04:42:42.169181Z,yes,1.0000,1177455.00,0.9900,0.0000,0.0000
KXNBAGAME-25MAY06INDCLE-IND,KXNBAGAME-25MAY06INDCLE,Indiana vs Cleveland Winner?,,2025-05-05T00:35:00Z,2025-05-07T01:52:28.538863Z,2025-05-07T02:00:48.756508Z,yes,1.0000,1008978.00,0.9900,0.0000,0.0000
KXNBAGAME-25MAY06INDCLE-CLE,KXNBAGAME-25MAY06INDCLE,Indiana vs Cleveland Winner?,,2025-05-05T00:35:00Z,2025-05-07T01:52:28.538863Z,2025-05-07T02:00:48.756508Z,no,0.0000,495294.00,0.0100,0.0000,0.0000
KXNBAGAME-25MAY06GSWMIN-MIN,KXNBAGAME-25MAY06GSWMIN,Golden State vs Minnesota Winner?,,2025-05-05T03:25:00Z,2025-05-07T04:28:30.571405Z,2025-05-07T04:36:50.566435Z,no,0.0000,788752.00,0.0100,0.0000,0.0000
KXNBAGAME-25MAY06GSWMIN-GSW,KXNBAGAME-25MAY06GSWMIN,Golden State vs Minnesota Winner?,,2025-05-05T03:25:00Z,2025-05-07T04:28:30.571405Z,2025-05-07T04:36:50.566435Z,yes,1.0000,1030745.00,0.9900,0.0000,0.0000
KXNBAGAME-25MAY07NYKBOS-NYK,KXNBAGAME-25MAY07NYKBOS,New York vs Boston Winner?,,2025-05-06T02:00:00Z,2025-05-08T01:32:14.749127Z,2025-05-08T01:40:34.766187Z,yes,1.0000,1638004.00,0.9900,0.0000,0.0000
KXNBAGAME-25MAY07NYKBOS-BOS,KXNBAGAME-25MAY07NYKBOS,New York vs Boston Winner?,,2025-05-06T02:00:00Z,2025-05-08T01:32:14.749127Z,2025-05-08T01:40:34.766187Z,no,0.0000,631374.00,0.0100,0.0000,0.0000
KXNBAGAME-25MAY07DENOKC-OKC,KXNBAGAME-25MAY07DENOKC,Denver vs Oklahoma City Winner?,,2025-05-06T04:35:00Z,2025-05-08T04:20:26.840354Z,2025-05-08T04:28:46.766934Z,yes,1.0000,255616.00,0.9900,0.0000,0.0000
KXNBAGAME-25MAY07DENOKC-DEN,KXNBAGAME-25MAY07DENOKC,Denver vs Oklahoma City Winner?,,2025-05-06T04:35:00Z,2025-05-08T04:20:26.840354Z,2025-05-08T04:28:46.766934Z,no,0.0000,1748788.00,0.0100,0.0000,0.0000
KXNBAGAME-25MAY08GSWMIN-MIN,KXNBAGAME-25MAY08GSWMIN,Golden State vs Minnesota Winner?,,2025-05-07T04:20:00Z,2025-05-09T03:10:18.049145Z,2025-05-09T03:18:38.289187Z,yes,1.0000,325268.00,0.9900,0.0000,0.0000
KXNBAGAME-25MAY08GSWMIN-GSW,KXNBAGAME-25MAY08GSWMIN,Golden State vs Minnesota Winner?,,2025-05-07T04:20:00Z,2025-05-09T03:10:18.049145Z,2025-05-09T03:18:38.289187Z,no,0.0000,1436877.00,0.0100,0.0000,0.0000
KXNBAGAME-25MAY09CLEIND-IND,KXNBAGAME-25MAY09CLEIND,Cleveland vs Indiana Winner?,,2025-05-07T01:55:00Z,2025-05-10T02:34:23.405224Z,2025-05-10T02:42:43.298442Z,no,0.0000,1049952.00,0.0100,0.0000,0.0000
KXNBAGAME-25MAY09CLEIND-CLE,KXNBAGAME-25MAY09CLEIND,Cleveland vs Indiana Winner?,,2025-05-07T01:55:00Z,2025-05-10T02:34:23.405224Z,2025-05-10T02:42:43.298442Z,yes,1.0000,490473.00,0.9900,0.0000,0.0000
KXNBAGAME-25MAY09OKCDEN-DEN,KXNBAGAME-25MAY09OKCDEN,Oklahoma City vs Denver Winner?,,2025-05-08T04:20:00Z,2025-05-10T05:14:17.560328Z,2025-05-10T05:22:37.288476Z,yes,1.0000,1340015.00,0.9900,0.0000,0.0000
KXNBAGAME-25MAY09OKCDEN-OKC,KXNBAGAME-25MAY09OKCDEN,Oklahoma City vs Denver Winner?,,2025-05-08T04:20:00Z,2025-05-10T05:14:17.560328Z,2025-05-10T05:22:37.288476Z,no,0.0000,547080.00,0.0100,0.0000,0.0000
KXNBAGAME-25MAY10BOSNYK-NYK,KXNBAGAME-25MAY10BOSNYK,Boston vs New York Winner?,,2025-05-08T01:30:00Z,2025-05-10T22:16:21.128721Z,2025-05-10T22:24:41.288822Z,no,0.0000,1058747.00,0.0100,0.0000,0.0000
KXNBAGAME-25MAY10BOSNYK-BOS,KXNBAGAME-25MAY10BOSNYK,Boston vs New York Winner?,,2025-05-08T01:30:00Z,2025-05-10T22:16:21.128721Z,2025-05-10T22:24:41.288822Z,yes,1.0000,368447.00,0.9900,0.0000,0.0000
KXNBAGAME-25MAY10MINGSW-MIN,KXNBAGAME-25MAY10MINGSW,Minnesota vs Golden State Winner?,,2025-05-09T03:10:00Z,2025-05-11T03:36:24.432137Z,2025-05-11T03:44:44.288531Z,yes,1.0000,760387.00,0.9900,0.0000,0.0000
KXNBAGAME-25MAY10MINGSW-GSW,KXNBAGAME-25MAY10MINGSW,Minnesota vs Golden State Winner?,,2025-05-09T03:10:00Z,2025-05-11T03:36:24.432137Z,2025-05-11T03:44:44.288531Z,no,0.0000,934330.00,0.0100,0.0000,0.0000
KXNBAGAME-25MAY11OKCDEN-OKC,KXNBAGAME-25MAY11OKCDEN,Oklahoma City vs Denver Winner?,,2025-05-10T05:10:00Z,2025-05-11T22:26:21.451845Z,2025-05-11T22:34:41.288385Z,yes,1.0000,634660.00,0.9900,0.0000,0.0000
KXNBAGAME-25MAY11OKCDEN-DEN,KXNBAGAME-25MAY11OKCDEN,Oklahoma City vs Denver Winner?,,2025-05-10T05:10:00Z,2025-05-11T22:26:21.451845Z,2025-05-11T22:34:41.288385Z,no,0.0000,1149805.00,0.0100,0.0000,0.0000
KXNBAGAME-25MAY11CLEIND-IND,KXNBAGAME-25MAY11CLEIND,Cleveland vs Indiana Winner?,,2025-05-10T02:35:00Z,2025-05-12T02:56:24.703274Z,2025-05-12T03:04:44.288257Z,yes,1.0000,420186.00,0.9900,0.0000,0.0000
KXNBAGAME-25MAY11CLEIND-CLE,KXNBAGAME-25MAY11CLEIND,Cleveland vs Indiana Winner?,,2025-05-10T02:35:00Z,2025-05-12T02:56:24.703274Z,2025-05-12T03:04:44.288257Z,no,0.0000,956828.00,0.0100,0.0000,0.0000
KXNBAGAME-25MAY12BOSNYK-NYK,KXNBAGAME-25MAY12BOSNYK,Boston vs New York Winner?,,2025-05-10T22:10:00Z,2025-05-13T02:20:33.507243Z,2025-05-13T02:28:53.295787Z,yes,1.0000,1241026.00,0.9900,0.0000,0.0000
KXNBAGAME-25MAY12BOSNYK-BOS,KXNBAGAME-25MAY12BOSNYK,Boston vs New York Winner?,,2025-05-10T22:10:00Z,2025-05-13T02:20:33.507243Z,2025-05-13T02:28:53.295787Z,no,0.0000,724840.00,0.0100,0.0000,0.0000
KXNBAGAME-25MAY12MINGSW-MIN,KXNBAGAME-25MAY12MINGSW,Minnesota vs Golden State Winner?,,2025-05-11T03:30:00Z,2025-05-13T05:20:19.717836Z,2025-05-13T05:28:39.295446Z,yes,1.0000,624159.00,0.9900,0.0000,0.0000
KXNBAGAME-25MAY12MINGSW-GSW,KXNBAGAME-25MAY12MINGSW,Minnesota vs Golden State Winner?,,2025-05-11T03:30:00Z,2025-05-13T05:20:19.717836Z,2025-05-13T05:28:39.295446Z,no,0.0000,1137621.00,0.0100,0.0000,0.0000
KXNBAGAME-25MAY13INDCLE-CLE,KXNBAGAME-25MAY13INDCLE,Indiana vs Cleveland Winner?,,2025-05-12T02:50:00Z,2025-05-14T01:52:16.160571Z,2025-05-14T02:00:37.103425Z,no,0.0000,600010.00,0.0100,0.0000,0.0000
KXNBAGAME-25MAY13INDCLE-IND,KXNBAGAME-25MAY13INDCLE,Indiana vs Cleveland Winner?,,2025-05-12T02:50:00Z,2025-05-14T01:52:16.160571Z,2025-05-14T02:00:37.103425Z,yes,1.0000,1429102.00,0.9900,0.0000,0.0000
KXNBAGAME-25MAY13DENOKC-OKC,KXNBAGAME-25MAY13DENOKC,Denver vs Oklahoma City Winner?,,2025-05-11T22:25:00Z,2025-05-14T04:20:15.928152Z,2025-05-14T04:28:37.093863Z,yes,1.0000,617423.00,0.9900,0.0000,0.0000
KXNBAGAME-25MAY13DENOKC-DEN,KXNBAGAME-25MAY13DENOKC,Denver vs Oklahoma City Winner?,,2025-05-11T22:25:00Z,2025-05-14T04:20:15.928152Z,2025-05-14T04:28:37.093863Z,no,0.0000,1760102.00,0.0100,0.0000,0.0000
KXNBAGAME-25MAY14NYKBOS-BOS,KXNBAGAME-25MAY14NYKBOS,New York vs Boston Winner?,,2025-05-13T02:20:00Z,2025-05-15T01:52:23.029524Z,2025-05-15T02:00:43.504375Z,yes,1.0000,576997.00,0.9900,0.0000,0.0000
KXNBAGAME-25MAY14NYKBOS-NYK,KXNBAGAME-25MAY14NYKBOS,New York vs Boston Winner?,,2025-05-13T02:20:00Z,2025-05-15T01:52:23.029524Z,2025-05-15T02:00:43.504375Z,no,0.0000,2149225.00,0.0100,0.0000,0.0000
KXNBAGAME-25MAY14GSWMIN-MIN,KXNBAGAME-25MAY14GSWMIN,Golden State vs Minnesota Winner?,,2025-05-13T05:10:00Z,2025-05-15T04:20:29.354526Z,2025-05-15T04:28:49.484121Z,yes,1.0000,427637.00,0.9900,0.0000,0.0000
KXNBAGAME-25MAY14GSWMIN-GSW,KXNBAGAME-25MAY14GSWMIN,Golden State vs Minnesota Winner?,,2025-05-13T05:10:00Z,2025-05-15T04:20:29.354526Z,2025-05-15T04:28:49.484121Z,no,0.0000,1395842.00,0.0100,0.0000,0.0000
KXNBAGAME-25MAY15OKCDEN-DEN,KXNBAGAME-25MAY15OKCDEN,Oklahoma City vs Denver Winner?,,2025-05-14T04:15:00Z,2025-05-16T03:36:25.527875Z,2025-05-16T03:44:45.688915Z,yes,1.0000,1173428.00,0.9900,0.0000,0.0000
KXNBAGAME-25MAY15OKCDEN-OKC,KXNBAGAME-25MAY15OKCDEN,Oklahoma City vs Denver Winner?,,2025-05-14T04:15:00Z,2025-05-16T03:36:25.527875Z,2025-05-16T03:44:45.688915Z,no,0.0000,1124188.00,0.0100,0.0000,0.0000
KXNBAGAME-25MAY16BOSNYK-NYK,KXNBAGAME-25MAY16BOSNYK,Boston vs New York Winner?,,2025-05-15T13:15:00Z,2025-05-17T02:44:10.201432Z,2025-05-17T02:53:06.098379Z,yes,1.0000,674984.00,0.9900,0.0000,0.0000
KXNBAGAME-25MAY16BOSNYK-BOS,KXNBAGAME-25MAY16BOSNYK,Boston vs New York Winner?,,2025-05-15T13:15:00Z,2025-05-17T02:44:10.201432Z,2025-05-17T02:53:06.098379Z,no,0.0000,1071298.00,0.0100,0.0000,0.0000
KXNBAGAME-25MAY20MINOKC-OKC,KXNBAGAME-25MAY20MINOKC,Minnesota vs Oklahoma City Winner?,,2025-05-18T22:20:00Z,2025-05-21T03:16:11.274785Z,2025-05-21T03:24:32.365324Z,yes,1.0000,3976949.00,0.9900,0.0000,0.0000
KXNBAGAME-25MAY20MINOKC-MIN,KXNBAGAME-25MAY20MINOKC,Minnesota vs Oklahoma City Winner?,,2025-05-18T22:20:00Z,2025-05-21T03:16:11.274785Z,2025-05-21T03:24:32.365324Z,no,0.0000,6155947.00,0.0100,0.0000,0.0000
KXNBAGAME-25MAY21INDNYK-NYK,KXNBAGAME-25MAY21INDNYK,Indiana vs New York Winner?,,2025-05-17T02:50:00Z,2025-05-22T03:26:10.505455Z,2025-05-22T03:34:31.172916Z,no,0.0000,5615216.00,0.0100,0.0000,0.0000
KXNBAGAME-25MAY21INDNYK-IND,KXNBAGAME-25MAY21INDNYK,Indiana vs New York Winner?,,2025-05-17T02:50:00Z,2025-05-22T03:26:10.505455Z,2025-05-22T03:34:31.172916Z,yes,1.0000,8322724.00,0.9900,0.0000,0.0000
KXNBAGAME-25MAY22MINOKC-OKC,KXNBAGAME-25MAY22MINOKC,Minnesota vs Oklahoma City Winner?,,2025-05-21T03:20:00Z,2025-05-23T03:24:20.9592Z,2025-05-23T03:32:42.162895Z,yes,1.0000,2972487.00,0.9900,0.0000,0.0000
KXNBAGAME-25MAY22MINOKC-MIN,KXNBAGAME-25MAY22MINOKC,Minnesota vs Oklahoma City Winner?,,2025-05-21T03:20:00Z,2025-05-23T03:24:20.9592Z,2025-05-23T03:32:42.162895Z,no,0.0000,7507257.00,0.0100,0.0000,0.0000
KXNBAGAME-25MAY23INDNYK-NYK,KXNBAGAME-25MAY23INDNYK,Indiana vs New York Winner?,,2025-05-22T03:20:00Z,2025-05-24T02:46:28.711439Z,2025-05-24T02:54:48.944617Z,no,0.0000,5963575.00,0.0100,0.0000,0.0000
KXNBAGAME-25MAY23INDNYK-IND,KXNBAGAME-25MAY23INDNYK,Indiana vs New York Winner?,,2025-05-22T03:20:00Z,2025-05-24T02:46:28.711439Z,2025-05-24T02:54:48.944617Z,yes,1.0000,7417523.00,0.9900,0.0000,0.0000
KXNBAGAME-25MAY24OKCMIN-OKC,KXNBAGAME-25MAY24OKCMIN,Oklahoma City vs Minnesota Winner?,,2025-05-23T03:25:00Z,2025-05-25T03:04:35.330259Z,2025-05-25T03:12:55.506064Z,no,0.0000,6860619.00,0.0100,0.0000,0.0000
KXNBAGAME-25MAY24OKCMIN-MIN,KXNBAGAME-25MAY24OKCMIN,Oklahoma City vs Minnesota Winner?,,2025-05-23T03:25:00Z,2025-05-25T03:04:35.330259Z,2025-05-25T03:12:55.506064Z,yes,1.0000,3829565.00,0.9900,0.0000,0.0000
KXNBAGAME-25MAY25NYKIND-NYK,KXNBAGAME-25MAY25NYKIND,New York vs Indiana Winner?,,2025-05-24T02:45:00Z,2025-05-26T02:56:10.818211Z,2025-05-26T03:04:30.365455Z,yes,1.0000,10415197.00,0.9900,0.0000,0.0000
KXNBAGAME-25MAY25NYKIND-IND,KXNBAGAME-25MAY25NYKIND,New York vs Indiana Winner?,,2025-05-24T02:45:00Z,2025-05-26T02:56:10.818211Z,2025-05-26T03:04:30.365455Z,no,0.0000,8374795.00,0.0100,0.0000,0.0000
KXNBAGAME-25MAY26OKCMIN-MIN,KXNBAGAME-25MAY26OKCMIN,Oklahoma City vs Minnesota Winner?,,2025-05-25T03:05:00Z,2025-05-27T03:30:51.072523Z,2025-05-27T03:39:12.665861Z,no,0.0000,8507259.00,0.0100,0.0000,0.0000
KXNBAGAME-25MAY26OKCMIN-OKC,KXNBAGAME-25MAY26OKCMIN,Oklahoma City vs Minnesota Winner?,,2025-05-25T03:05:00Z,2025-05-27T03:30:51.072523Z,2025-05-27T03:39:12.665861Z,yes,1.0000,6957701.00,0.9900,0.0000,0.0000
KXNBAGAME-25MAY27NYKIND-NYK,KXNBAGAME-25MAY27NYKIND,New York vs Indiana Winner?,,2025-05-26T02:55:00Z,2025-05-28T02:56:11.443986Z,2025-05-28T03:04:31.777575Z,no,0.0000,9014356.00,0.0100,0.0000,0.0000
KXNBAGAME-25MAY27NYKIND-IND,KXNBAGAME-25MAY27NYKIND,New York vs Indiana Winner?,,2025-05-26T02:55:00Z,2025-05-28T02:56:11.443986Z,2025-05-28T03:04:31.777575Z,yes,1.0000,5065108.00,0.9900,0.0000,0.0000
KXNBAGAME-25MAY28MINOKC-OKC,KXNBAGAME-25MAY28MINOKC,Minnesota vs Oklahoma City Winner?,,2025-05-27T03:25:00Z,2025-05-29T03:04:17.700411Z,2025-05-29T03:12:37.716136Z,yes,1.0000,2491757.00,0.9900,0.0000,0.0000
KXNBAGAME-25MAY28MINOKC-MIN,KXNBAGAME-25MAY28MINOKC,Minnesota vs Oklahoma City Winner?,,2025-05-27T03:25:00Z,2025-05-29T03:04:17.700411Z,2025-05-29T03:12:37.716136Z,no,0.0000,7963959.00,0.0100,0.0000,0.0000
KXNBAGAME-25MAY29INDNYK-NYK,KXNBAGAME-25MAY29INDNYK,Indiana vs New York Winner?,,2025-05-28T02:55:00Z,2025-05-30T02:44:23.39507Z,2025-05-30T02:52:43.988434Z,yes,1.0000,4232583.00,0.9900,0.0000,0.0000
KXNBAGAME-25MAY29INDNYK-IND,KXNBAGAME-25MAY29INDNYK,Indiana vs New York Winner?,,2025-05-28T02:55:00Z,2025-05-30T02:44:23.39507Z,2025-05-30T02:52:43.988434Z,no,0.0000,10884622.00,0.0100,0.0000,0.0000
KXNBAGAME-25MAY31NYKIND-NYK,KXNBAGAME-25MAY31NYKIND,New York vs Indiana Winner?,,2025-05-30T02:45:00Z,2025-06-01T02:44:22.781087Z,2025-06-01T02:52:42.577269Z,no,0.0000,7597473.00,0.0100,0.0000,0.0000
KXNBAGAME-25MAY31NYKIND-IND,KXNBAGAME-25MAY31NYKIND,New York vs Indiana Winner?,,2025-05-30T02:45:00Z,2025-06-01T02:44:22.781087Z,2025-06-01T02:52:42.577269Z,yes,1.0000,8147464.00,0.9900,0.0000,0.0000
KXNBAGAME-25JUN05INDOKC-OKC,KXNBAGAME-25JUN05INDOKC,Indiana vs Oklahoma City Winner?,,2025-06-01T02:50:00Z,2025-06-06T03:14:12.160004Z,2025-06-06T03:22:32.777015Z,no,0.0000,8544503.00,0.0100,0.0000,0.0000
KXNBAGAME-25JUN05INDOKC-IND,KXNBAGAME-25JUN05INDOKC,Indiana vs Oklahoma City Winner?,,2025-06-01T02:50:00Z,2025-06-06T03:14:12.160004Z,2025-06-06T03:22:32.777015Z,yes,1.0000,13250075.00,0.9900,0.0000,0.0000
KXNBAGAME-25JUN08INDOKC-OKC,KXNBAGAME-25JUN08INDOKC,Indiana vs Oklahoma City Winner?,,2025-06-06T03:15:00Z,2025-06-09T02:49:06.233903Z,2025-06-09T02:57:27.331214Z,yes,1.0000,5545802.00,0.9900,0.0000,0.0000
KXNBAGAME-25JUN08INDOKC-IND,KXNBAGAME-25JUN08INDOKC,Indiana vs Oklahoma City Winner?,,2025-06-06T03:15:00Z,2025-06-09T02:49:06.233903Z,2025-06-09T02:57:27.331214Z,no,0.0000,17109369.00,0.0100,0.0000,0.0000
KXNBAGAME-25JUN11OKCIND-OKC,KXNBAGAME-25JUN11OKCIND,Oklahoma City vs Indiana Winner?,,2025-06-09T02:45:00Z,2025-06-12T03:24:18.186502Z,2025-06-12T03:32:39.064316Z,no,0.0000,13737622.00,0.0100,0.0000,0.0000
KXNBAGAME-25JUN11OKCIND-IND,KXNBAGAME-25JUN11OKCIND,Oklahoma City vs Indiana Winner?,,2025-06-09T02:45:00Z,2025-06-12T03:24:18.186502Z,2025-06-12T03:32:39.064316Z,yes,1.0000,11251045.00,0.9900,0.0000,0.0000
KXNBAGAME-25JUN13OKCIND-OKC,KXNBAGAME-25JUN13OKCIND,Oklahoma City vs Indiana Winner?,,2025-06-12T03:20:00Z,2025-06-14T03:51:27.445045Z,2025-06-14T03:59:51.502537Z,yes,1.0000,13321614.00,0.9900,0.0000,0.0000
KXNBAGAME-25JUN13OKCIND-IND,KXNBAGAME-25JUN13OKCIND,Oklahoma City vs Indiana Winner?,,2025-06-12T03:20:00Z,2025-06-14T03:51:27.445045Z,2025-06-14T03:59:51.502537Z,no,0.0000,14418904.00,0.0100,0.0000,0.0000
KXNBAGAME-25JUN16INDOKC-OKC,KXNBAGAME-25JUN16INDOKC,Indiana vs Oklahoma City Winner?,,2025-06-14T03:35:00Z,2025-06-17T03:28:33.114115Z,2025-06-17T03:36:54.322296Z,yes,1.0000,6251804.00,0.9900,0.0000,0.0000
KXNBAGAME-25JUN16INDOKC-IND,KXNBAGAME-25JUN16INDOKC,Indiana vs Oklahoma City Winner?,,2025-06-14T03:35:00Z,2025-06-17T03:28:33.114115Z,2025-06-17T03:36:54.322296Z,no,0.0000,20174462.00,0.0100,0.0000,0.0000
KXNBAGAME-25JUN19OKCIND-IND,KXNBAGAME-25JUN19OKCIND,Oklahoma City vs Indiana Winner?,,2025-06-17T03:25:00Z,2025-06-20T03:21:05.664258Z,2025-06-20T03:29:25.807428Z,yes,1.0000,11837192.00,0.9900,0.0000,0.0000
KXNBAGAME-25JUN19OKCIND-OKC,KXNBAGAME-25JUN19OKCIND,Oklahoma City vs Indiana Winner?,,2025-06-17T03:25:00Z,2025-06-20T03:21:05.664258Z,2025-06-20T03:29:25.807428Z,no,0.0000,16555809.00,0.0100,0.0000,0.0000
KXNBAGAME-25OCT10PHXBKN-PHX,KXNBAGAME-25OCT10PHXBKN,Phoenix vs Brooklyn Winner?,,2025-10-10T07:53:00Z,2025-10-10T19:04:36.712661Z,2025-10-10T19:13:56.8125Z,yes,1.0000,284507.00,0.9900,0.0000,0.0000
KXNBAGAME-25OCT10PHXBKN-BKN,KXNBAGAME-25OCT10PHXBKN,Phoenix vs Brooklyn Winner?,,2025-10-10T07:53:00Z,2025-10-10T19:04:36.712661Z,2025-10-10T19:13:56.8125Z,no,0.0000,262323.00,0.0100,0.0000,0.0000
KXNBAGAME-25OCT10BOSTOR-TOR,KXNBAGAME-25OCT10BOSTOR,Boston vs Toronto Winner?,,2025-10-10T07:53:00Z,2025-10-10T23:49:38.818097Z,2025-10-10T23:58:58.802487Z,no,0.0000,77453.00,0.2900,0.0000,0.0000
KXNBAGAME-25OCT10BOSTOR-BOS,KXNBAGAME-25OCT10BOSTOR,Boston vs Toronto Winner?,,2025-10-10T07:53:00Z,2025-10-10T23:49:38.818097Z,2025-10-10T23:58:58.802487Z,yes,1.0000,87579.00,0.7400,0.0000,0.0000
KXNBAGAME-25OCT10ORLPHI-PHI,KXNBAGAME-25OCT10ORLPHI,Orlando vs Philadelphia Winner?,,2025-10-10T07:53:00Z,2025-10-10T23:49:38.868154Z,2025-10-10T23:58:58.781056Z,yes,1.0000,57708.00,0.4100,0.0000,0.0000
KXNBAGAME-25OCT10ORLPHI-ORL,KXNBAGAME-25OCT10ORLPHI,Orlando vs Philadelphia Winner?,,2025-10-10T07:53:00Z,2025-10-10T23:49:38.868154Z,2025-10-10T23:58:58.781056Z,no,0.0000,39423.00,0.5900,0.0000,0.0000
KXNBAGAME-25OCT10UTASAS-UTA,KXNBAGAME-25OCT10UTASAS,Utah vs San Antonio Winner?,,2025-10-10T07:53:00Z,2025-10-11T02:55:20.161794Z,2025-10-11T03:03:43.781439Z,no,0.0000,155033.00,0.0100,0.0000,0.0000
KXNBAGAME-25OCT10UTASAS-SAS,KXNBAGAME-25OCT10UTASAS,Utah vs San Antonio Winner?,,2025-10-10T07:53:00Z,2025-10-11T02:55:20.161794Z,2025-10-11T03:03:43.781439Z,yes,1.0000,84881.00,0.9900,0.0000,0.0000
KXNBAGAME-25OCT10SACPOR-SAC,KXNBAGAME-25OCT10SACPOR,Sacramento vs Portland Winner?,,2025-10-10T07:53:00Z,2025-10-11T04:56:11.126916Z,2025-10-11T05:04:34.79315Z,no,0.0000,237417.00,0.0100,0.0000,0.0000
KXNBAGAME-25OCT10SACPOR-POR,KXNBAGAME-25OCT10SACPOR,Sacramento vs Portland Winner?,,2025-10-10T07:53:00Z,2025-10-11T04:56:11.126916Z,2025-10-11T05:04:34.79315Z,yes,1.0000,124273.00,0.9900,0.0000,0.0000
KXNBAGAME-25OCT11OKCIND-OKC,KXNBAGAME-25OCT11OKCIND,Oklahoma City vs Indiana Winner?,,2025-10-10T07:53:00Z,2025-10-12T01:49:31.558391Z,2025-10-12T01:57:54.77674Z,no,0.0000,71129.00,0.0100,0.0000,0.0000
KXNBAGAME-25OCT11OKCIND-IND,KXNBAGAME-25OCT11OKCIND,Oklahoma City vs Indiana Winner?,,2025-10-10T07:53:00Z,2025-10-12T01:49:31.558391Z,2025-10-12T01:57:54.77674Z,yes,1.0000,40264.00,0.9900,0.0000,0.0000
KXNBAGAME-25OCT11ATLMEM-MEM,KXNBAGAME-25OCT11ATLMEM,Atlanta vs Memphis Winner?,,2025-10-10T07:53:00Z,2025-10-12T02:35:27.912728Z,2025-10-12T02:43:51.762Z,no,0.0000,39203.00,0.0100,0.0000,0.0000
KXNBAGAME-25OCT11ATLMEM-ATL,KXNBAGAME-25OCT11ATLMEM,Atlanta vs Memphis Winner?,,2025-10-10T07:53:00Z,2025-10-12T02:35:27.912728Z,2025-10-12T02:43:51.762Z,yes,1.0000,19444.00,0.9900,0.0000,0.0000
KXNBAGAME-25OCT11CHADAL-DAL,KXNBAGAME-25OCT11CHADAL,Charlotte vs Dallas Winner?,,2025-10-10T07:53:00Z,2025-10-12T02:56:08.28362Z,2025-10-12T03:04:31.773132Z,no,0.0000,33946.00,0.0100,0.0000,0.0000
KXNBAGAME-25OCT11CHADAL-CHA,KXNBAGAME-25OCT11CHADAL,Charlotte vs Dallas Winner?,,2025-10-10T07:53:00Z,2025-10-12T02:56:08.28362Z,2025-10-12T03:04:31.773132Z,yes,1.0000,48659.00,0.9900,0.0000,0.0000
KXNBAGAME-25OCT12BKNPHX-PHX,KXNBAGAME-25OCT12BKNPHX,Brooklyn vs Phoenix Winner?,,2025-10-10T07:53:00Z,2025-10-12T14:29:42.338014Z,2025-10-12T14:38:05.776355Z,no,0.0000,236080.00,0.0100,0.0000,0.0000
KXNBAGAME-25OCT12BKNPHX-BKN,KXNBAGAME-25OCT12BKNPHX,Brooklyn vs Phoenix Winner?,,2025-10-10T07:53:00Z,2025-10-12T14:29:42.338014Z,2025-10-12T14:38:05.776355Z,yes,1.0000,158478.00,0.9900,0.0000,0.0000
KXNBAGAME-25OCT12TORWAS-WAS,KXNBAGAME-25OCT12TORWAS,Toronto vs Washington Winner?,,2025-10-11T08:40:00Z,2025-10-12T21:41:25.548373Z,2025-10-12T21:49:48.859611Z,no,0.0000,137927.00,0.0100,0.0000,0.0000
KXNBAGAME-25OCT12TORWAS-TOR,KXNBAGAME-25OCT12TORWAS,Toronto vs Washington Winner?,,2025-10-11T08:40:00Z,2025-10-12T21:41:25.548373Z,2025-10-12T21:49:48.859611Z,yes,1.0000,100476.00,0.9900,0.0000,0.0000
KXNBAGAME-25OCT12MIAORL-ORL,KXNBAGAME-25OCT12MIAORL,Miami vs Orlando Winner?,,2025-10-11T08:40:00Z,2025-10-13T01:14:57.148056Z,2025-10-13T01:23:41.768802Z,yes,1.0000,65138.00,0.9900,0.0000,0.0000
KXNBAGAME-25OCT12MIAORL-MIA,KXNBAGAME-25OCT12MIAORL,Miami vs Orlando Winner?,,2025-10-11T08:40:00Z,2025-10-13T01:14:57.148056Z,2025-10-13T01:23:41.768802Z,no,0.0000,150819.00,0.0100,0.0000,0.0000
KXNBAGAME-25OCT12MILCHI-MIL,KXNBAGAME-25OCT12MILCHI,Milwaukee vs Chicago Winner?,,2025-10-11T08:40:00Z,2025-10-13T01:34:29.974291Z,2025-10-13T01:42:53.910177Z,yes,1.0000,93211.00,0.9900,0.0000,0.0000
KXNBAGAME-25OCT12MILCHI-CHI,KXNBAGAME-25OCT12MILCHI,Milwaukee vs Chicago Winner?,,2025-10-11T08:40:00Z,2025-10-13T01:34:29.974291Z,2025-10-13T01:42:53.910177Z,no,0.0000,101527.00,0.0100,0.0000,0.0000
KXNBAGAME-25OCT12CLEBOS-CLE,KXNBAGAME-25OCT12CLEBOS,Cleveland vs Boston Winner?,,2025-10-11T08:40:00Z,2025-10-13T01:50:47.721513Z,2025-10-13T01:59:10.896978Z,no,0.0000,70085.00,0.0100,0.0000,0.0000
KXNBAGAME-25OCT12CLEBOS-BOS,KXNBAGAME-25OCT12CLEBOS,Cleveland vs Boston Winner?,,2025-10-11T08:40:00Z,2025-10-13T01:50:47.721513Z,2025-10-13T01:59:10.896978Z,yes,1.0000,37306.00,0.9900,0.0000,0.0000
KXNBAGAME-25OCT12GSWLAL-LAL,KXNBAGAME-25OCT12GSWLAL,Golden State vs Los Angeles L Winner?,,2025-10-11T08:40:00Z,2025-10-13T03:52:42.61235Z,2025-10-13T04:01:05.943795Z,yes,1.0000,167718.00,0.9900,0.0000,0.0000
KXNBAGAME-25OCT12GSWLAL-GSW,KXNBAGAME-25OCT12GSWLAL,Golden State vs Los Angeles L Winner?,,2025-10-11T08:40:00Z,2025-10-13T03:52:42.61235Z,2025-10-13T04:01:05.943795Z,no,0.0000,262772.00,0.0100,0.0000,0.0000
KXNBAGAME-25OCT12DENLAC-LAC,KXNBAGAME-25OCT12DENLAC,Denver vs LA Winner?,,2025-10-11T08:40:00Z,2025-10-13T04:06:41.871093Z,2025-10-13T04:15:05.940569Z,no,0.0000,177074.00,0.0100,0.0000,0.0000
KXNBAGAME-25OCT12DENLAC-DEN,KXNBAGAME-25OCT12DENLAC,Denver vs LA Winner?,,2025-10-11T08:40:00Z,2025-10-13T04:06:41.871093Z,2025-10-13T04:15:05.940569Z,yes,1.0000,259199.00,0.9900,0.0000,0.0000
KXNBAGAME-25OCT13MIAATL-MIA,KXNBAGAME-25OCT13MIAATL,Miami vs Atlanta Winner?,,2025-10-12T08:40:00Z,2025-10-14T01:20:29.279382Z,2025-10-14T01:28:52.918594Z,no,0.0000,240629.00,0.0100,0.0000,0.0000
KXNBAGAME-25OCT13MIAATL-ATL,KXNBAGAME-25OCT13MIAATL,Miami vs Atlanta Winner?,,2025-10-12T08:40:00Z,2025-10-14T01:20:29.279382Z,2025-10-14T01:28:52.918594Z,yes,1.0000,391936.00,0.9900,0.0000,0.0000
KXNBAGAME-25OCT13SASIND-SAS,KXNBAGAME-25OCT13SASIND,San Antonio vs Indiana Winner?,,2025-10-12T08:41:00Z,2025-10-14T01:30:03.290966Z,2025-10-14T01:39:23.893517Z,yes,1.0000,83708.00,0.9900,0.0000,0.0000
KXNBAGAME-25OCT13SASIND-IND,KXNBAGAME-25OCT13SASIND,San Antonio vs Indiana Winner?,,2025-10-12T08:41:00Z,2025-10-14T01:30:03.290966Z,2025-10-14T01:39:23.893517Z,no,0.0000,86065.00,0.0100,0.0000,0.0000
KXNBAGAME-25OCT13WASNYK-WAS,KXNBAGAME-25OCT13WASNYK,Washington vs New York Winner?,,2025-10-12T08:41:00Z,2025-10-14T02:19:45.706275Z,2025-10-14T02:29:05.891228Z,yes,1.0000,45255.00,0.9900,0.0000,0.0000
KXNBAGAME-25OCT13WASNYK-NYK,KXNBAGAME-25OCT13WASNYK,Washington vs New York Winner?,,2025-10-12T08:41:00Z,2025-10-14T02:19:45.706275Z,2025-10-14T02:29:05.891228Z,no,0.0000,88636.00,0.0100,0.0000,0.0000
KXNBAGAME-25OCT13GUAMIN-MIN,KXNBAGAME-25OCT13GUAMIN,Guangzhou vs Minnesota Winner?,,2025-10-12T08:41:00Z,2025-10-14T02:49:40.907493Z,2025-10-14T02:59:00.890251Z,yes,1.0000,49455.00,0.9900,0.0000,0.0000
KXNBAGAME-25OCT13GUAMIN-GUA,KXNBAGAME-25OCT13GUAMIN,Guangzhou vs Minnesota Winner?,,2025-10-12T08:41:00Z,2025-10-14T02:49:40.907493Z,2025-10-14T02:59:00.890251Z,no,0.0000,177777.00,0.0100,0.0000,0.0000
KXNBAGAME-25OCT13DALUTA-UTA,KXNBAGAME-25OCT13DALUTA,Dallas vs Utah Winner?,,2025-10-12T08:41:00Z,2025-10-14T03:54:37.081354Z,2025-10-14T04:03:57.856649Z,no,0.0000,92588.00,0.0100,0.0000,0.0000
KXNBAGAME-25OCT13DALUTA-DAL,KXNBAGAME-25OCT13DALUTA,Dallas vs Utah Winner?,,2025-10-12T08:41:00Z,2025-10-14T03:54:37.081354Z,2025-10-14T04:03:57.856649Z,yes,1.0000,51484.00,0.9900,0.0000,0.0000
KXNBAGAME-25OCT14DETCLE-DET,KXNBAGAME-25OCT14DETCLE,Detroit vs Cleveland Winner?,,2025-10-13T08:40:00Z,2025-10-15T01:49:45.414973Z,2025-10-15T01:59:05.892362Z,no,0.0000,165263.00,0.0100,0.0000,0.0000
KXNBAGAME-25OCT14DETCLE-CLE,KXNBAGAME-25OCT14DETCLE,Detroit vs Cleveland Winner?,,2025-10-13T08:40:00Z,2025-10-15T01:49:45.414973Z,2025-10-15T01:59:05.892362Z,yes,1.0000,85317.00,0.9900,0.0000,0.0000
KXNBAGAME-25OCT14OKCMIL-OKC,KXNBAGAME-25OCT14OKCMIL,Oklahoma City vs Milwaukee Winner?,,2025-10-13T08:40:00Z,2025-10-15T02:44:51.972486Z,2025-10-15T02:54:13.086158Z,yes,1.0000,111608.00,0.9900,0.0000,0.0000
KXNBAGAME-25OCT14OKCMIL-MIL,KXNBAGAME-25OCT14OKCMIL,Oklahoma City vs Milwaukee Winner?,,2025-10-13T08:40:00Z,2025-10-15T02:44:51.972486Z,2025-10-15T02:54:13.086158Z,no,0.0000,185991.00,0.0100,0.0000,0.0000
KXNBAGAME-25OCT14HOUNOP-NOP,KXNBAGAME-25OCT14HOUNOP,Houston vs New Orleans Winner?,,2025-10-13T08:40:00Z,2025-10-15T02:54:40.354211Z,2025-10-15T03:04:01.087669Z,no,0.0000,116760.00,0.0100,0.0000,0.0000
KXNBAGAME-25OCT14HOUNOP-HOU,KXNBAGAME-25OCT14HOUNOP,Houston vs New Orleans Winner?,,2025-10-13T08:40:00Z,2025-10-15T02:54:40.354211Z,2025-10-15T03:04:01.087669Z,yes,1.0000,81365.00,0.9900,0.0000,0.0000
KXNBAGAME-25OCT14CHIDEN-DEN,KXNBAGAME-25OCT14CHIDEN,Chicago vs Denver Winner?,,2025-10-13T08:40:00Z,2025-10-15T04:19:42.721235Z,2025-10-15T04:29:03.079717Z,yes,1.0000,54829.00,0.9900,0.0000,0.0000
KXNBAGAME-25OCT14CHIDEN-CHI,KXNBAGAME-25OCT14CHIDEN,Chicago vs Denver Winner?,,2025-10-13T08:40:00Z,2025-10-15T04:19:42.721235Z,2025-10-15T04:29:03.079717Z,no,0.0000,162497.00,0.0100,0.0000,0.0000
KXNBAGAME-25OCT14GSWPOR-POR,KXNBAGAME-25OCT14GSWPOR,Golden State vs Portland Winner?,,2025-10-13T08:40:00Z,2025-10-15T05:39:41.725303Z,2025-10-15T05:49:02.106544Z,no,0.0000,219383.00,0.0100,0.0000,0.0000
KXNBAGAME-25OCT14GSWPOR-GSW,KXNBAGAME-25OCT14GSWPOR,Golden State vs Portland Winner?,,2025-10-13T08:40:00Z,2025-10-15T05:39:41.725303Z,2025-10-15T05:49:02.106544Z,yes,1.0000,313099.00,0.9900,0.0000,0.0000
KXNBAGAME-25OCT14LALPHX-PHX,KXNBAGAME-25OCT14LALPHX,Los Angeles L vs Phoenix Winner?,,2025-10-13T08:40:00Z,2025-10-15T05:39:41.744106Z,2025-10-15T05:49:02.151563Z,yes,1.0000,515600.00,0.9900,0.0000,0.0000
KXNBAGAME-25OCT14LALPHX-LAL,KXNBAGAME-25OCT14LALPHX,Los Angeles L vs Phoenix Winner?,,2025-10-13T08:40:00Z,2025-10-15T05:39:41.744106Z,2025-10-15T05:49:02.151563Z,no,0.0000,186398.00,0.0100,0.0000,0.0000
KXNBAGAME-25OCT15MEMCHA-MEM,KXNBAGAME-25OCT15MEMCHA,Memphis vs Charlotte Winner?,,2025-10-14T08:40:00Z,2025-10-16T01:44:43.430948Z,2025-10-16T01:54:04.093506Z,no,0.0000,200853.00,0.0100,0.0000,0.0000
KXNBAGAME-25OCT15MEMCHA-CHA,KXNBAGAME-25OCT15MEMCHA,Memphis vs Charlotte Winner?,,2025-10-14T08:40:00Z,2025-10-16T01:44:43.430948Z,2025-10-16T01:54:04.093506Z,yes,1.0000,87208.00,0.9900,0.0000,0.0000
KXNBAGAME-25OCT15TORBOS-TOR,KXNBAGAME-25OCT15TORBOS,Toronto vs Boston Winner?,,2025-10-14T08:40:00Z,2025-10-16T02:39:40.395082Z,2025-10-16T02:49:01.109093Z,no,0.0000,256642.00,0.0100,0.0000,0.0000
KXNBAGAME-25OCT15TORBOS-BOS,KXNBAGAME-25OCT15TORBOS,Toronto vs Boston Winner?,,2025-10-14T08:40:00Z,2025-10-16T02:39:40.395082Z,2025-10-16T02:49:01.109093Z,yes,1.0000,233721.00,0.9900,0.0000,0.0000
KXNBAGAME-25OCT15DALLAL-LAL,KXNBAGAME-25OCT15DALLAL,Dallas vs Los Angeles L Winner?,,2025-10-14T08:40:00Z,2025-10-16T12:04:44.382609Z,2025-10-16T12:14:04.618979Z,no,0.0000,765799.00,0.0100,0.0000,0.0000
KXNBAGAME-25OCT15DALLAL-DAL,KXNBAGAME-25OCT15DALLAL,Dallas vs Los Angeles L Winner?,,2025-10-14T08:40:00Z,2025-10-16T12:04:44.382609Z,2025-10-16T12:14:04.618979Z,yes,1.0000,383604.00,0.9900,0.0000,0.0000
KXNBAGAME-25OCT15LACSAC-SAC,KXNBAGAME-25OCT15LACSAC,LA vs Sacramento Winner?,,2025-10-14T08:40:00Z,2025-10-16T12:04:44.533379Z,2025-10-16T12:14:04.538868Z,no,0.0000,147740.00,0.0100,0.0000,0.0000
KXNBAGAME-25OCT15LACSAC-LAC,KXNBAGAME-25OCT15LACSAC,LA vs Sacramento Winner?,,2025-10-14T08:40:00Z,2025-10-16T12:04:44.533379Z,2025-10-16T12:14:04.538868Z,yes,1.0000,111303.00,0.9900,0.0000,0.0000
KXNBAGAME-25OCT16WASDET-WAS,KXNBAGAME-25OCT16WASDET,Washington vs Detroit Winner?,,2025-10-15T08:40:00Z,2025-10-17T01:45:04.748173Z,2025-10-17T02:08:27.017973Z,no,0.0000,64597.00,0.0100,0.0000,0.0000
KXNBAGAME-25OCT16WASDET-DET,KXNBAGAME-25OCT16WASDET,Washington vs Detroit Winner?,,2025-10-15T08:40:00Z,2025-10-17T01:45:04.748173Z,2025-10-17T02:08:27.017973Z,yes,1.0000,39976.00,0.9900,0.0000,0.0000
KXNBAGAME-25OCT16NOPORL-ORL,KXNBAGAME-25OCT16NOPORL,New Orleans vs Orlando Winner?,,2025-10-15T08:40:00Z,2025-10-17T01:49:57.289204Z,2025-10-17T02:08:29.051184Z,yes,1.0000,52759.00,0.9900,0.0000,0.0000
KXNBAGAME-25OCT16NOPORL-NOP,KXNBAGAME-25OCT16NOPORL,New Orleans vs Orlando Winner?,,2025-10-15T08:40:00Z,2025-10-17T01:49:57.289204Z,2025-10-17T02:08:29.051184Z,no,0.0000,136261.00,0.0100,0.0000,0.0000
KXNBAGAME-25OCT16HOUATL-HOU,KXNBAGAME-25OCT16HOUATL,Houston vs Atlanta Winner?,,2025-10-15T08:40:00Z,2025-10-17T02:19:49.153856Z,2025-10-17T02:29:09.699459Z,yes,1.0000,266639.00,0.9900,0.0000,0.0000
KXNBAGAME-25OCT16HOUATL-ATL,KXNBAGAME-25OCT16HOUATL,Houston vs Atlanta Winner?,,2025-10-15T08:40:00Z,2025-10-17T02:19:49.153856Z,2025-10-17T02:29:09.699459Z,no,0.0000,97955.00,0.0100,0.0000,0.0000
KXNBAGAME-25OCT16MINCHI-MIN,KXNBAGAME-25OCT16MINCHI,Minnesota vs Chicago Winner?,,2025-10-15T08:40:00Z,2025-10-17T02:44:47.986965Z,2025-10-17T03:06:14.953476Z,no,0.0000,115873.00,0.0100,0.0000,0.0000
KXNBAGAME-25OCT16MINCHI-CHI,KXNBAGAME-25OCT16MINCHI,Minnesota vs Chicago Winner?,,2025-10-15T08:40:00Z,2025-10-17T02:44:47.986965Z,2025-10-17T03:06:14.953476Z,yes,1.0000,160822.00,0.9900,0.0000,0.0000
KXNBAGAME-25OCT16PORUTA-UTA,KXNBAGAME-25OCT16PORUTA,Portland vs Utah Winner?,,2025-10-15T08:40:00Z,2025-10-17T03:59:53.794785Z,2025-10-17T04:18:51.79391Z,yes,1.0000,166573.00,0.9900,0.0000,0.0000
KXNBAGAME-25OCT16PORUTA-POR,KXNBAGAME-25OCT16PORUTA,Portland vs Utah Winner?,,2025-10-15T08:40:00Z,2025-10-17T03:59:53.794785Z,2025-10-17T04:18:51.79391Z,no,0.0000,143797.00,0.0100,0.0000,0.0000
KXNBAGAME-25OCT17MINPHI-PHI,KXNBAGAME-25OCT17MINPHI,Minnesota vs Philadelphia Winner?,,2025-10-16T08:40:00Z,2025-10-18T01:39:46.753546Z,2025-10-18T01:49:06.85594Z,yes,1.0000,64115.00,0.9900,0.0000,0.0000
KXNBAGAME-25OCT17MINPHI-MIN,KXNBAGAME-25OCT17MINPHI,Minnesota vs Philadelphia Winner?,,2025-10-16T08:40:00Z,2025-10-18T01:39:46.753546Z,2025-10-18T01:49:06.85594Z,no,0.0000,125103.00,0.0100,0.0000,0.0000
KXNBAGAME-25OCT17BKNTOR-TOR,KXNBAGAME-25OCT17BKNTOR,Brooklyn vs Toronto Winner?,,2025-10-16T08:40:00Z,2025-10-18T01:54:36.172467Z,2025-10-18T02:03:56.85514Z,yes,1.0000,113566.00,0.9900,0.0000,0.0000
KXNBAGAME-25OCT17BKNTOR-BKN,KXNBAGAME-25OCT17BKNTOR,Brooklyn vs Toronto Winner?,,2025-10-16T08:40:00Z,2025-10-18T01:54:36.172467Z,2025-10-18T02:03:56.85514Z,no,0.0000,139671.00,0.0100,0.0000,0.0000
KXNBAGAME-25OCT17CHANYK-NYK,KXNBAGAME-25OCT17CHANYK,Charlotte vs New York Winner?,,2025-10-16T08:40:00Z,2025-10-18T02:14:49.789209Z,2025-10-18T02:24:56.158338Z,yes,1.0000,112070.00,0.9900,0.0000,0.0000
KXNBAGAME-25OCT17CHANYK-CHA,KXNBAGAME-25OCT17CHANYK,Charlotte vs New York Winner?,,2025-10-16T08:40:00Z,2025-10-18T02:14:49.789209Z,2025-10-18T02:24:56.158338Z,no,0.0000,208411.00,0.0100,0.0000,0.0000
KXNBAGAME-25OCT17DENOKC-OKC,KXNBAGAME-25OCT17DENOKC,Denver vs Oklahoma City Winner?,,2025-10-16T08:40:00Z,2025-10-18T02:44:48.678022Z,2025-10-18T02:54:08.853728Z,yes,1.0000,183196.00,0.9900,0.0000,0.0000
KXNBAGAME-25OCT17DENOKC-DEN,KXNBAGAME-25OCT17DENOKC,Denver vs Oklahoma City Winner?,,2025-10-16T08:40:00Z,2025-10-18T02:44:48.678022Z,2025-10-18T02:54:08.853728Z,no,0.0000,217533.00,0.0100,0.0000,0.0000
KXNBAGAME-25OCT17MEMMIA-MIA,KXNBAGAME-25OCT17MEMMIA,Memphis vs Miami Winner?,,2025-10-16T08:40:00Z,2025-10-18T02:49:46.159288Z,2025-10-18T02:59:06.844238Z,no,0.0000,102944.00,0.0100,0.0000,0.0000
KXNBAGAME-25OCT17MEMMIA-MEM,KXNBAGAME-25OCT17MEMMIA,Memphis vs Miami Winner?,,2025-10-16T08:40:00Z,2025-10-18T02:49:46.159288Z,2025-10-18T02:59:06.844238Z,yes,1.0000,126553.00,0.9900,0.0000,0.0000
KXNBAGAME-25OCT17INDSAS-SAS,KXNBAGAME-25OCT17INDSAS,Indiana vs San Antonio Winner?,,2025-10-16T08:40:00Z,2025-10-18T02:59:54.295614Z,2025-10-18T03:24:47.246515Z,yes,1.0000,68485.00,0.9900,0.0000,0.0000
KXNBAGAME-25OCT17INDSAS-IND,KXNBAGAME-25OCT17INDSAS,Indiana vs San Antonio Winner?,,2025-10-16T08:40:00Z,2025-10-18T02:59:54.295614Z,2025-10-18T03:24:47.246515Z,no,0.0000,94930.00,0.0100,0.0000,0.0000
KXNBAGAME-25OCT17LACGSW-LAC,KXNBAGAME-25OCT17LACGSW,Los Angeles C vs Golden State Winner?,,2025-10-16T08:40:00Z,2025-10-18T04:49:38.198785Z,2025-10-18T04:58:58.868705Z,yes,1.0000,280051.00,0.9900,0.0000,0.0000
KXNBAGAME-25OCT17LACGSW-GSW,KXNBAGAME-25OCT17LACGSW,Los Angeles C vs Golden State Winner?,,2025-10-16T08:40:00Z,2025-10-18T04:49:38.198785Z,2025-10-18T04:58:58.868705Z,no,0.0000,325886.00,0.0100,0.0000,0.0000
KXNBAGAME-25OCT17SACLAL-SAC,KXNBAGAME-25OCT17SACLAL,Sacramento vs Los Angeles L Winner?,,2025-10-16T08:40:00Z,2025-10-18T05:19:40.286658Z,2025-10-18T05:29:00.875965Z,yes,1.0000,396970.00,0.9900,0.0000,0.0000
KXNBAGAME-25OCT17SACLAL-LAL,KXNBAGAME-25OCT17SACLAL,Sacramento vs Los Angeles L Winner?,,2025-10-16T08:40:00Z,2025-10-18T05:19:40.286658Z,2025-10-18T05:29:00.875965Z,no,0.0000,240263.00,0.0100,0.0000,0.0000
KXNBAGAME-25OCT21HOUOKC-OKC,KXNBAGAME-25OCT21HOUOKC,Houston vs Oklahoma City Winner?,,2025-10-19T22:41:00Z,2025-10-22T03:19:37.795636Z,2025-10-22T03:28:58.389709Z,yes,1.0000,10654946.00,0.9900,0.0000,0.0000
KXNBAGAME-25OCT21HOUOKC-HOU,KXNBAGAME-25OCT21HOUOKC,Houston vs Oklahoma City Winner?,,2025-10-19T22:41:00Z,2025-10-22T03:19:37.795636Z,2025-10-22T03:28:58.389709Z,no,0.0000,12314637.00,0.0100,0.0000,0.0000
KXNBAGAME-25OCT21GSWLAL-LAL,KXNBAGAME-25OCT21GSWLAL,Golden State vs Los Angeles L Winner?,,2025-10-19T22:41:00Z,2025-10-22T04:59:50.45782Z,2025-10-22T05:09:11.222912Z,no,0.0000,6938516.00,0.0100,0.0000,0.0000
KXNBAGAME-25OCT21GSWLAL-GSW,KXNBAGAME-25OCT21GSWLAL,Golden State vs Los Angeles L Winner?,,2025-10-19T22:41:00Z,2025-10-22T04:59:50.45782Z,2025-10-22T05:09:11.222912Z,yes,1.0000,7018210.00,0.9900,0.0000,0.0000
KXNBAGAME-25OCT22CLENYK-NYK,KXNBAGAME-25OCT22CLENYK,Cleveland vs New York Winner?,,2025-10-19T22:41:00Z,2025-10-23T02:00:23.367911Z,2025-10-23T02:09:44.048394Z,yes,1.0000,4635331.00,0.9900,0.0000,0.0000
KXNBAGAME-25OCT22CLENYK-CLE,KXNBAGAME-25OCT22CLENYK,Cleveland vs New York Winner?,,2025-10-19T22:41:00Z,2025-10-23T02:00:23.367911Z,2025-10-23T02:09:44.048394Z,no,0.0000,5197070.00,0.0100,0.0000,0.0000
KXNBAGAME-25OCT22MIAORL-ORL,KXNBAGAME-25OCT22MIAORL,Miami vs Orlando Winner?,,2025-10-19T22:41:00Z,2025-10-23T02:00:23.968287Z,2025-10-23T02:09:45.085528Z,yes,1.0000,1842075.00,0.9900,0.0000,0.0000
KXNBAGAME-25OCT22MIAORL-MIA,KXNBAGAME-25OCT22MIAORL,Miami vs Orlando Winner?,,2025-10-19T22:41:00Z,2025-10-23T02:00:23.968287Z,2025-10-23T02:09:45.085528Z,no,0.0000,4169923.00,0.0100,0.0000,0.0000
KXNBAGAME-25OCT22BKNCHA-CHA,KXNBAGAME-25OCT22BKNCHA,Brooklyn vs Charlotte Winner?,,2025-10-19T22:41:00Z,2025-10-23T02:00:23.999467Z,2025-10-23T02:09:44.820417Z,yes,1.0000,1132272.00,0.9900,0.0000,0.0000
KXNBAGAME-25OCT22BKNCHA-BKN,KXNBAGAME-25OCT22BKNCHA,Brooklyn vs Charlotte Winner?,,2025-10-19T22:41:00Z,2025-10-23T02:00:23.999467Z,2025-10-23T02:09:44.820417Z,no,0.0000,869890.00,0.0100,0.0000,0.0000
KXNBAGAME-25OCT22TORATL-TOR,KXNBAGAME-25OCT22TORATL,Toronto vs Atlanta Winner?,,2025-10-19T22:41:00Z,2025-10-23T02:29:59.45035Z,2025-10-23T02:39:19.803057Z,yes,1.0000,651595.00,0.9900,0.0000,0.0000
KXNBAGAME-25OCT22TORATL-ATL,KXNBAGAME-25OCT22TORATL,Toronto vs Atlanta Winner?,,2025-10-19T22:41:00Z,2025-10-23T02:29:59.45035Z,2025-10-23T02:39:19.803057Z,no,0.0000,963636.00,0.0100,0.0000,0.0000
KXNBAGAME-25OCT22PHIBOS-PHI,KXNBAGAME-25OCT22PHIBOS,Philadelphia vs Boston Winner?,,2025-10-19T22:41:00Z,2025-10-23T02:30:05.063282Z,2025-10-23T02:39:32.371506Z,yes,1.0000,3571558.00,0.9900,0.0000,0.0000
KXNBAGAME-25OCT22PHIBOS-BOS,KXNBAGAME-25OCT22PHIBOS,Philadelphia vs Boston Winner?,,2025-10-19T22:41:00Z,2025-10-23T02:30:05.063282Z,2025-10-23T02:39:32.371506Z,no,0.0000,2520808.00,0.0100,0.0000,0.0000
KXNBAGAME-25OCT22DETCHI-DET,KXNBAGAME-25OCT22DETCHI,Detroit vs Chicago Winner?,,2025-10-19T22:41:00Z,2025-10-23T03:00:08.566459Z,2025-10-23T03:09:28.883953Z,no,0.0000,2624629.00,0.0100,0.0000,0.0000
KXNBAGAME-25OCT22DETCHI-CHI,KXNBAGAME-25OCT22DETCHI,Detroit vs Chicago Winner?,,2025-10-19T22:41:00Z,2025-10-23T03:00:08.566459Z,2025-10-23T03:09:28.883953Z,yes,1.0000,1865164.00,0.9900,0.0000,0.0000
KXNBAGAME-25OCT22WASMIL-WAS,KXNBAGAME-25OCT22WASMIL,Washington vs Milwaukee Winner?,,2025-10-19T22:41:00Z,2025-10-23T03:04:47.482443Z,2025-10-23T03:14:07.778205Z,no,0.0000,820619.00,0.0100,0.0000,0.0000
KXNBAGAME-25OCT22WASMIL-MIL,KXNBAGAME-25OCT22WASMIL,Washington vs Milwaukee Winner?,,2025-10-19T22:41:00Z,2025-10-23T03:04:47.482443Z,2025-10-23T03:14:07.778205Z,yes,1.0000,756094.00,0.9900,0.0000,0.0000
KXNBAGAME-25OCT22NOPMEM-NOP,KXNBAGAME-25OCT22NOPMEM,New Orleans vs Memphis Winner?,,2025-10-19T22:41:00Z,2025-10-23T03:04:47.695764Z,2025-10-23T03:14:07.914957Z,no,0.0000,1546880.00,0.0100,0.0000,0.0000
KXNBAGAME-25OCT22NOPMEM-MEM,KXNBAGAME-25OCT22NOPMEM,New Orleans vs Memphis Winner?,,2025-10-19T22:41:00Z,2025-10-23T03:04:47.695764Z,2025-10-23T03:14:07.914957Z,yes,1.0000,1636132.00,0.9900,0.0000,0.0000
KXNBAGAME-25OCT22LACUTA-UTA,KXNBAGAME-25OCT22LACUTA,Los Angeles C vs Utah Winner?,,2025-10-19T22:41:00Z,2025-10-23T06:07:04.623075Z,2025-10-23T06:24:17.01558Z,yes,1.0000,1385071.00,0.9900,0.0000,0.0000
KXNBAGAME-25OCT22LACUTA-LAC,KXNBAGAME-25OCT22LACUTA,Los Angeles C vs Utah Winner?,,2025-10-19T22:41:00Z,2025-10-23T06:07:04.623075Z,2025-10-23T06:24:17.01558Z,no,0.0000,1799542.00,0.0100,0.0000,0.0000
KXNBAGAME-25OCT22SASDAL-SAS,KXNBAGAME-25OCT22SASDAL,San Antonio vs Dallas Winner?,,2025-10-19T22:41:00Z,2025-10-23T06:29:47.13818Z,2025-10-23T06:39:08.476027Z,yes,1.0000,3263049.00,0.9900,0.0000,0.0000
KXNBAGAME-25OCT22SASDAL-DAL,KXNBAGAME-25OCT22SASDAL,San Antonio vs Dallas Winner?,,2025-10-19T22:41:00Z,2025-10-23T06:29:47.13818Z,2025-10-23T06:39:08.476027Z,no,0.0000,4272826.00,0.0100,0.0000,0.0000
KXNBAGAME-25OCT22SACPHX-SAC,KXNBAGAME-25OCT22SACPHX,Sacramento vs Phoenix Winner?,,2025-10-19T22:41:00Z,2025-10-23T06:29:47.458822Z,2025-10-23T06:39:08.19023Z,no,0.0000,2889873.00,0.0100,0.0000,0.0000
KXNBAGAME-25OCT22SACPHX-PHX,KXNBAGAME-25OCT22SACPHX,Sacramento vs Phoenix Winner?,,2025-10-19T22:41:00Z,2025-10-23T06:29:47.458822Z,2025-10-23T06:39:08.19023Z,yes,1.0000,3069276.00,0.9900,0.0000,0.0000
KXNBAGAME-25OCT22MINPOR-POR,KXNBAGAME-25OCT22MINPOR,Minnesota vs Portland Winner?,,2025-10-19T22:41:00Z,2025-10-23T06:29:47.781837Z,2025-10-23T06:39:07.984244Z,no,0.0000,2704939.00,0.0100,0.0000,0.0000
KXNBAGAME-25OCT22MINPOR-MIN,KXNBAGAME-25OCT22MINPOR,Minnesota vs Portland Winner?,,2025-10-19T22:41:00Z,2025-10-23T06:29:47.781837Z,2025-10-23T06:39:07.984244Z,yes,1.0000,4475182.00,0.9900,0.0000,0.0000
KXNBAGAME-25OCT23OKCIND-OKC,KXNBAGAME-25OCT23OKCIND,Oklahoma City vs Indiana Winner?,,2025-10-21T21:50:00Z,2025-10-24T03:09:59.121008Z,2025-10-24T03:19:59.697654Z,yes,1.0000,7878572.00,0.9900,0.0000,0.0000
KXNBAGAME-25OCT23OKCIND-IND,KXNBAGAME-25OCT23OKCIND,Oklahoma City vs Indiana Winner?,,2025-10-21T21:50:00Z,2025-10-24T03:09:59.121008Z,2025-10-24T03:19:59.697654Z,no,0.0000,7230759.00,0.0100,0.0000,0.0000
KXNBAGAME-25OCT23DENGSW-GSW,KXNBAGAME-25OCT23DENGSW,Denver vs Golden State Winner?,,2025-10-21T21:50:00Z,2025-10-24T05:04:43.838283Z,2025-10-24T05:14:03.868563Z,yes,1.0000,10262593.00,0.9900,0.0000,0.0000
KXNBAGAME-25OCT23DENGSW-DEN,KXNBAGAME-25OCT23DENGSW,Denver vs Golden State Winner?,,2025-10-21T21:50:00Z,2025-10-24T05:04:43.838283Z,2025-10-24T05:14:03.868563Z,no,0.0000,7412539.00,0.0100,0.0000,0.0000
KXNBAGAME-25OCT24MILTOR-TOR,KXNBAGAME-25OCT24MILTOR,Milwaukee vs Toronto Winner?,,2025-10-23T08:40:00Z,2025-10-25T01:35:58.693331Z,2025-10-25T01:45:18.441965Z,no,0.0000,2821177.00,0.0100,0.0000,0.0000
KXNBAGAME-25OCT24MILTOR-MIL,KXNBAGAME-25OCT24MILTOR,Milwaukee vs Toronto Winner?,,2025-10-23T08:40:00Z,2025-10-25T01:35:58.693331Z,2025-10-25T01:45:18.441965Z,yes,1.0000,4197163.00,0.9900,0.0000,0.0000
KXNBAGAME-25OCT24ATLORL-ORL,KXNBAGAME-25OCT24ATLORL,Atlanta vs Orlando Winner?,,2025-10-23T08:40:00Z,2025-10-25T01:51:26.695989Z,2025-10-25T02:00:46.392219Z,no,0.0000,1953716.00,0.0100,0.0000,0.0000
KXNBAGAME-25OCT24ATLORL-ATL,KXNBAGAME-25OCT24ATLORL,Atlanta vs Orlando Winner?,,2025-10-23T08:40:00Z,2025-10-25T01:51:26.695989Z,2025-10-25T02:00:46.392219Z,yes,1.0000,2864326.00,0.9900,0.0000,0.0000
KXNBAGAME-25OCT24BOSNYK-NYK,KXNBAGAME-25OCT24BOSNYK,Boston vs New York Winner?,,2025-10-23T08:40:00Z,2025-10-25T02:26:25.973002Z,2025-10-25T02:35:46.382533Z,yes,1.0000,1706125.00,0.9900,0.0000,0.0000
KXNBAGAME-25OCT24BOSNYK-BOS,KXNBAGAME-25OCT24BOSNYK,Boston vs New York Winner?,,2025-10-23T08:40:00Z,2025-10-25T02:26:25.973002Z,2025-10-25T02:35:46.382533Z,no,0.0000,1913363.00,0.0100,0.0000,0.0000
KXNBAGAME-25OCT24MIAMEM-MIA,KXNBAGAME-25OCT24MIAMEM,Miami vs Memphis Winner?,,2025-10-23T08:40:00Z,2025-10-25T02:46:47.078156Z,2025-10-25T02:56:07.265605Z,yes,1.0000,416409.00,0.9900,0.0000,0.0000
KXNBAGAME-25OCT24MIAMEM-MEM,KXNBAGAME-25OCT24MIAMEM,Miami vs Memphis Winner?,,2025-10-23T08:40:00Z,2025-10-25T02:46:47.078156Z,2025-10-25T02:56:07.265605Z,no,0.0000,466814.00,0.0100,0.0000,0.0000
KXNBAGAME-25OCT24CLEBKN-CLE,KXNBAGAME-25OCT24CLEBKN,Cleveland vs Brooklyn Winner?,,2025-10-23T08:40:00Z,2025-10-25T02:46:58.843658Z,2025-10-25T02:56:18.312676Z,yes,1.0000,914711.00,0.9900,0.0000,0.0000
KXNBAGAME-25OCT24CLEBKN-BKN,KXNBAGAME-25OCT24CLEBKN,Cleveland vs Brooklyn Winner?,,2025-10-23T08:40:00Z,2025-10-25T02:46:58.843658Z,2025-10-25T02:56:18.312676Z,no,0.0000,1694905.00,0.0100,0.0000,0.0000
KXNBAGAME-25OCT24DETHOU-HOU,KXNBAGAME-25OCT24DETHOU,Detroit vs Houston Winner?,,2025-10-23T08:40:00Z,2025-10-25T03:17:11.890996Z,2025-10-25T03:26:32.365017Z,no,0.0000,2308478.00,0.0100,0.0000,0.0000
KXNBAGAME-25OCT24DETHOU-DET,KXNBAGAME-25OCT24DETHOU,Detroit vs Houston Winner?,,2025-10-23T08:40:00Z,2025-10-25T03:17:11.890996Z,2025-10-25T03:26:32.365017Z,yes,1.0000,2051891.00,0.9900,0.0000,0.0000
KXNBAGAME-25OCT24SASNOP-SAS,KXNBAGAME-25OCT24SASNOP,San Antonio vs New Orleans Winner?,,2025-10-23T08:40:00Z,2025-10-25T03:32:12.04265Z,2025-10-25T03:42:17.647708Z,yes,1.0000,3858535.00,0.9900,0.0000,0.0000
KXNBAGAME-25OCT24SASNOP-NOP,KXNBAGAME-25OCT24SASNOP,San Antonio vs New Orleans Winner?,,2025-10-23T08:40:00Z,2025-10-25T03:32:12.04265Z,2025-10-25T03:42:17.647708Z,no,0.0000,1928858.00,0.0100,0.0000,0.0000
KXNBAGAME-25OCT24WASDAL-WAS,KXNBAGAME-25OCT24WASDAL,Washington vs Dallas Winner?,,2025-10-23T08:40:00Z,2025-10-25T03:36:16.124126Z,2025-10-25T03:45:36.514234Z,yes,1.0000,1569952.00,0.9900,0.0000,0.0000
KXNBAGAME-25OCT24WASDAL-DAL,KXNBAGAME-25OCT24WASDAL,Washington vs Dallas Winner?,,2025-10-23T08:40:00Z,2025-10-25T03:36:16.124126Z,2025-10-25T03:45:36.514234Z,no,0.0000,2252969.00,0.0100,0.0000,0.0000
KXNBAGAME-25OCT24GSWPOR-POR,KXNBAGAME-25OCT24GSWPOR,Golden State vs Portland Winner?,,2025-10-23T08:40:00Z,2025-10-25T04:52:05.768602Z,2025-10-25T05:08:48.483149Z,yes,1.0000,2038564.00,0.9900,0.0000,0.0000
KXNBAGAME-25OCT24GSWPOR-GSW,KXNBAGAME-25OCT24GSWPOR,Golden State vs Portland Winner?,,2025-10-23T08:40:00Z,2025-10-25T04:52:05.768602Z,2025-10-25T05:08:48.483149Z,no,0.0000,7051307.00,0.0100,0.0000,0.0000
KXNBAGAME-25OCT24UTASAC-UTA,KXNBAGAME-25OCT24UTASAC,Utah vs Sacramento Winner?,,2025-10-23T08:40:00Z,2025-10-25T04:56:19.26832Z,2025-10-25T05:09:12.376973Z,no,0.0000,2495950.00,0.0100,0.0000,0.0000
KXNBAGAME-25OCT24UTASAC-SAC,KXNBAGAME-25OCT24UTASAC,Utah vs Sacramento Winner?,,2025-10-23T08:40:00Z,2025-10-25T04:56:19.26832Z,2025-10-25T05:09:12.376973Z,yes,1.0000,1885386.00,0.9900,0.0000,0.0000
KXNBAGAME-25OCT24MINLAL-MIN,KXNBAGAME-25OCT24MINLAL,Minnesota vs Los Angeles L Winner?,,2025-10-23T08:40:00Z,2025-10-25T05:06:50.219976Z,2025-10-25T05:16:10.420238Z,no,0.0000,3790509.00,0.0100,0.0000,0.0000
KXNBAGAME-25OCT24MINLAL-LAL,KXNBAGAME-25OCT24MINLAL,Minnesota vs Los Angeles L Winner?,,2025-10-23T08:40:00Z,2025-10-25T05:06:50.219976Z,2025-10-25T05:16:10.420238Z,yes,1.0000,2663759.00,0.9900,0.0000,0.0000
KXNBAGAME-25OCT24PHXLAC-PHX,KXNBAGAME-25OCT24PHXLAC,Phoenix vs Los Angeles C Winner?,,2025-10-23T08:40:00Z,2025-10-25T05:32:32.679611Z,2025-10-25T05:50:02.921477Z,no,0.0000,2456185.00,0.0100,0.0000,0.0000
KXNBAGAME-25OCT24PHXLAC-LAC,KXNBAGAME-25OCT24PHXLAC,Phoenix vs Los Angeles C Winner?,,2025-10-23T08:40:00Z,2025-10-25T05:32:32.679611Z,2025-10-25T05:50:02.921477Z,yes,1.0000,741913.00,0.9900,0.0000,0.0000
KXNBAGAME-25OCT25CHIORL-ORL,KXNBAGAME-25OCT25CHIORL,Chicago vs Orlando Winner?,,2025-10-24T05:51:00Z,2025-10-26T01:58:53.195366Z,2025-10-26T02:08:13.91472Z,no,0.0000,1409215.00,0.0100,0.0000,0.0000
KXNBAGAME-25OCT25CHIORL-CHI,KXNBAGAME-25OCT25CHIORL,Chicago vs Orlando Winner?,,2025-10-24T05:51:00Z,2025-10-26T01:58:53.195366Z,2025-10-26T02:08:13.91472Z,yes,1.0000,1663937.00,0.9900,0.0000,0.0000
KXNBAGAME-25OCT25OKCATL-OKC,KXNBAGAME-25OCT25OKCATL,Oklahoma City vs Atlanta Winner?,,2025-10-24T05:51:00Z,2025-10-26T02:02:12.762059Z,2025-10-26T02:11:32.872174Z,yes,1.0000,940139.00,0.9900,0.0000,0.0000
KXNBAGAME-25OCT25OKCATL-ATL,KXNBAGAME-25OCT25OKCATL,Oklahoma City vs Atlanta Winner?,,2025-10-24T05:51:00Z,2025-10-26T02:02:12.762059Z,2025-10-26T02:11:32.872174Z,no,0.0000,854264.00,0.0100,0.0000,0.0000
KXNBAGAME-25OCT25INDMEM-MEM,KXNBAGAME-25OCT25INDMEM,Indiana vs Memphis Winner?,,2025-10-24T05:51:00Z,2025-10-26T02:42:30.464754Z,2025-10-26T02:51:52.062764Z,yes,1.0000,665447.00,0.9900,0.0000,0.0000
KXNBAGAME-25OCT25INDMEM-IND,KXNBAGAME-25OCT25INDMEM,Indiana vs Memphis Winner?,,2025-10-24T05:51:00Z,2025-10-26T02:42:30.464754Z,2025-10-26T02:51:52.062764Z,no,0.0000,1360804.00,0.0100,0.0000,0.0000
KXNBAGAME-25OCT25CHAPHI-PHI,KXNBAGAME-25OCT25CHAPHI,Charlotte vs Philadelphia Winner?,,2025-10-24T05:51:00Z,2025-10-26T02:45:06.551199Z,2025-10-26T02:54:26.883821Z,yes,1.0000,1930209.00,0.9900,0.0000,0.0000
KXNBAGAME-25OCT25CHAPHI-CHA,KXNBAGAME-25OCT25CHAPHI,Charlotte vs Philadelphia Winner?,,2025-10-24T05:51:00Z,2025-10-26T02:45:06.551199Z,2025-10-26T02:54:26.883821Z,no,0.0000,1313865.00,0.0100,0.0000,0.0000
KXNBAGAME-25OCT25PHXDEN-PHX,KXNBAGAME-25OCT25PHXDEN,Phoenix vs Denver Winner?,,2025-10-24T05:51:00Z,2025-10-26T04:17:22.4608Z,2025-10-26T04:26:43.078324Z,no,0.0000,1412668.00,0.0100,0.0000,0.0000
KXNBAGAME-25OCT25PHXDEN-DEN,KXNBAGAME-25OCT25PHXDEN,Phoenix vs Denver Winner?,,2025-10-24T05:51:00Z,2025-10-26T04:17:22.4608Z,2025-10-26T04:26:43.078324Z,yes,1.0000,514429.00,0.9900,0.0000,0.0000
KXNBAGAME-25OCT26BKNSAS-SAS,KXNBAGAME-25OCT26BKNSAS,Brooklyn vs San Antonio Winner?,,2025-10-24T11:06:00Z,2025-10-26T20:56:05.13102Z,2025-10-26T21:05:25.491338Z,yes,1.0000,1186645.00,0.9900,0.0000,0.0000
KXNBAGAME-25OCT26BKNSAS-BKN,KXNBAGAME-25OCT26BKNSAS,Brooklyn vs San Antonio Winner?,,2025-10-24T11:06:00Z,2025-10-26T20:56:05.13102Z,2025-10-26T21:05:25.491338Z,no,0.0000,1632785.00,0.0100,0.0000,0.0000
KXNBAGAME-25OCT26BOSDET-DET,KXNBAGAME-25OCT26BOSDET,Boston vs Detroit Winner?,,2025-10-24T17:06:00Z,2025-10-26T22:47:48.326872Z,2025-10-26T23:03:54.804023Z,yes,1.0000,1999215.00,0.9900,0.0000,0.0000
KXNBAGAME-25OCT26BOSDET-BOS,KXNBAGAME-25OCT26BOSDET,Boston vs Detroit Winner?,,2025-10-24T17:06:00Z,2025-10-26T22:47:48.326872Z,2025-10-26T23:03:54.804023Z,no,0.0000,2974954.00,0.0100,0.0000,0.0000
KXNBAGAME-25OCT26CHAWAS-WAS,KXNBAGAME-25OCT26CHAWAS,Charlotte vs Washington Winner?,,2025-10-24T17:06:00Z,2025-10-27T01:05:38.783368Z,2025-10-27T01:14:59.47063Z,no,0.0000,946736.00,0.0100,0.0000,0.0000
KXNBAGAME-25OCT26CHAWAS-CHA,KXNBAGAME-25OCT26CHAWAS,Charlotte vs Washington Winner?,,2025-10-24T17:06:00Z,2025-10-27T01:05:38.783368Z,2025-10-27T01:14:59.47063Z,yes,1.0000,1316511.00,0.9900,0.0000,0.0000
KXNBAGAME-25OCT26NYKMIA-NYK,KXNBAGAME-25OCT26NYKMIA,New York vs Miami Winner?,,2025-10-24T17:06:00Z,2025-10-27T01:10:25.980116Z,2025-10-27T01:19:46.548559Z,no,0.0000,3005272.00,0.0100,0.0000,0.0000
KXNBAGAME-25OCT26NYKMIA-MIA,KXNBAGAME-25OCT26NYKMIA,New York vs Miami Winner?,,2025-10-24T17:06:00Z,2025-10-27T01:10:25.980116Z,2025-10-27T01:19:46.548559Z,yes,1.0000,1681386.00,0.9900,0.0000,0.0000
KXNBAGAME-25OCT26MILCLE-MIL,KXNBAGAME-25OCT26MILCLE,Milwaukee vs Cleveland Winner?,,2025-10-24T17:06:00Z,2025-10-27T01:15:49.415991Z,2025-10-27T01:25:09.58523Z,no,0.0000,4507684.00,0.0100,0.0000,0.0000
KXNBAGAME-25OCT26MILCLE-CLE,KXNBAGAME-25OCT26MILCLE,Milwaukee vs Cleveland Winner?,,2025-10-24T17:06:00Z,2025-10-27T01:15:49.415991Z,2025-10-27T01:25:09.58523Z,yes,1.0000,1356436.00,0.9900,0.0000,0.0000
KXNBAGAME-25OCT26INDMIN-MIN,KXNBAGAME-25OCT26INDMIN,Indiana vs Minnesota Winner?,,2025-10-24T17:06:00Z,2025-10-27T02:00:18.338426Z,2025-10-27T02:09:38.552409Z,yes,1.0000,1464565.00,0.9900,0.0000,0.0000
KXNBAGAME-25OCT26INDMIN-IND,KXNBAGAME-25OCT26INDMIN,Indiana vs Minnesota Winner?,,2025-10-24T17:06:00Z,2025-10-27T02:00:18.338426Z,2025-10-27T02:09:38.552409Z,no,0.0000,2928777.00,0.0100,0.0000,0.0000
KXNBAGAME-25OCT26TORDAL-TOR,KXNBAGAME-25OCT26TORDAL,Toronto vs Dallas Winner?,,2025-10-24T17:06:00Z,2025-10-27T02:20:14.497963Z,2025-10-27T02:29:34.401565Z,no,0.0000,1615190.00,0.0100,0.0000,0.0000
KXNBAGAME-25OCT26TORDAL-DAL,KXNBAGAME-25OCT26TORDAL,Toronto vs Dallas Winner?,,2025-10-24T17:06:00Z,2025-10-27T02:20:14.497963Z,2025-10-27T02:29:34.401565Z,yes,1.0000,1744208.00,0.9900,0.0000,0.0000
KXNBAGAME-25OCT26PORLAC-POR,KXNBAGAME-25OCT26PORLAC,Portland vs Los Angeles C Winner?,,2025-10-24T17:07:00Z,2025-10-27T03:50:21.753289Z,2025-10-27T03:59:41.589922Z,no,0.0000,2536916.00,0.0100,0.0000,0.0000
KXNBAGAME-25OCT26PORLAC-LAC,KXNBAGAME-25OCT26PORLAC,Portland vs Los Angeles C Winner?,,2025-10-24T17:07:00Z,2025-10-27T03:50:21.753289Z,2025-10-27T03:59:41.589922Z,yes,1.0000,1297687.00,0.9900,0.0000,0.0000
KXNBAGAME-25OCT26LALSAC-SAC,KXNBAGAME-25OCT26LALSAC,Los Angeles L vs Sacramento Winner?,,2025-10-24T17:07:00Z,2025-10-27T04:00:33.538795Z,2025-10-27T04:09:53.690744Z,no,0.0000,3507661.00,0.0100,0.0000,0.0000
KXNBAGAME-25OCT26LALSAC-LAL,KXNBAGAME-25OCT26LALSAC,Los Angeles L vs Sacramento Winner?,,2025-10-24T17:07:00Z,2025-10-27T04:00:33.538795Z,2025-10-27T04:09:53.690744Z,yes,1.0000,4602546.00,0.9900,0.0000,0.0000
KXNBAGAME-25OCT27CLEDET-DET,KXNBAGAME-25OCT27CLEDET,Cleveland vs Detroit Winner?,,2025-10-25T20:12:00Z,2025-10-28T01:56:59.800691Z,2025-10-28T02:06:19.509644Z,no,0.0000,1296493.00,0.0100,0.0000,0.0000
KXNBAGAME-25OCT27CLEDET-CLE,KXNBAGAME-25OCT27CLEDET,Cleveland vs Detroit Winner?,,2025-10-25T20:12:00Z,2025-10-28T01:56:59.800691Z,2025-10-28T02:06:19.509644Z,yes,1.0000,1679148.00,0.9900,0.0000,0.0000
KXNBAGAME-25OCT27ORLPHI-PHI,KXNBAGAME-25OCT27ORLPHI,Orlando vs Philadelphia Winner?,,2025-10-25T20:12:00Z,2025-10-28T02:01:36.270587Z,2025-10-28T02:10:56.563244Z,yes,1.0000,3699876.00,0.9900,0.0000,0.0000
KXNBAGAME-25OCT27ORLPHI-ORL,KXNBAGAME-25OCT27ORLPHI,Orlando vs Philadelphia Winner?,,2025-10-25T20:12:00Z,2025-10-28T02:01:36.270587Z,2025-10-28T02:10:56.563244Z,no,0.0000,2804542.00,0.0100,0.0000,0.0000
KXNBAGAME-25OCT27ATLCHI-CHI,KXNBAGAME-25OCT27ATLCHI,Atlanta vs Chicago Winner?,,2025-10-25T20:12:00Z,2025-10-28T02:32:53.678531Z,2025-10-28T02:42:13.475286Z,yes,1.0000,1984131.00,0.9900,0.0000,0.0000
KXNBAGAME-25OCT27ATLCHI-ATL,KXNBAGAME-25OCT27ATLCHI,Atlanta vs Chicago Winner?,,2025-10-25T20:12:00Z,2025-10-28T02:32:53.678531Z,2025-10-28T02:42:13.475286Z,no,0.0000,1755932.00,0.0100,0.0000,0.0000
KXNBAGAME-25OCT27BOSNOP-NOP,KXNBAGAME-25OCT27BOSNOP,Boston vs New Orleans Winner?,,2025-10-25T20:12:00Z,2025-10-28T02:36:39.276157Z,2025-10-28T02:45:59.445995Z,no,0.0000,958973.00,0.0100,0.0000,0.0000
KXNBAGAME-25OCT27BOSNOP-BOS,KXNBAGAME-25OCT27BOSNOP,Boston vs New Orleans Winner?,,2025-10-25T20:12:00Z,2025-10-28T02:36:39.276157Z,2025-10-28T02:45:59.445995Z,yes,1.0000,848704.00,0.9900,0.0000,0.0000
KXNBAGAME-25OCT27TORSAS-TOR,KXNBAGAME-25OCT27TORSAS,Toronto vs San Antonio Winner?,,2025-10-25T20:12:00Z,2025-10-28T02:51:53.720203Z,2025-10-28T03:01:14.475111Z,no,0.0000,677165.00,0.0100,0.0000,0.0000
KXNBAGAME-25OCT27TORSAS-SAS,KXNBAGAME-25OCT27TORSAS,Toronto vs San Antonio Winner?,,2025-10-25T20:12:00Z,2025-10-28T02:51:53.720203Z,2025-10-28T03:01:14.475111Z,yes,1.0000,1619589.00,0.9900,0.0000,0.0000
KXNBAGAME-25OCT27BKNHOU-HOU,KXNBAGAME-25OCT27BKNHOU,Brooklyn vs Houston Winner?,,2025-10-25T20:12:00Z,2025-10-28T02:57:04.013551Z,2025-10-28T03:06:24.453214Z,yes,1.0000,313012.00,0.9900,0.0000,0.0000
KXNBAGAME-25OCT27BKNHOU-BKN,KXNBAGAME-25OCT27BKNHOU,Brooklyn vs Houston Winner?,,2025-10-25T20:12:00Z,2025-10-28T02:57:04.013551Z,2025-10-28T03:06:24.453214Z,no,0.0000,1749600.00,0.0100,0.0000,0.0000
KXNBAGAME-25OCT27OKCDAL-OKC,KXNBAGAME-25OCT27OKCDAL,Oklahoma City vs Dallas Winner?,,2025-10-25T20:12:00Z,2025-10-28T03:07:37.635614Z,2025-10-28T03:16:57.679509Z,yes,1.0000,890977.00,0.9900,0.0000,0.0000
KXNBAGAME-25OCT27OKCDAL-DAL,KXNBAGAME-25OCT27OKCDAL,Oklahoma City vs Dallas Winner?,,2025-10-25T20:12:00Z,2025-10-28T03:07:37.635614Z,2025-10-28T03:16:57.679509Z,no,0.0000,1595876.00,0.0100,0.0000,0.0000
KXNBAGAME-25OCT27PHXUTA-UTA,KXNBAGAME-25OCT27PHXUTA,Phoenix vs Utah Winner?,,2025-10-25T20:12:00Z,2025-10-28T04:11:39.556095Z,2025-10-28T04:20:59.520216Z,yes,1.0000,2919685.00,0.9900,0.0000,0.0000
KXNBAGAME-25OCT27PHXUTA-PHX,KXNBAGAME-25OCT27PHXUTA,Phoenix vs Utah Winner?,,2025-10-25T20:12:00Z,2025-10-28T04:11:39.556095Z,2025-10-28T04:20:59.520216Z,no,0.0000,2700456.00,0.0100,0.0000,0.0000
KXNBAGAME-25OCT27DENMIN-MIN,KXNBAGAME-25OCT27DENMIN,Denver vs Minnesota Winner?,,2025-10-25T20:12:00Z,2025-10-28T04:21:44.327508Z,2025-10-28T04:31:04.526994Z,no,0.0000,1966716.00,0.0100,0.0000,0.0000
KXNBAGAME-25OCT27DENMIN-DEN,KXNBAGAME-25OCT27DENMIN,Denver vs Minnesota Winner?,,2025-10-25T20:12:00Z,2025-10-28T04:21:44.327508Z,2025-10-28T04:31:04.526994Z,yes,1.0000,2742156.00,0.9900,0.0000,0.0000
KXNBAGAME-25OCT27MEMGSW-MEM,KXNBAGAME-25OCT27MEMGSW,Memphis vs Golden State Winner?,,2025-10-25T20:12:00Z,2025-10-28T04:55:29.665314Z,2025-10-28T05:04:49.349732Z,no,0.0000,1445131.00,0.0100,0.0000,0.0000
KXNBAGAME-25OCT27MEMGSW-GSW,KXNBAGAME-25OCT27MEMGSW,Memphis vs Golden State Winner?,,2025-10-25T20:12:00Z,2025-10-28T04:55:29.665314Z,2025-10-28T05:04:49.349732Z,yes,1.0000,1151094.00,0.9900,0.0000,0.0000
KXNBAGAME-25OCT27PORLAL-POR,KXNBAGAME-25OCT27PORLAL,Portland vs Los Angeles L Winner?,,2025-10-25T20:12:00Z,2025-10-28T05:15:51.580998Z,2025-10-28T05:25:11.433471Z,yes,1.0000,1675252.00,0.9900,0.0000,0.0000
KXNBAGAME-25OCT27PORLAL-LAL,KXNBAGAME-25OCT27PORLAL,Portland vs Los Angeles L Winner?,,2025-10-25T20:12:00Z,2025-10-28T05:15:51.580998Z,2025-10-28T05:25:11.433471Z,no,0.0000,3157865.00,0.0100,0.0000,0.0000
KXNBAGAME-25OCT28PHIWAS-WAS,KXNBAGAME-25OCT28PHIWAS,Philadelphia vs Washington Winner?,,2025-10-26T17:07:00Z,2025-10-29T02:05:58.457868Z,2025-10-29T02:15:18.792283Z,no,0.0000,3809275.00,0.0100,0.0000,0.0000
KXNBAGAME-25OCT28PHIWAS-PHI,KXNBAGAME-25OCT28PHIWAS,Philadelphia vs Washington Winner?,,2025-10-26T17:07:00Z,2025-10-29T02:05:58.457868Z,2025-10-29T02:15:18.792283Z,yes,1.0000,8661745.00,0.9900,0.0000,0.0000
KXNBAGAME-25OCT28CHAMIA-MIA,KXNBAGAME-25OCT28CHAMIA,Charlotte vs Miami Winner?,,2025-10-26T17:07:00Z,2025-10-29T02:16:07.727527Z,2025-10-29T02:25:27.625562Z,yes,1.0000,1143739.00,0.9900,0.0000,0.0000
KXNBAGAME-25OCT28CHAMIA-CHA,KXNBAGAME-25OCT28CHAMIA,Charlotte vs Miami Winner?,,2025-10-26T17:07:00Z,2025-10-29T02:16:07.727527Z,2025-10-29T02:25:27.625562Z,no,0.0000,1774937.00,0.0100,0.0000,0.0000
KXNBAGAME-25OCT28SACOKC-SAC,KXNBAGAME-25OCT28SACOKC,Sacramento vs Oklahoma City Winner?,,2025-10-26T17:07:00Z,2025-10-29T02:30:11.030265Z,2025-10-29T02:39:31.685555Z,no,0.0000,2680607.00,0.0100,0.0000,0.0000
KXNBAGAME-25OCT28SACOKC-OKC,KXNBAGAME-25OCT28SACOKC,Sacramento vs Oklahoma City Winner?,,2025-10-26T17:07:00Z,2025-10-29T02:30:11.030265Z,2025-10-29T02:39:31.685555Z,yes,1.0000,3777588.00,0.9900,0.0000,0.0000
KXNBAGAME-25OCT28NYKMIL-NYK,KXNBAGAME-25OCT28NYKMIL,New York vs Milwaukee Winner?,,2025-10-26T17:07:00Z,2025-10-29T03:00:08.111465Z,2025-10-29T03:09:28.695255Z,no,0.0000,2990400.00,0.0100,0.0000,0.0000
KXNBAGAME-25OCT28NYKMIL-MIL,KXNBAGAME-25OCT28NYKMIL,New York vs Milwaukee Winner?,,2025-10-26T17:07:00Z,2025-10-29T03:00:08.111465Z,2025-10-29T03:09:28.695255Z,yes,1.0000,2861735.00,0.9900,0.0000,0.0000
KXNBAGAME-25OCT28LACGSW-LAC,KXNBAGAME-25OCT28LACGSW,Los Angeles C vs Golden State Winner?,,2025-10-26T20:08:00Z,2025-10-29T05:39:48.076391Z,2025-10-29T05:49:09.403495Z,no,0.0000,4887287.00,0.0100,0.0000,0.0000
KXNBAGAME-25OCT28LACGSW-GSW,KXNBAGAME-25OCT28LACGSW,Los Angeles C vs Golden State Winner?,,2025-10-26T20:08:00Z,2025-10-29T05:39:48.076391Z,2025-10-29T05:49:09.403495Z,yes,1.0000,8293173.00,0.9900,0.0000,0.0000
KXNBAGAME-25OCT29HOUTOR-TOR,KXNBAGAME-25OCT29HOUTOR,Houston vs Toronto Winner?,,2025-10-27T17:07:00Z,2025-10-30T01:15:26.096347Z,2025-10-30T01:24:47.269059Z,no,0.0000,2225057.00,0.0100,0.0000,0.0000
KXNBAGAME-25OCT29HOUTOR-HOU,KXNBAGAME-25OCT29HOUTOR,Houston vs Toronto Winner?,,2025-10-27T17:07:00Z,2025-10-30T01:15:26.096347Z,2025-10-30T01:24:47.269059Z,yes,1.0000,2442884.00,0.9900,0.0000,0.0000
KXNBAGAME-25OCT29CLEBOS-CLE,KXNBAGAME-25OCT29CLEBOS,Cleveland vs Boston Winner?,,2025-10-27T17:07:00Z,2025-10-30T01:55:10.265996Z,2025-10-30T02:04:31.311433Z,no,0.0000,4767966.00,0.0100,0.0000,0.0000
KXNBAGAME-25OCT29CLEBOS-BOS,KXNBAGAME-25OCT29CLEBOS,Cleveland vs Boston Winner?,,2025-10-27T17:07:00Z,2025-10-30T01:55:10.265996Z,2025-10-30T02:04:31.311433Z,yes,1.0000,3403603.00,0.9900,0.0000,0.0000
KXNBAGAME-25OCT29ORLDET-ORL,KXNBAGAME-25OCT29ORLDET,Orlando vs Detroit Winner?,,2025-10-27T17:07:00Z,2025-10-30T02:15:17.063098Z,2025-10-30T02:24:38.200053Z,no,0.0000,1464986.00,0.0100,0.0000,0.0000
KXNBAGAME-25OCT29ORLDET-DET,KXNBAGAME-25OCT29ORLDET,Orlando vs Detroit Winner?,,2025-10-27T17:07:00Z,2025-10-30T02:15:17.063098Z,2025-10-30T02:24:38.200053Z,yes,1.0000,1983285.00,0.9900,0.0000,0.0000
KXNBAGAME-25OCT29ATLBKN-BKN,KXNBAGAME-25OCT29ATLBKN,Atlanta vs Brooklyn Winner?,,2025-10-27T17:07:00Z,2025-10-30T02:20:11.100778Z,2025-10-30T02:29:32.183822Z,no,0.0000,1769729.00,0.0100,0.0000,0.0000
KXNBAGAME-25OCT29ATLBKN-ATL,KXNBAGAME-25OCT29ATLBKN,Atlanta vs Brooklyn Winner?,,2025-10-27T17:07:00Z,2025-10-30T02:20:11.100778Z,2025-10-30T02:29:32.183822Z,yes,1.0000,1406620.00,0.9900,0.0000,0.0000
KXNBAGAME-25OCT29SACCHI-SAC,KXNBAGAME-25OCT29SACCHI,Sacramento vs Chicago Winner?,,2025-10-27T17:07:00Z,2025-10-30T02:35:00.694688Z,2025-10-30T02:44:21.214093Z,no,0.0000,2007549.00,0.0100,0.0000,0.0000
KXNBAGAME-25OCT29SACCHI-CHI,KXNBAGAME-25OCT29SACCHI,Sacramento vs Chicago Winner?,,2025-10-27T17:07:00Z,2025-10-30T02:35:00.694688Z,2025-10-30T02:44:21.214093Z,yes,1.0000,1386979.00,0.9900,0.0000,0.0000
KXNBAGAME-25OCT29INDDAL-IND,KXNBAGAME-25OCT29INDDAL,Indiana vs Dallas Winner?,,2025-10-27T17:07:00Z,2025-10-30T03:24:59.12102Z,2025-10-30T03:34:20.292896Z,no,0.0000,2626647.00,0.0100,0.0000,0.0000
KXNBAGAME-25OCT29INDDAL-DAL,KXNBAGAME-25OCT29INDDAL,Indiana vs Dallas Winner?,,2025-10-27T17:07:00Z,2025-10-30T03:24:59.12102Z,2025-10-30T03:34:20.292896Z,yes,1.0000,3700181.00,0.9900,0.0000,0.0000
KXNBAGAME-25OCT29NOPDEN-NOP,KXNBAGAME-25OCT29NOPDEN,New Orleans vs Denver Winner?,,2025-10-27T17:07:00Z,2025-10-30T03:34:57.195666Z,2025-10-30T03:44:18.151664Z,no,0.0000,727100.00,0.0100,0.0000,0.0000
KXNBAGAME-25OCT29NOPDEN-DEN,KXNBAGAME-25OCT29NOPDEN,New Orleans vs Denver Winner?,,2025-10-27T17:07:00Z,2025-10-30T03:34:57.195666Z,2025-10-30T03:44:18.151664Z,yes,1.0000,660812.00,0.9900,0.0000,0.0000
KXNBAGAME-25OCT29PORUTA-UTA,KXNBAGAME-25OCT29PORUTA,Portland vs Utah Winner?,,2025-10-27T17:07:00Z,2025-10-30T04:04:56.243808Z,2025-10-30T04:14:17.208978Z,no,0.0000,2824078.00,0.0100,0.0000,0.0000
KXNBAGAME-25OCT29PORUTA-POR,KXNBAGAME-25OCT29PORUTA,Portland vs Utah Winner?,,2025-10-27T17:07:00Z,2025-10-30T04:04:56.243808Z,2025-10-30T04:14:17.208978Z,yes,1.0000,1734448.00,0.9900,0.0000,0.0000
KXNBAGAME-25OCT29LALMIN-MIN,KXNBAGAME-25OCT29LALMIN,Los Angeles L vs Minnesota Winner?,,2025-10-27T20:07:00Z,2025-10-30T04:19:54.089461Z,2025-10-30T04:29:15.332681Z,no,0.0000,4600596.00,0.0100,0.0000,0.0000
KXNBAGAME-25OCT29LALMIN-LAL,KXNBAGAME-25OCT29LALMIN,Los Angeles L vs Minnesota Winner?,,2025-10-27T20:07:00Z,2025-10-30T04:19:54.089461Z,2025-10-30T04:29:15.332681Z,yes,1.0000,6026906.00,0.9900,0.0000,0.0000
KXNBAGAME-25OCT29MEMPHX-PHX,KXNBAGAME-25OCT29MEMPHX,Memphis vs Phoenix Winner?,,2025-10-27T20:07:00Z,2025-10-30T04:39:45.623344Z,2025-10-30T04:49:06.283073Z,no,0.0000,3810330.00,0.0100,0.0000,0.0000
KXNBAGAME-25OCT29MEMPHX-MEM,KXNBAGAME-25OCT29MEMPHX,Memphis vs Phoenix Winner?,,2025-10-27T20:07:00Z,2025-10-30T04:39:45.623344Z,2025-10-30T04:49:06.283073Z,yes,1.0000,4836615.00,0.9900,0.0000,0.0000
KXNBAGAME-25OCT30ORLCHA-ORL,KXNBAGAME-25OCT30ORLCHA,Orlando vs Charlotte Winner?,,2025-10-28T17:06:00Z,2025-10-31T01:30:08.625258Z,2025-10-31T01:39:29.035183Z,yes,1.0000,2031264.00,0.9900,0.0000,0.0000
KXNBAGAME-25OCT30ORLCHA-CHA,KXNBAGAME-25OCT30ORLCHA,Orlando vs Charlotte Winner?,,2025-10-28T17:06:00Z,2025-10-31T01:30:08.625258Z,2025-10-31T01:39:29.035183Z,no,0.0000,2696063.00,0.0100,0.0000,0.0000
KXNBAGAME-25OCT30WASOKC-WAS,KXNBAGAME-25OCT30WASOKC,Washington vs Oklahoma City Winner?,,2025-10-28T17:06:00Z,2025-10-31T02:30:08.667107Z,2025-10-31T02:39:28.979709Z,no,0.0000,1817879.00,0.0100,0.0000,0.0000
KXNBAGAME-25OCT30WASOKC-OKC,KXNBAGAME-25OCT30WASOKC,Washington vs Oklahoma City Winner?,,2025-10-28T17:06:00Z,2025-10-31T02:30:08.667107Z,2025-10-31T02:39:28.979709Z,yes,1.0000,717108.00,0.9900,0.0000,0.0000
KXNBAGAME-25OCT30GSWMIL-MIL,KXNBAGAME-25OCT30GSWMIL,Golden State vs Milwaukee Winner?,,2025-10-28T17:06:00Z,2025-10-31T03:00:09.967816Z,2025-10-31T03:09:31.143869Z,yes,1.0000,4168523.00,0.9900,0.0000,0.0000
KXNBAGAME-25OCT30GSWMIL-GSW,KXNBAGAME-25OCT30GSWMIL,Golden State vs Milwaukee Winner?,,2025-10-28T17:06:00Z,2025-10-31T03:00:09.967816Z,2025-10-31T03:09:31.143869Z,no,0.0000,5211264.00,0.0100,0.0000,0.0000
KXNBAGAME-25OCT30MIASAS-SAS,KXNBAGAME-25OCT30MIASAS,Miami vs San Antonio Winner?,,2025-10-28T17:06:00Z,2025-10-31T03:09:54.128929Z,2025-10-31T03:19:15.078212Z,yes,1.0000,3314783.00,0.9900,0.0000,0.0000
KXNBAGAME-25OCT30MIASAS-MIA,KXNBAGAME-25OCT30MIASAS,Miami vs San Antonio Winner?,,2025-10-28T17:06:00Z,2025-10-31T03:09:54.128929Z,2025-10-31T03:19:15.078212Z,no,0.0000,3130755.00,0.0100,0.0000,0.0000
KXNBAGAME-25OCT31ATLIND-IND,KXNBAGAME-25OCT31ATLIND,Atlanta vs Indiana Winner?,,2025-10-29T17:06:00Z,2025-11-01T01:50:17.734932Z,2025-11-01T01:59:38.049488Z,no,0.0000,2275276.00,0.0100,0.0000,0.0000
KXNBAGAME-25OCT31ATLIND-ATL,KXNBAGAME-25OCT31ATLIND,Atlanta vs Indiana Winner?,,2025-10-29T17:06:00Z,2025-11-01T01:50:17.734932Z,2025-11-01T01:59:38.049488Z,yes,1.0000,1615267.00,0.9900,0.0000,0.0000
KXNBAGAME-25OCT31BOSPHI-PHI,KXNBAGAME-25OCT31BOSPHI,Boston vs Philadelphia Winner?,,2025-10-29T17:06:00Z,2025-11-01T02:00:28.851247Z,2025-11-01T02:09:49.174059Z,no,0.0000,7811196.00,0.0100,0.0000,0.0000
KXNBAGAME-25OCT31BOSPHI-BOS,KXNBAGAME-25OCT31BOSPHI,Boston vs Philadelphia Winner?,,2025-10-29T17:06:00Z,2025-11-01T02:00:28.851247Z,2025-11-01T02:09:49.174059Z,yes,1.0000,4321101.00,0.9900,0.0000,0.0000
KXNBAGAME-25OCT31TORCLE-TOR,KXNBAGAME-25OCT31TORCLE,Toronto vs Cleveland Winner?,,2025-10-29T17:06:00Z,2025-11-01T02:15:09.277464Z,2025-11-01T02:24:30.04716Z,yes,1.0000,2622916.00,0.9900,0.0000,0.0000
KXNBAGAME-25OCT31TORCLE-CLE,KXNBAGAME-25OCT31TORCLE,Toronto vs Cleveland Winner?,,2025-10-29T17:06:00Z,2025-11-01T02:15:09.277464Z,2025-11-01T02:24:30.04716Z,no,0.0000,2753633.00,0.0100,0.0000,0.0000
KXNBAGAME-25OCT31NYKCHI-NYK,KXNBAGAME-25OCT31NYKCHI,New York vs Chicago Winner?,,2025-10-29T17:06:00Z,2025-11-01T02:50:06.531383Z,2025-11-01T02:59:27.091841Z,no,0.0000,3081182.00,0.0100,0.0000,0.0000
KXNBAGAME-25OCT31NYKCHI-CHI,KXNBAGAME-25OCT31NYKCHI,New York vs Chicago Winner?,,2025-10-29T17:06:00Z,2025-11-01T02:50:06.531383Z,2025-11-01T02:59:27.091841Z,yes,1.0000,3465635.00,0.9900,0.0000,0.0000
KXNBAGAME-25OCT31LALMEM-MEM,KXNBAGAME-25OCT31LALMEM,Los Angeles L vs Memphis Winner?,,2025-10-29T19:12:00Z,2025-11-01T04:20:16.553297Z,2025-11-01T04:29:37.141381Z,no,0.0000,3436035.00,0.0100,0.0000,0.0000
KXNBAGAME-25OCT31LALMEM-LAL,KXNBAGAME-25OCT31LALMEM,Los Angeles L vs Memphis Winner?,,2025-10-29T19:12:00Z,2025-11-01T04:20:16.553297Z,2025-11-01T04:29:37.141381Z,yes,1.0000,6023112.00,0.9900,0.0000,0.0000
KXNBAGAME-25OCT31UTAPHX-UTA,KXNBAGAME-25OCT31UTAPHX,Utah vs Phoenix Winner?,,2025-10-29T19:12:00Z,2025-11-01T04:44:54.266804Z,2025-11-01T04:54:14.98901Z,no,0.0000,1432997.00,0.0100,0.0000,0.0000
KXNBAGAME-25OCT31UTAPHX-PHX,KXNBAGAME-25OCT31UTAPHX,Utah vs Phoenix Winner?,,2025-10-29T19:12:00Z,2025-11-01T04:44:54.266804Z,2025-11-01T04:54:14.98901Z,yes,1.0000,1105115.00,0.9900,0.0000,0.0000
KXNBAGAME-25OCT31DENPOR-POR,KXNBAGAME-25OCT31DENPOR,Denver vs Portland Winner?,,2025-10-29T19:12:00Z,2025-11-01T05:04:57.114621Z,2025-11-01T05:14:18.097573Z,yes,1.0000,4143022.00,0.9900,0.0000,0.0000
KXNBAGAME-25OCT31DENPOR-DEN,KXNBAGAME-25OCT31DENPOR,Denver vs Portland Winner?,,2025-10-29T19:12:00Z,2025-11-01T05:04:57.114621Z,2025-11-01T05:14:18.097573Z,no,0.0000,4377894.00,0.0100,0.0000,0.0000
KXNBAGAME-25OCT31NOPLAC-NOP,KXNBAGAME-25OCT31NOPLAC,New Orleans vs Los Angeles C Winner?,,2025-10-29T19:12:00Z,2025-11-01T05:09:51.414932Z,2025-11-01T05:19:12.045179Z,no,0.0000,3452799.00,0.0100,0.0000,0.0000
KXNBAGAME-25OCT31NOPLAC-LAC,KXNBAGAME-25OCT31NOPLAC,New Orleans vs Los Angeles C Winner?,,2025-10-29T19:12:00Z,2025-11-01T05:09:51.414932Z,2025-11-01T05:19:12.045179Z,yes,1.0000,2139443.00,0.9900,0.0000,0.0000
KXNBAGAME-25NOV01SACMIL-SAC,KXNBAGAME-25NOV01SACMIL,Sacramento vs Milwaukee Winner?,,2025-10-30T14:06:00Z,2025-11-02T00:05:33.881643Z,2025-11-02T00:14:54.074859Z,yes,1.0000,2584415.00,0.9900,0.0000,0.0000
KXNBAGAME-25NOV01SACMIL-MIL,KXNBAGAME-25NOV01SACMIL,Sacramento vs Milwaukee Winner?,,2025-10-30T14:06:00Z,2025-11-02T00:05:33.881643Z,2025-11-02T00:14:54.074859Z,no,0.0000,3716742.00,0.0100,0.0000,0.0000
KXNBAGAME-25NOV01MINCHA-MIN,KXNBAGAME-25NOV01MINCHA,Minnesota vs Charlotte Winner?,,2025-10-30T14:06:00Z,2025-11-02T00:45:15.522714Z,2025-11-02T00:54:35.994965Z,yes,1.0000,1262796.00,0.9900,0.0000,0.0000
KXNBAGAME-25NOV01MINCHA-CHA,KXNBAGAME-25NOV01MINCHA,Minnesota vs Charlotte Winner?,,2025-10-30T14:06:00Z,2025-11-02T00:45:15.522714Z,2025-11-02T00:54:35.994965Z,no,0.0000,1359145.00,0.0100,0.0000,0.0000
KXNBAGAME-25NOV01ORLWAS-WAS,KXNBAGAME-25NOV01ORLWAS,Orlando vs Washington Winner?,,2025-10-30T17:06:00Z,2025-11-02T01:30:17.770687Z,2025-11-02T01:39:37.959203Z,no,0.0000,631146.00,0.0100,0.0000,0.0000
KXNBAGAME-25NOV01ORLWAS-ORL,KXNBAGAME-25NOV01ORLWAS,Orlando vs Washington Winner?,,2025-10-30T17:06:00Z,2025-11-02T01:30:17.770687Z,2025-11-02T01:39:37.959203Z,yes,1.0000,242895.00,0.9900,0.0000,0.0000
KXNBAGAME-25NOV01GSWIND-IND,KXNBAGAME-25NOV01GSWIND,Golden State vs Indiana Winner?,,2025-10-30T17:06:00Z,2025-11-02T01:45:09.260227Z,2025-11-02T01:54:30.034183Z,yes,1.0000,2368978.00,0.9900,0.0000,0.0000
KXNBAGAME-25NOV01GSWIND-GSW,KXNBAGAME-25NOV01GSWIND,Golden State vs Indiana Winner?,,2025-10-30T17:06:00Z,2025-11-02T01:45:09.260227Z,2025-11-02T01:54:30.034183Z,no,0.0000,1815206.00,0.0100,0.0000,0.0000
KXNBAGAME-25NOV01HOUBOS-HOU,KXNBAGAME-25NOV01HOUBOS,Houston vs Boston Winner?,,2025-10-30T17:06:00Z,2025-11-02T02:30:11.596401Z,2025-11-02T02:39:31.999987Z,yes,1.0000,793395.00,0.9900,0.0000,0.0000
KXNBAGAME-25NOV01HOUBOS-BOS,KXNBAGAME-25NOV01HOUBOS,Houston vs Boston Winner?,,2025-10-30T17:06:00Z,2025-11-02T02:30:11.596401Z,2025-11-02T02:39:31.999987Z,no,0.0000,1521233.00,0.0100,0.0000,0.0000
KXNBAGAME-25NOV01DALDET-DET,KXNBAGAME-25NOV01DALDET,Dallas vs Detroit Winner?,,2025-10-30T20:06:00Z,2025-11-02T05:04:47.638836Z,2025-11-02T05:14:08.115309Z,yes,1.0000,2145980.00,0.9900,0.0000,0.0000
KXNBAGAME-25NOV01DALDET-DAL,KXNBAGAME-25NOV01DALDET,Dallas vs Detroit Winner?,,2025-10-30T20:06:00Z,2025-11-02T05:04:47.638836Z,2025-11-02T05:14:08.115309Z,no,0.0000,3650691.00,0.0100,0.0000,0.0000
KXNBAGAME-25NOV02NOPOKC-OKC,KXNBAGAME-25NOV02NOPOKC,New Orleans vs Oklahoma City Winner?,,2025-10-31T14:06:00Z,2025-11-02T23:11:13.267836Z,2025-11-02T23:20:34.004474Z,yes,1.0000,750776.00,0.9900,0.0000,0.0000
KXNBAGAME-25NOV02NOPOKC-NOP,KXNBAGAME-25NOV02NOPOKC,New Orleans vs Oklahoma City Winner?,,2025-10-31T14:06:00Z,2025-11-02T23:11:13.267836Z,2025-11-02T23:20:34.004474Z,no,0.0000,977507.00,0.0100,0.0000,0.0000
KXNBAGAME-25NOV02MEMTOR-TOR,KXNBAGAME-25NOV02MEMTOR,Memphis vs Toronto Winner?,,2025-10-31T17:06:00Z,2025-11-03T01:40:25.787557Z,2025-11-03T01:49:45.973684Z,yes,1.0000,653340.00,0.9900,0.0000,0.0000
KXNBAGAME-25NOV02MEMTOR-MEM,KXNBAGAME-25NOV02MEMTOR,Memphis vs Toronto Winner?,,2025-10-31T17:06:00Z,2025-11-03T01:40:25.787557Z,2025-11-03T01:49:45.973684Z,no,0.0000,827097.00,0.0100,0.0000,0.0000
KXNBAGAME-25NOV02PHIBKN-PHI,KXNBAGAME-25NOV02PHIBKN,Philadelphia vs Brooklyn Winner?,,2025-10-31T17:06:00Z,2025-11-03T01:40:25.971029Z,2025-11-03T01:49:50.101281Z,yes,1.0000,1746704.00,0.9900,0.0000,0.0000
KXNBAGAME-25NOV02PHIBKN-BKN,KXNBAGAME-25NOV02PHIBKN,Philadelphia vs Brooklyn Winner?,,2025-10-31T17:06:00Z,2025-11-03T01:40:25.971029Z,2025-11-03T01:49:50.101281Z,no,0.0000,877366.00,0.0100,0.0000,0.0000
KXNBAGAME-25NOV02UTACHA-UTA,KXNBAGAME-25NOV02UTACHA,Utah vs Charlotte Winner?,,2025-10-31T17:06:00Z,2025-11-03T01:50:21.314415Z,2025-11-03T01:59:41.925638Z,no,0.0000,825654.00,0.0100,0.0000,0.0000
KXNBAGAME-25NOV02UTACHA-CHA,KXNBAGAME-25NOV02UTACHA,Utah vs Charlotte Winner?,,2025-10-31T17:06:00Z,2025-11-03T01:50:21.314415Z,2025-11-03T01:59:41.925638Z,yes,1.0000,792051.00,0.9900,0.0000,0.0000
KXNBAGAME-25NOV02ATLCLE-CLE,KXNBAGAME-25NOV02ATLCLE,Atlanta vs Cleveland Winner?,,2025-10-31T17:06:00Z,2025-11-03T01:55:00.450971Z,2025-11-03T02:04:21.023271Z,yes,1.0000,1745241.00,0.9900,0.0000,0.0000
KXNBAGAME-25NOV02ATLCLE-ATL,KXNBAGAME-25NOV02ATLCLE,Atlanta vs Cleveland Winner?,,2025-10-31T17:06:00Z,2025-11-03T01:55:00.450971Z,2025-11-03T02:04:21.023271Z,no,0.0000,2300200.00,0.0100,0.0000,0.0000
KXNBAGAME-25NOV02CHINYK-NYK,KXNBAGAME-25NOV02CHINYK,Chicago vs New York K Winner?,,2025-10-31T17:06:00Z,2025-11-03T02:40:01.392695Z,2025-11-03T02:49:22.026951Z,yes,1.0000,1324676.00,0.9900,0.0000,0.0000
KXNBAGAME-25NOV02CHINYK-CHI,KXNBAGAME-25NOV02CHINYK,Chicago vs New York K Winner?,,2025-10-31T17:06:00Z,2025-11-03T02:40:01.392695Z,2025-11-03T02:49:22.026951Z,no,0.0000,3514815.00,0.0100,0.0000,0.0000
KXNBAGAME-25NOV02SASPHX-SAS,KXNBAGAME-25NOV02SASPHX,San Antonio vs Phoenix Winner?,,2025-10-31T17:06:00Z,2025-11-03T03:39:53.748952Z,2025-11-03T03:49:14.072649Z,no,0.0000,4494937.00,0.0100,0.0000,0.0000
KXNBAGAME-25NOV02SASPHX-PHX,KXNBAGAME-25NOV02SASPHX,San Antonio vs Phoenix Winner?,,2025-10-31T17:06:00Z,2025-11-03T03:39:53.748952Z,2025-11-03T03:49:14.072649Z,yes,1.0000,2823079.00,0.9900,0.0000,0.0000
KXNBAGAME-25NOV02MIALAL-MIA,KXNBAGAME-25NOV02MIALAL,Miami vs Los Angeles Winner?,,2025-10-31T20:06:00Z,2025-11-03T05:19:56.983983Z,2025-11-03T05:29:18.243358Z,no,0.0000,4139443.00,0.0100,0.0000,0.0000
KXNBAGAME-25NOV02MIALAL-LAL,KXNBAGAME-25NOV02MIALAL,Miami vs Los Angeles Winner?,,2025-10-31T20:06:00Z,2025-11-03T05:19:56.983983Z,2025-11-03T05:29:18.243358Z,yes,1.0000,5049529.00,0.9900,0.0000,0.0000
KXNBAGAME-25NOV03MILIND-MIL,KXNBAGAME-25NOV03MILIND,Milwaukee vs Indiana Winner?,,2025-11-01T17:07:00Z,2025-11-04T02:56:11.599185Z,2025-11-04T03:05:31.872155Z,yes,1.0000,2917498.00,0.9900,0.0000,0.0000
KXNBAGAME-25NOV03MILIND-IND,KXNBAGAME-25NOV03MILIND,Milwaukee vs Indiana Winner?,,2025-11-01T17:07:00Z,2025-11-04T02:56:11.599185Z,2025-11-04T03:05:31.872155Z,no,0.0000,1767826.00,0.0100,0.0000,0.0000
KXNBAGAME-25NOV03MINBKN-MIN,KXNBAGAME-25NOV03MINBKN,Minnesota vs Brooklyn Winner?,,2025-11-01T17:07:00Z,2025-11-04T03:01:53.418389Z,2025-11-04T03:11:13.600965Z,yes,1.0000,1267546.00,0.9900,0.0000,0.0000
KXNBAGAME-25NOV03MINBKN-BKN,KXNBAGAME-25NOV03MINBKN,Minnesota vs Brooklyn Winner?,,2025-11-01T17:07:00Z,2025-11-04T03:01:53.418389Z,2025-11-04T03:11:13.600965Z,no,0.0000,1715040.00,0.0100,0.0000,0.0000
KXNBAGAME-25NOV03WASNYK-WAS,KXNBAGAME-25NOV03WASNYK,Washington vs New York K Winner?,,2025-11-01T17:07:00Z,2025-11-04T03:30:34.793683Z,2025-11-04T03:39:54.556197Z,no,0.0000,702575.00,0.0100,0.0000,0.0000
KXNBAGAME-25NOV03WASNYK-NYK,KXNBAGAME-25NOV03WASNYK,Washington vs New York K Winner?,,2025-11-01T17:07:00Z,2025-11-04T03:30:34.793683Z,2025-11-04T03:39:54.556197Z,yes,1.0000,652848.00,0.9900,0.0000,0.0000
KXNBAGAME-25NOV03UTABOS-UTA,KXNBAGAME-25NOV03UTABOS,Utah vs Boston Winner?,,2025-11-01T17:07:00Z,2025-11-04T03:35:20.987826Z,2025-11-04T03:44:41.590653Z,yes,1.0000,2404042.00,0.9900,0.0000,0.0000
KXNBAGAME-25NOV03UTABOS-BOS,KXNBAGAME-25NOV03UTABOS,Utah vs Boston Winner?,,2025-11-01T17:07:00Z,2025-11-04T03:35:20.987826Z,2025-11-04T03:44:41.590653Z,no,0.0000,2367282.00,0.0100,0.0000,0.0000
KXNBAGAME-25NOV03DETMEM-MEM,KXNBAGAME-25NOV03DETMEM,Detroit vs Memphis Winner?,,2025-11-01T17:07:00Z,2025-11-04T04:05:14.305653Z,2025-11-04T04:14:34.578026Z,no,0.0000,819146.00,0.0100,0.0000,0.0000
KXNBAGAME-25NOV03DETMEM-DET,KXNBAGAME-25NOV03DETMEM,Detroit vs Memphis Winner?,,2025-11-01T17:07:00Z,2025-11-04T04:05:14.305653Z,2025-11-04T04:14:34.578026Z,yes,1.0000,862186.00,0.9900,0.0000,0.0000
KXNBAGAME-25NOV03DALHOU-HOU,KXNBAGAME-25NOV03DALHOU,Dallas vs Houston Winner?,,2025-11-01T17:07:00Z,2025-11-04T04:05:14.499747Z,2025-11-04T04:14:34.802333Z,yes,1.0000,1192221.00,0.9900,0.0000,0.0000
KXNBAGAME-25NOV03DALHOU-DAL,KXNBAGAME-25NOV03DALHOU,Dallas vs Houston Winner?,,2025-11-01T17:07:00Z,2025-11-04T04:05:14.499747Z,2025-11-04T04:14:34.802333Z,no,0.0000,1891645.00,0.0100,0.0000,0.0000
KXNBAGAME-25NOV03SACDEN-SAC,KXNBAGAME-25NOV03SACDEN,Sacramento vs Denver Winner?,,2025-11-01T20:07:00Z,2025-11-04T04:45:04.753085Z,2025-11-04T04:54:24.552773Z,no,0.0000,1293400.00,0.0100,0.0000,0.0000
KXNBAGAME-25NOV03SACDEN-DEN,KXNBAGAME-25NOV03SACDEN,Sacramento vs Denver Winner?,,2025-11-01T20:07:00Z,2025-11-04T04:45:04.753085Z,2025-11-04T04:54:24.552773Z,yes,1.0000,904369.00,0.9900,0.0000,0.0000
KXNBAGAME-25NOV03LALPOR-POR,KXNBAGAME-25NOV03LALPOR,Los Angeles vs Portland Winner?,,2025-11-01T20:07:00Z,2025-11-04T05:39:53.430103Z,2025-11-04T05:49:13.751509Z,no,0.0000,3518755.00,0.0100,0.0000,0.0000
KXNBAGAME-25NOV03LALPOR-LAL,KXNBAGAME-25NOV03LALPOR,Los Angeles vs Portland Winner?,,2025-11-01T20:07:00Z,2025-11-04T05:39:53.430103Z,2025-11-04T05:49:13.751509Z,yes,1.0000,6886565.00,0.9900,0.0000,0.0000
KXNBAGAME-25NOV03MIALAC-MIA,KXNBAGAME-25NOV03MIALAC,Miami vs LA Winner?,,2025-11-01T20:07:00Z,2025-11-04T06:09:52.367704Z,2025-11-04T06:19:12.650164Z,yes,1.0000,5826698.00,0.9900,0.0000,0.0000
KXNBAGAME-25NOV03MIALAC-LAC,KXNBAGAME-25NOV03MIALAC,Miami vs LA Winner?,,2025-11-01T20:07:00Z,2025-11-04T06:09:52.367704Z,2025-11-04T06:19:12.650164Z,no,0.0000,4132870.00,0.0100,0.0000,0.0000
KXNBAGAME-25NOV04MILTOR-TOR,KXNBAGAME-25NOV04MILTOR,Milwaukee vs Toronto Winner?,,2025-11-02T19:07:00Z,2025-11-05T03:10:13.263851Z,2025-11-05T03:19:33.694297Z,yes,1.0000,1419104.00,0.9900,0.0000,0.0000
KXNBAGAME-25NOV04MILTOR-MIL,KXNBAGAME-25NOV04MILTOR,Milwaukee vs Toronto Winner?,,2025-11-02T19:07:00Z,2025-11-05T03:10:13.263851Z,2025-11-05T03:19:33.694297Z,no,0.0000,4774695.00,0.0100,0.0000,0.0000
KXNBAGAME-25NOV04CHANOP-NOP,KXNBAGAME-25NOV04CHANOP,Charlotte vs New Orleans Winner?,,2025-11-02T19:07:00Z,2025-11-05T03:45:11.208375Z,2025-11-05T03:54:31.991447Z,yes,1.0000,2124275.00,0.9900,0.0000,0.0000
KXNBAGAME-25NOV04CHANOP-CHA,KXNBAGAME-25NOV04CHANOP,Charlotte vs New Orleans Winner?,,2025-11-02T19:07:00Z,2025-11-05T03:45:11.208375Z,2025-11-05T03:54:31.991447Z,no,0.0000,2930949.00,0.0100,0.0000,0.0000
KXNBAGAME-25NOV04PHICHI-PHI,KXNBAGAME-25NOV04PHICHI,Philadelphia vs Chicago Winner?,,2025-11-02T19:07:00Z,2025-11-05T03:45:11.22461Z,2025-11-05T03:54:31.819643Z,no,0.0000,2679712.00,0.0100,0.0000,0.0000
KXNBAGAME-25NOV04PHICHI-CHI,KXNBAGAME-25NOV04PHICHI,Philadelphia vs Chicago Winner?,,2025-11-02T19:07:00Z,2025-11-05T03:45:11.22461Z,2025-11-05T03:54:31.819643Z,yes,1.0000,2903801.00,0.9900,0.0000,0.0000
KXNBAGAME-25NOV04ORLATL-ORL,KXNBAGAME-25NOV04ORLATL,Orlando vs Atlanta Winner?,,2025-11-02T19:07:00Z,2025-11-05T04:09:58.191137Z,2025-11-05T04:19:18.785689Z,no,0.0000,2255887.00,0.0100,0.0000,0.0000
KXNBAGAME-25NOV04ORLATL-ATL,KXNBAGAME-25NOV04ORLATL,Orlando vs Atlanta Winner?,,2025-11-02T19:07:00Z,2025-11-05T04:09:58.191137Z,2025-11-05T04:19:18.785689Z,yes,1.0000,2213751.00,0.9900,0.0000,0.0000
KXNBAGAME-25NOV04PHXGSW-PHX,KXNBAGAME-25NOV04PHXGSW,Phoenix vs Golden State Winner?,,2025-11-02T22:08:00Z,2025-11-05T05:44:58.222264Z,2025-11-05T06:01:44.818225Z,no,0.0000,3888996.00,0.0100,0.0000,0.0000
KXNBAGAME-25NOV04PHXGSW-GSW,KXNBAGAME-25NOV04PHXGSW,Phoenix vs Golden State Winner?,,2025-11-02T22:08:00Z,2025-11-05T05:44:58.222264Z,2025-11-05T06:01:44.818225Z,yes,1.0000,1922000.00,0.9900,0.0000,0.0000
KXNBAGAME-25NOV04OKCLAC-OKC,KXNBAGAME-25NOV04OKCLAC,Oklahoma City vs LA Winner?,,2025-11-02T22:08:00Z,2025-11-05T06:44:56.102453Z,2025-11-05T06:54:16.734048Z,yes,1.0000,5669155.00,0.9900,0.0000,0.0000
KXNBAGAME-25NOV04OKCLAC-LAC,KXNBAGAME-25NOV04OKCLAC,Oklahoma City vs Los Angeles C Winner?,,2025-11-02T22:08:00Z,2025-11-05T06:44:56.102453Z,2025-11-05T06:54:16.734048Z,no,0.0000,5816486.00,0.0100,0.0000,0.0000
KXNBAGAME-25NOV05PHICLE-PHI,KXNBAGAME-25NOV05PHICLE,Philadelphia vs Cleveland Winner?,,2025-11-03T19:06:00Z,2025-11-06T02:45:39.61635Z,2025-11-06T02:55:00.054432Z,no,0.0000,4605304.00,0.0100,0.0000,0.0000
KXNBAGAME-25NOV05PHICLE-CLE,KXNBAGAME-25NOV05PHICLE,Philadelphia vs Cleveland Winner?,,2025-11-03T19:06:00Z,2025-11-06T02:45:39.61635Z,2025-11-06T02:55:00.054432Z,yes,1.0000,1160301.00,0.9900,0.0000,0.0000
KXNBAGAME-25NOV05UTADET-UTA,KXNBAGAME-25NOV05UTADET,Utah vs Detroit Winner?,,2025-11-03T19:06:00Z,2025-11-06T02:50:26.416671Z,2025-11-06T02:59:46.968693Z,no,0.0000,2361261.00,0.0100,0.0000,0.0000
KXNBAGAME-25NOV05UTADET-DET,KXNBAGAME-25NOV05UTADET,Utah vs Detroit Winner?,,2025-11-03T19:06:00Z,2025-11-06T02:50:26.416671Z,2025-11-06T02:59:46.968693Z,yes,1.0000,915824.00,0.9900,0.0000,0.0000
KXNBAGAME-25NOV05BKNIND-IND,KXNBAGAME-25NOV05BKNIND,Brooklyn vs Indiana Winner?,,2025-11-03T19:06:00Z,2025-11-06T02:55:15.930779Z,2025-11-06T03:04:36.014185Z,no,0.0000,2249254.00,0.0100,0.0000,0.0000
KXNBAGAME-25NOV05BKNIND-BKN,KXNBAGAME-25NOV05BKNIND,Brooklyn vs Indiana Winner?,,2025-11-03T19:06:00Z,2025-11-06T02:55:15.930779Z,2025-11-06T03:04:36.014185Z,yes,1.0000,3104440.00,0.9900,0.0000,0.0000
KXNBAGAME-25NOV05WASBOS-WAS,KXNBAGAME-25NOV05WASBOS,Washington vs Boston Winner?,,2025-11-03T19:06:00Z,2025-11-06T03:05:14.907609Z,2025-11-06T03:14:34.911587Z,no,0.0000,831346.00,0.0100,0.0000,0.0000
KXNBAGAME-25NOV05WASBOS-BOS,KXNBAGAME-25NOV05WASBOS,Washington vs Boston Winner?,,2025-11-03T19:06:00Z,2025-11-06T03:05:14.907609Z,2025-11-06T03:14:34.911587Z,yes,1.0000,532552.00,0.9900,0.0000,0.0000
KXNBAGAME-25NOV05MINNYK-NYK,KXNBAGAME-25NOV05MINNYK,Minnesota vs New York K Winner?,,2025-11-03T19:06:00Z,2025-11-06T03:15:14.427906Z,2025-11-06T03:24:35.02787Z,yes,1.0000,2700987.00,0.9900,0.0000,0.0000
KXNBAGAME-25NOV05MINNYK-MIN,KXNBAGAME-25NOV05MINNYK,Minnesota vs New York K Winner?,,2025-11-03T19:06:00Z,2025-11-06T03:15:14.427906Z,2025-11-06T03:24:35.02787Z,no,0.0000,2417042.00,0.0100,0.0000,0.0000
KXNBAGAME-25NOV05HOUMEM-MEM,KXNBAGAME-25NOV05HOUMEM,Houston vs Memphis Winner?,,2025-11-03T19:06:00Z,2025-11-06T03:40:11.626647Z,2025-11-06T03:49:31.929613Z,no,0.0000,996106.00,0.0100,0.0000,0.0000
KXNBAGAME-25NOV05HOUMEM-HOU,KXNBAGAME-25NOV05HOUMEM,Houston vs Memphis Winner?,,2025-11-03T19:06:00Z,2025-11-06T03:40:11.626647Z,2025-11-06T03:49:31.929613Z,yes,1.0000,968128.00,0.9900,0.0000,0.0000
KXNBAGAME-25NOV05NOPDAL-NOP,KXNBAGAME-25NOV05NOPDAL,New Orleans vs Dallas Winner?,,2025-11-03T19:06:00Z,2025-11-06T04:00:21.0095Z,2025-11-06T04:09:42.021285Z,yes,1.0000,3042582.00,0.9900,0.0000,0.0000
KXNBAGAME-25NOV05NOPDAL-DAL,KXNBAGAME-25NOV05NOPDAL,New Orleans vs Dallas Winner?,,2025-11-03T19:06:00Z,2025-11-06T04:00:21.0095Z,2025-11-06T04:09:42.021285Z,no,0.0000,3254528.00,0.0100,0.0000,0.0000
KXNBAGAME-25NOV05MIADEN-MIA,KXNBAGAME-25NOV05MIADEN,Miami vs Denver Winner?,,2025-11-03T19:06:00Z,2025-11-06T05:00:25.199318Z,2025-11-06T05:09:45.961639Z,no,0.0000,2096144.00,0.0100,0.0000,0.0000
KXNBAGAME-25NOV05MIADEN-DEN,KXNBAGAME-25NOV05MIADEN,Miami vs Denver Winner?,,2025-11-03T19:06:00Z,2025-11-06T05:00:25.199318Z,2025-11-06T05:09:45.961639Z,yes,1.0000,1003276.00,0.9900,0.0000,0.0000
KXNBAGAME-25NOV05GSWSAC-SAC,KXNBAGAME-25NOV05GSWSAC,Golden State vs Sacramento Winner?,,2025-11-03T22:07:00Z,2025-11-06T05:49:55.145384Z,2025-11-06T05:59:16.05746Z,yes,1.0000,3030446.00,0.9900,0.0000,0.0000
KXNBAGAME-25NOV05GSWSAC-GSW,KXNBAGAME-25NOV05GSWSAC,Golden State vs Sacramento Winner?,,2025-11-03T22:07:00Z,2025-11-06T05:49:55.145384Z,2025-11-06T05:59:16.05746Z,no,0.0000,4581563.00,0.0100,0.0000,0.0000
KXNBAGAME-25NOV05OKCPOR-POR,KXNBAGAME-25NOV05OKCPOR,Oklahoma City vs Portland Winner?,,2025-11-03T22:07:00Z,2025-11-06T06:04:55.074866Z,2025-11-06T06:14:16.059582Z,yes,1.0000,3989983.00,0.9900,0.0000,0.0000
KXNBAGAME-25NOV05OKCPOR-OKC,KXNBAGAME-25NOV05OKCPOR,Oklahoma City vs Portland Winner?,,2025-11-03T22:07:00Z,2025-11-06T06:04:55.074866Z,2025-11-06T06:14:16.059582Z,no,0.0000,6826935.00,0.0100,0.0000,0.0000
KXNBAGAME-25NOV05SASLAL-SAS,KXNBAGAME-25NOV05SASLAL,San Antonio vs Los Angeles Winner?,,2025-11-03T22:07:00Z,2025-11-06T06:19:48.268222Z,2025-11-06T06:29:09.174294Z,no,0.0000,6683269.00,0.0100,0.0000,0.0000
KXNBAGAME-25NOV05SASLAL-LAL,KXNBAGAME-25NOV05SASLAL,San Antonio vs Los Angeles L Winner?,,2025-11-03T22:07:00Z,2025-11-06T06:19:48.268222Z,2025-11-06T06:29:09.174294Z,yes,1.0000,9464298.00,0.9900,0.0000,0.0000
KXNBAGAME-25NOV06LACPHX-PHX,KXNBAGAME-25NOV06LACPHX,LA vs Phoenix Winner?,,2025-11-04T19:06:00Z,2025-11-07T04:44:59.625679Z,2025-11-07T04:54:20.056735Z,yes,1.0000,3443045.00,0.9900,0.0000,0.0000
KXNBAGAME-25NOV06LACPHX-LAC,KXNBAGAME-25NOV06LACPHX,LA vs Phoenix Winner?,,2025-11-04T19:06:00Z,2025-11-07T04:44:59.625679Z,2025-11-07T04:54:20.056735Z,no,0.0000,2231566.00,0.0100,0.0000,0.0000
KXNBAGAME-25NOV07CLEWAS-WAS,KXNBAGAME-25NOV07CLEWAS,Cleveland vs Washington Winner?,,2025-11-06T07:06:00Z,2025-11-08T02:44:49.46903Z,2025-11-08T02:54:09.927737Z,no,0.0000,969522.00,0.0100,0.0000,0.0000
KXNBAGAME-25NOV07CLEWAS-CLE,KXNBAGAME-25NOV07CLEWAS,Cleveland vs Washington Winner?,,2025-11-06T07:06:00Z,2025-11-08T02:44:49.46903Z,2025-11-08T02:54:09.927737Z,yes,1.0000,786850.00,0.9900,0.0000,0.0000
KXNBAGAME-25NOV07BOSORL-ORL,KXNBAGAME-25NOV07BOSORL,Boston vs Orlando Winner?,,2025-11-06T07:06:00Z,2025-11-08T02:59:49.425185Z,2025-11-08T03:09:10.070005Z,yes,1.0000,1999285.00,0.9900,0.0000,0.0000
KXNBAGAME-25NOV07BOSORL-BOS,KXNBAGAME-25NOV07BOSORL,Boston vs Orlando Winner?,,2025-11-06T07:06:00Z,2025-11-08T02:59:49.425185Z,2025-11-08T03:09:10.070005Z,no,0.0000,3685813.00,0.0100,0.0000,0.0000
KXNBAGAME-25NOV07TORATL-TOR,KXNBAGAME-25NOV07TORATL,Toronto vs Atlanta Winner?,,2025-11-06T07:06:00Z,2025-11-08T03:19:41.27309Z,2025-11-08T03:29:02.209028Z,yes,1.0000,2338188.00,0.9900,0.0000,0.0000
KXNBAGAME-25NOV07TORATL-ATL,KXNBAGAME-25NOV07TORATL,Toronto vs Atlanta Winner?,,2025-11-06T07:06:00Z,2025-11-08T03:19:41.27309Z,2025-11-08T03:29:02.209028Z,no,0.0000,1304661.00,0.0100,0.0000,0.0000
KXNBAGAME-25NOV07DETBKN-DET,KXNBAGAME-25NOV07DETBKN,Detroit vs Brooklyn Winner?,,2025-11-06T07:06:00Z,2025-11-08T03:24:35.047494Z,2025-11-08T03:33:55.916283Z,yes,1.0000,957389.00,0.9900,0.0000,0.0000
KXNBAGAME-25NOV07DETBKN-BKN,KXNBAGAME-25NOV07DETBKN,Detroit vs Brooklyn Winner?,,2025-11-06T07:06:00Z,2025-11-08T03:24:35.047494Z,2025-11-08T03:33:55.916283Z,no,0.0000,1015310.00,0.0100,0.0000,0.0000
KXNBAGAME-25NOV07HOUSAS-SAS,KXNBAGAME-25NOV07HOUSAS,Houston vs San Antonio Winner?,,2025-11-06T07:06:00Z,2025-11-08T03:34:35.071862Z,2025-11-08T03:43:56.043655Z,yes,1.0000,3163958.00,0.9900,0.0000,0.0000
KXNBAGAME-25NOV07HOUSAS-HOU,KXNBAGAME-25NOV07HOUSAS,Houston vs San Antonio Winner?,,2025-11-06T07:06:00Z,2025-11-08T03:34:35.071862Z,2025-11-08T03:43:56.043655Z,no,0.0000,2755561.00,0.0100,0.0000,0.0000
KXNBAGAME-25NOV07DALMEM-MEM,KXNBAGAME-25NOV07DALMEM,Dallas vs Memphis Winner?,,2025-11-06T07:06:00Z,2025-11-08T03:44:31.362961Z,2025-11-08T03:53:51.886815Z,yes,1.0000,349772.00,0.9900,0.0000,0.0000
KXNBAGAME-25NOV07DALMEM-DAL,KXNBAGAME-25NOV07DALMEM,Dallas vs Memphis Winner?,,2025-11-06T07:06:00Z,2025-11-08T03:44:31.362961Z,2025-11-08T03:53:51.886815Z,no,0.0000,367730.00,0.0100,0.0000,0.0000
KXNBAGAME-25NOV07UTAMIN-UTA,KXNBAGAME-25NOV07UTAMIN,Utah vs Minnesota Winner?,,2025-11-06T07:06:00Z,2025-11-08T03:44:31.940227Z,2025-11-08T03:53:55.085494Z,no,0.0000,686724.00,0.0100,0.0000,0.0000
KXNBAGAME-25NOV07UTAMIN-MIN,KXNBAGAME-25NOV07UTAMIN,Utah vs Minnesota Winner?,,2025-11-06T07:06:00Z,2025-11-08T03:44:31.940227Z,2025-11-08T03:53:55.085494Z,yes,1.0000,240416.00,0.9900,0.0000,0.0000
KXNBAGAME-25NOV07CHAMIA-MIA,KXNBAGAME-25NOV07CHAMIA,Charlotte vs Miami Winner?,,2025-11-06T07:06:00Z,2025-11-08T03:49:27.793791Z,2025-11-08T03:58:47.916323Z,yes,1.0000,1216321.00,0.9900,0.0000,0.0000
KXNBAGAME-25NOV07CHAMIA-CHA,KXNBAGAME-25NOV07CHAMIA,Charlotte vs Miami Winner?,,2025-11-06T07:06:00Z,2025-11-08T03:49:27.793791Z,2025-11-08T03:58:47.916323Z,no,0.0000,1061766.00,0.0100,0.0000,0.0000
KXNBAGAME-25NOV07CHIMIL-MIL,KXNBAGAME-25NOV07CHIMIL,Chicago vs Milwaukee Winner?,,2025-11-06T07:06:00Z,2025-11-08T03:49:27.94296Z,2025-11-08T03:58:52.763123Z,yes,1.0000,1221159.00,0.9900,0.0000,0.0000
KXNBAGAME-25NOV07CHIMIL-CHI,KXNBAGAME-25NOV07CHIMIL,Chicago vs Milwaukee Winner?,,2025-11-06T07:06:00Z,2025-11-08T03:49:27.94296Z,2025-11-08T03:58:52.763123Z,no,0.0000,2030182.00,0.0100,0.0000,0.0000
KXNBAGAME-25NOV07GSWDEN-GSW,KXNBAGAME-25NOV07GSWDEN,Golden State vs Denver Winner?,,2025-11-06T07:07:00Z,2025-11-08T05:34:25.19606Z,2025-11-08T05:43:46.068936Z,no,0.0000,3657760.00,0.0100,0.0000,0.0000
KXNBAGAME-25NOV07GSWDEN-DEN,KXNBAGAME-25NOV07GSWDEN,Golden State vs Denver Winner?,,2025-11-06T07:07:00Z,2025-11-08T05:34:25.19606Z,2025-11-08T05:43:46.068936Z,yes,1.0000,3873637.00,0.9900,0.0000,0.0000
KXNBAGAME-25NOV07OKCSAC-SAC,KXNBAGAME-25NOV07OKCSAC,Oklahoma City vs Sacramento Winner?,,2025-11-06T07:07:00Z,2025-11-08T05:34:25.35006Z,2025-11-08T05:43:45.880255Z,no,0.0000,558243.00,0.0100,0.0000,0.0000
KXNBAGAME-25NOV07OKCSAC-OKC,KXNBAGAME-25NOV07OKCSAC,Oklahoma City vs Sacramento Winner?,,2025-11-06T07:07:00Z,2025-11-08T05:34:25.35006Z,2025-11-08T05:43:45.880255Z,yes,1.0000,253912.00,0.9900,0.0000,0.0000
KXNBAGAME-25NOV08DALWAS-WAS,KXNBAGAME-25NOV08DALWAS,Dallas vs Washington Winner?,,2025-11-06T16:06:00Z,2025-11-09T02:49:37.620134Z,2025-11-09T02:58:57.871534Z,no,0.0000,1575568.00,0.0100,0.0000,0.0000
KXNBAGAME-25NOV08DALWAS-DAL,KXNBAGAME-25NOV08DALWAS,Dallas vs Washington Winner?,,2025-11-06T16:06:00Z,2025-11-09T02:49:37.620134Z,2025-11-09T02:58:57.871534Z,yes,1.0000,1511506.00,0.9900,0.0000,0.0000
KXNBAGAME-25NOV08TORPHI-TOR,KXNBAGAME-25NOV08TORPHI,Toronto vs Philadelphia Winner?,,2025-11-06T16:06:00Z,2025-11-09T03:19:35.71697Z,2025-11-09T03:28:55.864231Z,no,0.0000,1783085.00,0.0100,0.0000,0.0000
KXNBAGAME-25NOV08TORPHI-PHI,KXNBAGAME-25NOV08TORPHI,Toronto vs Philadelphia Winner?,,2025-11-06T16:06:00Z,2025-11-09T03:19:35.71697Z,2025-11-09T03:28:55.864231Z,yes,1.0000,1939292.00,0.9900,0.0000,0.0000
KXNBAGAME-25NOV08LALATL-LAL,KXNBAGAME-25NOV08LALATL,Los Angeles L vs Atlanta Winner?,,2025-11-06T16:06:00Z,2025-11-09T03:19:35.973177Z,2025-11-09T03:29:04.737901Z,no,0.0000,3386501.00,0.0100,0.0000,0.0000
KXNBAGAME-25NOV08LALATL-ATL,KXNBAGAME-25NOV08LALATL,Los Angeles L vs Atlanta Winner?,,2025-11-06T16:06:00Z,2025-11-09T03:19:35.973177Z,2025-11-09T03:29:04.737901Z,yes,1.0000,781958.00,0.9900,0.0000,0.0000
KXNBAGAME-25NOV08NOPSAS-SAS,KXNBAGAME-25NOV08NOPSAS,New Orleans vs San Antonio Winner?,,2025-11-06T16:06:00Z,2025-11-09T03:44:38.296093Z,2025-11-09T03:53:58.798731Z,yes,1.0000,885502.00,0.9900,0.0000,0.0000
KXNBAGAME-25NOV08NOPSAS-NOP,KXNBAGAME-25NOV08NOPSAS,New Orleans vs San Antonio Winner?,,2025-11-06T16:06:00Z,2025-11-09T03:44:38.296093Z,2025-11-09T03:53:58.798731Z,no,0.0000,638125.00,0.0100,0.0000,0.0000
KXNBAGAME-25NOV08CHICLE-CLE,KXNBAGAME-25NOV08CHICLE,Chicago vs Cleveland Winner?,,2025-11-06T16:06:00Z,2025-11-09T03:49:33.619523Z,2025-11-09T03:58:53.878876Z,yes,1.0000,1294812.00,0.9900,0.0000,0.0000
KXNBAGAME-25NOV08CHICLE-CHI,KXNBAGAME-25NOV08CHICLE,Chicago vs Cleveland Winner?,,2025-11-06T16:06:00Z,2025-11-09T03:49:33.619523Z,2025-11-09T03:58:53.878876Z,no,0.0000,1938603.00,0.0100,0.0000,0.0000
KXNBAGAME-25NOV08PORMIA-POR,KXNBAGAME-25NOV08PORMIA,Portland vs Miami Winner?,,2025-11-06T16:06:00Z,2025-11-09T04:04:26.651655Z,2025-11-09T04:13:46.830726Z,no,0.0000,1006505.00,0.0100,0.0000,0.0000
KXNBAGAME-25NOV08PORMIA-MIA,KXNBAGAME-25NOV08PORMIA,Portland vs Miami Winner?,,2025-11-06T16:06:00Z,2025-11-09T04:04:26.651655Z,2025-11-09T04:13:46.830726Z,yes,1.0000,1228190.00,0.9900,0.0000,0.0000
KXNBAGAME-25NOV08INDDEN-IND,KXNBAGAME-25NOV08INDDEN,Indiana vs Denver Winner?,,2025-11-06T19:06:00Z,2025-11-09T04:49:27.588344Z,2025-11-09T04:58:47.821731Z,no,0.0000,962160.00,0.0100,0.0000,0.0000
KXNBAGAME-25NOV08INDDEN-DEN,KXNBAGAME-25NOV08INDDEN,Indiana vs Denver Winner?,,2025-11-06T19:06:00Z,2025-11-09T04:49:27.588344Z,2025-11-09T04:58:47.821731Z,yes,1.0000,1260223.00,0.9900,0.0000,0.0000
KXNBAGAME-25NOV08PHXLAC-PHX,KXNBAGAME-25NOV08PHXLAC,Phoenix vs Los Angeles C Winner?,,2025-11-06T19:06:00Z,2025-11-09T06:14:26.510704Z,2025-11-09T06:23:46.965783Z,yes,1.0000,5059644.00,0.9900,0.0000,0.0000
KXNBAGAME-25NOV08PHXLAC-LAC,KXNBAGAME-25NOV08PHXLAC,Phoenix vs Los Angeles C Winner?,,2025-11-06T19:06:00Z,2025-11-09T06:14:26.510704Z,2025-11-09T06:23:46.965783Z,no,0.0000,4053809.00,0.0100,0.0000,0.0000
KXNBAGAME-25NOV09HOUMIL-MIL,KXNBAGAME-25NOV09HOUMIL,Houston vs Milwaukee Winner?,,2025-11-07T13:07:00Z,2025-11-09T23:24:36.321072Z,2025-11-09T23:33:57.043738Z,no,0.0000,3332437.00,0.0100,0.0000,0.0000
KXNBAGAME-25NOV09HOUMIL-HOU,KXNBAGAME-25NOV09HOUMIL,Houston vs Milwaukee Winner?,,2025-11-07T13:07:00Z,2025-11-09T23:24:36.321072Z,2025-11-09T23:33:57.043738Z,yes,1.0000,3981091.00,0.9900,0.0000,0.0000
KXNBAGAME-25NOV09OKCMEM-OKC,KXNBAGAME-25NOV09OKCMEM,Oklahoma City vs Memphis Winner?,,2025-11-07T16:07:00Z,2025-11-10T01:39:32.696694Z,2025-11-10T01:48:52.930547Z,yes,1.0000,3687180.00,0.9900,0.0000,0.0000
KXNBAGAME-25NOV09OKCMEM-MEM,KXNBAGAME-25NOV09OKCMEM,Oklahoma City vs Memphis Winner?,,2025-11-07T16:07:00Z,2025-11-10T01:39:32.696694Z,2025-11-10T01:48:52.930547Z,no,0.0000,2724752.00,0.0100,0.0000,0.0000
KXNBAGAME-25NOV09BKNNYK-NYK,KXNBAGAME-25NOV09BKNNYK,Brooklyn vs New York K Winner?,,2025-11-07T16:07:00Z,2025-11-10T01:54:27.936737Z,2025-11-10T02:03:47.773788Z,yes,1.0000,562127.00,0.9900,0.0000,0.0000
KXNBAGAME-25NOV09BKNNYK-BKN,KXNBAGAME-25NOV09BKNNYK,Brooklyn vs New York K Winner?,,2025-11-07T16:07:00Z,2025-11-10T01:54:27.936737Z,2025-11-10T02:03:47.773788Z,no,0.0000,1047079.00,0.0100,0.0000,0.0000
KXNBAGAME-25NOV09BOSORL-ORL,KXNBAGAME-25NOV09BOSORL,Boston vs Orlando Winner?,,2025-11-07T16:07:00Z,2025-11-10T01:59:35.441059Z,2025-11-10T02:08:55.868847Z,no,0.0000,2282341.00,0.0100,0.0000,0.0000
KXNBAGAME-25NOV09BOSORL-BOS,KXNBAGAME-25NOV09BOSORL,Boston vs Orlando Winner?,,2025-11-07T16:07:00Z,2025-11-10T01:59:35.441059Z,2025-11-10T02:08:55.868847Z,yes,1.0000,3135299.00,0.9900,0.0000,0.0000
KXNBAGAME-25NOV09DETPHI-PHI,KXNBAGAME-25NOV09DETPHI,Detroit vs Philadelphia Winner?,,2025-11-07T16:07:00Z,2025-11-10T03:19:25.791378Z,2025-11-10T03:28:46.031432Z,no,0.0000,3274282.00,0.0100,0.0000,0.0000
KXNBAGAME-25NOV09DETPHI-DET,KXNBAGAME-25NOV09DETPHI,Detroit vs Philadelphia Winner?,,2025-11-07T16:07:00Z,2025-11-10T03:19:25.791378Z,2025-11-10T03:28:46.031432Z,yes,1.0000,2744861.00,0.9900,0.0000,0.0000
KXNBAGAME-25NOV09INDGSW-IND,KXNBAGAME-25NOV09INDGSW,Indiana vs Golden State Winner?,,2025-11-07T19:07:00Z,2025-11-10T04:14:36.778502Z,2025-11-10T04:23:56.956546Z,no,0.0000,3000566.00,0.0100,0.0000,0.0000
KXNBAGAME-25NOV09INDGSW-GSW,KXNBAGAME-25NOV09INDGSW,Indiana vs Golden State Winner?,,2025-11-07T19:07:00Z,2025-11-10T04:14:36.778502Z,2025-11-10T04:23:56.956546Z,yes,1.0000,1312060.00,0.9900,0.0000,0.0000
KXNBAGAME-25NOV09MINSAC-SAC,KXNBAGAME-25NOV09MINSAC,Minnesota vs Sacramento Winner?,,2025-11-07T19:07:00Z,2025-11-10T05:04:25.050772Z,2025-11-10T05:13:45.99823Z,no,0.0000,849603.00,0.0100,0.0000,0.0000
KXNBAGAME-25NOV09MINSAC-MIN,KXNBAGAME-25NOV09MINSAC,Minnesota vs Sacramento Winner?,,2025-11-07T19:07:00Z,2025-11-10T05:04:25.050772Z,2025-11-10T05:13:45.99823Z,yes,1.0000,801817.00,0.9900,0.0000,0.0000
KXNBAGAME-25NOV10LALCHA-LAL,KXNBAGAME-25NOV10LALCHA,Los Angeles L vs Charlotte Winner?,,2025-11-08T16:05:00Z,2025-11-11T02:44:47.236093Z,2025-11-11T02:54:08.320891Z,yes,1.0000,2936007.00,0.9900,0.0000,0.0000
KXNBAGAME-25NOV10LALCHA-CHA,KXNBAGAME-25NOV10LALCHA,Los Angeles L vs Charlotte Winner?,,2025-11-08T16:05:00Z,2025-11-11T02:44:47.236093Z,2025-11-11T02:54:08.320891Z,no,0.0000,988735.00,0.0100,0.0000,0.0000
KXNBAGAME-25NOV10PORORL-POR,KXNBAGAME-25NOV10PORORL,Portland vs Orlando Winner?,,2025-11-08T16:05:00Z,2025-11-11T03:04:39.084448Z,2025-11-11T03:13:59.27135Z,no,0.0000,2606198.00,0.0100,0.0000,0.0000
KXNBAGAME-25NOV10PORORL-ORL,KXNBAGAME-25NOV10PORORL,Portland vs Orlando Winner?,,2025-11-08T16:05:00Z,2025-11-11T03:04:39.084448Z,2025-11-11T03:13:59.27135Z,yes,1.0000,1946689.00,0.9900,0.0000,0.0000
KXNBAGAME-25NOV10WASDET-WAS,KXNBAGAME-25NOV10WASDET,Washington vs Detroit Winner?,,2025-11-08T16:05:00Z,2025-11-11T03:24:34.929716Z,2025-11-11T03:33:54.390591Z,no,0.0000,3682700.00,0.0100,0.0000,0.0000
KXNBAGAME-25NOV10WASDET-DET,KXNBAGAME-25NOV10WASDET,Washington vs Detroit Winner?,,2025-11-08T16:05:00Z,2025-11-11T03:24:34.929716Z,2025-11-11T03:33:54.390591Z,yes,1.0000,4083804.00,0.9900,0.0000,0.0000
KXNBAGAME-25NOV10SASCHI-SAS,KXNBAGAME-25NOV10SASCHI,San Antonio vs Chicago Winner?,,2025-11-08T16:05:00Z,2025-11-11T03:34:34.404976Z,2025-11-11T03:43:55.282719Z,yes,1.0000,2460735.00,0.9900,0.0000,0.0000
KXNBAGAME-25NOV10SASCHI-CHI,KXNBAGAME-25NOV10SASCHI,San Antonio vs Chicago Winner?,,2025-11-08T16:05:00Z,2025-11-11T03:34:34.404976Z,2025-11-11T03:43:55.282719Z,no,0.0000,1833128.00,0.0100,0.0000,0.0000
KXNBAGAME-25NOV10CLEMIA-MIA,KXNBAGAME-25NOV10CLEMIA,Cleveland vs Miami Winner?,,2025-11-08T16:05:00Z,2025-11-11T04:09:32.029383Z,2025-11-11T04:18:53.309994Z,yes,1.0000,3193551.00,0.9900,0.0000,0.0000
KXNBAGAME-25NOV10CLEMIA-CLE,KXNBAGAME-25NOV10CLEMIA,Cleveland vs Miami Winner?,,2025-11-08T16:05:00Z,2025-11-11T04:09:32.029383Z,2025-11-11T04:18:53.309994Z,no,0.0000,2789532.00,0.0100,0.0000,0.0000
KXNBAGAME-25NOV10MILDAL-MIL,KXNBAGAME-25NOV10MILDAL,Milwaukee vs Dallas Winner?,,2025-11-08T19:05:00Z,2025-11-11T04:34:29.344952Z,2025-11-11T04:43:50.315923Z,yes,1.0000,3835218.00,0.9900,0.0000,0.0000
KXNBAGAME-25NOV10MILDAL-DAL,KXNBAGAME-25NOV10MILDAL,Milwaukee vs Dallas Winner?,,2025-11-08T19:05:00Z,2025-11-11T04:34:29.344952Z,2025-11-11T04:43:50.315923Z,no,0.0000,1965154.00,0.0100,0.0000,0.0000
KXNBAGAME-25NOV10MINUTA-UTA,KXNBAGAME-25NOV10MINUTA,Minnesota vs Utah Winner?,,2025-11-08T19:05:00Z,2025-11-11T04:44:32.753325Z,2025-11-11T04:53:53.214148Z,no,0.0000,1103290.00,0.0100,0.0000,0.0000
KXNBAGAME-25NOV10MINUTA-MIN,KXNBAGAME-25NOV10MINUTA,Minnesota vs Utah Winner?,,2025-11-08T19:05:00Z,2025-11-11T04:44:32.753325Z,2025-11-11T04:53:53.214148Z,yes,1.0000,906599.00,0.9900,0.0000,0.0000
KXNBAGAME-25NOV10NOPPHX-PHX,KXNBAGAME-25NOV10NOPPHX,New Orleans vs Phoenix Winner?,,2025-11-08T19:05:00Z,2025-11-11T04:49:27.81683Z,2025-11-11T04:58:48.163713Z,yes,1.0000,393738.00,0.9900,0.0000,0.0000
KXNBAGAME-25NOV10NOPPHX-NOP,KXNBAGAME-25NOV10NOPPHX,New Orleans vs Phoenix Winner?,,2025-11-08T19:05:00Z,2025-11-11T04:49:27.81683Z,2025-11-11T04:58:48.163713Z,no,0.0000,321633.00,0.0100,0.0000,0.0000
KXNBAGAME-25NOV10ATLLAC-LAC,KXNBAGAME-25NOV10ATLLAC,Atlanta vs Los Angeles C Winner?,,2025-11-08T19:05:00Z,2025-11-11T06:09:27.784284Z,2025-11-11T06:18:48.080634Z,no,0.0000,5948450.00,0.0100,0.0000,0.0000
KXNBAGAME-25NOV10ATLLAC-ATL,KXNBAGAME-25NOV10ATLLAC,Atlanta vs Los Angeles C Winner?,,2025-11-08T19:05:00Z,2025-11-11T06:09:27.784284Z,2025-11-11T06:18:48.080634Z,yes,1.0000,6593772.00,0.9900,0.0000,0.0000
KXNBAGAME-25NOV11MEMNYK-NYK,KXNBAGAME-25NOV11MEMNYK,Memphis vs New York K Winner?,,2025-11-09T16:05:00Z,2025-11-12T03:09:32.932744Z,2025-11-12T03:18:53.364341Z,yes,1.0000,1386215.00,0.9900,0.0000,0.0000
KXNBAGAME-25NOV11MEMNYK-MEM,KXNBAGAME-25NOV11MEMNYK,Memphis vs New York K Winner?,,2025-11-09T16:05:00Z,2025-11-12T03:09:32.932744Z,2025-11-12T03:18:53.364341Z,no,0.0000,1968214.00,0.0100,0.0000,0.0000
KXNBAGAME-25NOV11TORBKN-TOR,KXNBAGAME-25NOV11TORBKN,Toronto vs Brooklyn Winner?,,2025-11-09T16:05:00Z,2025-11-12T03:14:37.568095Z,2025-11-12T03:23:58.368504Z,yes,1.0000,2086295.00,0.9900,0.0000,0.0000
KXNBAGAME-25NOV11TORBKN-BKN,KXNBAGAME-25NOV11TORBKN,Toronto vs Brooklyn Winner?,,2025-11-09T16:05:00Z,2025-11-12T03:14:37.568095Z,2025-11-12T03:23:58.368504Z,no,0.0000,1964595.00,0.0100,0.0000,0.0000
KXNBAGAME-25NOV11BOSPHI-PHI,KXNBAGAME-25NOV11BOSPHI,Boston vs Philadelphia Winner?,,2025-11-09T16:05:00Z,2025-11-12T03:44:29.706977Z,2025-11-12T03:53:50.518496Z,yes,1.0000,4838098.00,0.9900,0.0000,0.0000
KXNBAGAME-25NOV11BOSPHI-BOS,KXNBAGAME-25NOV11BOSPHI,Boston vs Philadelphia Winner?,,2025-11-09T16:05:00Z,2025-11-12T03:44:29.706977Z,2025-11-12T03:53:50.518496Z,no,0.0000,3760271.00,0.0100,0.0000,0.0000
KXNBAGAME-25NOV11GSWOKC-OKC,KXNBAGAME-25NOV11GSWOKC,Golden State vs Oklahoma City Winner?,,2025-11-09T16:05:00Z,2025-11-12T04:04:36.727732Z,2025-11-12T04:13:57.203517Z,yes,1.0000,1280157.00,0.9900,0.0000,0.0000
KXNBAGAME-25NOV11GSWOKC-GSW,KXNBAGAME-25NOV11GSWOKC,Golden State vs Oklahoma City Winner?,,2025-11-09T16:05:00Z,2025-11-12T04:04:36.727732Z,2025-11-12T04:13:57.203517Z,no,0.0000,3097502.00,0.0100,0.0000,0.0000
KXNBAGAME-25NOV11INDUTA-UTA,KXNBAGAME-25NOV11INDUTA,Indiana vs Utah Winner?,,2025-11-09T19:06:00Z,2025-11-12T05:09:28.040956Z,2025-11-12T05:18:49.352268Z,yes,1.0000,2781759.00,0.9900,0.0000,0.0000
KXNBAGAME-25NOV11INDUTA-IND,KXNBAGAME-25NOV11INDUTA,Indiana vs Utah Winner?,,2025-11-09T19:06:00Z,2025-11-12T05:09:28.040956Z,2025-11-12T05:18:49.352268Z,no,0.0000,1678483.00,0.0100,0.0000,0.0000
KXNBAGAME-25NOV11DENSAC-SAC,KXNBAGAME-25NOV11DENSAC,Denver vs Sacramento Winner?,,2025-11-09T19:06:00Z,2025-11-12T06:49:28.240117Z,2025-11-12T06:58:49.2909Z,no,0.0000,4663929.00,0.0100,0.0000,0.0000
KXNBAGAME-25NOV11DENSAC-DEN,KXNBAGAME-25NOV11DENSAC,Denver vs Sacramento Winner?,,2025-11-09T19:06:00Z,2025-11-12T06:49:28.240117Z,2025-11-12T06:58:49.2909Z,yes,1.0000,6795702.00,0.9900,0.0000,0.0000
KXNBAGAME-25NOV12CHIDET-DET,KXNBAGAME-25NOV12CHIDET,Chicago vs Detroit Winner?,,2025-11-10T16:06:00Z,2025-11-13T02:39:48.425112Z,2025-11-13T02:49:09.236101Z,yes,1.0000,3273216.00,0.9900,0.0000,0.0000
KXNBAGAME-25NOV12CHIDET-CHI,KXNBAGAME-25NOV12CHIDET,Chicago vs Detroit Winner?,,2025-11-10T16:06:00Z,2025-11-13T02:39:48.425112Z,2025-11-13T02:49:09.236101Z,no,0.0000,2765687.00,0.0100,0.0000,0.0000
KXNBAGAME-25NOV12MILCHA-MIL,KXNBAGAME-25NOV12MILCHA,Milwaukee vs Charlotte Winner?,,2025-11-10T16:06:00Z,2025-11-13T02:54:50.94623Z,2025-11-13T03:04:12.233635Z,no,0.0000,3035936.00,0.0100,0.0000,0.0000
KXNBAGAME-25NOV12MILCHA-CHA,KXNBAGAME-25NOV12MILCHA,Milwaukee vs Charlotte Winner?,,2025-11-10T16:06:00Z,2025-11-13T02:54:50.94623Z,2025-11-13T03:04:12.233635Z,yes,1.0000,1733963.00,0.9900,0.0000,0.0000
KXNBAGAME-25NOV12MEMBOS-MEM,KXNBAGAME-25NOV12MEMBOS,Memphis vs Boston Winner?,,2025-11-10T16:06:00Z,2025-11-13T03:09:42.533857Z,2025-11-13T03:19:02.278351Z,no,0.0000,604213.00,0.0100,0.0000,0.0000
KXNBAGAME-25NOV12MEMBOS-BOS,KXNBAGAME-25NOV12MEMBOS,Memphis vs Boston Winner?,,2025-11-10T16:06:00Z,2025-11-13T03:09:42.533857Z,2025-11-13T03:19:02.278351Z,yes,1.0000,704448.00,0.9900,0.0000,0.0000
KXNBAGAME-25NOV12ORLNYK-ORL,KXNBAGAME-25NOV12ORLNYK,Orlando vs New York K Winner?,,2025-11-10T16:06:00Z,2025-11-13T03:09:48.72535Z,2025-11-13T03:19:08.461559Z,yes,1.0000,2012927.00,0.9900,0.0000,0.0000
KXNBAGAME-25NOV12ORLNYK-NYK,KXNBAGAME-25NOV12ORLNYK,Orlando vs New York K Winner?,,2025-11-10T16:06:00Z,2025-11-13T03:09:48.72535Z,2025-11-13T03:19:08.461559Z,no,0.0000,4383548.00,0.0100,0.0000,0.0000
KXNBAGAME-25NOV12CLEMIA-MIA,KXNBAGAME-25NOV12CLEMIA,Cleveland vs Miami Winner?,,2025-11-10T16:06:00Z,2025-11-13T03:24:37.319131Z,2025-11-13T03:33:58.181443Z,no,0.0000,1918361.00,0.0100,0.0000,0.0000
KXNBAGAME-25NOV12CLEMIA-CLE,KXNBAGAME-25NOV12CLEMIA,Cleveland vs Miami Winner?,,2025-11-10T16:06:00Z,2025-11-13T03:24:37.319131Z,2025-11-13T03:33:58.181443Z,yes,1.0000,2824189.00,0.9900,0.0000,0.0000
KXNBAGAME-25NOV12PORNOP-POR,KXNBAGAME-25NOV12PORNOP,Portland vs New Orleans Winner?,,2025-11-10T16:06:00Z,2025-11-13T03:54:32.737889Z,2025-11-13T04:03:53.308575Z,yes,1.0000,934046.00,0.9900,0.0000,0.0000
KXNBAGAME-25NOV12PORNOP-NOP,KXNBAGAME-25NOV12PORNOP,Portland vs New Orleans Winner?,,2025-11-10T16:06:00Z,2025-11-13T03:54:32.737889Z,2025-11-13T04:03:53.308575Z,no,0.0000,766963.00,0.0100,0.0000,0.0000
KXNBAGAME-25NOV12WASHOU-WAS,KXNBAGAME-25NOV12WASHOU,Washington vs Houston Winner?,,2025-11-10T16:06:00Z,2025-11-13T03:59:40.190858Z,2025-11-13T04:09:00.31285Z,no,0.0000,856872.00,0.0100,0.0000,0.0000
KXNBAGAME-25NOV12WASHOU-HOU,KXNBAGAME-25NOV12WASHOU,Washington vs Houston Winner?,,2025-11-10T16:06:00Z,2025-11-13T03:59:40.190858Z,2025-11-13T04:09:00.31285Z,yes,1.0000,395322.00,0.9900,0.0000,0.0000
KXNBAGAME-25NOV12GSWSAS-SAS,KXNBAGAME-25NOV12GSWSAS,Golden State vs San Antonio Winner?,,2025-11-10T16:06:00Z,2025-11-13T04:14:32.565636Z,2025-11-13T04:23:53.501003Z,no,0.0000,4190907.00,0.0100,0.0000,0.0000
KXNBAGAME-25NOV12GSWSAS-GSW,KXNBAGAME-25NOV12GSWSAS,Golden State vs San Antonio Winner?,,2025-11-10T16:06:00Z,2025-11-13T04:14:32.565636Z,2025-11-13T04:23:53.501003Z,yes,1.0000,3894621.00,0.9900,0.0000,0.0000
KXNBAGAME-25NOV12PHXDAL-PHX,KXNBAGAME-25NOV12PHXDAL,Phoenix vs Dallas Winner?,,2025-11-10T19:06:00Z,2025-11-13T04:34:27.488979Z,2025-11-13T04:43:48.359691Z,yes,1.0000,2763169.00,0.9900,0.0000,0.0000
KXNBAGAME-25NOV12PHXDAL-DAL,KXNBAGAME-25NOV12PHXDAL,Phoenix vs Dallas Winner?,,2025-11-10T19:06:00Z,2025-11-13T04:34:27.488979Z,2025-11-13T04:43:48.359691Z,no,0.0000,1686447.00,0.0100,0.0000,0.0000
KXNBAGAME-25NOV12LALOKC-OKC,KXNBAGAME-25NOV12LALOKC,Los Angeles L vs Oklahoma City Winner?,,2025-11-10T19:06:00Z,2025-11-13T05:24:24.298618Z,2025-11-13T05:33:45.296647Z,yes,1.0000,1357780.00,0.9900,0.0000,0.0000
KXNBAGAME-25NOV12LALOKC-LAL,KXNBAGAME-25NOV12LALOKC,Los Angeles L vs Oklahoma City Winner?,,2025-11-10T19:06:00Z,2025-11-13T05:24:24.298618Z,2025-11-13T05:33:45.296647Z,no,0.0000,3690489.00,0.0100,0.0000,0.0000
KXNBAGAME-25NOV12ATLSAC-SAC,KXNBAGAME-25NOV12ATLSAC,Atlanta vs Sacramento Winner?,,2025-11-10T19:06:00Z,2025-11-13T05:34:26.38333Z,2025-11-13T05:43:47.318792Z,no,0.0000,2082452.00,0.0100,0.0000,0.0000
KXNBAGAME-25NOV12ATLSAC-ATL,KXNBAGAME-25NOV12ATLSAC,Atlanta vs Sacramento Winner?,,2025-11-10T19:06:00Z,2025-11-13T05:34:26.38333Z,2025-11-13T05:43:47.318792Z,yes,1.0000,1401261.00,0.9900,0.0000,0.0000
KXNBAGAME-25NOV12DENLAC-LAC,KXNBAGAME-25NOV12DENLAC,Denver vs Los Angeles C Winner?,,2025-11-10T19:06:00Z,2025-11-13T06:19:26.346969Z,2025-11-13T06:28:47.495699Z,no,0.0000,3488873.00,0.0100,0.0000,0.0000
KXNBAGAME-25NOV12DENLAC-DEN,KXNBAGAME-25NOV12DENLAC,Denver vs Los Angeles C Winner?,,2025-11-10T19:06:00Z,2025-11-13T06:19:26.346969Z,2025-11-13T06:28:47.495699Z,yes,1.0000,7951024.00,0.9900,0.0000,0.0000
KXNBAGAME-25NOV13TORCLE-TOR,KXNBAGAME-25NOV13TORCLE,Toronto vs Cleveland Winner?,,2025-11-11T16:05:00Z,2025-11-14T02:49:29.743787Z,2025-11-14T02:58:50.263368Z,yes,1.0000,4106661.00,0.9900,0.0000,0.0000
KXNBAGAME-25NOV13TORCLE-CLE,KXNBAGAME-25NOV13TORCLE,Toronto vs Cleveland Winner?,,2025-11-11T16:05:00Z,2025-11-14T02:49:29.743787Z,2025-11-14T02:58:50.263368Z,no,0.0000,4125129.00,0.0100,0.0000,0.0000
KXNBAGAME-25NOV13ATLUTA-UTA,KXNBAGAME-25NOV13ATLUTA,Atlanta vs Utah Winner?,,2025-11-11T19:06:00Z,2025-11-14T04:44:30.133759Z,2025-11-14T04:53:51.310398Z,no,0.0000,4115243.00,0.0100,0.0000,0.0000
KXNBAGAME-25NOV13ATLUTA-ATL,KXNBAGAME-25NOV13ATLUTA,Atlanta vs Utah Winner?,,2025-11-11T19:06:00Z,2025-11-14T04:44:30.133759Z,2025-11-14T04:53:51.310398Z,yes,1.0000,5240575.00,0.9900,0.0000,0.0000
KXNBAGAME-25NOV13INDPHX-PHX,KXNBAGAME-25NOV13INDPHX,Indiana vs Phoenix Winner?,,2025-11-11T19:06:00Z,2025-11-14T05:09:31.392812Z,2025-11-14T05:18:52.244425Z,yes,1.0000,5038311.00,0.9900,0.0000,0.0000
KXNBAGAME-25NOV13INDPHX-IND,KXNBAGAME-25NOV13INDPHX,Indiana vs Phoenix Winner?,,2025-11-11T19:06:00Z,2025-11-14T05:09:31.392812Z,2025-11-14T05:18:52.244425Z,no,0.0000,1765473.00,0.0100,0.0000,0.0000
KXNBAGAME-25NOV14BKNORL-ORL,KXNBAGAME-25NOV14BKNORL,Brooklyn vs Orlando Winner?,,2025-11-12T16:06:00Z,2025-11-15T02:49:43.309393Z,2025-11-15T02:59:03.442167Z,yes,1.0000,2430947.00,0.9900,0.0000,0.0000
KXNBAGAME-25NOV14BKNORL-BKN,KXNBAGAME-25NOV14BKNORL,Brooklyn vs Orlando Winner?,,2025-11-12T16:06:00Z,2025-11-15T02:49:43.309393Z,2025-11-15T02:59:03.442167Z,no,0.0000,3717680.00,0.0100,0.0000,0.0000
KXNBAGAME-25NOV14MIANYK-NYK,KXNBAGAME-25NOV14MIANYK,Miami vs New York K Winner?,,2025-11-12T16:06:00Z,2025-11-15T03:04:37.290467Z,2025-11-15T03:13:57.4494Z,yes,1.0000,2456358.00,0.9900,0.0000,0.0000
KXNBAGAME-25NOV14MIANYK-MIA,KXNBAGAME-25NOV14MIANYK,Miami vs New York K Winner?,,2025-11-12T16:06:00Z,2025-11-15T03:04:37.290467Z,2025-11-15T03:13:57.4494Z,no,0.0000,4153460.00,0.0100,0.0000,0.0000
KXNBAGAME-25NOV14PHIDET-PHI,KXNBAGAME-25NOV14PHIDET,Philadelphia vs Detroit Winner?,,2025-11-12T16:06:00Z,2025-11-15T03:09:39.163138Z,2025-11-15T03:18:59.369294Z,no,0.0000,2646487.00,0.0100,0.0000,0.0000
KXNBAGAME-25NOV14PHIDET-DET,KXNBAGAME-25NOV14PHIDET,Philadelphia vs Detroit Winner?,,2025-11-12T16:06:00Z,2025-11-15T03:09:39.163138Z,2025-11-15T03:18:59.369294Z,yes,1.0000,2892640.00,0.9900,0.0000,0.0000
KXNBAGAME-25NOV14PORHOU-POR,KXNBAGAME-25NOV14PORHOU,Portland vs Houston Winner?,,2025-11-12T16:06:00Z,2025-11-15T03:39:34.184848Z,2025-11-15T03:48:54.259005Z,no,0.0000,618701.00,0.0100,0.0000,0.0000
KXNBAGAME-25NOV14PORHOU-HOU,KXNBAGAME-25NOV14PORHOU,Portland vs Houston Winner?,,2025-11-12T16:06:00Z,2025-11-15T03:39:34.184848Z,2025-11-15T03:48:54.259005Z,yes,1.0000,847787.00,0.9900,0.0000,0.0000
KXNBAGAME-25NOV14SACMIN-SAC,KXNBAGAME-25NOV14SACMIN,Sacramento vs Minnesota Winner?,,2025-11-12T16:06:00Z,2025-11-15T03:49:35.933204Z,2025-11-15T03:58:55.292044Z,no,0.0000,1475609.00,0.0100,0.0000,0.0000
KXNBAGAME-25NOV14SACMIN-MIN,KXNBAGAME-25NOV14SACMIN,Sacramento vs Minnesota Winner?,,2025-11-12T16:06:00Z,2025-11-15T03:49:35.933204Z,2025-11-15T03:58:55.292044Z,yes,1.0000,1051910.00,0.9900,0.0000,0.0000
KXNBAGAME-25NOV14LALNOP-NOP,KXNBAGAME-25NOV14LALNOP,Los Angeles L vs New Orleans Winner?,,2025-11-12T16:06:00Z,2025-11-15T03:54:28.745773Z,2025-11-15T04:03:48.265911Z,no,0.0000,399490.00,0.0100,0.0000,0.0000
KXNBAGAME-25NOV14LALNOP-LAL,KXNBAGAME-25NOV14LALNOP,Los Angeles L vs New Orleans Winner?,,2025-11-12T16:06:00Z,2025-11-15T03:54:28.745773Z,2025-11-15T04:03:48.265911Z,yes,1.0000,1317342.00,0.9900,0.0000,0.0000
KXNBAGAME-25NOV14CHAMIL-MIL,KXNBAGAME-25NOV14CHAMIL,Charlotte vs Milwaukee Winner?,,2025-11-12T16:06:00Z,2025-11-15T04:04:28.88581Z,2025-11-15T04:13:48.366801Z,yes,1.0000,3930118.00,0.9900,0.0000,0.0000
KXNBAGAME-25NOV14CHAMIL-CHA,KXNBAGAME-25NOV14CHAMIL,Charlotte vs Milwaukee Winner?,,2025-11-12T16:06:00Z,2025-11-15T04:04:28.88581Z,2025-11-15T04:13:48.366801Z,no,0.0000,2346339.00,0.0100,0.0000,0.0000
KXNBAGAME-25NOV14LACDAL-LAC,KXNBAGAME-25NOV14LACDAL,Los Angeles C vs Dallas Winner?,,2025-11-12T19:06:00Z,2025-11-15T05:14:29.811719Z,2025-11-15T05:23:49.426587Z,yes,1.0000,5256730.00,0.9900,0.0000,0.0000
KXNBAGAME-25NOV14LACDAL-DAL,KXNBAGAME-25NOV14LACDAL,Los Angeles C vs Dallas Winner?,,2025-11-12T19:06:00Z,2025-11-15T05:14:29.811719Z,2025-11-15T05:23:49.426587Z,no,0.0000,3884153.00,0.0100,0.0000,0.0000
KXNBAGAME-25NOV14GSWSAS-SAS,KXNBAGAME-25NOV14GSWSAS,Golden State vs San Antonio Winner?,,2025-11-12T19:06:00Z,2025-11-15T05:24:25.702232Z,2025-11-15T05:33:45.598627Z,no,0.0000,5349394.00,0.0100,0.0000,0.0000
KXNBAGAME-25NOV14GSWSAS-GSW,KXNBAGAME-25NOV14GSWSAS,Golden State vs San Antonio Winner?,,2025-11-12T19:06:00Z,2025-11-15T05:24:25.702232Z,2025-11-15T05:33:45.598627Z,yes,1.0000,6372260.00,0.9900,0.0000,0.0000
KXNBAGAME-25NOV15MEMCLE-MEM,KXNBAGAME-25NOV15MEMCLE,Memphis vs Cleveland Winner?,,2025-11-13T13:05:00Z,2025-11-16T00:49:36.215877Z,2025-11-16T00:58:56.367878Z,no,0.0000,3044220.00,0.0100,0.0000,0.0000
KXNBAGAME-25NOV15MEMCLE-CLE,KXNBAGAME-25NOV15MEMCLE,Memphis vs Cleveland Winner?,,2025-11-13T13:05:00Z,2025-11-16T00:49:36.215877Z,2025-11-16T00:58:56.367878Z,yes,1.0000,2805520.00,0.9900,0.0000,0.0000
KXNBAGAME-25NOV15TORIND-TOR,KXNBAGAME-25NOV15TORIND,Toronto vs Indiana Winner?,,2025-11-13T16:05:00Z,2025-11-16T02:59:37.651809Z,2025-11-16T03:08:57.499558Z,yes,1.0000,2679612.00,0.9900,0.0000,0.0000
KXNBAGAME-25NOV15TORIND-IND,KXNBAGAME-25NOV15TORIND,Toronto vs Indiana Winner?,,2025-11-13T16:05:00Z,2025-11-16T02:59:37.651809Z,2025-11-16T03:08:57.499558Z,no,0.0000,1311734.00,0.0100,0.0000,0.0000
KXNBAGAME-25NOV15OKCCHA-OKC,KXNBAGAME-25NOV15OKCCHA,Oklahoma City vs Charlotte Winner?,,2025-11-13T16:05:00Z,2025-11-16T02:59:38.603579Z,2025-11-16T03:09:09.285059Z,yes,1.0000,759398.00,0.9900,0.0000,0.0000
KXNBAGAME-25NOV15OKCCHA-CHA,KXNBAGAME-25NOV15OKCCHA,Oklahoma City vs Charlotte Winner?,,2025-11-13T16:05:00Z,2025-11-16T02:59:38.603579Z,2025-11-16T03:09:09.285059Z,no,0.0000,1685827.00,0.0100,0.0000,0.0000
KXNBAGAME-25NOV15DENMIN-MIN,KXNBAGAME-25NOV15DENMIN,Denver vs Minnesota Winner?,,2025-11-13T16:05:00Z,2025-11-16T04:03:59.829116Z,2025-11-16T04:12:22.408573Z,no,0.0000,4420459.00,0.0100,0.0000,0.0000
KXNBAGAME-25NOV15DENMIN-DEN,KXNBAGAME-25NOV15DENMIN,Denver vs Minnesota Winner?,,2025-11-13T16:05:00Z,2025-11-16T04:03:59.829116Z,2025-11-16T04:12:22.408573Z,yes,1.0000,5020619.00,0.9900,0.0000,0.0000
KXNBAGAME-25NOV15LALMIL-MIL,KXNBAGAME-25NOV15LALMIL,Los Angeles L vs Milwaukee Winner?,,2025-11-13T16:05:00Z,2025-11-16T04:14:29.589633Z,2025-11-16T04:23:49.320985Z,no,0.0000,2186144.00,0.0100,0.0000,0.0000
KXNBAGAME-25NOV15LALMIL-LAL,KXNBAGAME-25NOV15LALMIL,Los Angeles L vs Milwaukee Winner?,,2025-11-13T16:05:00Z,2025-11-16T04:14:29.589633Z,2025-11-16T04:23:49.320985Z,yes,1.0000,1957417.00,0.9900,0.0000,0.0000
KXNBAGAME-25NOV16LACBOS-LAC,KXNBAGAME-25NOV16LACBOS,Los Angeles C vs Boston Winner?,,2025-11-14T13:05:00Z,2025-11-16T23:29:50.961642Z,2025-11-16T23:39:11.322496Z,no,0.0000,1783748.00,0.0100,0.0000,0.0000
KXNBAGAME-25NOV16LACBOS-BOS,KXNBAGAME-25NOV16LACBOS,Los Angeles C vs Boston Winner?,,2025-11-14T13:05:00Z,2025-11-16T23:29:50.961642Z,2025-11-16T23:39:11.322496Z,yes,1.0000,2049197.00,0.9900,0.0000,0.0000
KXNBAGAME-25NOV16SACSAS-SAS,KXNBAGAME-25NOV16SACSAS,Sacramento vs San Antonio Winner?,,2025-11-14T13:05:00Z,2025-11-16T23:44:41.474103Z,2025-11-16T23:54:01.313245Z,yes,1.0000,1927443.00,0.9900,0.0000,0.0000
KXNBAGAME-25NOV16SACSAS-SAC,KXNBAGAME-25NOV16SACSAS,Sacramento vs San Antonio Winner?,,2025-11-14T13:05:00Z,2025-11-16T23:44:41.474103Z,2025-11-16T23:54:01.313245Z,no,0.0000,1204783.00,0.0100,0.0000,0.0000
KXNBAGAME-25NOV16BKNWAS-WAS,KXNBAGAME-25NOV16BKNWAS,Brooklyn vs Washington Winner?,,2025-11-14T16:06:00Z,2025-11-17T01:44:40.458193Z,2025-11-17T01:54:00.41682Z,no,0.0000,1753861.00,0.0100,0.0000,0.0000
KXNBAGAME-25NOV16BKNWAS-BKN,KXNBAGAME-25NOV16BKNWAS,Brooklyn vs Washington Winner?,,2025-11-14T16:06:00Z,2025-11-17T01:44:40.458193Z,2025-11-17T01:54:00.41682Z,yes,1.0000,1353451.00,0.9900,0.0000,0.0000
KXNBAGAME-25NOV16GSWNOP-NOP,KXNBAGAME-25NOV16GSWNOP,Golden State vs New Orleans Winner?,,2025-11-14T16:06:00Z,2025-11-17T02:44:34.544531Z,2025-11-17T02:53:54.346407Z,no,0.0000,576561.00,0.0100,0.0000,0.0000
KXNBAGAME-25NOV16GSWNOP-GSW,KXNBAGAME-25NOV16GSWNOP,Golden State vs New Orleans Winner?,,2025-11-14T16:06:00Z,2025-11-17T02:44:34.544531Z,2025-11-17T02:53:54.346407Z,yes,1.0000,1458340.00,0.9900,0.0000,0.0000
KXNBAGAME-25NOV16ORLHOU-ORL,KXNBAGAME-25NOV16ORLHOU,Orlando vs Houston Winner?,,2025-11-14T16:06:00Z,2025-11-17T03:19:35.837001Z,2025-11-17T03:28:55.545673Z,no,0.0000,3361859.00,0.0100,0.0000,0.0000
KXNBAGAME-25NOV16ORLHOU-HOU,KXNBAGAME-25NOV16ORLHOU,Orlando vs Houston Winner?,,2025-11-14T16:06:00Z,2025-11-17T03:19:35.837001Z,2025-11-17T03:28:55.545673Z,yes,1.0000,6555288.00,0.9900,0.0000,0.0000
KXNBAGAME-25NOV16PORDAL-POR,KXNBAGAME-25NOV16PORDAL,Portland vs Dallas Winner?,,2025-11-14T16:06:00Z,2025-11-17T03:39:33.207947Z,2025-11-17T03:48:53.457243Z,no,0.0000,2684036.00,0.0100,0.0000,0.0000
KXNBAGAME-25NOV16PORDAL-DAL,KXNBAGAME-25NOV16PORDAL,Portland vs Dallas Winner?,,2025-11-14T16:06:00Z,2025-11-17T03:39:33.207947Z,2025-11-17T03:48:53.457243Z,yes,1.0000,2414959.00,0.9900,0.0000,0.0000
KXNBAGAME-25NOV16ATLPHX-PHX,KXNBAGAME-25NOV16ATLPHX,Atlanta vs Phoenix Winner?,,2025-11-14T16:06:00Z,2025-11-17T04:24:27.775801Z,2025-11-17T04:33:47.398603Z,no,0.0000,2375974.00,0.0100,0.0000,0.0000
KXNBAGAME-25NOV16ATLPHX-ATL,KXNBAGAME-25NOV16ATLPHX,Atlanta vs Phoenix Winner?,,2025-11-14T16:06:00Z,2025-11-17T04:24:27.775801Z,2025-11-17T04:33:47.398603Z,yes,1.0000,2206941.00,0.9900,0.0000,0.0000
KXNBAGAME-25NOV16CHIUTA-UTA,KXNBAGAME-25NOV16CHIUTA,Chicago vs Utah Winner?,,2025-11-14T16:06:00Z,2025-11-17T04:39:28.917803Z,2025-11-17T04:48:48.454779Z,yes,1.0000,3522530.00,0.9900,0.0000,0.0000
KXNBAGAME-25NOV16CHIUTA-CHI,KXNBAGAME-25NOV16CHIUTA,Chicago vs Utah Winner?,,2025-11-14T16:06:00Z,2025-11-17T04:39:28.917803Z,2025-11-17T04:48:48.454779Z,no,0.0000,4381454.00,0.0100,0.0000,0.0000
KXNBAGAME-25NOV17MILCLE-MIL,KXNBAGAME-25NOV17MILCLE,Milwaukee vs Cleveland Winner?,,2025-11-15T16:05:00Z,2025-11-18T02:34:46.877748Z,2025-11-18T02:44:07.455027Z,no,0.0000,2855720.00,0.0100,0.0000,0.0000
KXNBAGAME-25NOV17MILCLE-CLE,KXNBAGAME-25NOV17MILCLE,Milwaukee vs Cleveland Winner?,,2025-11-15T16:05:00Z,2025-11-18T02:34:46.877748Z,2025-11-18T02:44:07.455027Z,yes,1.0000,1571636.00,0.9900,0.0000,0.0000
KXNBAGAME-25NOV17LACPHI-PHI,KXNBAGAME-25NOV17LACPHI,Los Angeles C vs Philadelphia Winner?,,2025-11-15T16:05:00Z,2025-11-18T02:49:41.129036Z,2025-11-18T02:59:01.466811Z,yes,1.0000,4885696.00,0.9900,0.0000,0.0000
KXNBAGAME-25NOV17LACPHI-LAC,KXNBAGAME-25NOV17LACPHI,Los Angeles C vs Philadelphia Winner?,,2025-11-15T16:05:00Z,2025-11-18T02:49:41.129036Z,2025-11-18T02:59:01.466811Z,no,0.0000,2557756.00,0.0100,0.0000,0.0000
KXNBAGAME-25NOV17INDDET-IND,KXNBAGAME-25NOV17INDDET,Indiana vs Detroit Winner?,,2025-11-15T16:05:00Z,2025-11-18T03:04:37.160397Z,2025-11-18T03:13:57.405225Z,no,0.0000,1519464.00,0.0100,0.0000,0.0000
KXNBAGAME-25NOV17INDDET-DET,KXNBAGAME-25NOV17INDDET,Indiana vs Detroit Winner?,,2025-11-15T16:05:00Z,2025-11-18T03:04:37.160397Z,2025-11-18T03:13:57.405225Z,yes,1.0000,2659919.00,0.9900,0.0000,0.0000
KXNBAGAME-25NOV17NYKMIA-NYK,KXNBAGAME-25NOV17NYKMIA,New York K vs Miami Winner?,,2025-11-15T16:06:00Z,2025-11-18T03:19:37.787155Z,2025-11-18T03:28:57.445512Z,no,0.0000,2549646.00,0.0100,0.0000,0.0000
KXNBAGAME-25NOV17NYKMIA-MIA,KXNBAGAME-25NOV17NYKMIA,New York K vs Miami Winner?,,2025-11-15T16:06:00Z,2025-11-18T03:19:37.787155Z,2025-11-18T03:28:57.445512Z,yes,1.0000,2684151.00,0.9900,0.0000,0.0000
KXNBAGAME-25NOV17CHATOR-TOR,KXNBAGAME-25NOV17CHATOR,Charlotte vs Toronto Winner?,,2025-11-15T16:06:00Z,2025-11-18T03:24:32.693273Z,2025-11-18T03:33:52.390949Z,yes,1.0000,1956939.00,0.9900,0.0000,0.0000
KXNBAGAME-25NOV17CHATOR-CHA,KXNBAGAME-25NOV17CHATOR,Charlotte vs Toronto Winner?,,2025-11-15T16:06:00Z,2025-11-18T03:24:32.693273Z,2025-11-18T03:33:52.390949Z,no,0.0000,1677013.00,0.0100,0.0000,0.0000
KXNBAGAME-25NOV17OKCNOP-OKC,KXNBAGAME-25NOV17OKCNOP,Oklahoma City vs New Orleans Winner?,,2025-11-15T16:06:00Z,2025-11-18T03:44:33.931016Z,2025-11-18T03:53:53.280371Z,yes,1.0000,688568.00,0.9900,0.0000,0.0000
KXNBAGAME-25NOV17OKCNOP-NOP,KXNBAGAME-25NOV17OKCNOP,Oklahoma City vs New Orleans Winner?,,2025-11-15T16:06:00Z,2025-11-18T03:44:33.931016Z,2025-11-18T03:53:53.280371Z,no,0.0000,502323.00,0.0100,0.0000,0.0000
KXNBAGAME-25NOV17DALMIN-MIN,KXNBAGAME-25NOV17DALMIN,Dallas vs Minnesota Winner?,,2025-11-15T16:06:00Z,2025-11-18T03:44:34.201965Z,2025-11-18T03:53:57.308033Z,yes,1.0000,369059.00,0.9900,0.0000,0.0000
KXNBAGAME-25NOV17DALMIN-DAL,KXNBAGAME-25NOV17DALMIN,Dallas vs Minnesota Winner?,,2025-11-15T16:06:00Z,2025-11-18T03:44:34.201965Z,2025-11-18T03:53:57.308033Z,no,0.0000,984185.00,0.0100,0.0000,0.0000
KXNBAGAME-25NOV17CHIDEN-DEN,KXNBAGAME-25NOV17CHIDEN,Chicago vs Denver Winner?,,2025-11-15T19:06:00Z,2025-11-18T05:04:29.851064Z,2025-11-18T05:13:49.782925Z,no,0.0000,8303303.00,0.0100,0.0000,0.0000
KXNBAGAME-25NOV17CHIDEN-CHI,KXNBAGAME-25NOV17CHIDEN,Chicago vs Denver Winner?,,2025-11-15T19:06:00Z,2025-11-18T05:04:29.851064Z,2025-11-18T05:13:49.782925Z,yes,1.0000,7153449.00,0.9900,0.0000,0.0000
KXNBAGAME-25NOV18GSWORL-ORL,KXNBAGAME-25NOV18GSWORL,Golden State vs Orlando Winner?,,2025-11-16T16:05:00Z,2025-11-19T02:54:34.340968Z,2025-11-19T03:03:55.078062Z,yes,1.0000,2360506.00,0.9900,0.0000,0.0000
KXNBAGAME-25NOV18GSWORL-GSW,KXNBAGAME-25NOV18GSWORL,Golden State vs Orlando Winner?,,2025-11-16T16:05:00Z,2025-11-19T02:54:34.340968Z,2025-11-19T03:03:55.078062Z,no,0.0000,8006907.00,0.0100,0.0000,0.0000
KXNBAGAME-25NOV18BOSBKN-BOS,KXNBAGAME-25NOV18BOSBKN,Boston vs Brooklyn Winner?,,2025-11-16T16:06:00Z,2025-11-19T03:09:36.316608Z,2025-11-19T03:18:56.741422Z,yes,1.0000,2177087.00,0.9900,0.0000,0.0000
KXNBAGAME-25NOV18BOSBKN-BKN,KXNBAGAME-25NOV18BOSBKN,Boston vs Brooklyn Winner?,,2025-11-16T16:06:00Z,2025-11-19T03:09:36.316608Z,2025-11-19T03:18:56.741422Z,no,0.0000,1930028.00,0.0100,0.0000,0.0000
KXNBAGAME-25NOV18DETATL-DET,KXNBAGAME-25NOV18DETATL,Detroit vs Atlanta Winner?,,2025-11-16T16:06:00Z,2025-11-19T03:14:34.931877Z,2025-11-19T03:23:54.863355Z,yes,1.0000,4233844.00,0.9900,0.0000,0.0000
KXNBAGAME-25NOV18DETATL-ATL,KXNBAGAME-25NOV18DETATL,Detroit vs Atlanta Winner?,,2025-11-16T16:06:00Z,2025-11-19T03:14:34.931877Z,2025-11-19T03:23:54.863355Z,no,0.0000,2474414.00,0.0100,0.0000,0.0000
KXNBAGAME-25NOV18MEMSAS-SAS,KXNBAGAME-25NOV18MEMSAS,Memphis vs San Antonio Winner?,,2025-11-16T16:06:00Z,2025-11-19T03:44:35.309143Z,2025-11-19T03:53:55.698283Z,yes,1.0000,3835437.00,0.9900,0.0000,0.0000
KXNBAGAME-25NOV18MEMSAS-MEM,KXNBAGAME-25NOV18MEMSAS,Memphis vs San Antonio Winner?,,2025-11-16T16:06:00Z,2025-11-19T03:44:35.309143Z,2025-11-19T03:53:55.698283Z,no,0.0000,2409493.00,0.0100,0.0000,0.0000
KXNBAGAME-25NOV18UTALAL-UTA,KXNBAGAME-25NOV18UTALAL,Utah vs Los Angeles L Winner?,,2025-11-16T19:06:00Z,2025-11-19T06:24:28.090048Z,2025-11-19T06:33:48.827861Z,no,0.0000,5137947.00,0.0100,0.0000,0.0000
KXNBAGAME-25NOV18UTALAL-LAL,KXNBAGAME-25NOV18UTALAL,Utah vs Los Angeles L Winner?,,2025-11-16T19:06:00Z,2025-11-19T06:24:28.090048Z,2025-11-19T06:33:48.827861Z,yes,1.0000,4742113.00,0.9900,0.0000,0.0000
KXNBAGAME-25NOV18PHXPOR-POR,KXNBAGAME-25NOV18PHXPOR,Phoenix vs Portland Winner?,,2025-11-16T19:06:00Z,2025-11-19T06:44:32.328838Z,2025-11-19T06:53:52.666758Z,no,0.0000,3185424.00,0.0100,0.0000,0.0000
KXNBAGAME-25NOV18PHXPOR-PHX,KXNBAGAME-25NOV18PHXPOR,Phoenix vs Portland Winner?,,2025-11-16T19:06:00Z,2025-11-19T06:44:32.328838Z,2025-11-19T06:53:52.666758Z,yes,1.0000,4942048.00,0.9900,0.0000,0.0000
KXNBAGAME-25NOV19TORPHI-TOR,KXNBAGAME-25NOV19TORPHI,Toronto vs Philadelphia Winner?,,2025-11-17T16:05:00Z,2025-11-20T02:34:47.002319Z,2025-11-20T02:44:07.485548Z,yes,1.0000,1904915.00,0.9900,0.0000,0.0000
KXNBAGAME-25NOV19TORPHI-PHI,KXNBAGAME-25NOV19TORPHI,Toronto vs Philadelphia Winner?,,2025-11-17T16:05:00Z,2025-11-20T02:34:47.002319Z,2025-11-20T02:44:07.485548Z,no,0.0000,2309595.00,0.0100,0.0000,0.0000
KXNBAGAME-25NOV19CHAIND-IND,KXNBAGAME-25NOV19CHAIND,Charlotte vs Indiana Winner?,,2025-11-17T16:05:00Z,2025-11-20T02:34:53.011655Z,2025-11-20T02:44:20.502385Z,yes,1.0000,1811144.00,0.9900,0.0000,0.0000
KXNBAGAME-25NOV19CHAIND-CHA,KXNBAGAME-25NOV19CHAIND,Charlotte vs Indiana Winner?,,2025-11-17T16:05:00Z,2025-11-20T02:34:53.011655Z,2025-11-20T02:44:20.502385Z,no,0.0000,3188990.00,0.0100,0.0000,0.0000
KXNBAGAME-25NOV19HOUCLE-HOU,KXNBAGAME-25NOV19HOUCLE,Houston vs Cleveland Winner?,,2025-11-17T16:05:00Z,2025-11-20T02:59:52.611705Z,2025-11-20T03:09:12.655027Z,yes,1.0000,3929814.00,0.9900,0.0000,0.0000
KXNBAGAME-25NOV19HOUCLE-CLE,KXNBAGAME-25NOV19HOUCLE,Houston vs Cleveland Winner?,,2025-11-17T16:05:00Z,2025-11-20T02:59:52.611705Z,2025-11-20T03:09:12.655027Z,no,0.0000,3606919.00,0.0100,0.0000,0.0000
KXNBAGAME-25NOV19GSWMIA-MIA,KXNBAGAME-25NOV19GSWMIA,Golden State vs Miami Winner?,,2025-11-17T16:06:00Z,2025-11-20T03:09:42.866012Z,2025-11-20T03:19:02.802063Z,yes,1.0000,2431129.00,0.9900,0.0000,0.0000
KXNBAGAME-25NOV19GSWMIA-GSW,KXNBAGAME-25NOV19GSWMIA,Golden State vs Miami Winner?,,2025-11-17T16:06:00Z,2025-11-20T03:09:42.866012Z,2025-11-20T03:19:02.802063Z,no,0.0000,4516162.00,0.0100,0.0000,0.0000
KXNBAGAME-25NOV19SACOKC-SAC,KXNBAGAME-25NOV19SACOKC,Sacramento vs Oklahoma City Winner?,,2025-11-17T16:06:00Z,2025-11-20T03:49:43.485514Z,2025-11-20T03:59:03.306534Z,no,0.0000,1663486.00,0.0100,0.0000,0.0000
KXNBAGAME-25NOV19SACOKC-OKC,KXNBAGAME-25NOV19SACOKC,Sacramento vs Oklahoma City Winner?,,2025-11-17T16:06:00Z,2025-11-20T03:49:43.485514Z,2025-11-20T03:59:03.306534Z,yes,1.0000,700202.00,0.9900,0.0000,0.0000
KXNBAGAME-25NOV19DENNOP-NOP,KXNBAGAME-25NOV19DENNOP,Denver vs New Orleans Winner?,,2025-11-17T16:06:00Z,2025-11-20T03:59:44.157061Z,2025-11-20T04:09:04.267846Z,no,0.0000,731175.00,0.0100,0.0000,0.0000
KXNBAGAME-25NOV19DENNOP-DEN,KXNBAGAME-25NOV19DENNOP,Denver vs New Orleans Winner?,,2025-11-17T16:06:00Z,2025-11-20T03:59:44.157061Z,2025-11-20T04:09:04.267846Z,yes,1.0000,2432566.00,0.9900,0.0000,0.0000
KXNBAGAME-25NOV19WASMIN-WAS,KXNBAGAME-25NOV19WASMIN,Washington vs Minnesota Winner?,,2025-11-17T16:06:00Z,2025-11-20T04:04:39.099111Z,2025-11-20T04:13:59.257116Z,no,0.0000,1188431.00,0.0100,0.0000,0.0000
KXNBAGAME-25NOV19WASMIN-MIN,KXNBAGAME-25NOV19WASMIN,Washington vs Minnesota Winner?,,2025-11-17T16:06:00Z,2025-11-20T04:04:39.099111Z,2025-11-20T04:13:59.257116Z,yes,1.0000,956808.00,0.9900,0.0000,0.0000
KXNBAGAME-25NOV19NYKDAL-NYK,KXNBAGAME-25NOV19NYKDAL,New York K vs Dallas Winner?,,2025-11-17T19:06:00Z,2025-11-20T05:34:31.950631Z,2025-11-20T05:43:52.583504Z,yes,1.0000,7808362.00,0.9900,0.0000,0.0000
KXNBAGAME-25NOV19NYKDAL-DAL,KXNBAGAME-25NOV19NYKDAL,New York K vs Dallas Winner?,,2025-11-17T19:06:00Z,2025-11-20T05:34:31.950631Z,2025-11-20T05:43:52.583504Z,no,0.0000,5641020.00,0.0100,0.0000,0.0000
KXNBAGAME-25NOV19CHIPOR-POR,KXNBAGAME-25NOV19CHIPOR,Chicago vs Portland Winner?,,2025-11-17T19:06:00Z,2025-11-20T05:44:37.587377Z,2025-11-20T05:53:57.421473Z,no,0.0000,3380192.00,0.0100,0.0000,0.0000
KXNBAGAME-25NOV19CHIPOR-CHI,KXNBAGAME-25NOV19CHIPOR,Chicago vs Portland Winner?,,2025-11-17T19:06:00Z,2025-11-20T05:44:37.587377Z,2025-11-20T05:53:57.421473Z,yes,1.0000,6426685.00,0.9900,0.0000,0.0000
KXNBAGAME-25NOV20LACORL-ORL,KXNBAGAME-25NOV20LACORL,Los Angeles C vs Orlando Winner?,,2025-11-18T16:06:00Z,2025-11-21T02:44:39.920553Z,2025-11-21T02:54:00.510821Z,yes,1.0000,2591576.00,0.9900,0.0000,0.0000
KXNBAGAME-25NOV20LACORL-LAC,KXNBAGAME-25NOV20LACORL,Los Angeles C vs Orlando Winner?,,2025-11-18T16:06:00Z,2025-11-21T02:44:39.920553Z,2025-11-21T02:54:00.510821Z,no,0.0000,1897651.00,0.0100,0.0000,0.0000
KXNBAGAME-25NOV20SACMEM-SAC,KXNBAGAME-25NOV20SACMEM,Sacramento vs Memphis Winner?,,2025-11-18T16:06:00Z,2025-11-21T03:29:43.159465Z,2025-11-21T03:39:03.288566Z,no,0.0000,1021071.00,0.0100,0.0000,0.0000
KXNBAGAME-25NOV20SACMEM-MEM,KXNBAGAME-25NOV20SACMEM,Sacramento vs Memphis Winner?,,2025-11-18T16:06:00Z,2025-11-21T03:29:43.159465Z,2025-11-21T03:39:03.288566Z,yes,1.0000,528411.00,0.9900,0.0000,0.0000
KXNBAGAME-25NOV20ATLSAS-SAS,KXNBAGAME-25NOV20ATLSAS,Atlanta vs San Antonio Winner?,,2025-11-18T16:06:00Z,2025-11-21T03:39:37.299389Z,2025-11-21T03:48:57.413184Z,yes,1.0000,2902856.00,0.9900,0.0000,0.0000
KXNBAGAME-25NOV20ATLSAS-ATL,KXNBAGAME-25NOV20ATLSAS,Atlanta vs San Antonio Winner?,,2025-11-18T16:06:00Z,2025-11-21T03:39:37.299389Z,2025-11-21T03:48:57.413184Z,no,0.0000,3078473.00,0.0100,0.0000,0.0000
KXNBAGAME-25NOV20PHIMIL-PHI,KXNBAGAME-25NOV20PHIMIL,Philadelphia vs Milwaukee Winner?,,2025-11-18T16:06:00Z,2025-11-21T03:54:33.142864Z,2025-11-21T04:03:53.413468Z,yes,1.0000,4740136.00,0.9900,0.0000,0.0000
KXNBAGAME-25NOV20PHIMIL-MIL,KXNBAGAME-25NOV20PHIMIL,Philadelphia vs Milwaukee Winner?,,2025-11-18T16:06:00Z,2025-11-21T03:54:33.142864Z,2025-11-21T04:03:53.413468Z,no,0.0000,3359643.00,0.0100,0.0000,0.0000
KXNBAGAME-25NOV21INDCLE-IND,KXNBAGAME-25NOV21INDCLE,Indiana vs Cleveland Winner?,,2025-11-19T16:06:00Z,2025-11-22T03:00:07.936344Z,2025-11-22T03:09:28.156102Z,no,0.0000,2486168.00,0.0100,0.0000,0.0000
KXNBAGAME-25NOV21INDCLE-CLE,KXNBAGAME-25NOV21INDCLE,Indiana vs Cleveland Winner?,,2025-11-19T16:06:00Z,2025-11-22T03:00:07.936344Z,2025-11-22T03:09:28.156102Z,yes,1.0000,1525231.00,0.9900,0.0000,0.0000
KXNBAGAME-25NOV21BKNBOS-BOS,KXNBAGAME-25NOV21BKNBOS,Brooklyn vs Boston Winner?,,2025-11-19T16:06:00Z,2025-11-22T03:14:50.822407Z,2025-11-22T03:24:11.137973Z,no,0.0000,3864659.00,0.0100,0.0000,0.0000
KXNBAGAME-25NOV21BKNBOS-BKN,KXNBAGAME-25NOV21BKNBOS,Brooklyn vs Boston Winner?,,2025-11-19T16:06:00Z,2025-11-22T03:14:50.822407Z,2025-11-22T03:24:11.137973Z,yes,1.0000,2945374.00,0.9900,0.0000,0.0000
KXNBAGAME-25NOV21WASTOR-WAS,KXNBAGAME-25NOV21WASTOR,Washington vs Toronto Winner?,,2025-11-19T16:06:00Z,2025-11-22T03:29:51.870847Z,2025-11-22T03:39:11.98821Z,no,0.0000,605641.00,0.0100,0.0000,0.0000
KXNBAGAME-25NOV21WASTOR-TOR,KXNBAGAME-25NOV21WASTOR,Washington vs Toronto Winner?,,2025-11-19T16:06:00Z,2025-11-22T03:29:51.870847Z,2025-11-22T03:39:11.98821Z,yes,1.0000,758688.00,0.9900,0.0000,0.0000
KXNBAGAME-25NOV21MIACHI-MIA,KXNBAGAME-25NOV21MIACHI,Miami vs Chicago Winner?,,2025-11-19T16:06:00Z,2025-11-22T03:49:50.45277Z,2025-11-22T03:59:11.088946Z,yes,1.0000,2207636.00,0.9900,0.0000,0.0000
KXNBAGAME-25NOV21MIACHI-CHI,KXNBAGAME-25NOV21MIACHI,Miami vs Chicago Winner?,,2025-11-19T16:06:00Z,2025-11-22T03:49:50.45277Z,2025-11-22T03:59:11.088946Z,no,0.0000,2446271.00,0.0100,0.0000,0.0000
KXNBAGAME-25NOV21NOPDAL-NOP,KXNBAGAME-25NOV21NOPDAL,New Orleans vs Dallas Winner?,,2025-11-19T19:06:00Z,2025-11-22T04:24:37.434753Z,2025-11-22T04:33:58.153315Z,no,0.0000,2129723.00,0.0100,0.0000,0.0000
KXNBAGAME-25NOV21NOPDAL-DAL,KXNBAGAME-25NOV21NOPDAL,New Orleans vs Dallas Winner?,,2025-11-19T19:06:00Z,2025-11-22T04:24:37.434753Z,2025-11-22T04:33:58.153315Z,yes,1.0000,4060080.00,0.9900,0.0000,0.0000
KXNBAGAME-25NOV21MINPHX-PHX,KXNBAGAME-25NOV21MINPHX,Minnesota vs Phoenix Winner?,,2025-11-19T19:06:00Z,2025-11-22T05:04:38.541794Z,2025-11-22T05:13:58.956854Z,yes,1.0000,3736512.00,0.9900,0.0000,0.0000
KXNBAGAME-25NOV21MINPHX-MIN,KXNBAGAME-25NOV21MINPHX,Minnesota vs Phoenix Winner?,,2025-11-19T19:06:00Z,2025-11-22T05:04:38.541794Z,2025-11-22T05:13:58.956854Z,no,0.0000,3327056.00,0.0100,0.0000,0.0000
KXNBAGAME-25NOV21DENHOU-HOU,KXNBAGAME-25NOV21DENHOU,Denver vs Houston Winner?,,2025-11-19T19:06:00Z,2025-11-22T05:29:49.528374Z,2025-11-22T05:39:10.11991Z,no,0.0000,4863924.00,0.0100,0.0000,0.0000
KXNBAGAME-25NOV21DENHOU-DEN,KXNBAGAME-25NOV21DENHOU,Denver vs Houston Winner?,,2025-11-19T19:06:00Z,2025-11-22T05:29:49.528374Z,2025-11-22T05:39:10.11991Z,yes,1.0000,6457568.00,0.9900,0.0000,0.0000
KXNBAGAME-25NOV21OKCUTA-UTA,KXNBAGAME-25NOV21OKCUTA,Oklahoma City vs Utah Winner?,,2025-11-19T19:06:00Z,2025-11-22T05:44:46.845231Z,2025-11-22T05:54:07.146554Z,no,0.0000,2917776.00,0.0100,0.0000,0.0000
KXNBAGAME-25NOV21OKCUTA-OKC,KXNBAGAME-25NOV21OKCUTA,Oklahoma City vs Utah Winner?,,2025-11-19T19:06:00Z,2025-11-22T05:44:46.845231Z,2025-11-22T05:54:07.146554Z,yes,1.0000,1741240.00,0.9900,0.0000,0.0000
KXNBAGAME-25NOV21PORGSW-POR,KXNBAGAME-25NOV21PORGSW,Portland vs Golden State Winner?,,2025-11-19T19:06:00Z,2025-11-22T06:09:34.72596Z,2025-11-22T06:18:55.064243Z,yes,1.0000,4005013.00,0.9900,0.0000,0.0000
KXNBAGAME-25NOV21PORGSW-GSW,KXNBAGAME-25NOV21PORGSW,Portland vs Golden State Winner?,,2025-11-19T19:06:00Z,2025-11-22T06:09:34.72596Z,2025-11-22T06:18:55.064243Z,no,0.0000,5077845.00,0.0100,0.0000,0.0000
KXNBAGAME-25NOV22LACCHA-LAC,KXNBAGAME-25NOV22LACCHA,Los Angeles C vs Charlotte Winner?,,2025-11-20T10:06:00Z,2025-11-22T20:54:45.095867Z,2025-11-22T21:04:05.858291Z,yes,1.0000,2160883.00,0.9900,0.0000,0.0000
KXNBAGAME-25NOV22LACCHA-CHA,KXNBAGAME-25NOV22LACCHA,Los Angeles C vs Charlotte Winner?,,2025-11-20T10:06:00Z,2025-11-22T20:54:45.095867Z,2025-11-22T21:04:05.858291Z,no,0.0000,1877786.00,0.0100,0.0000,0.0000
KXNBAGAME-25NOV22NYKORL-ORL,KXNBAGAME-25NOV22NYKORL,New York K vs Orlando Winner?,,2025-11-20T13:06:00Z,2025-11-23T01:19:50.804337Z,2025-11-23T01:29:11.365608Z,yes,1.0000,2646304.00,0.9900,0.0000,0.0000
KXNBAGAME-25NOV22NYKORL-NYK,KXNBAGAME-25NOV22NYKORL,New York K vs Orlando Winner?,,2025-11-20T13:06:00Z,2025-11-23T01:19:50.804337Z,2025-11-23T01:29:11.365608Z,no,0.0000,4213558.00,0.0100,0.0000,0.0000
KXNBAGAME-25NOV22ATLNOP-NOP,KXNBAGAME-25NOV22ATLNOP,Atlanta vs New Orleans Winner?,,2025-11-20T16:06:00Z,2025-11-23T02:34:36.158486Z,2025-11-23T02:43:57.229403Z,no,0.0000,1337608.00,0.0100,0.0000,0.0000
KXNBAGAME-25NOV22ATLNOP-ATL,KXNBAGAME-25NOV22ATLNOP,Atlanta vs New Orleans Winner?,,2025-11-20T16:06:00Z,2025-11-23T02:34:36.158486Z,2025-11-23T02:43:57.229403Z,yes,1.0000,1580770.00,0.9900,0.0000,0.0000
KXNBAGAME-25NOV22WASCHI-WAS,KXNBAGAME-25NOV22WASCHI,Washington vs Chicago Winner?,,2025-11-20T16:06:00Z,2025-11-23T03:39:41.785738Z,2025-11-23T03:49:02.188004Z,no,0.0000,2608139.00,0.0100,0.0000,0.0000
KXNBAGAME-25NOV22WASCHI-CHI,KXNBAGAME-25NOV22WASCHI,Washington vs Chicago Winner?,,2025-11-20T16:06:00Z,2025-11-23T03:39:41.785738Z,2025-11-23T03:49:02.188004Z,yes,1.0000,3618225.00,0.9900,0.0000,0.0000
KXNBAGAME-25NOV22DETMIL-MIL,KXNBAGAME-25NOV22DETMIL,Detroit vs Milwaukee Winner?,,2025-11-20T16:06:00Z,2025-11-23T03:49:41.674339Z,2025-11-23T03:59:02.321491Z,no,0.0000,1348129.00,0.0100,0.0000,0.0000
KXNBAGAME-25NOV22DETMIL-DET,KXNBAGAME-25NOV22DETMIL,Detroit vs Milwaukee Winner?,,2025-11-20T16:06:00Z,2025-11-23T03:49:41.674339Z,2025-11-23T03:59:02.321491Z,yes,1.0000,1572985.00,0.9900,0.0000,0.0000
KXNBAGAME-25NOV22MEMDAL-MEM,KXNBAGAME-25NOV22MEMDAL,Memphis vs Dallas Winner?,,2025-11-20T19:06:00Z,2025-11-23T04:04:33.142009Z,2025-11-23T04:13:54.197889Z,yes,1.0000,2328924.00,0.9900,0.0000,0.0000
KXNBAGAME-25NOV22MEMDAL-DAL,KXNBAGAME-25NOV22MEMDAL,Memphis vs Dallas Winner?,,2025-11-20T19:06:00Z,2025-11-23T04:04:33.142009Z,2025-11-23T04:13:54.197889Z,no,0.0000,3766023.00,0.0100,0.0000,0.0000
KXNBAGAME-25NOV22SACDEN-SAC,KXNBAGAME-25NOV22SACDEN,Sacramento vs Denver Winner?,,2025-11-20T19:06:00Z,2025-11-23T05:54:31.810031Z,2025-11-23T06:03:52.608406Z,yes,1.0000,4104757.00,0.9900,0.0000,0.0000
KXNBAGAME-25NOV22SACDEN-DEN,KXNBAGAME-25NOV22SACDEN,Sacramento vs Denver Winner?,,2025-11-20T19:06:00Z,2025-11-23T05:54:31.810031Z,2025-11-23T06:03:52.608406Z,no,0.0000,6059124.00,0.0100,0.0000,0.0000
KXNBAGAME-25NOV23MIAPHI-PHI,KXNBAGAME-25NOV23MIAPHI,Miami vs Philadelphia Winner?,,2025-11-21T10:06:00Z,2025-11-23T20:39:54.142662Z,2025-11-23T20:49:15.244356Z,no,0.0000,2229066.00,0.0100,0.0000,0.0000
KXNBAGAME-25NOV23MIAPHI-MIA,KXNBAGAME-25NOV23MIAPHI,Miami vs Philadelphia Winner?,,2025-11-21T10:06:00Z,2025-11-23T20:39:54.142662Z,2025-11-23T20:49:15.244356Z,yes,1.0000,1707023.00,0.9900,0.0000,0.0000
KXNBAGAME-25NOV23LACCLE-LAC,KXNBAGAME-25NOV23LACCLE,Los Angeles C vs Cleveland Winner?,,2025-11-21T16:06:00Z,2025-11-24T01:34:44.466011Z,2025-11-24T01:44:05.389953Z,no,0.0000,1683414.00,0.0100,0.0000,0.0000
KXNBAGAME-25NOV23LACCLE-CLE,KXNBAGAME-25NOV23LACCLE,Los Angeles C vs Cleveland Winner?,,2025-11-21T16:06:00Z,2025-11-24T01:34:44.466011Z,2025-11-24T01:44:05.389953Z,yes,1.0000,1016767.00,0.9900,0.0000,0.0000
KXNBAGAME-25NOV23CHAATL-CHA,KXNBAGAME-25NOV23CHAATL,Charlotte vs Atlanta Winner?,,2025-11-21T16:06:00Z,2025-11-24T01:39:45.86566Z,2025-11-24T01:49:06.444182Z,no,0.0000,2006584.00,0.0100,0.0000,0.0000
KXNBAGAME-25NOV23CHAATL-ATL,KXNBAGAME-25NOV23CHAATL,Charlotte vs Atlanta Winner?,,2025-11-21T16:06:00Z,2025-11-24T01:39:45.86566Z,2025-11-24T01:49:06.444182Z,yes,1.0000,2463921.00,0.9900,0.0000,0.0000
KXNBAGAME-25NOV23ORLBOS-ORL,KXNBAGAME-25NOV23ORLBOS,Orlando vs Boston Winner?,,2025-11-21T16:06:00Z,2025-11-24T01:44:48.434292Z,2025-11-24T01:54:09.151165Z,no,0.0000,1166008.00,0.0100,0.0000,0.0000
KXNBAGAME-25NOV23ORLBOS-BOS,KXNBAGAME-25NOV23ORLBOS,Orlando vs Boston Winner?,,2025-11-21T16:06:00Z,2025-11-24T01:44:48.434292Z,2025-11-24T01:54:09.151165Z,yes,1.0000,670237.00,0.9900,0.0000,0.0000
KXNBAGAME-25NOV23BKNTOR-TOR,KXNBAGAME-25NOV23BKNTOR,Brooklyn vs Toronto Winner?,,2025-11-21T16:06:00Z,2025-11-24T01:49:41.17653Z,2025-11-24T01:59:02.223613Z,yes,1.0000,1593398.00,0.9900,0.0000,0.0000
KXNBAGAME-25NOV23BKNTOR-BKN,KXNBAGAME-25NOV23BKNTOR,Brooklyn vs Toronto Winner?,,2025-11-21T16:06:00Z,2025-11-24T01:49:41.17653Z,2025-11-24T01:59:02.223613Z,no,0.0000,2118481.00,0.0100,0.0000,0.0000
KXNBAGAME-25NOV23POROKC-POR,KXNBAGAME-25NOV23POROKC,Portland vs Oklahoma City Winner?,,2025-11-21T16:06:00Z,2025-11-24T02:59:47.727653Z,2025-11-24T03:09:08.183974Z,no,0.0000,1346129.00,0.0100,0.0000,0.0000
KXNBAGAME-25NOV23POROKC-OKC,KXNBAGAME-25NOV23POROKC,Portland vs Oklahoma City Winner?,,2025-11-21T16:06:00Z,2025-11-24T02:59:47.727653Z,2025-11-24T03:09:08.183974Z,yes,1.0000,1389899.00,0.9900,0.0000,0.0000
KXNBAGAME-25NOV23SASPHX-SAS,KXNBAGAME-25NOV23SASPHX,San Antonio vs Phoenix Winner?,,2025-11-21T16:06:00Z,2025-11-24T03:49:38.320032Z,2025-11-24T03:58:59.353842Z,no,0.0000,3709981.00,0.0100,0.0000,0.0000
KXNBAGAME-25NOV23SASPHX-PHX,KXNBAGAME-25NOV23SASPHX,San Antonio vs Phoenix Winner?,,2025-11-21T16:06:00Z,2025-11-24T03:49:38.320032Z,2025-11-24T03:58:59.353842Z,yes,1.0000,4596533.00,0.9900,0.0000,0.0000
KXNBAGAME-25NOV23LALUTA-UTA,KXNBAGAME-25NOV23LALUTA,Los Angeles L vs Utah Winner?,,2025-11-21T16:06:00Z,2025-11-24T03:54:29.982831Z,2025-11-24T04:03:51.458719Z,no,0.0000,2829105.00,0.0100,0.0000,0.0000
KXNBAGAME-25NOV23LALUTA-LAL,KXNBAGAME-25NOV23LALUTA,Los Angeles L vs Utah Winner?,,2025-11-21T16:06:00Z,2025-11-24T03:54:29.982831Z,2025-11-24T04:03:51.458719Z,yes,1.0000,3422044.00,0.9900,0.0000,0.0000
KXNBAGAME-25NOV24CLETOR-TOR,KXNBAGAME-25NOV24CLETOR,Cleveland vs Toronto Winner?,,2025-11-22T16:06:00Z,2025-11-25T02:49:59.832209Z,2025-11-25T02:59:20.416199Z,yes,1.0000,3423663.00,0.9900,0.0000,0.0000
KXNBAGAME-25NOV24CLETOR-CLE,KXNBAGAME-25NOV24CLETOR,Cleveland vs Toronto Winner?,,2025-11-22T16:06:00Z,2025-11-25T02:49:59.832209Z,2025-11-25T02:59:20.416199Z,no,0.0000,3327461.00,0.0100,0.0000,0.0000
KXNBAGAME-25NOV24DETIND-IND,KXNBAGAME-25NOV24DETIND,Detroit vs Indiana Winner?,,2025-11-22T16:06:00Z,2025-11-25T03:04:53.853863Z,2025-11-25T03:14:14.332654Z,no,0.0000,1494734.00,0.0100,0.0000,0.0000
KXNBAGAME-25NOV24DETIND-DET,KXNBAGAME-25NOV24DETIND,Detroit vs Indiana Winner?,,2025-11-22T16:06:00Z,2025-11-25T03:04:53.853863Z,2025-11-25T03:14:14.332654Z,yes,1.0000,2538423.00,0.9900,0.0000,0.0000
KXNBAGAME-25NOV24NYKBKN-NYK,KXNBAGAME-25NOV24NYKBKN,New York K vs Brooklyn Winner?,,2025-11-22T16:06:00Z,2025-11-25T03:14:43.688559Z,2025-11-25T03:24:04.224294Z,yes,1.0000,519783.00,0.9900,0.0000,0.0000
KXNBAGAME-25NOV24NYKBKN-BKN,KXNBAGAME-25NOV24NYKBKN,New York K vs Brooklyn Winner?,,2025-11-22T16:06:00Z,2025-11-25T03:14:43.688559Z,2025-11-25T03:24:04.224294Z,no,0.0000,1289831.00,0.0100,0.0000,0.0000
KXNBAGAME-25NOV24DALMIA-MIA,KXNBAGAME-25NOV24DALMIA,Dallas vs Miami Winner?,,2025-11-22T16:06:00Z,2025-11-25T03:34:41.591517Z,2025-11-25T03:44:02.636402Z,yes,1.0000,1718245.00,0.9900,0.0000,0.0000
KXNBAGAME-25NOV24DALMIA-DAL,KXNBAGAME-25NOV24DALMIA,Dallas vs Miami Winner?,,2025-11-22T16:06:00Z,2025-11-25T03:34:41.591517Z,2025-11-25T03:44:02.636402Z,no,0.0000,1761625.00,0.0100,0.0000,0.0000
KXNBAGAME-25NOV24DENMEM-MEM,KXNBAGAME-25NOV24DENMEM,Denver vs Memphis Winner?,,2025-11-22T16:06:00Z,2025-11-25T03:34:41.681421Z,2025-11-25T03:44:02.428052Z,no,0.0000,772002.00,0.0100,0.0000,0.0000
KXNBAGAME-25NOV24DENMEM-DEN,KXNBAGAME-25NOV24DENMEM,Denver vs Memphis Winner?,,2025-11-22T16:06:00Z,2025-11-25T03:34:41.681421Z,2025-11-25T03:44:02.428052Z,yes,1.0000,1218875.00,0.9900,0.0000,0.0000
KXNBAGAME-25NOV24CHINOP-NOP,KXNBAGAME-25NOV24CHINOP,Chicago vs New Orleans Winner?,,2025-11-22T16:06:00Z,2025-11-25T03:44:39.108784Z,2025-11-25T03:54:00.163226Z,yes,1.0000,1371692.00,0.9900,0.0000,0.0000
KXNBAGAME-25NOV24CHINOP-CHI,KXNBAGAME-25NOV24CHINOP,Chicago vs New Orleans Winner?,,2025-11-22T16:06:00Z,2025-11-25T03:44:39.108784Z,2025-11-25T03:54:00.163226Z,no,0.0000,2465950.00,0.0100,0.0000,0.0000
KXNBAGAME-25NOV24PORMIL-POR,KXNBAGAME-25NOV24PORMIL,Portland vs Milwaukee Winner?,,2025-11-22T16:06:00Z,2025-11-25T03:59:51.073669Z,2025-11-25T04:09:12.286057Z,yes,1.0000,745837.00,0.9900,0.0000,0.0000
KXNBAGAME-25NOV24PORMIL-MIL,KXNBAGAME-25NOV24PORMIL,Portland vs Milwaukee Winner?,,2025-11-22T16:06:00Z,2025-11-25T03:59:51.073669Z,2025-11-25T04:09:12.286057Z,no,0.0000,933162.00,0.0100,0.0000,0.0000
KXNBAGAME-25NOV24HOUPHX-PHX,KXNBAGAME-25NOV24HOUPHX,Houston vs Phoenix Winner?,,2025-11-22T19:07:00Z,2025-11-25T05:34:28.875424Z,2025-11-25T05:43:49.482526Z,no,0.0000,3968586.00,0.0100,0.0000,0.0000
KXNBAGAME-25NOV24HOUPHX-HOU,KXNBAGAME-25NOV24HOUPHX,Houston vs Phoenix Winner?,,2025-11-22T19:07:00Z,2025-11-25T05:34:28.875424Z,2025-11-25T05:43:49.482526Z,yes,1.0000,2028931.00,0.9900,0.0000,0.0000
KXNBAGAME-25NOV24UTAGSW-UTA,KXNBAGAME-25NOV24UTAGSW,Utah vs Golden State Winner?,,2025-11-22T19:07:00Z,2025-11-25T05:54:29.51913Z,2025-11-25T06:03:50.308341Z,no,0.0000,2477090.00,0.0100,0.0000,0.0000
KXNBAGAME-25NOV24UTAGSW-GSW,KXNBAGAME-25NOV24UTAGSW,Utah vs Golden State Winner?,,2025-11-22T19:07:00Z,2025-11-25T05:54:29.51913Z,2025-11-25T06:03:50.308341Z,yes,1.0000,762926.00,0.9900,0.0000,0.0000
KXNBAGAME-25NOV24MINSAC-SAC,KXNBAGAME-25NOV24MINSAC,Minnesota vs Sacramento Winner?,,2025-11-22T19:07:00Z,2025-11-25T06:09:36.497576Z,2025-11-25T06:18:57.44457Z,yes,1.0000,3674053.00,0.9900,0.0000,0.0000
KXNBAGAME-25NOV24MINSAC-MIN,KXNBAGAME-25NOV24MINSAC,Minnesota vs Sacramento Winner?,,2025-11-22T19:07:00Z,2025-11-25T06:09:36.497576Z,2025-11-25T06:18:57.44457Z,no,0.0000,3017292.00,0.0100,0.0000,0.0000
KXNBAGAME-25NOV25ATLWAS-WAS,KXNBAGAME-25NOV25ATLWAS,Atlanta vs Washington Winner?,,2025-11-23T16:06:00Z,2025-11-26T02:34:29.449355Z,2025-11-26T02:43:50.470011Z,yes,1.0000,4345307.00,0.9900,0.0000,0.0000
KXNBAGAME-25NOV25ATLWAS-ATL,KXNBAGAME-25NOV25ATLWAS,Atlanta vs Washington Winner?,,2025-11-23T16:06:00Z,2025-11-26T02:34:29.449355Z,2025-11-26T02:43:50.470011Z,no,0.0000,6442523.00,0.0100,0.0000,0.0000
KXNBAGAME-25NOV25ORLPHI-PHI,KXNBAGAME-25NOV25ORLPHI,Orlando vs Philadelphia Winner?,,2025-11-23T16:06:00Z,2025-11-26T03:54:28.682625Z,2025-11-26T04:03:49.301317Z,no,0.0000,3313835.00,0.0100,0.0000,0.0000
KXNBAGAME-25NOV25ORLPHI-ORL,KXNBAGAME-25NOV25ORLPHI,Orlando vs Philadelphia Winner?,,2025-11-23T16:06:00Z,2025-11-26T03:54:28.682625Z,2025-11-26T04:03:49.301317Z,yes,1.0000,2442853.00,0.9900,0.0000,0.0000
KXNBAGAME-25NOV25LACLAL-LAL,KXNBAGAME-25NOV25LACLAL,Los Angeles C vs Los Angeles L Winner?,,2025-11-23T19:06:00Z,2025-11-26T06:54:27.440556Z,2025-11-26T07:03:48.632074Z,yes,1.0000,8316245.00,0.9900,0.0000,0.0000
KXNBAGAME-25NOV25LACLAL-LAC,KXNBAGAME-25NOV25LACLAL,Los Angeles C vs Los Angeles L Winner?,,2025-11-23T19:06:00Z,2025-11-26T06:54:27.440556Z,2025-11-26T07:03:48.632074Z,no,0.0000,4804410.00,0.0100,0.0000,0.0000
KXNBAGAME-25NOV26DETBOS-DET,KXNBAGAME-25NOV26DETBOS,Detroit vs Boston Winner?,,2025-11-24T13:06:00Z,2025-11-27T01:04:59.393006Z,2025-11-27T01:14:20.75844Z,no,0.0000,9287810.00,0.0100,0.0000,0.0000
KXNBAGAME-25NOV26DETBOS-BOS,KXNBAGAME-25NOV26DETBOS,Detroit vs Boston Winner?,,2025-11-24T13:06:00Z,2025-11-27T01:04:59.393006Z,2025-11-27T01:14:20.75844Z,yes,1.0000,5199405.00,0.9900,0.0000,0.0000
KXNBAGAME-25NOV26NYKCHA-NYK,KXNBAGAME-25NOV26NYKCHA,New York K vs Charlotte Winner?,,2025-11-24T16:06:00Z,2025-11-27T02:40:02.718342Z,2025-11-27T02:49:23.330638Z,yes,1.0000,1978670.00,0.9900,0.0000,0.0000
KXNBAGAME-25NOV26NYKCHA-CHA,KXNBAGAME-25NOV26NYKCHA,New York K vs Charlotte Winner?,,2025-11-24T16:06:00Z,2025-11-27T02:40:02.718342Z,2025-11-27T02:49:23.330638Z,no,0.0000,602062.00,0.0100,0.0000,0.0000
KXNBAGAME-25NOV26MILMIA-MIL,KXNBAGAME-25NOV26MILMIA,Milwaukee vs Miami Winner?,,2025-11-24T16:06:00Z,2025-11-27T03:00:03.099416Z,2025-11-27T03:09:24.384781Z,no,0.0000,1973114.00,0.0100,0.0000,0.0000
KXNBAGAME-25NOV26MILMIA-MIA,KXNBAGAME-25NOV26MILMIA,Milwaukee vs Miami Winner?,,2025-11-24T16:06:00Z,2025-11-27T03:00:03.099416Z,2025-11-27T03:09:24.384781Z,yes,1.0000,1474554.00,0.9900,0.0000,0.0000
KXNBAGAME-25NOV26INDTOR-TOR,KXNBAGAME-25NOV26INDTOR,Indiana vs Toronto Winner?,,2025-11-24T16:06:00Z,2025-11-27T03:14:43.276959Z,2025-11-27T03:24:25.390057Z,yes,1.0000,3069381.00,0.9900,0.0000,0.0000
KXNBAGAME-25NOV26INDTOR-IND,KXNBAGAME-25NOV26INDTOR,Indiana vs Toronto Winner?,,2025-11-24T16:06:00Z,2025-11-27T03:14:43.276959Z,2025-11-27T03:24:25.390057Z,no,0.0000,2666408.00,0.0100,0.0000,0.0000
KXNBAGAME-25NOV26MINOKC-OKC,KXNBAGAME-25NOV26MINOKC,Minnesota vs Oklahoma City Winner?,,2025-11-24T16:06:00Z,2025-11-27T03:39:46.581486Z,2025-11-27T03:49:07.483982Z,yes,1.0000,4960316.00,0.9900,0.0000,0.0000
KXNBAGAME-25NOV26MINOKC-MIN,KXNBAGAME-25NOV26MINOKC,Minnesota vs Oklahoma City Winner?,,2025-11-24T16:06:00Z,2025-11-27T03:39:46.581486Z,2025-11-27T03:49:07.483982Z,no,0.0000,4990711.00,0.0100,0.0000,0.0000
KXNBAGAME-25NOV26MEMNOP-NOP,KXNBAGAME-25NOV26MEMNOP,Memphis vs New Orleans Winner?,,2025-11-24T16:06:00Z,2025-11-27T03:54:30.311328Z,2025-11-27T04:03:51.265968Z,no,0.0000,3467385.00,0.0100,0.0000,0.0000
KXNBAGAME-25NOV26MEMNOP-MEM,KXNBAGAME-25NOV26MEMNOP,Memphis vs New Orleans Winner?,,2025-11-24T16:06:00Z,2025-11-27T03:54:30.311328Z,2025-11-27T04:03:51.265968Z,yes,1.0000,2701438.00,0.9900,0.0000,0.0000
KXNBAGAME-25NOV26SASPOR-SAS,KXNBAGAME-25NOV26SASPOR,San Antonio vs Portland Winner?,,2025-11-24T19:06:00Z,2025-11-27T05:39:42.551527Z,2025-11-27T05:49:03.379746Z,yes,1.0000,2896536.00,0.9900,0.0000,0.0000
KXNBAGAME-25NOV26SASPOR-POR,KXNBAGAME-25NOV26SASPOR,San Antonio vs Portland Winner?,,2025-11-24T19:06:00Z,2025-11-27T05:39:42.551527Z,2025-11-27T05:49:03.379746Z,no,0.0000,2403455.00,0.0100,0.0000,0.0000
KXNBAGAME-25NOV26PHXSAC-SAC,KXNBAGAME-25NOV26PHXSAC,Phoenix vs Sacramento Winner?,,2025-11-24T19:06:00Z,2025-11-27T05:49:40.634827Z,2025-11-27T05:59:01.285081Z,no,0.0000,1667330.00,0.0100,0.0000,0.0000
KXNBAGAME-25NOV26PHXSAC-PHX,KXNBAGAME-25NOV26PHXSAC,Phoenix vs Sacramento Winner?,,2025-11-24T19:06:00Z,2025-11-27T05:49:40.634827Z,2025-11-27T05:59:01.285081Z,yes,1.0000,2008106.00,0.9900,0.0000,0.0000
KXNBAGAME-25NOV26HOUGSW-HOU,KXNBAGAME-25NOV26HOUGSW,Houston vs Golden State Winner?,,2025-11-24T19:06:00Z,2025-11-27T06:04:27.510656Z,2025-11-27T06:13:48.63136Z,yes,1.0000,6581703.00,0.9900,0.0000,0.0000
KXNBAGAME-25NOV26HOUGSW-GSW,KXNBAGAME-25NOV26HOUGSW,Houston vs Golden State Winner?,,2025-11-24T19:06:00Z,2025-11-27T06:04:27.510656Z,2025-11-27T06:13:48.63136Z,no,0.0000,7835814.00,0.0100,0.0000,0.0000
KXNBAGAME-25NOV28WASIND-WAS,KXNBAGAME-25NOV28WASIND,Washington vs Indiana Winner?,,2025-11-26T16:06:00Z,2025-11-29T03:14:52.804095Z,2025-11-29T03:24:13.137916Z,no,0.0000,818760.00,0.0100,0.0000,0.0000
KXNBAGAME-25NOV28WASIND-IND,KXNBAGAME-25NOV28WASIND,Washington vs Indiana Winner?,,2025-11-26T16:06:00Z,2025-11-29T03:14:52.804095Z,2025-11-29T03:24:13.137916Z,yes,1.0000,292584.00,0.9900,0.0000,0.0000
KXNBAGAME-25NOV28CHICHA-CHI,KXNBAGAME-25NOV28CHICHA,Chicago vs Charlotte Winner?,,2025-11-26T16:06:00Z,2025-11-29T03:14:55.300817Z,2025-11-29T03:24:16.229463Z,no,0.0000,2421214.00,0.0100,0.0000,0.0000
KXNBAGAME-25NOV28CHICHA-CHA,KXNBAGAME-25NOV28CHICHA,Chicago vs Charlotte Winner?,,2025-11-26T16:06:00Z,2025-11-29T03:14:55.300817Z,2025-11-29T03:24:16.229463Z,yes,1.0000,1194716.00,0.9900,0.0000,0.0000
KXNBAGAME-25NOV28PHIBKN-PHI,KXNBAGAME-25NOV28PHIBKN,Philadelphia vs Brooklyn Winner?,,2025-11-26T16:06:00Z,2025-11-29T03:19:47.903452Z,2025-11-29T03:29:10.953128Z,yes,1.0000,1220517.00,0.9900,0.0000,0.0000
KXNBAGAME-25NOV28PHIBKN-BKN,KXNBAGAME-25NOV28PHIBKN,Philadelphia vs Brooklyn Winner?,,2025-11-26T16:06:00Z,2025-11-29T03:19:47.903452Z,2025-11-29T03:29:10.953128Z,no,0.0000,407496.00,0.0100,0.0000,0.0000
KXNBAGAME-25NOV28CLEATL-CLE,KXNBAGAME-25NOV28CLEATL,Cleveland vs Atlanta Winner?,,2025-11-26T16:06:00Z,2025-11-29T03:19:53.308111Z,2025-11-29T03:29:18.003231Z,no,0.0000,1775286.00,0.0100,0.0000,0.0000
KXNBAGAME-25NOV28CLEATL-ATL,KXNBAGAME-25NOV28CLEATL,Cleveland vs Atlanta Winner?,,2025-11-26T16:06:00Z,2025-11-29T03:19:53.308111Z,2025-11-29T03:29:18.003231Z,yes,1.0000,2064164.00,0.9900,0.0000,0.0000
KXNBAGAME-25NOV28ORLDET-ORL,KXNBAGAME-25NOV28ORLDET,Orlando vs Detroit Winner?,,2025-11-26T16:06:00Z,2025-11-29T03:24:43.204351Z,2025-11-29T03:34:04.411323Z,yes,1.0000,2271172.00,0.9900,0.0000,0.0000
KXNBAGAME-25NOV28ORLDET-DET,KXNBAGAME-25NOV28ORLDET,Orlando vs Detroit Winner?,,2025-11-26T16:06:00Z,2025-11-29T03:24:43.204351Z,2025-11-29T03:34:04.411323Z,no,0.0000,4492940.00,0.0100,0.0000,0.0000
KXNBAGAME-25NOV28MILNYK-NYK,KXNBAGAME-25NOV28MILNYK,Milwaukee vs New York K Winner?,,2025-11-26T16:06:00Z,2025-11-29T03:29:43.176021Z,2025-11-29T03:39:04.207728Z,yes,1.0000,1828020.00,0.9900,0.0000,0.0000
KXNBAGAME-25NOV28MILNYK-MIL,KXNBAGAME-25NOV28MILNYK,Milwaukee vs New York K Winner?,,2025-11-26T16:06:00Z,2025-11-29T03:29:43.176021Z,2025-11-29T03:39:04.207728Z,no,0.0000,3212665.00,0.0100,0.0000,0.0000
KXNBAGAME-25NOV28PHXOKC-PHX,KXNBAGAME-25NOV28PHXOKC,Phoenix vs Oklahoma City Winner?,,2025-11-26T19:06:00Z,2025-11-29T05:09:46.975043Z,2025-11-29T05:19:08.249124Z,no,0.0000,4027001.00,0.0100,0.0000,0.0000
KXNBAGAME-25NOV28PHXOKC-OKC,KXNBAGAME-25NOV28PHXOKC,Phoenix vs Oklahoma City Winner?,,2025-11-26T19:06:00Z,2025-11-29T05:09:46.975043Z,2025-11-29T05:19:08.249124Z,yes,1.0000,1243564.00,0.9900,0.0000,0.0000
KXNBAGAME-25NOV28SACUTA-UTA,KXNBAGAME-25NOV28SACUTA,Sacramento vs Utah Winner?,,2025-11-26T19:06:00Z,2025-11-29T05:19:41.457759Z,2025-11-29T05:29:02.113313Z,yes,1.0000,1088909.00,0.9900,0.0000,0.0000
KXNBAGAME-25NOV28SACUTA-SAC,KXNBAGAME-25NOV28SACUTA,Sacramento vs Utah Winner?,,2025-11-26T19:06:00Z,2025-11-29T05:19:41.457759Z,2025-11-29T05:29:02.113313Z,no,0.0000,1247650.00,0.0100,0.0000,0.0000
KXNBAGAME-25NOV28SASDEN-SAS,KXNBAGAME-25NOV28SASDEN,San Antonio vs Denver Winner?,,2025-11-26T19:06:00Z,2025-11-29T05:19:41.753639Z,2025-11-29T05:29:02.315359Z,yes,1.0000,2687184.00,0.9900,0.0000,0.0000
KXNBAGAME-25NOV28SASDEN-DEN,KXNBAGAME-25NOV28SASDEN,San Antonio vs Denver Winner?,,2025-11-26T19:06:00Z,2025-11-29T05:19:41.753639Z,2025-11-29T05:29:02.315359Z,no,0.0000,2466812.00,0.0100,0.0000,0.0000
KXNBAGAME-25NOV28DALLAL-LAL,KXNBAGAME-25NOV28DALLAL,Dallas vs Los Angeles L Winner?,,2025-11-26T19:06:00Z,2025-11-29T05:49:33.635204Z,2025-11-29T05:58:54.374312Z,yes,1.0000,3331371.00,0.9900,0.0000,0.0000
KXNBAGAME-25NOV28DALLAL-DAL,KXNBAGAME-25NOV28DALLAL,Dallas vs Los Angeles L Winner?,,2025-11-26T19:06:00Z,2025-11-29T05:49:33.635204Z,2025-11-29T05:58:54.374312Z,no,0.0000,4272977.00,0.0100,0.0000,0.0000
KXNBAGAME-25NOV28MEMLAC-MEM,KXNBAGAME-25NOV28MEMLAC,Memphis vs Los Angeles C Winner?,,2025-11-26T19:06:00Z,2025-11-29T05:49:34.255363Z,2025-11-29T05:59:13.1267Z,yes,1.0000,1905859.00,0.9900,0.0000,0.0000
KXNBAGAME-25NOV28MEMLAC-LAC,KXNBAGAME-25NOV28MEMLAC,Memphis vs Los Angeles C Winner?,,2025-11-26T19:06:00Z,2025-11-29T05:49:34.255363Z,2025-11-29T05:59:13.1267Z,no,0.0000,1666810.00,0.0100,0.0000,0.0000
KXNBAGAME-25NOV29BOSMIN-MIN,KXNBAGAME-25NOV29BOSMIN,Boston vs Minnesota Winner?,,2025-11-27T13:06:00Z,2025-11-30T00:34:46.574474Z,2025-11-30T00:44:11.231154Z,yes,1.0000,2903635.00,0.9900,0.0000,0.0000
KXNBAGAME-25NOV29BOSMIN-BOS,KXNBAGAME-25NOV29BOSMIN,Boston vs Minnesota Winner?,,2025-11-27T13:06:00Z,2025-11-30T00:34:46.574474Z,2025-11-30T00:44:11.231154Z,no,0.0000,4197372.00,0.0100,0.0000,0.0000
KXNBAGAME-25NOV29TORCHA-TOR,KXNBAGAME-25NOV29TORCHA,Toronto vs Charlotte Winner?,,2025-11-27T16:06:00Z,2025-11-30T02:00:13.855656Z,2025-11-30T02:09:34.317672Z,no,0.0000,3598095.00,0.0100,0.0000,0.0000
KXNBAGAME-25NOV29TORCHA-CHA,KXNBAGAME-25NOV29TORCHA,Toronto vs Charlotte Winner?,,2025-11-27T16:06:00Z,2025-11-30T02:00:13.855656Z,2025-11-30T02:09:34.317672Z,yes,1.0000,4765112.00,0.9900,0.0000,0.0000
KXNBAGAME-25NOV29CHIIND-IND,KXNBAGAME-25NOV29CHIIND,Chicago vs Indiana Winner?,,2025-11-27T16:06:00Z,2025-11-30T03:04:35.228344Z,2025-11-30T03:13:56.144198Z,yes,1.0000,2595939.00,0.9900,0.0000,0.0000
KXNBAGAME-25NOV29CHIIND-CHI,KXNBAGAME-25NOV29CHIIND,Chicago vs Indiana Winner?,,2025-11-27T16:06:00Z,2025-11-30T03:04:35.228344Z,2025-11-30T03:13:56.144198Z,no,0.0000,3949517.00,0.0100,0.0000,0.0000
KXNBAGAME-25NOV29BKNMIL-MIL,KXNBAGAME-25NOV29BKNMIL,Brooklyn vs Milwaukee Winner?,,2025-11-27T16:06:00Z,2025-11-30T03:29:41.434905Z,2025-11-30T03:39:02.193087Z,yes,1.0000,605980.00,0.9900,0.0000,0.0000
KXNBAGAME-25NOV29BKNMIL-BKN,KXNBAGAME-25NOV29BKNMIL,Brooklyn vs Milwaukee Winner?,,2025-11-27T16:06:00Z,2025-11-30T03:29:41.434905Z,2025-11-30T03:39:02.193087Z,no,0.0000,638356.00,0.0100,0.0000,0.0000
KXNBAGAME-25NOV29DETMIA-MIA,KXNBAGAME-25NOV29DETMIA,Detroit vs Miami Winner?,,2025-11-27T16:06:00Z,2025-11-30T03:59:41.378435Z,2025-11-30T04:09:02.213347Z,no,0.0000,1791552.00,0.0100,0.0000,0.0000
KXNBAGAME-25NOV29DETMIA-DET,KXNBAGAME-25NOV29DETMIA,Detroit vs Miami Winner?,,2025-11-27T16:06:00Z,2025-11-30T03:59:41.378435Z,2025-11-30T04:09:02.213347Z,yes,1.0000,2276249.00,0.9900,0.0000,0.0000
KXNBAGAME-25NOV29NOPGSW-NOP,KXNBAGAME-25NOV29NOPGSW,New Orleans vs Golden State Winner?,,2025-11-27T19:06:00Z,2025-11-30T04:29:37.962085Z,2025-11-30T04:38:59.36703Z,no,0.0000,2365696.00,0.0100,0.0000,0.0000
KXNBAGAME-25NOV29NOPGSW-GSW,KXNBAGAME-25NOV29NOPGSW,New Orleans vs Golden State Winner?,,2025-11-27T19:06:00Z,2025-11-30T04:29:37.962085Z,2025-11-30T04:38:59.36703Z,yes,1.0000,2029555.00,0.9900,0.0000,0.0000
KXNBAGAME-25NOV29DENPHX-PHX,KXNBAGAME-25NOV29DENPHX,Denver vs Phoenix Winner?,,2025-11-27T19:06:00Z,2025-11-30T04:29:38.170741Z,2025-11-30T04:38:59.536535Z,no,0.0000,1599983.00,0.0100,0.0000,0.0000
KXNBAGAME-25NOV29DENPHX-DEN,KXNBAGAME-25NOV29DENPHX,Denver vs Phoenix Winner?,,2025-11-27T19:06:00Z,2025-11-30T04:29:38.170741Z,2025-11-30T04:38:59.536535Z,yes,1.0000,2284571.00,0.9900,0.0000,0.0000
KXNBAGAME-25NOV29DALLAC-LAC,KXNBAGAME-25NOV29DALLAC,Dallas vs Los Angeles C Winner?,,2025-11-27T19:06:00Z,2025-11-30T05:54:29.363549Z,2025-11-30T06:03:50.260414Z,no,0.0000,3010121.00,0.0100,0.0000,0.0000
KXNBAGAME-25NOV29DALLAC-DAL,KXNBAGAME-25NOV29DALLAC,Dallas vs Los Angeles C Winner?,,2025-11-27T19:06:00Z,2025-11-30T05:54:29.363549Z,2025-11-30T06:03:50.260414Z,yes,1.0000,5845201.00,0.9900,0.0000,0.0000
KXNBAGAME-25NOV30HOUUTA-UTA,KXNBAGAME-25NOV30HOUUTA,Houston vs Utah Winner?,,2025-11-28T13:06:00Z,2025-11-30T22:49:50.356913Z,2025-11-30T22:59:10.652026Z,no,0.0000,839490.00,0.0100,0.0000,0.0000
KXNBAGAME-25NOV30HOUUTA-HOU,KXNBAGAME-25NOV30HOUUTA,Houston vs Utah Winner?,,2025-11-28T13:06:00Z,2025-11-30T22:49:50.356913Z,2025-11-30T22:59:10.652026Z,yes,1.0000,662815.00,0.9900,0.0000,0.0000
KXNBAGAME-25NOV30BOSCLE-CLE,KXNBAGAME-25NOV30BOSCLE,Boston vs Cleveland Winner?,,2025-11-28T16:06:00Z,2025-12-01T01:34:40.698525Z,2025-12-01T01:44:00.796033Z,no,0.0000,2269690.00,0.0100,0.0000,0.0000
KXNBAGAME-25NOV30BOSCLE-BOS,KXNBAGAME-25NOV30BOSCLE,Boston vs Cleveland Winner?,,2025-11-28T16:06:00Z,2025-12-01T01:34:40.698525Z,2025-12-01T01:44:00.796033Z,yes,1.0000,3424332.00,0.9900,0.0000,0.0000
KXNBAGAME-25NOV30TORNYK-TOR,KXNBAGAME-25NOV30TORNYK,Toronto vs New York K Winner?,,2025-11-28T16:06:00Z,2025-12-01T01:39:43.241996Z,2025-12-01T01:49:03.776397Z,no,0.0000,2924017.00,0.0100,0.0000,0.0000
KXNBAGAME-25NOV30TORNYK-NYK,KXNBAGAME-25NOV30TORNYK,Toronto vs New York K Winner?,,2025-11-28T16:06:00Z,2025-12-01T01:39:43.241996Z,2025-12-01T01:49:03.776397Z,yes,1.0000,1777904.00,0.9900,0.0000,0.0000
KXNBAGAME-25NOV30OKCPOR-POR,KXNBAGAME-25NOV30OKCPOR,Oklahoma City vs Portland Winner?,,2025-11-28T16:06:00Z,2025-12-01T01:39:43.50768Z,2025-12-01T01:49:04.069873Z,no,0.0000,2783053.00,0.0100,0.0000,0.0000
KXNBAGAME-25NOV30OKCPOR-OKC,KXNBAGAME-25NOV30OKCPOR,Oklahoma City vs Portland Winner?,,2025-11-28T16:06:00Z,2025-12-01T01:39:43.50768Z,2025-12-01T01:49:04.069873Z,yes,1.0000,3205481.00,0.9900,0.0000,0.0000
KXNBAGAME-25NOV30ATLPHI-PHI,KXNBAGAME-25NOV30ATLPHI,Atlanta vs Philadelphia Winner?,,2025-11-28T16:06:00Z,2025-12-01T02:24:31.131433Z,2025-12-01T02:36:27.776832Z,no,0.0000,4715576.00,0.0100,0.0000,0.0000
KXNBAGAME-25NOV30ATLPHI-ATL,KXNBAGAME-25NOV30ATLPHI,Atlanta vs Philadelphia Winner?,,2025-11-28T16:06:00Z,2025-12-01T02:24:31.131433Z,2025-12-01T02:36:27.776832Z,yes,1.0000,3857093.00,0.9900,0.0000,0.0000
KXNBAGAME-25NOV30SASMIN-SAS,KXNBAGAME-25NOV30SASMIN,San Antonio vs Minnesota Winner?,,2025-11-28T16:06:00Z,2025-12-01T02:44:37.407267Z,2025-12-01T02:53:57.571129Z,no,0.0000,2207181.00,0.0100,0.0000,0.0000
KXNBAGAME-25NOV30SASMIN-MIN,KXNBAGAME-25NOV30SASMIN,San Antonio vs Minnesota Winner?,,2025-11-28T16:06:00Z,2025-12-01T02:44:37.407267Z,2025-12-01T02:53:57.571129Z,yes,1.0000,2537325.00,0.9900,0.0000,0.0000
KXNBAGAME-25NOV30MEMSAC-SAC,KXNBAGAME-25NOV30MEMSAC,Memphis vs Sacramento Winner?,,2025-11-28T19:07:00Z,2025-12-01T04:54:28.718174Z,2025-12-01T05:03:48.662348Z,no,0.0000,3451706.00,0.0100,0.0000,0.0000
KXNBAGAME-25NOV30MEMSAC-MEM,KXNBAGAME-25NOV30MEMSAC,Memphis vs Sacramento Winner?,,2025-11-28T19:07:00Z,2025-12-01T04:54:28.718174Z,2025-12-01T05:03:48.662348Z,yes,1.0000,2839718.00,0.9900,0.0000,0.0000
KXNBAGAME-25NOV30NOPLAL-NOP,KXNBAGAME-25NOV30NOPLAL,New Orleans vs Los Angeles L Winner?,,2025-11-28T19:07:00Z,2025-12-01T05:09:35.3196Z,2025-12-01T05:18:55.536583Z,no,0.0000,1480457.00,0.0100,0.0000,0.0000
KXNBAGAME-25NOV30NOPLAL-LAL,KXNBAGAME-25NOV30NOPLAL,New Orleans vs Los Angeles L Winner?,,2025-11-28T19:07:00Z,2025-12-01T05:09:35.3196Z,2025-12-01T05:18:55.536583Z,yes,1.0000,769065.00,0.9900,0.0000,0.0000
KXNBAGAME-25DEC01MILWAS-WAS,KXNBAGAME-25DEC01MILWAS,Milwaukee vs Washington Winner?,,2025-11-29T16:06:00Z,2025-12-02T02:34:55.660659Z,2025-12-02T02:44:16.266987Z,yes,1.0000,1898581.00,0.9900,0.0000,0.0000
KXNBAGAME-25DEC01MILWAS-MIL,KXNBAGAME-25DEC01MILWAS,Milwaukee vs Washington Winner?,,2025-11-29T16:06:00Z,2025-12-02T02:34:55.660659Z,2025-12-02T02:44:16.266987Z,no,0.0000,2251977.00,0.0100,0.0000,0.0000
KXNBAGAME-25DEC01CLEIND-IND,KXNBAGAME-25DEC01CLEIND,Cleveland vs Indiana Winner?,,2025-11-29T16:06:00Z,2025-12-02T02:49:49.901869Z,2025-12-02T02:59:11.620567Z,no,0.0000,1125739.00,0.0100,0.0000,0.0000
KXNBAGAME-25DEC01CLEIND-CLE,KXNBAGAME-25DEC01CLEIND,Cleveland vs Indiana Winner?,,2025-11-29T16:06:00Z,2025-12-02T02:49:49.901869Z,2025-12-02T02:59:11.620567Z,yes,1.0000,2755876.00,0.9900,0.0000,0.0000
KXNBAGAME-25DEC01ATLDET-DET,KXNBAGAME-25DEC01ATLDET,Atlanta vs Detroit Winner?,,2025-11-29T16:06:00Z,2025-12-02T02:49:50.757445Z,2025-12-02T02:59:11.389317Z,yes,1.0000,1944768.00,0.9900,0.0000,0.0000
KXNBAGAME-25DEC01ATLDET-ATL,KXNBAGAME-25DEC01ATLDET,Atlanta vs Detroit Winner?,,2025-11-29T16:06:00Z,2025-12-02T02:49:50.757445Z,2025-12-02T02:59:11.389317Z,no,0.0000,3900105.00,0.0100,0.0000,0.0000
KXNBAGAME-25DEC01LACMIA-MIA,KXNBAGAME-25DEC01LACMIA,Los Angeles C vs Miami Winner?,,2025-11-29T16:06:00Z,2025-12-02T03:14:48.788473Z,2025-12-02T03:24:09.236129Z,yes,1.0000,796427.00,0.9900,0.0000,0.0000
KXNBAGAME-25DEC01LACMIA-LAC,KXNBAGAME-25DEC01LACMIA,Los Angeles C vs Miami Winner?,,2025-11-29T16:06:00Z,2025-12-02T03:14:48.788473Z,2025-12-02T03:24:09.236129Z,no,0.0000,987208.00,0.0100,0.0000,0.0000
KXNBAGAME-25DEC01CHABKN-CHA,KXNBAGAME-25DEC01CHABKN,Charlotte vs Brooklyn Winner?,,2025-11-29T16:06:00Z,2025-12-02T03:14:49.531174Z,2025-12-02T03:24:15.685419Z,no,0.0000,2155084.00,0.0100,0.0000,0.0000
KXNBAGAME-25DEC01CHABKN-BKN,KXNBAGAME-25DEC01CHABKN,Charlotte vs Brooklyn Winner?,,2025-11-29T16:06:00Z,2025-12-02T03:14:49.531174Z,2025-12-02T03:24:15.685419Z,yes,1.0000,1955103.00,0.9900,0.0000,0.0000
KXNBAGAME-25DEC01CHIORL-ORL,KXNBAGAME-25DEC01CHIORL,Chicago vs Orlando Winner?,,2025-11-29T16:06:00Z,2025-12-02T03:39:35.718832Z,2025-12-02T03:48:55.594191Z,yes,1.0000,2744201.00,0.9900,0.0000,0.0000
KXNBAGAME-25DEC01CHIORL-CHI,KXNBAGAME-25DEC01CHIORL,Chicago vs Orlando Winner?,,2025-11-29T16:06:00Z,2025-12-02T03:39:35.718832Z,2025-12-02T03:48:55.594191Z,no,0.0000,3732385.00,0.0100,0.0000,0.0000
KXNBAGAME-25DEC01DALDEN-DEN,KXNBAGAME-25DEC01DALDEN,Dallas vs Denver Winner?,,2025-11-29T19:06:00Z,2025-12-02T04:34:31.119045Z,2025-12-02T04:43:52.259102Z,no,0.0000,2440597.00,0.0100,0.0000,0.0000
KXNBAGAME-25DEC01DALDEN-DAL,KXNBAGAME-25DEC01DALDEN,Dallas vs Denver Winner?,,2025-11-29T19:06:00Z,2025-12-02T04:34:31.119045Z,2025-12-02T04:43:52.259102Z,yes,1.0000,3613613.00,0.9900,0.0000,0.0000
KXNBAGAME-25DEC01HOUUTA-UTA,KXNBAGAME-25DEC01HOUUTA,Houston vs Utah Winner?,,2025-11-29T19:06:00Z,2025-12-02T05:09:34.245267Z,2025-12-02T05:18:55.573883Z,yes,1.0000,5883954.00,0.9900,0.0000,0.0000
KXNBAGAME-25DEC01HOUUTA-HOU,KXNBAGAME-25DEC01HOUUTA,Houston vs Utah Winner?,,2025-11-29T19:06:00Z,2025-12-02T05:09:34.245267Z,2025-12-02T05:18:55.573883Z,no,0.0000,5530572.00,0.0100,0.0000,0.0000
KXNBAGAME-25DEC01PHXLAL-PHX,KXNBAGAME-25DEC01PHXLAL,Phoenix vs Los Angeles L Winner?,,2025-11-29T19:07:00Z,2025-12-02T05:39:37.04015Z,2025-12-02T05:48:58.710746Z,yes,1.0000,4939151.00,0.9900,0.0000,0.0000
KXNBAGAME-25DEC01PHXLAL-LAL,KXNBAGAME-25DEC01PHXLAL,Phoenix vs Los Angeles L Winner?,,2025-11-29T19:07:00Z,2025-12-02T05:39:37.04015Z,2025-12-02T05:48:58.710746Z,no,0.0000,6599383.00,0.0100,0.0000,0.0000
KXNBAGAME-25DEC02WASPHI-WAS,KXNBAGAME-25DEC02WASPHI,Washington vs Philadelphia Winner?,,2025-11-30T16:06:00Z,2025-12-03T02:29:52.643385Z,2025-12-03T02:39:13.38731Z,no,0.0000,2553971.00,0.0100,0.0000,0.0000
KXNBAGAME-25DEC02WASPHI-PHI,KXNBAGAME-25DEC02WASPHI,Washington vs Philadelphia Winner?,,2025-11-30T16:06:00Z,2025-12-03T02:29:52.643385Z,2025-12-03T02:39:13.38731Z,yes,1.0000,1272790.00,0.9900,0.0000,0.0000
KXNBAGAME-25DEC02PORTOR-TOR,KXNBAGAME-25DEC02PORTOR,Portland vs Toronto Winner?,,2025-11-30T16:06:00Z,2025-12-03T03:19:45.822561Z,2025-12-03T03:29:06.461988Z,yes,1.0000,3477012.00,0.9900,0.0000,0.0000
KXNBAGAME-25DEC02PORTOR-POR,KXNBAGAME-25DEC02PORTOR,Portland vs Toronto Winner?,,2025-11-30T16:06:00Z,2025-12-03T03:19:45.822561Z,2025-12-03T03:29:06.461988Z,no,0.0000,2726454.00,0.0100,0.0000,0.0000
KXNBAGAME-25DEC02NYKBOS-NYK,KXNBAGAME-25DEC02NYKBOS,New York K vs Boston Winner?,,2025-11-30T16:06:00Z,2025-12-03T03:49:49.023879Z,2025-12-03T03:59:10.457532Z,no,0.0000,4727399.00,0.0100,0.0000,0.0000
KXNBAGAME-25DEC02NYKBOS-BOS,KXNBAGAME-25DEC02NYKBOS,New York K vs Boston Winner?,,2025-11-30T16:06:00Z,2025-12-03T03:49:49.023879Z,2025-12-03T03:59:10.457532Z,yes,1.0000,4477280.00,0.9900,0.0000,0.0000
KXNBAGAME-25DEC02MINNOP-NOP,KXNBAGAME-25DEC02MINNOP,Minnesota vs New Orleans Winner?,,2025-11-30T16:06:00Z,2025-12-03T03:59:50.09614Z,2025-12-03T04:09:11.355124Z,no,0.0000,4328719.00,0.0100,0.0000,0.0000
KXNBAGAME-25DEC02MINNOP-MIN,KXNBAGAME-25DEC02MINNOP,Minnesota vs New Orleans Winner?,,2025-11-30T16:06:00Z,2025-12-03T03:59:50.09614Z,2025-12-03T04:09:11.355124Z,yes,1.0000,4902469.00,0.9900,0.0000,0.0000
KXNBAGAME-25DEC02MEMSAS-SAS,KXNBAGAME-25DEC02MEMSAS,Memphis vs San Antonio Winner?,,2025-11-30T16:06:00Z,2025-12-03T04:04:28.012208Z,2025-12-03T04:13:49.429199Z,yes,1.0000,2242920.00,0.9900,0.0000,0.0000
KXNBAGAME-25DEC02MEMSAS-MEM,KXNBAGAME-25DEC02MEMSAS,Memphis vs San Antonio Winner?,,2025-11-30T16:06:00Z,2025-12-03T04:04:28.012208Z,2025-12-03T04:13:49.429199Z,no,0.0000,1374297.00,0.0100,0.0000,0.0000
KXNBAGAME-25DEC02OKCGSW-OKC,KXNBAGAME-25DEC02OKCGSW,Oklahoma City vs Golden State Winner?,,2025-11-30T19:06:00Z,2025-12-03T06:44:30.92378Z,2025-12-03T06:53:52.631851Z,yes,1.0000,5341957.00,0.9900,0.0000,0.0000
KXNBAGAME-25DEC02OKCGSW-GSW,KXNBAGAME-25DEC02OKCGSW,Oklahoma City vs Golden State Winner?,,2025-11-30T19:06:00Z,2025-12-03T06:44:30.92378Z,2025-12-03T06:53:52.631851Z,no,0.0000,8416770.00,0.0100,0.0000,0.0000
KXNBAGAME-25DEC03PORCLE-POR,KXNBAGAME-25DEC03PORCLE,Portland vs Cleveland Winner?,,2025-12-01T16:06:00Z,2025-12-04T02:40:22.091546Z,2025-12-04T02:49:43.360779Z,yes,1.0000,2915375.00,0.9900,0.0000,0.0000
KXNBAGAME-25DEC03PORCLE-CLE,KXNBAGAME-25DEC03PORCLE,Portland vs Cleveland Winner?,,2025-12-01T16:06:00Z,2025-12-04T02:40:22.091546Z,2025-12-04T02:49:43.360779Z,no,0.0000,2462013.00,0.0100,0.0000,0.0000
KXNBAGAME-25DEC03SASORL-SAS,KXNBAGAME-25DEC03SASORL,San Antonio vs Orlando Winner?,,2025-12-01T16:06:00Z,2025-12-04T02:44:54.598126Z,2025-12-04T02:54:15.530165Z,yes,1.0000,6037807.00,0.9900,0.0000,0.0000
KXNBAGAME-25DEC03SASORL-ORL,KXNBAGAME-25DEC03SASORL,San Antonio vs Orlando Winner?,,2025-12-01T16:06:00Z,2025-12-04T02:44:54.598126Z,2025-12-04T02:54:15.530165Z,no,0.0000,2734240.00,0.0100,0.0000,0.0000
KXNBAGAME-25DEC03DENIND-IND,KXNBAGAME-25DEC03DENIND,Denver vs Indiana Winner?,,2025-12-01T16:06:00Z,2025-12-04T02:54:46.318606Z,2025-12-04T03:04:07.365591Z,no,0.0000,1003505.00,0.0100,0.0000,0.0000
KXNBAGAME-25DEC03DENIND-DEN,KXNBAGAME-25DEC03DENIND,Denver vs Indiana Winner?,,2025-12-01T16:06:00Z,2025-12-04T02:54:46.318606Z,2025-12-04T03:04:07.365591Z,yes,1.0000,3110094.00,0.9900,0.0000,0.0000
KXNBAGAME-25DEC03LACATL-LAC,KXNBAGAME-25DEC03LACATL,Los Angeles C vs Atlanta Winner?,,2025-12-01T16:06:00Z,2025-12-04T03:00:12.366915Z,2025-12-04T03:09:33.345298Z,yes,1.0000,2437987.00,0.9900,0.0000,0.0000
KXNBAGAME-25DEC03LACATL-ATL,KXNBAGAME-25DEC03LACATL,Los Angeles C vs Atlanta Winner?,,2025-12-01T16:06:00Z,2025-12-04T03:00:12.366915Z,2025-12-04T03:09:33.345298Z,no,0.0000,2969161.00,0.0100,0.0000,0.0000
KXNBAGAME-25DEC03CHANYK-NYK,KXNBAGAME-25DEC03CHANYK,Charlotte vs New York K Winner?,,2025-12-01T16:06:00Z,2025-12-04T03:10:00.871773Z,2025-12-04T03:19:22.515073Z,yes,1.0000,1517609.00,0.9900,0.0000,0.0000
KXNBAGAME-25DEC03CHANYK-CHA,KXNBAGAME-25DEC03CHANYK,Charlotte vs New York K Winner?,,2025-12-01T16:06:00Z,2025-12-04T03:10:00.871773Z,2025-12-04T03:19:22.515073Z,no,0.0000,929530.00,0.0100,0.0000,0.0000
KXNBAGAME-25DEC03BKNCHI-CHI,KXNBAGAME-25DEC03BKNCHI,Brooklyn vs Chicago Winner?,,2025-12-01T16:06:00Z,2025-12-04T03:34:35.843896Z,2025-12-04T03:43:56.195479Z,no,0.0000,2272401.00,0.0100,0.0000,0.0000
KXNBAGAME-25DEC03BKNCHI-BKN,KXNBAGAME-25DEC03BKNCHI,Brooklyn vs Chicago Winner?,,2025-12-01T16:06:00Z,2025-12-04T03:34:35.843896Z,2025-12-04T03:43:56.195479Z,yes,1.0000,2060852.00,0.9900,0.0000,0.0000
KXNBAGAME-25DEC03SACHOU-SAC,KXNBAGAME-25DEC03SACHOU,Sacramento vs Houston Winner?,,2025-12-01T16:06:00Z,2025-12-04T03:49:53.195346Z,2025-12-04T03:59:14.192074Z,no,0.0000,1984769.00,0.0100,0.0000,0.0000
KXNBAGAME-25DEC03SACHOU-HOU,KXNBAGAME-25DEC03SACHOU,Sacramento vs Houston Winner?,,2025-12-01T16:06:00Z,2025-12-04T03:49:53.195346Z,2025-12-04T03:59:14.192074Z,yes,1.0000,646262.00,0.9900,0.0000,0.0000
KXNBAGAME-25DEC03DETMIL-MIL,KXNBAGAME-25DEC03DETMIL,Detroit vs Milwaukee Winner?,,2025-12-01T16:06:00Z,2025-12-04T03:54:36.020682Z,2025-12-04T04:03:57.367623Z,yes,1.0000,4886237.00,0.9900,0.0000,0.0000
KXNBAGAME-25DEC03DETMIL-DET,KXNBAGAME-25DEC03DETMIL,Detroit vs Milwaukee Winner?,,2025-12-01T16:06:00Z,2025-12-04T03:54:36.020682Z,2025-12-04T04:03:57.367623Z,no,0.0000,4696816.00,0.0100,0.0000,0.0000
KXNBAGAME-25DEC03MIADAL-MIA,KXNBAGAME-25DEC03MIADAL,Miami vs Dallas Winner?,,2025-12-01T19:06:00Z,2025-12-04T04:00:22.262525Z,2025-12-04T04:09:43.331341Z,no,0.0000,3476947.00,0.0100,0.0000,0.0000
KXNBAGAME-25DEC03MIADAL-DAL,KXNBAGAME-25DEC03MIADAL,Miami vs Dallas Winner?,,2025-12-01T19:06:00Z,2025-12-04T04:00:22.262525Z,2025-12-04T04:09:43.331341Z,yes,1.0000,3844848.00,0.9900,0.0000,0.0000
KXNBAGAME-25DEC04BOSWAS-WAS,KXNBAGAME-25DEC04BOSWAS,Boston vs Washington Winner?,,2025-12-02T16:06:00Z,2025-12-05T02:29:54.471337Z,2025-12-05T02:39:15.397739Z,no,0.0000,2063201.00,0.0100,0.0000,0.0000
KXNBAGAME-25DEC04BOSWAS-BOS,KXNBAGAME-25DEC04BOSWAS,Boston vs Washington Winner?,,2025-12-02T16:06:00Z,2025-12-05T02:29:54.471337Z,2025-12-05T02:39:15.397739Z,yes,1.0000,1882717.00,0.9900,0.0000,0.0000
KXNBAGAME-25DEC04GSWPHI-PHI,KXNBAGAME-25DEC04GSWPHI,Golden State vs Philadelphia Winner?,,2025-12-02T16:06:00Z,2025-12-05T02:44:42.213037Z,2025-12-05T02:54:03.472906Z,yes,1.0000,4488357.00,0.9900,0.0000,0.0000
KXNBAGAME-25DEC04GSWPHI-GSW,KXNBAGAME-25DEC04GSWPHI,Golden State vs Philadelphia Winner?,,2025-12-02T16:06:00Z,2025-12-05T02:44:42.213037Z,2025-12-05T02:54:03.472906Z,no,0.0000,5069556.00,0.0100,0.0000,0.0000
KXNBAGAME-25DEC04UTABKN-UTA,KXNBAGAME-25DEC04UTABKN,Utah vs Brooklyn Winner?,,2025-12-02T16:06:00Z,2025-12-05T03:14:38.82822Z,2025-12-05T03:23:59.349415Z,yes,1.0000,2559785.00,0.9900,0.0000,0.0000
KXNBAGAME-25DEC04UTABKN-BKN,KXNBAGAME-25DEC04UTABKN,Utah vs Brooklyn Winner?,,2025-12-02T16:06:00Z,2025-12-05T03:14:38.82822Z,2025-12-05T03:23:59.349415Z,no,0.0000,2594523.00,0.0100,0.0000,0.0000
KXNBAGAME-25DEC04LALTOR-TOR,KXNBAGAME-25DEC04LALTOR,Los Angeles L vs Toronto Winner?,,2025-12-02T16:06:00Z,2025-12-05T03:14:38.836473Z,2025-12-05T03:23:59.76264Z,no,0.0000,2966122.00,0.0100,0.0000,0.0000
KXNBAGAME-25DEC04LALTOR-LAL,KXNBAGAME-25DEC04LALTOR,Los Angeles L vs Toronto Winner?,,2025-12-02T16:06:00Z,2025-12-05T03:14:38.836473Z,2025-12-05T03:23:59.76264Z,yes,1.0000,4430774.00,0.9900,0.0000,0.0000
KXNBAGAME-25DEC04MINNOP-NOP,KXNBAGAME-25DEC04MINNOP,Minnesota vs New Orleans Winner?,,2025-12-02T16:06:00Z,2025-12-05T03:39:36.373457Z,2025-12-05T03:48:57.405583Z,no,0.0000,2521822.00,0.0100,0.0000,0.0000
KXNBAGAME-25DEC04MINNOP-MIN,KXNBAGAME-25DEC04MINNOP,Minnesota vs New Orleans Winner?,,2025-12-02T16:06:00Z,2025-12-05T03:39:36.373457Z,2025-12-05T03:48:57.405583Z,yes,1.0000,1920144.00,0.9900,0.0000,0.0000
KXNBAGAME-25DEC05LALBOS-LAL,KXNBAGAME-25DEC05LALBOS,Los Angeles L vs Boston Winner?,,2025-12-03T16:07:00Z,2025-12-06T02:40:03.867314Z,2025-12-06T02:49:23.943258Z,no,0.0000,5067603.00,0.0100,0.0000,0.0000
KXNBAGAME-25DEC05LALBOS-BOS,KXNBAGAME-25DEC05LALBOS,Los Angeles L vs Boston Winner?,,2025-12-03T16:07:00Z,2025-12-06T02:40:03.867314Z,2025-12-06T02:49:23.943258Z,yes,1.0000,1643221.00,0.9900,0.0000,0.0000
KXNBAGAME-25DEC05MIAORL-ORL,KXNBAGAME-25DEC05MIAORL,Miami vs Orlando Winner?,,2025-12-03T16:07:00Z,2025-12-06T02:45:04.078733Z,2025-12-06T02:54:24.834362Z,yes,1.0000,1820674.00,0.9900,0.0000,0.0000
KXNBAGAME-25DEC05MIAORL-MIA,KXNBAGAME-25DEC05MIAORL,Miami vs Orlando Winner?,,2025-12-03T16:07:00Z,2025-12-06T02:45:04.078733Z,2025-12-06T02:54:24.834362Z,no,0.0000,3143663.00,0.0100,0.0000,0.0000
KXNBAGAME-25DEC05UTANYK-UTA,KXNBAGAME-25DEC05UTANYK,Utah vs New York K Winner?,,2025-12-03T16:07:00Z,2025-12-06T03:14:58.424434Z,2025-12-06T03:24:18.482894Z,no,0.0000,1504699.00,0.0100,0.0000,0.0000
KXNBAGAME-25DEC05UTANYK-NYK,KXNBAGAME-25DEC05UTANYK,Utah vs New York K Winner?,,2025-12-03T16:07:00Z,2025-12-06T03:14:58.424434Z,2025-12-06T03:24:18.482894Z,yes,1.0000,439194.00,0.9900,0.0000,0.0000
KXNBAGAME-25DEC05DENATL-DEN,KXNBAGAME-25DEC05DENATL,Denver vs Atlanta Winner?,,2025-12-03T16:07:00Z,2025-12-06T03:15:07.908174Z,2025-12-06T03:24:28.83133Z,yes,1.0000,5430256.00,0.9900,0.0000,0.0000
KXNBAGAME-25DEC05DENATL-ATL,KXNBAGAME-25DEC05DENATL,Denver vs Atlanta Winner?,,2025-12-03T16:07:00Z,2025-12-06T03:15:07.908174Z,2025-12-06T03:24:28.83133Z,no,0.0000,2741481.00,0.0100,0.0000,0.0000
KXNBAGAME-25DEC05CHATOR-TOR,KXNBAGAME-25DEC05CHATOR,Charlotte vs Toronto Winner?,,2025-12-03T16:07:00Z,2025-12-06T03:19:50.650116Z,2025-12-06T03:29:10.671958Z,no,0.0000,1945481.00,0.0100,0.0000,0.0000
KXNBAGAME-25DEC05CHATOR-CHA,KXNBAGAME-25DEC05CHATOR,Charlotte vs Toronto Winner?,,2025-12-03T16:07:00Z,2025-12-06T03:19:50.650116Z,2025-12-06T03:29:10.671958Z,yes,1.0000,773128.00,0.9900,0.0000,0.0000
KXNBAGAME-25DEC05SASCLE-SAS,KXNBAGAME-25DEC05SASCLE,San Antonio vs Cleveland Winner?,,2025-12-03T16:07:00Z,2025-12-06T03:19:51.167078Z,2025-12-06T03:29:15.935575Z,no,0.0000,1675314.00,0.0100,0.0000,0.0000
KXNBAGAME-25DEC05SASCLE-CLE,KXNBAGAME-25DEC05SASCLE,San Antonio vs Cleveland Winner?,,2025-12-03T16:07:00Z,2025-12-06T03:19:51.167078Z,2025-12-06T03:29:15.935575Z,yes,1.0000,969566.00,0.9900,0.0000,0.0000
KXNBAGAME-25DEC05PHXHOU-PHX,KXNBAGAME-25DEC05PHXHOU,Phoenix vs Houston Winner?,,2025-12-03T16:07:00Z,2025-12-06T03:30:04.812248Z,2025-12-06T03:39:24.496063Z,no,0.0000,1124022.00,0.0100,0.0000,0.0000
KXNBAGAME-25DEC05PHXHOU-HOU,KXNBAGAME-25DEC05PHXHOU,Phoenix vs Houston Winner?,,2025-12-03T16:07:00Z,2025-12-06T03:30:04.812248Z,2025-12-06T03:39:24.496063Z,yes,1.0000,630630.00,0.9900,0.0000,0.0000
KXNBAGAME-25DEC05LACMEM-MEM,KXNBAGAME-25DEC05LACMEM,Los Angeles C vs Memphis Winner?,,2025-12-03T16:07:00Z,2025-12-06T03:30:05.414576Z,2025-12-06T03:39:30.888759Z,yes,1.0000,1085827.00,0.9900,0.0000,0.0000
KXNBAGAME-25DEC05LACMEM-LAC,KXNBAGAME-25DEC05LACMEM,Los Angeles C vs Memphis Winner?,,2025-12-03T16:07:00Z,2025-12-06T03:30:05.414576Z,2025-12-06T03:39:30.888759Z,no,0.0000,1263384.00,0.0100,0.0000,0.0000
KXNBAGAME-25DEC05PORDET-POR,KXNBAGAME-25DEC05PORDET,Portland vs Detroit Winner?,,2025-12-03T16:07:00Z,2025-12-06T03:39:51.561875Z,2025-12-06T03:49:11.755198Z,no,0.0000,2298354.00,0.0100,0.0000,0.0000
KXNBAGAME-25DEC05PORDET-DET,KXNBAGAME-25DEC05PORDET,Portland vs Detroit Winner?,,2025-12-03T16:07:00Z,2025-12-06T03:39:51.561875Z,2025-12-06T03:49:11.755198Z,yes,1.0000,2725885.00,0.9900,0.0000,0.0000
KXNBAGAME-25DEC05INDCHI-IND,KXNBAGAME-25DEC05INDCHI,Indiana vs Chicago Winner?,,2025-12-03T16:07:00Z,2025-12-06T03:39:51.825904Z,2025-12-06T03:49:11.857478Z,yes,1.0000,736525.00,0.9900,0.0000,0.0000
KXNBAGAME-25DEC05INDCHI-CHI,KXNBAGAME-25DEC05INDCHI,Indiana vs Chicago Winner?,,2025-12-03T16:07:00Z,2025-12-06T03:39:51.825904Z,2025-12-06T03:49:11.857478Z,no,0.0000,1098439.00,0.0100,0.0000,0.0000
KXNBAGAME-25DEC05PHIMIL-PHI,KXNBAGAME-25DEC05PHIMIL,Philadelphia vs Milwaukee Winner?,,2025-12-03T16:07:00Z,2025-12-06T03:44:37.669197Z,2025-12-06T03:53:57.477408Z,yes,1.0000,1155381.00,0.9900,0.0000,0.0000
KXNBAGAME-25DEC05PHIMIL-MIL,KXNBAGAME-25DEC05PHIMIL,Philadelphia vs Milwaukee Winner?,,2025-12-03T16:07:00Z,2025-12-06T03:44:37.669197Z,2025-12-06T03:53:57.477408Z,no,0.0000,554023.00,0.0100,0.0000,0.0000
KXNBAGAME-25DEC05DALOKC-OKC,KXNBAGAME-25DEC05DALOKC,Dallas vs Oklahoma City Winner?,,2025-12-03T19:07:00Z,2025-12-06T05:14:36.14652Z,2025-12-06T05:23:56.814023Z,yes,1.0000,1953869.00,0.9900,0.0000,0.0000
KXNBAGAME-25DEC05DALOKC-DAL,KXNBAGAME-25DEC05DALOKC,Dallas vs Oklahoma City Winner?,,2025-12-03T19:07:00Z,2025-12-06T05:14:36.14652Z,2025-12-06T05:23:56.814023Z,no,0.0000,4630013.00,0.0100,0.0000,0.0000
KXNBAGAME-25DEC06NOPBKN-NOP,KXNBAGAME-25DEC06NOPBKN,New Orleans vs Brooklyn Winner?,,2025-12-04T13:06:00Z,2025-12-07T00:24:42.753874Z,2025-12-07T00:34:02.563434Z,no,0.0000,1024462.00,0.0100,0.0000,0.0000
KXNBAGAME-25DEC06NOPBKN-BKN,KXNBAGAME-25DEC06NOPBKN,New Orleans vs Brooklyn Winner?,,2025-12-04T13:06:00Z,2025-12-07T00:24:42.753874Z,2025-12-07T00:34:02.563434Z,yes,1.0000,1689940.00,0.9900,0.0000,0.0000
KXNBAGAME-25DEC06ATLWAS-WAS,KXNBAGAME-25DEC06ATLWAS,Atlanta vs Washington Winner?,,2025-12-04T16:07:00Z,2025-12-07T02:34:43.104548Z,2025-12-07T02:44:03.532816Z,no,0.0000,1339083.00,0.0100,0.0000,0.0000
KXNBAGAME-25DEC06ATLWAS-ATL,KXNBAGAME-25DEC06ATLWAS,Atlanta vs Washington Winner?,,2025-12-04T16:07:00Z,2025-12-07T02:34:43.104548Z,2025-12-07T02:44:03.532816Z,yes,1.0000,1720582.00,0.9900,0.0000,0.0000
KXNBAGAME-25DEC06GSWCLE-GSW,KXNBAGAME-25DEC06GSWCLE,Golden State vs Cleveland Winner?,,2025-12-04T16:07:00Z,2025-12-07T03:14:40.110091Z,2025-12-07T03:24:01.45863Z,yes,1.0000,3579853.00,0.9900,0.0000,0.0000
KXNBAGAME-25DEC06GSWCLE-CLE,KXNBAGAME-25DEC06GSWCLE,Golden State vs Cleveland Winner?,,2025-12-04T16:07:00Z,2025-12-07T03:14:40.110091Z,2025-12-07T03:24:01.45863Z,no,0.0000,3145733.00,0.0100,0.0000,0.0000
KXNBAGAME-25DEC06MILDET-MIL,KXNBAGAME-25DEC06MILDET,Milwaukee vs Detroit Winner?,,2025-12-04T16:07:00Z,2025-12-07T03:19:56.167007Z,2025-12-07T03:29:17.485951Z,no,0.0000,1165774.00,0.0100,0.0000,0.0000
KXNBAGAME-25DEC06MILDET-DET,KXNBAGAME-25DEC06MILDET,Milwaukee vs Detroit Winner?,,2025-12-04T16:07:00Z,2025-12-07T03:19:56.167007Z,2025-12-07T03:29:17.485951Z,yes,1.0000,641025.00,0.9900,0.0000,0.0000
KXNBAGAME-25DEC06SACMIA-SAC,KXNBAGAME-25DEC06SACMIA,Sacramento vs Miami Winner?,,2025-12-04T16:07:00Z,2025-12-07T03:34:36.288276Z,2025-12-07T03:43:56.640779Z,yes,1.0000,832770.00,0.9900,0.0000,0.0000
KXNBAGAME-25DEC06SACMIA-MIA,KXNBAGAME-25DEC06SACMIA,Sacramento vs Miami Winner?,,2025-12-04T16:07:00Z,2025-12-07T03:34:36.288276Z,2025-12-07T03:43:56.640779Z,no,0.0000,984853.00,0.0100,0.0000,0.0000
KXNBAGAME-25DEC06LACMIN-MIN,KXNBAGAME-25DEC06LACMIN,Los Angeles C vs Minnesota Winner?,,2025-12-04T16:07:00Z,2025-12-07T03:44:39.486259Z,2025-12-07T03:53:59.522197Z,yes,1.0000,3291157.00,0.9900,0.0000,0.0000
KXNBAGAME-25DEC06LACMIN-LAC,KXNBAGAME-25DEC06LACMIN,Los Angeles C vs Minnesota Winner?,,2025-12-04T16:07:00Z,2025-12-07T03:44:39.486259Z,2025-12-07T03:53:59.522197Z,no,0.0000,2160697.00,0.0100,0.0000,0.0000
KXNBAGAME-25DEC06HOUDAL-HOU,KXNBAGAME-25DEC06HOUDAL,Houston vs Dallas Winner?,,2025-12-04T19:07:00Z,2025-12-07T04:00:14.968608Z,2025-12-07T04:09:35.616629Z,no,0.0000,1666742.00,0.0100,0.0000,0.0000
KXNBAGAME-25DEC06HOUDAL-DAL,KXNBAGAME-25DEC06HOUDAL,Houston vs Dallas Winner?,,2025-12-04T19:07:00Z,2025-12-07T04:00:14.968608Z,2025-12-07T04:09:35.616629Z,yes,1.0000,1315956.00,0.9900,0.0000,0.0000
KXNBAGAME-25DEC07ORLNYK-ORL,KXNBAGAME-25DEC07ORLNYK,Orlando vs New York K Winner?,,2025-12-05T10:06:00Z,2025-12-07T19:50:26.268347Z,2025-12-07T19:59:46.534928Z,no,0.0000,3087550.00,0.0100,0.0000,0.0000
KXNBAGAME-25DEC07ORLNYK-NYK,KXNBAGAME-25DEC07ORLNYK,Orlando vs New York K Winner?,,2025-12-05T10:06:00Z,2025-12-07T19:50:26.268347Z,2025-12-07T19:59:46.534928Z,yes,1.0000,3243242.00,0.9900,0.0000,0.0000
KXNBAGAME-25DEC07BOSTOR-TOR,KXNBAGAME-25DEC07BOSTOR,Boston vs Toronto Winner?,,2025-12-05T13:06:00Z,2025-12-07T23:02:16.537056Z,2025-12-07T23:21:09.612034Z,no,0.0000,2173078.00,0.0100,0.0000,0.0000
KXNBAGAME-25DEC07BOSTOR-BOS,KXNBAGAME-25DEC07BOSTOR,Boston vs Toronto Winner?,,2025-12-05T13:06:00Z,2025-12-07T23:02:16.537056Z,2025-12-07T23:21:09.612034Z,yes,1.0000,2256203.00,0.9900,0.0000,0.0000
KXNBAGAME-25DEC07DENCHA-DEN,KXNBAGAME-25DEC07DENCHA,Denver vs Charlotte Winner?,,2025-12-05T16:07:00Z,2025-12-08T01:34:38.39954Z,2025-12-08T01:51:32.526503Z,yes,1.0000,2578752.00,0.9900,0.0000,0.0000
KXNBAGAME-25DEC07DENCHA-CHA,KXNBAGAME-25DEC07DENCHA,Denver vs Charlotte Winner?,,2025-12-05T16:07:00Z,2025-12-08T01:34:38.39954Z,2025-12-08T01:51:32.526503Z,no,0.0000,1591418.00,0.0100,0.0000,0.0000
KXNBAGAME-25DEC07PORMEM-POR,KXNBAGAME-25DEC07PORMEM,Portland vs Memphis Winner?,,2025-12-05T16:07:00Z,2025-12-08T01:50:22.888176Z,2025-12-08T01:59:42.332063Z,no,0.0000,1705317.00,0.0100,0.0000,0.0000
KXNBAGAME-25DEC07PORMEM-MEM,KXNBAGAME-25DEC07PORMEM,Portland vs Memphis Winner?,,2025-12-05T16:07:00Z,2025-12-08T01:50:22.888176Z,2025-12-08T01:59:42.332063Z,yes,1.0000,1788495.00,0.9900,0.0000,0.0000
KXNBAGAME-25DEC07GSWCHI-GSW,KXNBAGAME-25DEC07GSWCHI,Golden State vs Chicago Winner?,,2025-12-05T16:07:00Z,2025-12-08T02:29:51.579345Z,2025-12-08T02:39:11.493712Z,yes,1.0000,2209345.00,0.9900,0.0000,0.0000
KXNBAGAME-25DEC07GSWCHI-CHI,KXNBAGAME-25DEC07GSWCHI,Golden State vs Chicago Winner?,,2025-12-05T16:07:00Z,2025-12-08T02:29:51.579345Z,2025-12-08T02:39:11.493712Z,no,0.0000,1309656.00,0.0100,0.0000,0.0000
KXNBAGAME-25DEC07LALPHI-PHI,KXNBAGAME-25DEC07LALPHI,Los Angeles L vs Philadelphia Winner?,,2025-12-05T16:07:00Z,2025-12-08T03:09:38.526571Z,2025-12-08T03:18:58.545848Z,no,0.0000,3693716.00,0.0100,0.0000,0.0000
KXNBAGAME-25DEC07LALPHI-LAL,KXNBAGAME-25DEC07LALPHI,Los Angeles L vs Philadelphia Winner?,,2025-12-05T16:07:00Z,2025-12-08T03:09:38.526571Z,2025-12-08T03:18:58.545848Z,yes,1.0000,6118590.00,0.9900,0.0000,0.0000
KXNBAGAME-25DEC07OKCUTA-UTA,KXNBAGAME-25DEC07OKCUTA,Oklahoma City vs Utah Winner?,,2025-12-05T16:07:00Z,2025-12-08T03:44:34.847419Z,2025-12-08T03:53:54.556737Z,no,0.0000,851068.00,0.0100,0.0000,0.0000
KXNBAGAME-25DEC07OKCUTA-OKC,KXNBAGAME-25DEC07OKCUTA,Oklahoma City vs Utah Winner?,,2025-12-05T16:07:00Z,2025-12-08T03:44:34.847419Z,2025-12-08T03:53:54.556737Z,yes,1.0000,1280834.00,0.9900,0.0000,0.0000
KXNBAGAME-25DEC08SACIND-SAC,KXNBAGAME-25DEC08SACIND,Sacramento vs Indiana Winner?,,2025-12-06T16:06:00Z,2025-12-09T02:39:42.773863Z,2025-12-09T02:49:02.456825Z,no,0.0000,4230781.00,0.0100,0.0000,0.0000
KXNBAGAME-25DEC08SACIND-IND,KXNBAGAME-25DEC08SACIND,Sacramento vs Indiana Winner?,,2025-12-06T16:06:00Z,2025-12-09T02:39:42.773863Z,2025-12-09T02:49:02.456825Z,yes,1.0000,3768144.00,0.9900,0.0000,0.0000
KXNBAGAME-25DEC08PHXMIN-PHX,KXNBAGAME-25DEC08PHXMIN,Phoenix vs Minnesota Winner?,,2025-12-06T16:06:00Z,2025-12-09T03:20:10.874379Z,2025-12-09T03:29:30.606625Z,yes,1.0000,5622974.00,0.9900,0.0000,0.0000
KXNBAGAME-25DEC08PHXMIN-MIN,KXNBAGAME-25DEC08PHXMIN,Phoenix vs Minnesota Winner?,,2025-12-06T16:06:00Z,2025-12-09T03:20:10.874379Z,2025-12-09T03:29:30.606625Z,no,0.0000,5051202.00,0.0100,0.0000,0.0000
KXNBAGAME-25DEC08SASNOP-SAS,KXNBAGAME-25DEC08SASNOP,San Antonio vs New Orleans Winner?,,2025-12-06T16:06:00Z,2025-12-09T03:44:34.23357Z,2025-12-09T03:53:54.488251Z,yes,1.0000,4319832.00,0.9900,0.0000,0.0000
KXNBAGAME-25DEC08SASNOP-NOP,KXNBAGAME-25DEC08SASNOP,San Antonio vs New Orleans Winner?,,2025-12-06T16:06:00Z,2025-12-09T03:44:34.23357Z,2025-12-09T03:53:54.488251Z,no,0.0000,2894447.00,0.0100,0.0000,0.0000
KXNBAGAME-25DEC09MIAORL-ORL,KXNBAGAME-25DEC09MIAORL,Miami vs Orlando Winner?,,2025-12-07T16:06:00Z,2025-12-10T01:50:24.396285Z,2025-12-10T01:59:45.183227Z,yes,1.0000,7773231.00,0.9900,0.0000,0.0000
KXNBAGAME-25DEC09MIAORL-MIA,KXNBAGAME-25DEC09MIAORL,Miami vs Orlando Winner?,,2025-12-07T16:06:00Z,2025-12-10T01:50:24.396285Z,2025-12-10T01:59:45.183227Z,no,0.0000,8481570.00,0.0100,0.0000,0.0000
KXNBAGAME-25DEC09NYKTOR-TOR,KXNBAGAME-25DEC09NYKTOR,New York K vs Toronto Winner?,,2025-12-07T19:06:00Z,2025-12-10T04:24:34.733247Z,2025-12-10T04:33:55.19357Z,no,0.0000,6501035.00,0.0100,0.0000,0.0000
KXNBAGAME-25DEC09NYKTOR-NYK,KXNBAGAME-25DEC09NYKTOR,New York K vs Toronto Winner?,,2025-12-07T19:06:00Z,2025-12-10T04:24:34.733247Z,2025-12-10T04:33:55.19357Z,yes,1.0000,5545400.00,0.9900,0.0000,0.0000
KXNBAGAME-25DEC10PHXOKC-PHX,KXNBAGAME-25DEC10PHXOKC,Phoenix vs Oklahoma City Winner?,,2025-12-08T16:05:00Z,2025-12-11T03:00:34.475393Z,2025-12-11T03:09:55.182131Z,no,0.0000,4770089.00,0.0100,0.0000,0.0000
KXNBAGAME-25DEC10PHXOKC-OKC,KXNBAGAME-25DEC10PHXOKC,Phoenix vs Oklahoma City Winner?,,2025-12-08T16:05:00Z,2025-12-11T03:00:34.475393Z,2025-12-11T03:09:55.182131Z,yes,1.0000,2706383.00,0.9900,0.0000,0.0000
KXNBAGAME-25DEC10SASLAL-SAS,KXNBAGAME-25DEC10SASLAL,San Antonio vs Los Angeles L Winner?,,2025-12-08T19:05:00Z,2025-12-11T05:49:47.946541Z,2025-12-11T05:59:09.442499Z,yes,1.0000,11271702.00,0.9900,0.0000,0.0000
KXNBAGAME-25DEC10SASLAL-LAL,KXNBAGAME-25DEC10SASLAL,San Antonio vs Los Angeles L Winner?,,2025-12-08T19:05:00Z,2025-12-11T05:49:47.946541Z,2025-12-11T05:59:09.442499Z,no,0.0000,13405258.00,0.0100,0.0000,0.0000
KXNBAGAME-25DEC11LACHOU-LAC,KXNBAGAME-25DEC11LACHOU,Los Angeles C vs Houston Winner?,,2025-12-09T16:05:00Z,2025-12-12T04:54:30.762183Z,2025-12-12T05:03:50.485784Z,no,0.0000,4022487.00,0.0100,0.0000,0.0000
KXNBAGAME-25DEC11LACHOU-HOU,KXNBAGAME-25DEC11LACHOU,Los Angeles C vs Houston Winner?,,2025-12-09T16:05:00Z,2025-12-12T04:54:30.762183Z,2025-12-12T05:03:50.485784Z,yes,1.0000,4414917.00,0.9900,0.0000,0.0000
KXNBAGAME-25DEC11BOSMIL-MIL,KXNBAGAME-25DEC11BOSMIL,Boston vs Milwaukee Winner?,,2025-12-09T16:05:00Z,2025-12-12T04:54:31.636021Z,2025-12-12T05:04:05.311847Z,yes,1.0000,2158364.00,0.9900,0.0000,0.0000
KXNBAGAME-25DEC11BOSMIL-BOS,KXNBAGAME-25DEC11BOSMIL,Boston vs Milwaukee Winner?,,2025-12-09T16:05:00Z,2025-12-12T04:54:31.636021Z,2025-12-12T05:04:05.311847Z,no,0.0000,2126544.00,0.0100,0.0000,0.0000
KXNBAGAME-25DEC11PORNOP-POR,KXNBAGAME-25DEC11PORNOP,Portland vs New Orleans Winner?,,2025-12-09T16:05:00Z,2025-12-12T04:54:31.784302Z,2025-12-12T05:04:05.431261Z,no,0.0000,3080058.00,0.0100,0.0000,0.0000
KXNBAGAME-25DEC11PORNOP-NOP,KXNBAGAME-25DEC11PORNOP,Portland vs New Orleans Winner?,,2025-12-09T16:05:00Z,2025-12-12T04:54:31.784302Z,2025-12-12T05:04:05.431261Z,yes,1.0000,1934968.00,0.9900,0.0000,0.0000
KXNBAGAME-25DEC11DENSAC-SAC,KXNBAGAME-25DEC11DENSAC,Denver vs Sacramento Winner?,,2025-12-09T19:05:00Z,2025-12-12T05:24:31.572049Z,2025-12-12T05:33:51.607468Z,no,0.0000,1616777.00,0.0100,0.0000,0.0000
KXNBAGAME-25DEC11DENSAC-DEN,KXNBAGAME-25DEC11DENSAC,Denver vs Sacramento Winner?,,2025-12-09T19:05:00Z,2025-12-12T05:24:31.572049Z,2025-12-12T05:33:51.607468Z,yes,1.0000,1173645.00,0.9900,0.0000,0.0000
KXNBAGAME-25DEC12CHICHA-CHI,KXNBAGAME-25DEC12CHICHA,Chicago vs Charlotte Winner?,,2025-12-10T16:06:00Z,2025-12-13T02:40:21.854314Z,2025-12-13T02:49:41.452812Z,yes,1.0000,3595715.00,0.9900,0.0000,0.0000
KXNBAGAME-25DEC12CHICHA-CHA,KXNBAGAME-25DEC12CHICHA,Chicago vs Charlotte Winner?,,2025-12-10T16:06:00Z,2025-12-13T02:40:21.854314Z,2025-12-13T02:49:41.452812Z,no,0.0000,3487929.00,0.0100,0.0000,0.0000
KXNBAGAME-25DEC12INDPHI-PHI,KXNBAGAME-25DEC12INDPHI,Indiana vs Philadelphia Winner?,,2025-12-10T16:06:00Z,2025-12-13T02:50:22.484957Z,2025-12-13T02:59:42.461709Z,yes,1.0000,3754763.00,0.9900,0.0000,0.0000
KXNBAGAME-25DEC12INDPHI-IND,KXNBAGAME-25DEC12INDPHI,Indiana vs Philadelphia Winner?,,2025-12-10T16:06:00Z,2025-12-13T02:50:22.484957Z,2025-12-13T02:59:42.461709Z,no,0.0000,3735343.00,0.0100,0.0000,0.0000
KXNBAGAME-25DEC12CLEWAS-WAS,KXNBAGAME-25DEC12CLEWAS,Cleveland vs Washington Winner?,,2025-12-10T16:05:00Z,2025-12-13T02:54:36.672108Z,2025-12-13T03:03:56.494063Z,no,0.0000,6636388.00,0.0100,0.0000,0.0000
KXNBAGAME-25DEC12CLEWAS-CLE,KXNBAGAME-25DEC12CLEWAS,Cleveland vs Washington Winner?,,2025-12-10T16:05:00Z,2025-12-13T02:54:36.672108Z,2025-12-13T03:03:56.494063Z,yes,1.0000,4187170.00,0.9900,0.0000,0.0000
KXNBAGAME-25DEC12ATLDET-DET,KXNBAGAME-25DEC12ATLDET,Atlanta vs Detroit Winner?,,2025-12-10T16:05:00Z,2025-12-13T03:00:53.736411Z,2025-12-13T03:10:13.307883Z,yes,1.0000,1745314.00,0.9900,0.0000,0.0000
KXNBAGAME-25DEC12ATLDET-ATL,KXNBAGAME-25DEC12ATLDET,Atlanta vs Detroit Winner?,,2025-12-10T16:05:00Z,2025-12-13T03:00:53.736411Z,2025-12-13T03:10:13.307883Z,no,0.0000,1625054.00,0.0100,0.0000,0.0000
KXNBAGAME-25DEC12UTAMEM-UTA,KXNBAGAME-25DEC12UTAMEM,Utah vs Memphis Winner?,,2025-12-10T16:06:00Z,2025-12-13T03:54:34.582907Z,2025-12-13T04:03:54.501099Z,yes,1.0000,4775961.00,0.9900,0.0000,0.0000
KXNBAGAME-25DEC12UTAMEM-MEM,KXNBAGAME-25DEC12UTAMEM,Utah vs Memphis Winner?,,2025-12-10T16:06:00Z,2025-12-13T03:54:34.582907Z,2025-12-13T04:03:54.501099Z,no,0.0000,3496848.00,0.0100,0.0000,0.0000
KXNBAGAME-25DEC12BKNDAL-DAL,KXNBAGAME-25DEC12BKNDAL,Brooklyn vs Dallas Winner?,,2025-12-10T19:06:00Z,2025-12-13T04:04:32.927423Z,2025-12-13T04:13:53.292157Z,yes,1.0000,3296127.00,0.9900,0.0000,0.0000
KXNBAGAME-25DEC12BKNDAL-BKN,KXNBAGAME-25DEC12BKNDAL,Brooklyn vs Dallas Winner?,,2025-12-10T19:06:00Z,2025-12-13T04:04:32.927423Z,2025-12-13T04:13:53.292157Z,no,0.0000,3959984.00,0.0100,0.0000,0.0000
KXNBAGAME-25DEC12MINGSW-MIN,KXNBAGAME-25DEC12MINGSW,Minnesota vs Golden State Winner?,,2025-12-10T19:06:00Z,2025-12-13T05:54:28.731257Z,2025-12-13T06:03:48.445435Z,yes,1.0000,8989242.00,0.9900,0.0000,0.0000
KXNBAGAME-25DEC12MINGSW-GSW,KXNBAGAME-25DEC12MINGSW,Minnesota vs Golden State Winner?,,2025-12-10T19:06:00Z,2025-12-13T05:54:28.731257Z,2025-12-13T06:03:48.445435Z,no,0.0000,9376182.00,0.0100,0.0000,0.0000
KXNBAGAME-25DEC13NYKORL-ORL,KXNBAGAME-25DEC13NYKORL,New York K vs Orlando Winner?,,2025-12-11T16:07:00Z,2025-12-14T01:34:31.228251Z,2025-12-14T01:43:51.453632Z,no,0.0000,5746193.00,0.0100,0.0000,0.0000
KXNBAGAME-25DEC13NYKORL-NYK,KXNBAGAME-25DEC13NYKORL,New York K vs Orlando Winner?,,2025-12-11T16:07:00Z,2025-12-14T01:34:31.228251Z,2025-12-14T01:43:51.453632Z,yes,1.0000,5163056.00,0.9900,0.0000,0.0000
KXNBAGAME-25DEC13SASOKC-SAS,KXNBAGAME-25DEC13SASOKC,San Antonio vs Oklahoma City Winner?,,2025-12-11T19:06:00Z,2025-12-14T05:06:14.451512Z,2025-12-14T05:14:37.675625Z,yes,1.0000,15246010.00,0.9900,0.0000,0.0000
KXNBAGAME-25DEC13SASOKC-OKC,KXNBAGAME-25DEC13SASOKC,San Antonio vs Oklahoma City Winner?,,2025-12-11T19:06:00Z,2025-12-14T05:06:14.451512Z,2025-12-14T05:14:37.675625Z,no,0.0000,11041892.00,0.0100,0.0000,0.0000
KXNBAGAME-25DEC14WASIND-WAS,KXNBAGAME-25DEC14WASIND,Washington vs Indiana Winner?,,2025-12-12T13:06:00Z,2025-12-14T22:50:01.101493Z,2025-12-15T00:48:03.934399Z,yes,1.0000,2110366.00,0.9900,0.0000,0.0000
KXNBAGAME-25DEC14WASIND-IND,KXNBAGAME-25DEC14WASIND,Washington vs Indiana Winner?,,2025-12-12T13:06:00Z,2025-12-14T22:50:01.101493Z,2025-12-15T00:48:03.934399Z,no,0.0000,1237464.00,0.0100,0.0000,0.0000
KXNBAGAME-25DEC14CHACLE-CLE,KXNBAGAME-25DEC14CHACLE,Charlotte vs Cleveland Winner?,,2025-12-12T13:06:00Z,2025-12-14T23:30:48.682855Z,2025-12-15T00:50:16.13234Z,no,0.0000,2521404.00,0.0100,0.0000,0.0000
KXNBAGAME-25DEC14CHACLE-CHA,KXNBAGAME-25DEC14CHACLE,Charlotte vs Cleveland Winner?,,2025-12-12T13:06:00Z,2025-12-14T23:30:48.682855Z,2025-12-15T00:50:16.13234Z,yes,1.0000,3164819.00,0.9900,0.0000,0.0000
KXNBAGAME-25DEC14MILBKN-MIL,KXNBAGAME-25DEC14MILBKN,Milwaukee vs Brooklyn Winner?,,2025-12-12T16:06:00Z,2025-12-15T01:24:43.542389Z,2025-12-15T01:39:46.631106Z,no,0.0000,1550107.00,0.0100,0.0000,0.0000
KXNBAGAME-25DEC14MILBKN-BKN,KXNBAGAME-25DEC14MILBKN,Milwaukee vs Brooklyn Winner?,,2025-12-12T16:06:00Z,2025-12-15T01:24:43.542389Z,2025-12-15T01:39:46.631106Z,yes,1.0000,804350.00,0.9900,0.0000,0.0000
KXNBAGAME-25DEC14PHIATL-PHI,KXNBAGAME-25DEC14PHIATL,Philadelphia vs Atlanta Winner?,,2025-12-12T16:06:00Z,2025-12-15T01:44:42.986392Z,2025-12-15T01:54:48.761652Z,no,0.0000,4322298.00,0.0100,0.0000,0.0000
KXNBAGAME-25DEC14PHIATL-ATL,KXNBAGAME-25DEC14PHIATL,Philadelphia vs Atlanta Winner?,,2025-12-12T16:06:00Z,2025-12-15T01:44:42.986392Z,2025-12-15T01:54:48.761652Z,yes,1.0000,2105108.00,0.9900,0.0000,0.0000
KXNBAGAME-25DEC14SACMIN-SAC,KXNBAGAME-25DEC14SACMIN,Sacramento vs Minnesota Winner?,,2025-12-12T16:06:00Z,2025-12-15T02:34:39.453431Z,2025-12-15T02:45:24.795466Z,no,0.0000,3032672.00,0.0100,0.0000,0.0000
KXNBAGAME-25DEC14SACMIN-MIN,KXNBAGAME-25DEC14SACMIN,Sacramento vs Minnesota Winner?,,2025-12-12T16:06:00Z,2025-12-15T02:34:39.453431Z,2025-12-15T02:45:24.795466Z,yes,1.0000,1582167.00,0.9900,0.0000,0.0000
KXNBAGAME-25DEC14NOPCHI-NOP,KXNBAGAME-25DEC14NOPCHI,New Orleans vs Chicago Winner?,,2025-12-12T16:06:00Z,2025-12-15T02:50:14.729386Z,2025-12-15T02:59:45.014645Z,yes,1.0000,1881540.00,0.9900,0.0000,0.0000
KXNBAGAME-25DEC14NOPCHI-CHI,KXNBAGAME-25DEC14NOPCHI,New Orleans vs Chicago Winner?,,2025-12-12T16:06:00Z,2025-12-15T02:50:14.729386Z,2025-12-15T02:59:45.014645Z,no,0.0000,2450832.00,0.0100,0.0000,0.0000
KXNBAGAME-25DEC14LALPHX-PHX,KXNBAGAME-25DEC14LALPHX,Los Angeles L vs Phoenix Winner?,,2025-12-12T16:06:00Z,2025-12-15T04:10:11.578568Z,2025-12-15T04:19:45.120963Z,no,0.0000,3778336.00,0.0100,0.0000,0.0000
KXNBAGAME-25DEC14LALPHX-LAL,KXNBAGAME-25DEC14LALPHX,Los Angeles L vs Phoenix Winner?,,2025-12-12T16:06:00Z,2025-12-15T04:10:11.578568Z,2025-12-15T04:19:45.120963Z,yes,1.0000,6440740.00,0.9900,0.0000,0.0000
KXNBAGAME-25DEC14GSWPOR-POR,KXNBAGAME-25DEC14GSWPOR,Golden State vs Portland Winner?,,2025-12-12T19:06:00Z,2025-12-15T04:50:14.185548Z,2025-12-15T04:59:48.272024Z,yes,1.0000,4290198.00,0.9900,0.0000,0.0000
KXNBAGAME-25DEC14GSWPOR-GSW,KXNBAGAME-25DEC14GSWPOR,Golden State vs Portland Winner?,,2025-12-12T19:06:00Z,2025-12-15T04:50:14.185548Z,2025-12-15T04:59:48.272024Z,no,0.0000,5173672.00,0.0100,0.0000,0.0000
KXNBAGAME-25DEC15DETBOS-DET,KXNBAGAME-25DEC15DETBOS,Detroit vs Boston Winner?,,2025-12-13T16:06:00Z,2025-12-16T03:00:19.918994Z,2025-12-16T03:09:42.287304Z,yes,1.0000,5875520.00,0.9900,0.0000,0.0000
KXNBAGAME-25DEC15DETBOS-BOS,KXNBAGAME-25DEC15DETBOS,Detroit vs Boston Winner?,,2025-12-13T16:06:00Z,2025-12-16T03:00:19.918994Z,2025-12-16T03:09:42.287304Z,no,0.0000,4385662.00,0.0100,0.0000,0.0000
KXNBAGAME-25DEC15TORMIA-TOR,KXNBAGAME-25DEC15TORMIA,Toronto vs Miami Winner?,,2025-12-13T16:06:00Z,2025-12-16T03:14:33.352664Z,2025-12-16T03:24:12.107652Z,yes,1.0000,4038336.00,0.9900,0.0000,0.0000
KXNBAGAME-25DEC15TORMIA-MIA,KXNBAGAME-25DEC15TORMIA,Toronto vs Miami Winner?,,2025-12-13T16:06:00Z,2025-12-16T03:14:33.352664Z,2025-12-16T03:24:12.107652Z,no,0.0000,1536900.00,0.0100,0.0000,0.0000
KXNBAGAME-25DEC15DALUTA-UTA,KXNBAGAME-25DEC15DALUTA,Dallas vs Utah Winner?,,2025-12-13T19:06:00Z,2025-12-16T05:10:02.128462Z,2025-12-16T05:19:42.199232Z,yes,1.0000,6213627.00,0.9900,0.0000,0.0000
KXNBAGAME-25DEC15DALUTA-DAL,KXNBAGAME-25DEC15DALUTA,Dallas vs Utah Winner?,,2025-12-13T19:06:00Z,2025-12-16T05:10:02.128462Z,2025-12-16T05:19:42.199232Z,no,0.0000,5931248.00,0.0100,0.0000,0.0000
KXNBAGAME-25DEC15HOUDEN-HOU,KXNBAGAME-25DEC15HOUDEN,Houston vs Denver Winner?,,2025-12-13T19:06:00Z,2025-12-16T05:39:46.886369Z,2025-12-16T05:49:12.336418Z,no,0.0000,6788097.00,0.0100,0.0000,0.0000
KXNBAGAME-25DEC15HOUDEN-DEN,KXNBAGAME-25DEC15HOUDEN,Houston vs Denver Winner?,,2025-12-13T19:06:00Z,2025-12-16T05:39:46.886369Z,2025-12-16T05:49:12.336418Z,yes,1.0000,7795625.00,0.9900,0.0000,0.0000
KXNBAGAME-25DEC15MEMLAC-MEM,KXNBAGAME-25DEC15MEMLAC,Memphis vs Los Angeles C Winner?,,2025-12-13T19:06:00Z,2025-12-16T05:59:51.216237Z,2025-12-16T06:09:12.083986Z,yes,1.0000,4582696.00,0.9900,0.0000,0.0000
KXNBAGAME-25DEC15MEMLAC-LAC,KXNBAGAME-25DEC15MEMLAC,Memphis vs Los Angeles C Winner?,,2025-12-13T19:06:00Z,2025-12-16T05:59:51.216237Z,2025-12-16T06:09:12.083986Z,no,0.0000,3213576.00,0.0100,0.0000,0.0000
KXNBAGAME-25DEC17CLECHI-CLE,KXNBAGAME-25DEC17CLECHI,Cleveland vs Chicago Winner?,,2025-12-15T16:05:00Z,2025-12-18T03:41:05.137345Z,2025-12-18T03:50:31.425382Z,no,0.0000,3528101.00,0.0100,0.0000,0.0000
KXNBAGAME-25DEC17CLECHI-CHI,KXNBAGAME-25DEC17CLECHI,Cleveland vs Chicago Winner?,,2025-12-15T16:05:00Z,2025-12-18T03:41:05.137345Z,2025-12-18T03:50:31.425382Z,yes,1.0000,3405409.00,0.9900,0.0000,0.0000
KXNBAGAME-25DEC17MEMMIN-MIN,KXNBAGAME-25DEC17MEMMIN,Memphis vs Minnesota Winner?,,2025-12-15T16:05:00Z,2025-12-18T04:14:45.985537Z,2025-12-18T04:24:10.8606Z,no,0.0000,4544538.00,0.0100,0.0000,0.0000
KXNBAGAME-25DEC17MEMMIN-MEM,KXNBAGAME-25DEC17MEMMIN,Memphis vs Minnesota Winner?,,2025-12-15T16:05:00Z,2025-12-18T04:14:45.985537Z,2025-12-18T04:24:10.8606Z,yes,1.0000,5724134.00,0.9900,0.0000,0.0000
KXNBAGAME-25DEC18ATLCHA-CHA,KXNBAGAME-25DEC18ATLCHA,Atlanta vs Charlotte Winner?,,2025-12-17T04:05:00Z,2025-12-19T02:41:14.288085Z,2025-12-19T02:50:41.41756Z,yes,1.0000,2526930.00,0.9900,0.0000,0.0000
KXNBAGAME-25DEC18ATLCHA-ATL,KXNBAGAME-25DEC18ATLCHA,Atlanta vs Charlotte Winner?,,2025-12-17T04:05:00Z,2025-12-19T02:41:14.288085Z,2025-12-19T02:50:41.41756Z,no,0.0000,3401927.00,0.0100,0.0000,0.0000
KXNBAGAME-25DEC18NYKIND-NYK,KXNBAGAME-25DEC18NYKIND,New York vs Indiana Winner?,,2025-12-17T04:05:00Z,2025-12-19T02:44:59.016873Z,2025-12-19T02:54:21.367875Z,yes,1.0000,7486178.00,0.9900,0.0000,0.0000
KXNBAGAME-25DEC18NYKIND-IND,KXNBAGAME-25DEC18NYKIND,New York vs Indiana Winner?,,2025-12-17T04:05:00Z,2025-12-19T02:44:59.016873Z,2025-12-19T02:54:21.367875Z,no,0.0000,3132291.00,0.0100,0.0000,0.0000
KXNBAGAME-25DEC18MIABKN-MIA,KXNBAGAME-25DEC18MIABKN,Miami vs Brooklyn Winner?,,2025-12-17T04:05:00Z,2025-12-19T03:10:58.14369Z,2025-12-19T03:20:21.338441Z,yes,1.0000,1346568.00,0.9900,0.0000,0.0000
KXNBAGAME-25DEC18MIABKN-BKN,KXNBAGAME-25DEC18MIABKN,Miami vs Brooklyn Winner?,,2025-12-17T04:05:00Z,2025-12-19T03:10:58.14369Z,2025-12-19T03:20:21.338441Z,no,0.0000,1903885.00,0.0100,0.0000,0.0000
KXNBAGAME-25DEC18LACOKC-OKC,KXNBAGAME-25DEC18LACOKC,Los Angeles C vs Oklahoma City Winner?,,2025-12-17T04:05:00Z,2025-12-19T03:34:45.383772Z,2025-12-19T03:44:11.470541Z,yes,1.0000,952863.00,0.9900,0.0000,0.0000
KXNBAGAME-25DEC18LACOKC-LAC,KXNBAGAME-25DEC18LACOKC,Los Angeles C vs Oklahoma City Winner?,,2025-12-17T04:05:00Z,2025-12-19T03:34:45.383772Z,2025-12-19T03:44:11.470541Z,no,0.0000,2712696.00,0.0100,0.0000,0.0000
KXNBAGAME-25DEC18TORMIL-TOR,KXNBAGAME-25DEC18TORMIL,Toronto vs Milwaukee Winner?,,2025-12-17T04:06:00Z,2025-12-19T04:00:45.363058Z,2025-12-19T04:10:11.205297Z,yes,1.0000,1146116.00,0.9900,0.0000,0.0000
KXNBAGAME-25DEC18TORMIL-MIL,KXNBAGAME-25DEC18TORMIL,Toronto vs Milwaukee Winner?,,2025-12-17T04:06:00Z,2025-12-19T04:00:45.363058Z,2025-12-19T04:10:11.205297Z,no,0.0000,1416096.00,0.0100,0.0000,0.0000
KXNBAGAME-25DEC18HOUNOP-NOP,KXNBAGAME-25DEC18HOUNOP,Houston vs New Orleans Winner?,,2025-12-17T04:05:00Z,2025-12-19T04:05:15.15932Z,2025-12-19T04:14:41.313677Z,yes,1.0000,1776865.00,0.9900,0.0000,0.0000
KXNBAGAME-25DEC18HOUNOP-HOU,KXNBAGAME-25DEC18HOUNOP,Houston vs New Orleans Winner?,,2025-12-17T04:05:00Z,2025-12-19T04:05:15.15932Z,2025-12-19T04:14:41.313677Z,no,0.0000,1673566.00,0.0100,0.0000,0.0000
KXNBAGAME-25DEC18WASSAS-WAS,KXNBAGAME-25DEC18WASSAS,Washington vs San Antonio Winner?,,2025-12-17T04:05:00Z,2025-12-19T04:11:03.23008Z,2025-12-19T04:20:31.308165Z,no,0.0000,931832.00,0.0100,0.0000,0.0000
KXNBAGAME-25DEC18WASSAS-SAS,KXNBAGAME-25DEC18WASSAS,Washington vs San Antonio Winner?,,2025-12-17T04:05:00Z,2025-12-19T04:11:03.23008Z,2025-12-19T04:20:31.308165Z,yes,1.0000,305891.00,0.9900,0.0000,0.0000
KXNBAGAME-25DEC18ORLDEN-ORL,KXNBAGAME-25DEC18ORLDEN,Orlando vs Denver Winner?,,2025-12-17T04:06:00Z,2025-12-19T04:34:39.007528Z,2025-12-19T04:44:03.201092Z,no,0.0000,1133184.00,0.0100,0.0000,0.0000
KXNBAGAME-25DEC18ORLDEN-DEN,KXNBAGAME-25DEC18ORLDEN,Orlando vs Denver Winner?,,2025-12-17T04:06:00Z,2025-12-19T04:34:39.007528Z,2025-12-19T04:44:03.201092Z,yes,1.0000,802961.00,0.9900,0.0000,0.0000
KXNBAGAME-25DEC18LALUTA-UTA,KXNBAGAME-25DEC18LALUTA,Los Angeles L vs Utah Winner?,,2025-12-17T04:06:00Z,2025-12-19T05:01:24.294483Z,2025-12-19T05:10:51.446278Z,no,0.0000,2267460.00,0.0100,0.0000,0.0000
KXNBAGAME-25DEC18LALUTA-LAL,KXNBAGAME-25DEC18LALUTA,Los Angeles L vs Utah Winner?,,2025-12-17T04:06:00Z,2025-12-19T05:01:24.294483Z,2025-12-19T05:10:51.446278Z,yes,1.0000,2324495.00,0.9900,0.0000,0.0000
KXNBAGAME-25DEC18DETDAL-DET,KXNBAGAME-25DEC18DETDAL,Detroit vs Dallas Winner?,,2025-12-17T04:06:00Z,2025-12-19T05:01:24.588679Z,2025-12-19T05:10:51.331743Z,no,0.0000,3913334.00,0.0100,0.0000,0.0000
KXNBAGAME-25DEC18DETDAL-DAL,KXNBAGAME-25DEC18DETDAL,Detroit vs Dallas Winner?,,2025-12-17T04:06:00Z,2025-12-19T05:01:24.588679Z,2025-12-19T05:10:51.331743Z,yes,1.0000,2672495.00,0.9900,0.0000,0.0000
KXNBAGAME-25DEC18GSWPHX-PHX,KXNBAGAME-25DEC18GSWPHX,Golden State vs Phoenix Winner?,,2025-12-17T04:06:00Z,2025-12-19T05:34:26.172128Z,2025-12-19T05:43:51.524462Z,yes,1.0000,2194809.00,0.9900,0.0000,0.0000
KXNBAGAME-25DEC18GSWPHX-GSW,KXNBAGAME-25DEC18GSWPHX,Golden State vs Phoenix Winner?,,2025-12-17T04:06:00Z,2025-12-19T05:34:26.172128Z,2025-12-19T05:43:51.524462Z,no,0.0000,2321867.00,0.0100,0.0000,0.0000
KXNBAGAME-25DEC18SACPOR-SAC,KXNBAGAME-25DEC18SACPOR,Sacramento vs Portland Winner?,,2025-12-17T04:06:00Z,2025-12-19T06:14:32.39859Z,2025-12-19T06:24:01.394602Z,no,0.0000,6862293.00,0.0100,0.0000,0.0000
KXNBAGAME-25DEC18SACPOR-POR,KXNBAGAME-25DEC18SACPOR,Sacramento vs Portland Winner?,,2025-12-17T04:06:00Z,2025-12-19T06:14:32.39859Z,2025-12-19T06:24:01.394602Z,yes,1.0000,3775706.00,0.9900,0.0000,0.0000
KXNBAGAME-25DEC19MIABOS-MIA,KXNBAGAME-25DEC19MIABOS,Miami vs Boston Winner?,,2025-12-17T16:06:00Z,2025-12-20T02:44:36.584012Z,2025-12-20T02:54:01.90022Z,no,0.0000,3709670.00,0.0100,0.0000,0.0000
KXNBAGAME-25DEC19MIABOS-BOS,KXNBAGAME-25DEC19MIABOS,Miami vs Boston Winner?,,2025-12-17T16:06:00Z,2025-12-20T02:44:36.584012Z,2025-12-20T02:54:01.90022Z,yes,1.0000,1479060.00,0.9900,0.0000,0.0000
KXNBAGAME-25DEC19SASATL-SAS,KXNBAGAME-25DEC19SASATL,San Antonio vs Atlanta Winner?,,2025-12-17T16:06:00Z,2025-12-20T02:50:15.214983Z,2025-12-20T02:59:41.373244Z,yes,1.0000,1312620.00,0.9900,0.0000,0.0000
KXNBAGAME-25DEC19SASATL-ATL,KXNBAGAME-25DEC19SASATL,San Antonio vs Atlanta Winner?,,2025-12-17T16:06:00Z,2025-12-20T02:50:15.214983Z,2025-12-20T02:59:41.373244Z,no,0.0000,805749.00,0.0100,0.0000,0.0000
KXNBAGAME-25DEC19PHINYK-PHI,KXNBAGAME-25DEC19PHINYK,Philadelphia vs New York Winner?,,2025-12-17T16:06:00Z,2025-12-20T02:54:29.847866Z,2025-12-20T03:03:51.558761Z,yes,1.0000,4328632.00,0.9900,0.0000,0.0000
KXNBAGAME-25DEC19PHINYK-NYK,KXNBAGAME-25DEC19PHINYK,Philadelphia vs New York Winner?,,2025-12-17T16:06:00Z,2025-12-20T02:54:29.847866Z,2025-12-20T03:03:51.558761Z,no,0.0000,4225086.00,0.0100,0.0000,0.0000
KXNBAGAME-25DEC19CHICLE-CLE,KXNBAGAME-25DEC19CHICLE,Chicago vs Cleveland Winner?,,2025-12-17T16:06:00Z,2025-12-20T03:04:30.010911Z,2025-12-20T03:13:51.268212Z,no,0.0000,2391669.00,0.0100,0.0000,0.0000
KXNBAGAME-25DEC19CHICLE-CHI,KXNBAGAME-25DEC19CHICLE,Chicago vs Cleveland Winner?,,2025-12-17T16:06:00Z,2025-12-20T03:04:30.010911Z,2025-12-20T03:13:51.268212Z,yes,1.0000,2215151.00,0.9900,0.0000,0.0000
KXNBAGAME-25DEC19OKCMIN-OKC,KXNBAGAME-25DEC19OKCMIN,Oklahoma City vs Minnesota Winner?,,2025-12-17T19:06:00Z,2025-12-20T05:29:42.660737Z,2025-12-20T05:39:11.530587Z,no,0.0000,9067632.00,0.0100,0.0000,0.0000
KXNBAGAME-25DEC19OKCMIN-MIN,KXNBAGAME-25DEC19OKCMIN,Oklahoma City vs Minnesota Winner?,,2025-12-17T19:06:00Z,2025-12-20T05:29:42.660737Z,2025-12-20T05:39:11.530587Z,yes,1.0000,6320885.00,0.9900,0.0000,0.0000
KXNBAGAME-25DEC20HOUDEN-HOU,KXNBAGAME-25DEC20HOUDEN,Houston vs Denver Winner?,,2025-12-18T13:06:00Z,2025-12-21T00:50:25.3438Z,2025-12-21T00:59:49.321839Z,yes,1.0000,2337485.00,0.9900,0.0000,0.0000
KXNBAGAME-25DEC20HOUDEN-DEN,KXNBAGAME-25DEC20HOUDEN,Houston vs Denver Winner?,,2025-12-18T13:06:00Z,2025-12-21T00:50:25.3438Z,2025-12-21T00:59:49.321839Z,no,0.0000,5122836.00,0.0100,0.0000,0.0000
KXNBAGAME-25DEC20BOSTOR-TOR,KXNBAGAME-25DEC20BOSTOR,Boston vs Toronto Winner?,,2025-12-18T16:06:00Z,2025-12-21T02:34:54.593804Z,2025-12-21T02:44:23.571538Z,no,0.0000,2181328.00,0.0100,0.0000,0.0000
KXNBAGAME-25DEC20BOSTOR-BOS,KXNBAGAME-25DEC20BOSTOR,Boston vs Toronto Winner?,,2025-12-18T16:06:00Z,2025-12-21T02:34:54.593804Z,2025-12-21T02:44:23.571538Z,yes,1.0000,1899118.00,0.9900,0.0000,0.0000
KXNBAGAME-25DEC20DALPHI-PHI,KXNBAGAME-25DEC20DALPHI,Dallas vs Philadelphia Winner?,,2025-12-18T16:06:00Z,2025-12-21T02:34:54.669547Z,2025-12-21T02:44:23.71851Z,yes,1.0000,3081947.00,0.9900,0.0000,0.0000
KXNBAGAME-25DEC20DALPHI-DAL,KXNBAGAME-25DEC20DALPHI,Dallas vs Philadelphia Winner?,,2025-12-18T16:06:00Z,2025-12-21T02:34:54.669547Z,2025-12-21T02:44:23.71851Z,no,0.0000,2527880.00,0.0100,0.0000,0.0000
KXNBAGAME-25DEC20INDNOP-NOP,KXNBAGAME-25DEC20INDNOP,Indiana vs New Orleans Winner?,,2025-12-18T16:06:00Z,2025-12-21T03:00:18.882957Z,2025-12-21T03:09:39.169454Z,yes,1.0000,741746.00,0.9900,0.0000,0.0000
KXNBAGAME-25DEC20INDNOP-IND,KXNBAGAME-25DEC20INDNOP,Indiana vs New Orleans Winner?,,2025-12-18T16:06:00Z,2025-12-21T03:00:18.882957Z,2025-12-21T03:09:39.169454Z,no,0.0000,1200069.00,0.0100,0.0000,0.0000
KXNBAGAME-25DEC20CHADET-DET,KXNBAGAME-25DEC20CHADET,Charlotte vs Detroit Winner?,,2025-12-18T16:06:00Z,2025-12-21T03:30:21.984226Z,2025-12-21T03:39:49.147969Z,yes,1.0000,653534.00,0.9900,0.0000,0.0000
KXNBAGAME-25DEC20CHADET-CHA,KXNBAGAME-25DEC20CHADET,Charlotte vs Detroit Winner?,,2025-12-18T16:06:00Z,2025-12-21T03:30:21.984226Z,2025-12-21T03:39:49.147969Z,no,0.0000,1530420.00,0.0100,0.0000,0.0000
KXNBAGAME-25DEC20WASMEM-WAS,KXNBAGAME-25DEC20WASMEM,Washington vs Memphis Winner?,,2025-12-18T16:06:00Z,2025-12-21T03:44:34.70298Z,2025-12-21T03:53:59.236019Z,yes,1.0000,2719634.00,0.9900,0.0000,0.0000
KXNBAGAME-25DEC20WASMEM-MEM,KXNBAGAME-25DEC20WASMEM,Washington vs Memphis Winner?,,2025-12-18T16:06:00Z,2025-12-21T03:44:34.70298Z,2025-12-21T03:53:59.236019Z,no,0.0000,1383711.00,0.0100,0.0000,0.0000
KXNBAGAME-25DEC20PHXGSW-PHX,KXNBAGAME-25DEC20PHXGSW,Phoenix vs Golden State Winner?,,2025-12-18T19:06:00Z,2025-12-21T04:24:31.507005Z,2025-12-21T04:33:59.314446Z,no,0.0000,3899357.00,0.0100,0.0000,0.0000
KXNBAGAME-25DEC20PHXGSW-GSW,KXNBAGAME-25DEC20PHXGSW,Phoenix vs Golden State Winner?,,2025-12-18T19:06:00Z,2025-12-21T04:24:31.507005Z,2025-12-21T04:33:59.314446Z,yes,1.0000,2751302.00,0.9900,0.0000,0.0000
KXNBAGAME-25DEC20ORLUTA-UTA,KXNBAGAME-25DEC20ORLUTA,Orlando vs Utah Winner?,,2025-12-18T19:06:00Z,2025-12-21T05:44:28.861385Z,2025-12-21T05:53:49.335871Z,no,0.0000,5948565.00,0.0100,0.0000,0.0000
KXNBAGAME-25DEC20ORLUTA-ORL,KXNBAGAME-25DEC20ORLUTA,Orlando vs Utah Winner?,,2025-12-18T19:06:00Z,2025-12-21T05:44:28.861385Z,2025-12-21T05:53:49.335871Z,yes,1.0000,3645162.00,0.9900,0.0000,0.0000
KXNBAGAME-25DEC20LALLAC-LAL,KXNBAGAME-25DEC20LALLAC,Los Angeles L vs Los Angeles C Winner?,,2025-12-18T19:06:00Z,2025-12-21T06:14:34.795206Z,2025-12-21T06:23:59.481041Z,no,0.0000,9126696.00,0.0100,0.0000,0.0000
KXNBAGAME-25DEC20LALLAC-LAC,KXNBAGAME-25DEC20LALLAC,Los Angeles L vs Los Angeles C Winner?,,2025-12-18T19:06:00Z,2025-12-21T06:14:34.795206Z,2025-12-21T06:23:59.481041Z,yes,1.0000,2520925.00,0.9900,0.0000,0.0000
KXNBAGAME-25DEC20PORSAC-SAC,KXNBAGAME-25DEC20PORSAC,Portland vs Sacramento Winner?,,2025-12-18T19:06:00Z,2025-12-21T06:14:35.114902Z,2025-12-21T06:23:59.585356Z,no,0.0000,2381201.00,0.0100,0.0000,0.0000
KXNBAGAME-25DEC20PORSAC-POR,KXNBAGAME-25DEC20PORSAC,Portland vs Sacramento Winner?,,2025-12-18T19:06:00Z,2025-12-21T06:14:35.114902Z,2025-12-21T06:23:59.585356Z,yes,1.0000,1985269.00,0.9900,0.0000,0.0000
KXNBAGAME-25DEC21CHIATL-CHI,KXNBAGAME-25DEC21CHIATL,Chicago vs Atlanta Winner?,,2025-12-19T13:05:00Z,2025-12-21T23:20:19.213981Z,2025-12-21T23:29:43.302318Z,yes,1.0000,2434714.00,0.9900,0.0000,0.0000
KXNBAGAME-25DEC21CHIATL-ATL,KXNBAGAME-25DEC21CHIATL,Chicago vs Atlanta Winner?,,2025-12-19T13:05:00Z,2025-12-21T23:20:19.213981Z,2025-12-21T23:29:43.302318Z,no,0.0000,3004263.00,0.0100,0.0000,0.0000
KXNBAGAME-25DEC21TORBKN-TOR,KXNBAGAME-25DEC21TORBKN,Toronto vs Brooklyn Winner?,,2025-12-19T16:06:00Z,2025-12-22T01:30:21.696679Z,2025-12-22T01:39:49.272055Z,no,0.0000,3026472.00,0.0100,0.0000,0.0000
KXNBAGAME-25DEC21TORBKN-BKN,KXNBAGAME-25DEC21TORBKN,Toronto vs Brooklyn Winner?,,2025-12-19T16:06:00Z,2025-12-22T01:30:21.696679Z,2025-12-22T01:39:49.272055Z,yes,1.0000,1973220.00,0.9900,0.0000,0.0000
KXNBAGAME-25DEC21MIANYK-NYK,KXNBAGAME-25DEC21MIANYK,Miami vs New York Winner?,,2025-12-19T16:06:00Z,2025-12-22T01:40:30.976484Z,2025-12-22T01:50:03.224569Z,yes,1.0000,2168324.00,0.9900,0.0000,0.0000
KXNBAGAME-25DEC21MIANYK-MIA,KXNBAGAME-25DEC21MIANYK,Miami vs New York Winner?,,2025-12-19T16:06:00Z,2025-12-22T01:40:30.976484Z,2025-12-22T01:50:03.224569Z,no,0.0000,2991730.00,0.0100,0.0000,0.0000
KXNBAGAME-25DEC21MILMIN-MIN,KXNBAGAME-25DEC21MILMIN,Milwaukee vs Minnesota Winner?,,2025-12-19T16:06:00Z,2025-12-22T02:44:34.059086Z,2025-12-22T02:53:59.219807Z,yes,1.0000,2483276.00,0.9900,0.0000,0.0000
KXNBAGAME-25DEC21MILMIN-MIL,KXNBAGAME-25DEC21MILMIN,Milwaukee vs Minnesota Winner?,,2025-12-19T16:06:00Z,2025-12-22T02:44:34.059086Z,2025-12-22T02:53:59.219807Z,no,0.0000,3041786.00,0.0100,0.0000,0.0000
KXNBAGAME-25DEC21SASWAS-WAS,KXNBAGAME-25DEC21SASWAS,San Antonio vs Washington Winner?,,2025-12-19T16:06:00Z,2025-12-22T02:49:42.91859Z,2025-12-22T02:59:09.229332Z,no,0.0000,1826093.00,0.0100,0.0000,0.0000
KXNBAGAME-25DEC21SASWAS-SAS,KXNBAGAME-25DEC21SASWAS,San Antonio vs Washington Winner?,,2025-12-19T16:06:00Z,2025-12-22T02:49:42.91859Z,2025-12-22T02:59:09.229332Z,yes,1.0000,406970.00,0.9900,0.0000,0.0000
KXNBAGAME-25DEC21HOUSAC-SAC,KXNBAGAME-25DEC21HOUSAC,Houston vs Sacramento Winner?,,2025-12-19T19:06:00Z,2025-12-22T06:00:04.319568Z,2025-12-22T06:09:29.402067Z,yes,1.0000,9024136.00,0.9900,0.0000,0.0000
KXNBAGAME-25DEC21HOUSAC-HOU,KXNBAGAME-25DEC21HOUSAC,Houston vs Sacramento Winner?,,2025-12-19T19:06:00Z,2025-12-22T06:00:04.319568Z,2025-12-22T06:09:29.402067Z,no,0.0000,4952195.00,0.0100,0.0000,0.0000
KXNBAGAME-25DEC22INDBOS-IND,KXNBAGAME-25DEC22INDBOS,Indiana vs Boston Winner?,,2025-12-20T16:06:00Z,2025-12-23T03:00:38.49992Z,2025-12-23T03:09:59.89036Z,no,0.0000,3533139.00,0.0100,0.0000,0.0000
KXNBAGAME-25DEC22INDBOS-BOS,KXNBAGAME-25DEC22INDBOS,Indiana vs Boston Winner?,,2025-12-20T16:06:00Z,2025-12-23T03:00:38.49992Z,2025-12-23T03:09:59.89036Z,yes,1.0000,3216255.00,0.9900,0.0000,0.0000
KXNBAGAME-25DEC22CHACLE-CLE,KXNBAGAME-25DEC22CHACLE,Charlotte vs Cleveland Winner?,,2025-12-20T16:06:00Z,2025-12-23T03:00:39.393619Z,2025-12-23T03:10:00.071587Z,yes,1.0000,1200432.00,0.9900,0.0000,0.0000
KXNBAGAME-25DEC22CHACLE-CHA,KXNBAGAME-25DEC22CHACLE,Charlotte vs Cleveland Winner?,,2025-12-20T16:06:00Z,2025-12-23T03:00:39.393619Z,2025-12-23T03:10:00.071587Z,no,0.0000,3998380.00,0.0100,0.0000,0.0000
KXNBAGAME-25DEC22DALNOP-NOP,KXNBAGAME-25DEC22DALNOP,Dallas vs New Orleans Winner?,,2025-12-20T16:06:00Z,2025-12-23T03:39:46.09021Z,2025-12-23T03:49:09.889534Z,yes,1.0000,2252873.00,0.9900,0.0000,0.0000
KXNBAGAME-25DEC22DALNOP-DAL,KXNBAGAME-25DEC22DALNOP,Dallas vs New Orleans Winner?,,2025-12-20T16:06:00Z,2025-12-23T03:39:46.09021Z,2025-12-23T03:49:09.889534Z,no,0.0000,3463044.00,0.0100,0.0000,0.0000
KXNBAGAME-25DEC22UTADEN-UTA,KXNBAGAME-25DEC22UTADEN,Utah vs Denver Winner?,,2025-12-20T19:06:00Z,2025-12-23T04:44:31.12941Z,2025-12-23T04:54:04.057795Z,no,0.0000,1787905.00,0.0100,0.0000,0.0000
KXNBAGAME-25DEC22UTADEN-DEN,KXNBAGAME-25DEC22UTADEN,Utah vs Denver Winner?,,2025-12-20T19:06:00Z,2025-12-23T04:44:31.12941Z,2025-12-23T04:54:04.057795Z,yes,1.0000,465182.00,0.9900,0.0000,0.0000
KXNBAGAME-25DEC22MEMOKC-OKC,KXNBAGAME-25DEC22MEMOKC,Memphis vs Oklahoma City Winner?,,2025-12-20T19:06:00Z,2025-12-23T05:09:41.840704Z,2025-12-23T05:19:15.899062Z,yes,1.0000,1329823.00,0.9900,0.0000,0.0000
KXNBAGAME-25DEC22MEMOKC-MEM,KXNBAGAME-25DEC22MEMOKC,Memphis vs Oklahoma City Winner?,,2025-12-20T19:06:00Z,2025-12-23T05:09:41.840704Z,2025-12-23T05:19:15.899062Z,no,0.0000,3916292.00,0.0100,0.0000,0.0000
KXNBAGAME-25DEC22ORLGSW-ORL,KXNBAGAME-25DEC22ORLGSW,Orlando vs Golden State Winner?,,2025-12-20T19:06:00Z,2025-12-23T05:44:28.622448Z,2025-12-23T05:53:49.867213Z,no,0.0000,4326448.00,0.0100,0.0000,0.0000
KXNBAGAME-25DEC22ORLGSW-GSW,KXNBAGAME-25DEC22ORLGSW,Orlando vs Golden State Winner?,,2025-12-20T19:06:00Z,2025-12-23T05:44:28.622448Z,2025-12-23T05:53:49.867213Z,yes,1.0000,2850517.00,0.9900,0.0000,0.0000
KXNBAGAME-25DEC22DETPOR-POR,KXNBAGAME-25DEC22DETPOR,Detroit vs Portland Winner?,,2025-12-20T19:06:00Z,2025-12-23T06:00:35.085833Z,2025-12-23T06:09:59.832948Z,no,0.0000,3723513.00,0.0100,0.0000,0.0000
KXNBAGAME-25DEC22DETPOR-DET,KXNBAGAME-25DEC22DETPOR,Detroit vs Portland Winner?,,2025-12-20T19:06:00Z,2025-12-23T06:00:35.085833Z,2025-12-23T06:09:59.832948Z,yes,1.0000,2720864.00,0.9900,0.0000,0.0000
KXNBAGAME-25DEC23WASCHA-WAS,KXNBAGAME-25DEC23WASCHA,Washington vs Charlotte Winner?,,2025-12-21T16:06:00Z,2025-12-24T02:40:21.209516Z,2025-12-24T02:49:49.605836Z,no,0.0000,1355201.00,0.0100,0.0000,0.0000
KXNBAGAME-25DEC23WASCHA-CHA,KXNBAGAME-25DEC23WASCHA,Washington vs Charlotte Winner?,,2025-12-21T16:06:00Z,2025-12-24T02:40:21.209516Z,2025-12-24T02:49:49.605836Z,yes,1.0000,1075760.00,0.9900,0.0000,0.0000
KXNBAGAME-25DEC23BKNPHI-PHI,KXNBAGAME-25DEC23BKNPHI,Brooklyn vs Philadelphia Winner?,,2025-12-21T16:06:00Z,2025-12-24T03:00:21.027361Z,2025-12-24T03:09:49.811654Z,no,0.0000,2525393.00,0.0100,0.0000,0.0000
KXNBAGAME-25DEC23BKNPHI-BKN,KXNBAGAME-25DEC23BKNPHI,Brooklyn vs Philadelphia Winner?,,2025-12-21T16:06:00Z,2025-12-24T03:00:21.027361Z,2025-12-24T03:09:49.811654Z,yes,1.0000,2304111.00,0.9900,0.0000,0.0000
KXNBAGAME-25DEC23NOPCLE-NOP,KXNBAGAME-25DEC23NOPCLE,New Orleans vs Cleveland Winner?,,2025-12-21T16:06:00Z,2025-12-24T03:10:18.801971Z,2025-12-24T03:19:39.695393Z,no,0.0000,1076281.00,0.0100,0.0000,0.0000
KXNBAGAME-25DEC23NOPCLE-CLE,KXNBAGAME-25DEC23NOPCLE,New Orleans vs Cleveland Winner?,,2025-12-21T16:06:00Z,2025-12-24T03:10:18.801971Z,2025-12-24T03:19:39.695393Z,yes,1.0000,286056.00,0.9900,0.0000,0.0000
KXNBAGAME-25DEC23MILIND-MIL,KXNBAGAME-25DEC23MILIND,Milwaukee vs Indiana Winner?,,2025-12-21T16:06:00Z,2025-12-24T03:10:20.078099Z,2025-12-24T03:19:49.687564Z,yes,1.0000,425902.00,0.9900,0.0000,0.0000
KXNBAGAME-25DEC23MILIND-IND,KXNBAGAME-25DEC23MILIND,Milwaukee vs Indiana Winner?,,2025-12-21T16:06:00Z,2025-12-24T03:10:20.078099Z,2025-12-24T03:19:49.687564Z,no,0.0000,618649.00,0.0100,0.0000,0.0000
KXNBAGAME-25DEC23TORMIA-TOR,KXNBAGAME-25DEC23TORMIA,Toronto vs Miami Winner?,,2025-12-21T16:06:00Z,2025-12-24T03:14:50.846887Z,2025-12-24T03:24:19.517049Z,yes,1.0000,1473270.00,0.9900,0.0000,0.0000
KXNBAGAME-25DEC23TORMIA-MIA,KXNBAGAME-25DEC23TORMIA,Toronto vs Miami Winner?,,2025-12-21T16:06:00Z,2025-12-24T03:14:50.846887Z,2025-12-24T03:24:19.517049Z,no,0.0000,951597.00,0.0100,0.0000,0.0000
KXNBAGAME-25DEC23CHIATL-CHI,KXNBAGAME-25DEC23CHIATL,Chicago vs Atlanta Winner?,,2025-12-21T16:06:00Z,2025-12-24T03:20:08.270656Z,2025-12-24T03:29:29.629999Z,yes,1.0000,2130988.00,0.9900,0.0000,0.0000
KXNBAGAME-25DEC23CHIATL-ATL,KXNBAGAME-25DEC23CHIATL,Chicago vs Atlanta Winner?,,2025-12-21T16:06:00Z,2025-12-24T03:20:08.270656Z,2025-12-24T03:29:29.629999Z,no,0.0000,1584267.00,0.0100,0.0000,0.0000
KXNBAGAME-25DEC23DENDAL-DEN,KXNBAGAME-25DEC23DENDAL,Denver vs Dallas Winner?,,2025-12-21T16:06:00Z,2025-12-24T03:34:41.067424Z,2025-12-24T03:44:12.887323Z,no,0.0000,5098020.00,0.0100,0.0000,0.0000
KXNBAGAME-25DEC23DENDAL-DAL,KXNBAGAME-25DEC23DENDAL,Denver vs Dallas Winner?,,2025-12-21T16:06:00Z,2025-12-24T03:34:41.067424Z,2025-12-24T03:44:12.887323Z,yes,1.0000,2583079.00,0.9900,0.0000,0.0000
KXNBAGAME-25DEC23NYKMIN-NYK,KXNBAGAME-25DEC23NYKMIN,New York vs Minnesota Winner?,,2025-12-21T16:06:00Z,2025-12-24T03:50:02.899562Z,2025-12-24T03:59:33.834802Z,no,0.0000,3134961.00,0.0100,0.0000,0.0000
KXNBAGAME-25DEC23NYKMIN-MIN,KXNBAGAME-25DEC23NYKMIN,New York vs Minnesota Winner?,,2025-12-21T16:06:00Z,2025-12-24T03:50:02.899562Z,2025-12-24T03:59:33.834802Z,yes,1.0000,1233494.00,0.9900,0.0000,0.0000
KXNBAGAME-25DEC23OKCSAS-SAS,KXNBAGAME-25DEC23OKCSAS,Oklahoma City vs San Antonio Winner?,,2025-12-21T19:06:00Z,2025-12-24T04:14:41.405399Z,2025-12-24T04:24:09.657114Z,yes,1.0000,3448285.00,0.9900,0.0000,0.0000
KXNBAGAME-25DEC23OKCSAS-OKC,KXNBAGAME-25DEC23OKCSAS,Oklahoma City vs San Antonio Winner?,,2025-12-21T19:06:00Z,2025-12-24T04:14:41.405399Z,2025-12-24T04:24:09.657114Z,no,0.0000,3397071.00,0.0100,0.0000,0.0000
KXNBAGAME-25DEC23LALPHX-PHX,KXNBAGAME-25DEC23LALPHX,Los Angeles L vs Phoenix Winner?,,2025-12-21T19:06:00Z,2025-12-24T04:39:47.248718Z,2025-12-24T04:49:09.611911Z,yes,1.0000,774643.00,0.9900,0.0000,0.0000
KXNBAGAME-25DEC23LALPHX-LAL,KXNBAGAME-25DEC23LALPHX,Los Angeles L vs Phoenix Winner?,,2025-12-21T19:06:00Z,2025-12-24T04:39:47.248718Z,2025-12-24T04:49:09.611911Z,no,0.0000,2176906.00,0.0100,0.0000,0.0000
KXNBAGAME-25DEC23MEMUTA-UTA,KXNBAGAME-25DEC23MEMUTA,Memphis vs Utah Winner?,,2025-12-21T19:06:00Z,2025-12-24T04:54:33.869747Z,2025-12-24T05:03:59.62589Z,no,0.0000,2496604.00,0.0100,0.0000,0.0000
KXNBAGAME-25DEC23MEMUTA-MEM,KXNBAGAME-25DEC23MEMUTA,Memphis vs Utah Winner?,,2025-12-21T19:06:00Z,2025-12-24T04:54:33.869747Z,2025-12-24T05:03:59.62589Z,yes,1.0000,1228999.00,0.9900,0.0000,0.0000
KXNBAGAME-25DEC23ORLPOR-POR,KXNBAGAME-25DEC23ORLPOR,Orlando vs Portland Winner?,,2025-12-21T19:06:00Z,2025-12-24T05:39:58.178743Z,2025-12-24T05:49:19.576092Z,no,0.0000,2971823.00,0.0100,0.0000,0.0000
KXNBAGAME-25DEC23ORLPOR-ORL,KXNBAGAME-25DEC23ORLPOR,Orlando vs Portland Winner?,,2025-12-21T19:06:00Z,2025-12-24T05:39:58.178743Z,2025-12-24T05:49:19.576092Z,yes,1.0000,3046923.00,0.9900,0.0000,0.0000
KXNBAGAME-25DEC23DETSAC-SAC,KXNBAGAME-25DEC23DETSAC,Detroit vs Sacramento Winner?,,2025-12-21T19:06:00Z,2025-12-24T06:00:04.271701Z,2025-12-24T06:09:29.693821Z,no,0.0000,2262806.00,0.0100,0.0000,0.0000
KXNBAGAME-25DEC23DETSAC-DET,KXNBAGAME-25DEC23DETSAC,Detroit vs Sacramento Winner?,,2025-12-21T19:06:00Z,2025-12-24T06:00:04.271701Z,2025-12-24T06:09:29.693821Z,yes,1.0000,907973.00,0.9900,0.0000,0.0000
KXNBAGAME-25DEC23HOULAC-LAC,KXNBAGAME-25DEC23HOULAC,Houston vs Los Angeles C Winner?,,2025-12-21T19:06:00Z,2025-12-24T06:09:45.618125Z,2025-12-24T06:19:09.731222Z,yes,1.0000,3305049.00,0.9900,0.0000,0.0000
KXNBAGAME-25DEC23HOULAC-HOU,KXNBAGAME-25DEC23HOULAC,Houston vs Los Angeles C Winner?,,2025-12-21T19:06:00Z,2025-12-24T06:09:45.618125Z,2025-12-24T06:19:09.731222Z,no,0.0000,5049654.00,0.0100,0.0000,0.0000
KXNBAGAME-25DEC25CLENYK-NYK,KXNBAGAME-25DEC25CLENYK,Cleveland vs New York Winner?,,2025-12-22T18:20:00Z,2025-12-25T19:54:27.817598Z,2025-12-25T20:03:49.837559Z,yes,1.0000,11887750.00,0.9900,0.0000,0.0000
KXNBAGAME-25DEC25CLENYK-CLE,KXNBAGAME-25DEC25CLENYK,Cleveland vs New York Winner?,,2025-12-22T18:20:00Z,2025-12-25T19:54:27.817598Z,2025-12-25T20:03:49.837559Z,no,0.0000,7930737.00,0.0100,0.0000,0.0000
KXNBAGAME-25DEC25SASOKC-SAS,KXNBAGAME-25DEC25SASOKC,San Antonio vs Oklahoma City Winner?,,2025-12-22T18:20:00Z,2025-12-25T22:10:10.587605Z,2025-12-25T22:19:40.180515Z,yes,1.0000,13904008.00,0.9900,0.0000,0.0000
KXNBAGAME-25DEC25SASOKC-OKC,KXNBAGAME-25DEC25SASOKC,San Antonio vs Oklahoma City Winner?,,2025-12-22T18:20:00Z,2025-12-25T22:10:10.587605Z,2025-12-25T22:19:40.180515Z,no,0.0000,7290411.00,0.0100,0.0000,0.0000
KXNBAGAME-25DEC25DALGSW-GSW,KXNBAGAME-25DEC25DALGSW,Dallas vs Golden State Winner?,,2025-12-22T18:20:00Z,2025-12-26T01:01:03.609687Z,2025-12-26T01:10:29.936289Z,yes,1.0000,3074141.00,0.9900,0.0000,0.0000
KXNBAGAME-25DEC25DALGSW-DAL,KXNBAGAME-25DEC25DALGSW,Dallas vs Golden State Winner?,,2025-12-22T18:20:00Z,2025-12-26T01:01:03.609687Z,2025-12-26T01:10:29.936289Z,no,0.0000,8523940.00,0.0100,0.0000,0.0000
KXNBAGAME-25DEC25HOULAL-LAL,KXNBAGAME-25DEC25HOULAL,Houston vs Los Angeles L Winner?,,2025-12-22T18:20:00Z,2025-12-26T03:49:56.246482Z,2025-12-26T03:59:19.929848Z,no,0.0000,9755447.00,0.0100,0.0000,0.0000
KXNBAGAME-25DEC25HOULAL-HOU,KXNBAGAME-25DEC25HOULAL,Houston vs Los Angeles L Winner?,,2025-12-22T18:20:00Z,2025-12-26T03:49:56.246482Z,2025-12-26T03:59:19.929848Z,yes,1.0000,4803285.00,0.9900,0.0000,0.0000
KXNBAGAME-25DEC25MINDEN-MIN,KXNBAGAME-25DEC25MINDEN,Minnesota vs Denver Winner?,,2025-12-22T18:20:00Z,2025-12-26T07:04:24.416899Z,2025-12-26T07:12:52.634332Z,no,0.0000,15795760.00,0.0100,0.0000,0.0000
KXNBAGAME-25DEC25MINDEN-DEN,KXNBAGAME-25DEC25MINDEN,Minnesota vs Denver Winner?,,2025-12-22T18:20:00Z,2025-12-26T07:04:24.416899Z,2025-12-26T07:12:52.634332Z,yes,1.0000,15751919.00,0.9900,0.0000,0.0000
KXNBAGAME-25DEC26MIAATL-MIA,KXNBAGAME-25DEC26MIAATL,Miami vs Atlanta Winner?,,2025-12-24T16:05:00Z,2025-12-27T02:30:36.244964Z,2025-12-27T02:40:01.851309Z,yes,1.0000,2083308.00,0.9900,0.0000,0.0000
KXNBAGAME-25DEC26MIAATL-ATL,KXNBAGAME-25DEC26MIAATL,Miami vs Atlanta Winner?,,2025-12-24T16:05:00Z,2025-12-27T02:30:36.244964Z,2025-12-27T02:40:01.851309Z,no,0.0000,2368689.00,0.0100,0.0000,0.0000
KXNBAGAME-25DEC26TORWAS-WAS,KXNBAGAME-25DEC26TORWAS,Toronto vs Washington Winner?,,2025-12-24T16:05:00Z,2025-12-27T02:34:40.339525Z,2025-12-27T02:44:01.871063Z,yes,1.0000,2333714.00,0.9900,0.0000,0.0000
KXNBAGAME-25DEC26TORWAS-TOR,KXNBAGAME-25DEC26TORWAS,Toronto vs Washington Winner?,,2025-12-24T16:05:00Z,2025-12-27T02:34:40.339525Z,2025-12-27T02:44:01.871063Z,no,0.0000,2757116.00,0.0100,0.0000,0.0000
KXNBAGAME-25DEC26CHAORL-ORL,KXNBAGAME-25DEC26CHAORL,Charlotte vs Orlando Winner?,,2025-12-24T16:05:00Z,2025-12-27T02:44:43.312833Z,2025-12-27T02:54:11.805623Z,no,0.0000,2904434.00,0.0100,0.0000,0.0000
KXNBAGAME-25DEC26CHAORL-CHA,KXNBAGAME-25DEC26CHAORL,Charlotte vs Orlando Winner?,,2025-12-24T16:05:00Z,2025-12-27T02:44:43.312833Z,2025-12-27T02:54:11.805623Z,yes,1.0000,2027068.00,0.9900,0.0000,0.0000
KXNBAGAME-25DEC26BOSIND-IND,KXNBAGAME-25DEC26BOSIND,Boston vs Indiana Winner?,,2025-12-24T16:05:00Z,2025-12-27T02:44:43.665276Z,2025-12-27T02:54:11.98545Z,no,0.0000,2280688.00,0.0100,0.0000,0.0000
KXNBAGAME-25DEC26BOSIND-BOS,KXNBAGAME-25DEC26BOSIND,Boston vs Indiana Winner?,,2025-12-24T16:05:00Z,2025-12-27T02:44:43.665276Z,2025-12-27T02:54:11.98545Z,yes,1.0000,2055467.00,0.9900,0.0000,0.0000
KXNBAGAME-25DEC26PHICHI-PHI,KXNBAGAME-25DEC26PHICHI,Philadelphia vs Chicago Winner?,,2025-12-24T16:05:00Z,2025-12-27T03:20:17.091856Z,2025-12-27T03:29:41.914342Z,no,0.0000,4308393.00,0.0100,0.0000,0.0000
KXNBAGAME-25DEC26PHICHI-CHI,KXNBAGAME-25DEC26PHICHI,Philadelphia vs Chicago Winner?,,2025-12-24T16:05:00Z,2025-12-27T03:20:17.091856Z,2025-12-27T03:29:41.914342Z,yes,1.0000,4956421.00,0.9900,0.0000,0.0000
KXNBAGAME-25DEC26MILMEM-MIL,KXNBAGAME-25DEC26MILMEM,Milwaukee vs Memphis Winner?,,2025-12-24T16:05:00Z,2025-12-27T03:44:30.419432Z,2025-12-27T03:53:56.033363Z,no,0.0000,2142318.00,0.0100,0.0000,0.0000
KXNBAGAME-25DEC26MILMEM-MEM,KXNBAGAME-25DEC26MILMEM,Milwaukee vs Memphis Winner?,,2025-12-24T16:05:00Z,2025-12-27T03:44:30.419432Z,2025-12-27T03:53:56.033363Z,yes,1.0000,906547.00,0.9900,0.0000,0.0000
KXNBAGAME-25DEC26PHXNOP-PHX,KXNBAGAME-25DEC26PHXNOP,Phoenix vs New Orleans Winner?,,2025-12-24T16:05:00Z,2025-12-27T03:54:29.131724Z,2025-12-27T04:03:51.778798Z,yes,1.0000,4189391.00,0.9900,0.0000,0.0000
KXNBAGAME-25DEC26PHXNOP-NOP,KXNBAGAME-25DEC26PHXNOP,Phoenix vs New Orleans Winner?,,2025-12-24T16:05:00Z,2025-12-27T03:54:29.131724Z,2025-12-27T04:03:51.778798Z,no,0.0000,3011172.00,0.0100,0.0000,0.0000
KXNBAGAME-25DEC26DETUTA-UTA,KXNBAGAME-25DEC26DETUTA,Detroit vs Utah Winner?,,2025-12-24T19:05:00Z,2025-12-27T05:19:45.680338Z,2025-12-27T05:29:11.865728Z,yes,1.0000,7156992.00,0.9900,0.0000,0.0000
KXNBAGAME-25DEC26DETUTA-DET,KXNBAGAME-25DEC26DETUTA,Detroit vs Utah Winner?,,2025-12-24T19:05:00Z,2025-12-27T05:19:45.680338Z,2025-12-27T05:29:11.865728Z,no,0.0000,5238477.00,0.0100,0.0000,0.0000
KXNBAGAME-25DEC26LACPOR-POR,KXNBAGAME-25DEC26LACPOR,Los Angeles C vs Portland Winner?,,2025-12-24T19:05:00Z,2025-12-27T05:50:02.860326Z,2025-12-27T05:59:31.858336Z,no,0.0000,5887558.00,0.0100,0.0000,0.0000
KXNBAGAME-25DEC26LACPOR-LAC,KXNBAGAME-25DEC26LACPOR,Los Angeles C vs Portland Winner?,,2025-12-24T19:05:00Z,2025-12-27T05:50:02.860326Z,2025-12-27T05:59:31.858336Z,yes,1.0000,5122727.00,0.9900,0.0000,0.0000
KXNBAGAME-25DEC27DALSAC-SAC,KXNBAGAME-25DEC27DALSAC,Dallas vs Sacramento Winner?,,2025-12-25T13:06:00Z,2025-12-28T00:24:41.85528Z,2025-12-28T00:34:01.877909Z,yes,1.0000,2077870.00,0.9900,0.0000,0.0000
KXNBAGAME-25DEC27DALSAC-DAL,KXNBAGAME-25DEC27DALSAC,Dallas vs Sacramento Winner?,,2025-12-25T13:06:00Z,2025-12-28T00:24:41.85528Z,2025-12-28T00:34:01.877909Z,no,0.0000,3427873.00,0.0100,0.0000,0.0000
KXNBAGAME-25DEC27PHXNOP-PHX,KXNBAGAME-25DEC27PHXNOP,Phoenix vs New Orleans Winner?,,2025-12-25T16:06:00Z,2025-12-28T03:10:20.747598Z,2025-12-28T03:19:41.853744Z,yes,1.0000,1615966.00,0.9900,0.0000,0.0000
KXNBAGAME-25DEC27PHXNOP-NOP,KXNBAGAME-25DEC27PHXNOP,Phoenix vs New Orleans Winner?,,2025-12-25T16:06:00Z,2025-12-28T03:10:20.747598Z,2025-12-28T03:19:41.853744Z,no,0.0000,2030103.00,0.0100,0.0000,0.0000
KXNBAGAME-25DEC27DENORL-ORL,KXNBAGAME-25DEC27DENORL,Denver vs Orlando Winner?,,2025-12-25T16:06:00Z,2025-12-28T03:19:55.274947Z,2025-12-28T03:29:21.820843Z,yes,1.0000,3683860.00,0.9900,0.0000,0.0000
KXNBAGAME-25DEC27DENORL-DEN,KXNBAGAME-25DEC27DENORL,Denver vs Orlando Winner?,,2025-12-25T16:06:00Z,2025-12-28T03:19:55.274947Z,2025-12-28T03:29:21.820843Z,no,0.0000,4587995.00,0.0100,0.0000,0.0000
KXNBAGAME-25DEC27BKNMIN-MIN,KXNBAGAME-25DEC27BKNMIN,Brooklyn vs Minnesota Winner?,,2025-12-25T16:06:00Z,2025-12-28T03:35:18.110264Z,2025-12-28T03:44:41.693096Z,no,0.0000,1490431.00,0.0100,0.0000,0.0000
KXNBAGAME-25DEC27BKNMIN-BKN,KXNBAGAME-25DEC27BKNMIN,Brooklyn vs Minnesota Winner?,,2025-12-25T16:06:00Z,2025-12-28T03:35:18.110264Z,2025-12-28T03:44:41.693096Z,yes,1.0000,1937394.00,0.9900,0.0000,0.0000
KXNBAGAME-25DEC27CLEHOU-HOU,KXNBAGAME-25DEC27CLEHOU,Cleveland vs Houston Winner?,,2025-12-25T16:06:00Z,2025-12-28T03:40:37.34178Z,2025-12-28T03:50:05.84677Z,yes,1.0000,702526.00,0.9900,0.0000,0.0000
KXNBAGAME-25DEC27CLEHOU-CLE,KXNBAGAME-25DEC27CLEHOU,Cleveland vs Houston Winner?,,2025-12-25T16:06:00Z,2025-12-28T03:40:37.34178Z,2025-12-28T03:50:05.84677Z,no,0.0000,902636.00,0.0100,0.0000,0.0000
KXNBAGAME-25DEC27UTASAS-UTA,KXNBAGAME-25DEC27UTASAS,Utah vs San Antonio Winner?,,2025-12-25T16:06:00Z,2025-12-28T03:44:33.856566Z,2025-12-28T03:54:06.029409Z,yes,1.0000,4901936.00,0.9900,0.0000,0.0000
KXNBAGAME-25DEC27UTASAS-SAS,KXNBAGAME-25DEC27UTASAS,Utah vs San Antonio Winner?,,2025-12-25T16:06:00Z,2025-12-28T03:44:33.856566Z,2025-12-28T03:54:06.029409Z,no,0.0000,2690833.00,0.0100,0.0000,0.0000
KXNBAGAME-25DEC27INDMIA-MIA,KXNBAGAME-25DEC27INDMIA,Indiana vs Miami Winner?,,2025-12-25T16:06:00Z,2025-12-28T03:50:17.822264Z,2025-12-28T03:59:41.726026Z,yes,1.0000,716440.00,0.9900,0.0000,0.0000
KXNBAGAME-25DEC27INDMIA-IND,KXNBAGAME-25DEC27INDMIA,Indiana vs Miami Winner?,,2025-12-25T16:06:00Z,2025-12-28T03:50:17.822264Z,2025-12-28T03:59:41.726026Z,no,0.0000,916223.00,0.0100,0.0000,0.0000
KXNBAGAME-25DEC27NYKATL-NYK,KXNBAGAME-25DEC27NYKATL,New York vs Atlanta Winner?,,2025-12-25T16:06:00Z,2025-12-28T03:55:08.499709Z,2025-12-28T04:04:31.78733Z,yes,1.0000,1864351.00,0.9900,0.0000,0.0000
KXNBAGAME-25DEC27NYKATL-ATL,KXNBAGAME-25DEC27NYKATL,New York vs Atlanta Winner?,,2025-12-25T16:06:00Z,2025-12-28T03:55:08.499709Z,2025-12-28T04:04:31.78733Z,no,0.0000,2476192.00,0.0100,0.0000,0.0000
KXNBAGAME-25DEC27MILCHI-MIL,KXNBAGAME-25DEC27MILCHI,Milwaukee vs Chicago Winner?,,2025-12-25T16:06:00Z,2025-12-28T04:00:44.204537Z,2025-12-28T04:10:11.98184Z,yes,1.0000,1535129.00,0.9900,0.0000,0.0000
KXNBAGAME-25DEC27MILCHI-CHI,KXNBAGAME-25DEC27MILCHI,Milwaukee vs Chicago Winner?,,2025-12-25T16:06:00Z,2025-12-28T04:00:44.204537Z,2025-12-28T04:10:11.98184Z,no,0.0000,2281732.00,0.0100,0.0000,0.0000
KXNBAGAME-25DEC28PHIOKC-PHI,KXNBAGAME-25DEC28PHIOKC,Philadelphia vs Oklahoma City Winner?,,2025-12-26T13:06:00Z,2025-12-28T23:04:35.740197Z,2025-12-28T23:14:01.907154Z,no,0.0000,4195265.00,0.0100,0.0000,0.0000
KXNBAGAME-25DEC28PHIOKC-OKC,KXNBAGAME-25DEC28PHIOKC,Philadelphia vs Oklahoma City Winner?,,2025-12-26T13:06:00Z,2025-12-28T23:04:35.740197Z,2025-12-28T23:14:01.907154Z,yes,1.0000,1393243.00,0.9900,0.0000,0.0000
KXNBAGAME-25DEC28GSWTOR-TOR,KXNBAGAME-25DEC28GSWTOR,Golden State vs Toronto Winner?,,2025-12-26T13:06:00Z,2025-12-28T23:24:31.340122Z,2025-12-28T23:33:51.819619Z,yes,1.0000,5382901.00,0.9900,0.0000,0.0000
KXNBAGAME-25DEC28GSWTOR-GSW,KXNBAGAME-25DEC28GSWTOR,Golden State vs Toronto Winner?,,2025-12-26T13:06:00Z,2025-12-28T23:24:31.340122Z,2025-12-28T23:33:51.819619Z,no,0.0000,4581513.00,0.0100,0.0000,0.0000
KXNBAGAME-25DEC28BOSPOR-POR,KXNBAGAME-25DEC28BOSPOR,Boston vs Portland Winner?,,2025-12-26T16:06:00Z,2025-12-29T01:49:40.573251Z,2025-12-29T01:59:01.889944Z,yes,1.0000,3987838.00,0.9900,0.0000,0.0000
KXNBAGAME-25DEC28BOSPOR-BOS,KXNBAGAME-25DEC28BOSPOR,Boston vs Portland Winner?,,2025-12-26T16:06:00Z,2025-12-29T01:49:40.573251Z,2025-12-29T01:59:01.889944Z,no,0.0000,3609458.00,0.0100,0.0000,0.0000
KXNBAGAME-25DEC28MEMWAS-WAS,KXNBAGAME-25DEC28MEMWAS,Memphis vs Washington Winner?,,2025-12-26T16:06:00Z,2025-12-29T01:49:40.961338Z,2025-12-29T01:59:02.019541Z,yes,1.0000,3906501.00,0.9900,0.0000,0.0000
KXNBAGAME-25DEC28MEMWAS-MEM,KXNBAGAME-25DEC28MEMWAS,Memphis vs Washington Winner?,,2025-12-26T16:06:00Z,2025-12-29T01:49:40.961338Z,2025-12-29T01:59:02.019541Z,no,0.0000,2706858.00,0.0100,0.0000,0.0000
KXNBAGAME-25DEC28DETLAC-LAC,KXNBAGAME-25DEC28DETLAC,Detroit vs Los Angeles C Winner?,,2025-12-26T19:06:00Z,2025-12-29T05:04:25.942686Z,2025-12-29T05:13:51.887221Z,yes,1.0000,3006881.00,0.9900,0.0000,0.0000
KXNBAGAME-25DEC28DETLAC-DET,KXNBAGAME-25DEC28DETLAC,Detroit vs Los Angeles C Winner?,,2025-12-26T19:06:00Z,2025-12-29T05:04:25.942686Z,2025-12-29T05:13:51.887221Z,no,0.0000,3884676.00,0.0100,0.0000,0.0000
KXNBAGAME-25DEC28SACLAL-SAC,KXNBAGAME-25DEC28SACLAL,Sacramento vs Los Angeles L Winner?,,2025-12-26T19:06:00Z,2025-12-29T05:14:31.067292Z,2025-12-29T05:24:49.349098Z,no,0.0000,4041823.00,0.0100,0.0000,0.0000
KXNBAGAME-25DEC28SACLAL-LAL,KXNBAGAME-25DEC28SACLAL,Sacramento vs Los Angeles L Winner?,,2025-12-26T19:06:00Z,2025-12-29T05:14:31.067292Z,2025-12-29T05:24:49.349098Z,yes,1.0000,1449819.00,0.9900,0.0000,0.0000
KXNBAGAME-25DEC29PHXWAS-WAS,KXNBAGAME-25DEC29PHXWAS,Phoenix vs Washington Winner?,,2025-12-27T16:06:00Z,2025-12-30T02:24:55.735835Z,2025-12-30T02:34:21.762754Z,no,0.0000,2659849.00,0.0100,0.0000,0.0000
KXNBAGAME-25DEC29PHXWAS-PHX,KXNBAGAME-25DEC29PHXWAS,Phoenix vs Washington Winner?,,2025-12-27T16:06:00Z,2025-12-30T02:24:55.735835Z,2025-12-30T02:34:21.762754Z,yes,1.0000,1108200.00,0.9900,0.0000,0.0000
KXNBAGAME-25DEC29MILCHA-MIL,KXNBAGAME-25DEC29MILCHA,Milwaukee vs Charlotte Winner?,,2025-12-27T16:06:00Z,2025-12-30T02:35:22.573715Z,2025-12-30T02:44:51.764357Z,yes,1.0000,2247353.00,0.9900,0.0000,0.0000
KXNBAGAME-25DEC29MILCHA-CHA,KXNBAGAME-25DEC29MILCHA,Milwaukee vs Charlotte Winner?,,2025-12-27T16:06:00Z,2025-12-30T02:35:22.573715Z,2025-12-30T02:44:51.764357Z,no,0.0000,1814252.00,0.0100,0.0000,0.0000
KXNBAGAME-25DEC29DENMIA-MIA,KXNBAGAME-25DEC29DENMIA,Denver vs Miami Winner?,,2025-12-27T16:06:00Z,2025-12-30T03:00:55.333392Z,2025-12-30T03:10:21.756914Z,yes,1.0000,1441714.00,0.9900,0.0000,0.0000
KXNBAGAME-25DEC29DENMIA-DEN,KXNBAGAME-25DEC29DENMIA,Denver vs Miami Winner?,,2025-12-27T16:06:00Z,2025-12-30T03:00:55.333392Z,2025-12-30T03:10:21.756914Z,no,0.0000,3965393.00,0.0100,0.0000,0.0000
KXNBAGAME-25DEC29GSWBKN-GSW,KXNBAGAME-25DEC29GSWBKN,Golden State vs Brooklyn Winner?,,2025-12-27T16:06:00Z,2025-12-30T03:15:10.566233Z,2025-12-30T03:24:31.793415Z,yes,1.0000,2238740.00,0.9900,0.0000,0.0000
KXNBAGAME-25DEC29GSWBKN-BKN,KXNBAGAME-25DEC29GSWBKN,Golden State vs Brooklyn Winner?,,2025-12-27T16:06:00Z,2025-12-30T03:15:10.566233Z,2025-12-30T03:24:31.793415Z,no,0.0000,2383648.00,0.0100,0.0000,0.0000
KXNBAGAME-25DEC29ORLTOR-TOR,KXNBAGAME-25DEC29ORLTOR,Orlando vs Toronto Winner?,,2025-12-27T16:06:00Z,2025-12-30T03:20:08.120115Z,2025-12-30T03:29:31.757144Z,yes,1.0000,2582757.00,0.9900,0.0000,0.0000
KXNBAGAME-25DEC29ORLTOR-ORL,KXNBAGAME-25DEC29ORLTOR,Orlando vs Toronto Winner?,,2025-12-27T16:06:00Z,2025-12-30T03:20:08.120115Z,2025-12-30T03:29:31.757144Z,no,0.0000,1448589.00,0.0100,0.0000,0.0000
KXNBAGAME-25DEC29INDHOU-IND,KXNBAGAME-25DEC29INDHOU,Indiana vs Houston Winner?,,2025-12-27T16:06:00Z,2025-12-30T03:35:10.572484Z,2025-12-30T03:44:31.636345Z,no,0.0000,794022.00,0.0100,0.0000,0.0000
KXNBAGAME-25DEC29INDHOU-HOU,KXNBAGAME-25DEC29INDHOU,Indiana vs Houston Winner?,,2025-12-27T16:06:00Z,2025-12-30T03:35:10.572484Z,2025-12-30T03:44:31.636345Z,yes,1.0000,260908.00,0.9900,0.0000,0.0000
KXNBAGAME-25DEC29MINCHI-MIN,KXNBAGAME-25DEC29MINCHI,Minnesota vs Chicago Winner?,,2025-12-27T16:06:00Z,2025-12-30T03:44:38.096512Z,2025-12-30T03:54:01.681251Z,yes,1.0000,487711.00,0.9900,0.0000,0.0000
KXNBAGAME-25DEC29MINCHI-CHI,KXNBAGAME-25DEC29MINCHI,Minnesota vs Chicago Winner?,,2025-12-27T16:06:00Z,2025-12-30T03:44:38.096512Z,2025-12-30T03:54:01.681251Z,no,0.0000,687214.00,0.0100,0.0000,0.0000
KXNBAGAME-25DEC29NYKNOP-NYK,KXNBAGAME-25DEC29NYKNOP,New York vs New Orleans Winner?,,2025-12-27T16:06:00Z,2025-12-30T04:00:14.193291Z,2025-12-30T04:09:41.929997Z,yes,1.0000,2781611.00,0.9900,0.0000,0.0000
KXNBAGAME-25DEC29NYKNOP-NOP,KXNBAGAME-25DEC29NYKNOP,New York vs New Orleans Winner?,,2025-12-27T16:06:00Z,2025-12-30T04:00:14.193291Z,2025-12-30T04:09:41.929997Z,no,0.0000,1811485.00,0.0100,0.0000,0.0000
KXNBAGAME-25DEC29ATLOKC-OKC,KXNBAGAME-25DEC29ATLOKC,Atlanta vs Oklahoma City Winner?,,2025-12-27T16:06:00Z,2025-12-30T04:00:14.288924Z,2025-12-30T04:09:41.81052Z,yes,1.0000,1267458.00,0.9900,0.0000,0.0000
KXNBAGAME-25DEC29ATLOKC-ATL,KXNBAGAME-25DEC29ATLOKC,Atlanta vs Oklahoma City Winner?,,2025-12-27T16:06:00Z,2025-12-30T04:00:14.288924Z,2025-12-30T04:09:41.81052Z,no,0.0000,3246438.00,0.0100,0.0000,0.0000
KXNBAGAME-25DEC29CLESAS-SAS,KXNBAGAME-25DEC29CLESAS,Cleveland vs San Antonio Winner?,,2025-12-27T16:06:00Z,2025-12-30T04:09:48.148631Z,2025-12-30T04:19:11.76267Z,no,0.0000,3743838.00,0.0100,0.0000,0.0000
KXNBAGAME-25DEC29CLESAS-CLE,KXNBAGAME-25DEC29CLESAS,Cleveland vs San Antonio Winner?,,2025-12-27T16:06:00Z,2025-12-30T04:09:48.148631Z,2025-12-30T04:19:11.76267Z,yes,1.0000,2041612.00,0.9900,0.0000,0.0000
KXNBAGAME-25DEC29DALPOR-POR,KXNBAGAME-25DEC29DALPOR,Dallas vs Portland Winner?,,2025-12-27T19:06:00Z,2025-12-30T06:29:49.813669Z,2025-12-30T06:39:11.896855Z,yes,1.0000,5683275.00,0.9900,0.0000,0.0000
KXNBAGAME-25DEC29DALPOR-DAL,KXNBAGAME-25DEC29DALPOR,Dallas vs Portland Winner?,,2025-12-27T19:06:00Z,2025-12-30T06:29:49.813669Z,2025-12-30T06:39:11.896855Z,no,0.0000,7152416.00,0.0100,0.0000,0.0000
KXNBAGAME-25DEC30PHIMEM-PHI,KXNBAGAME-25DEC30PHIMEM,Philadelphia vs Memphis Winner?,,2025-12-28T16:06:00Z,2025-12-31T04:00:39.591077Z,2025-12-31T04:10:01.94261Z,yes,1.0000,5310699.00,0.9900,0.0000,0.0000
KXNBAGAME-25DEC30PHIMEM-MEM,KXNBAGAME-25DEC30PHIMEM,Philadelphia vs Memphis Winner?,,2025-12-28T16:06:00Z,2025-12-31T04:00:39.591077Z,2025-12-31T04:10:01.94261Z,no,0.0000,4176708.00,0.0100,0.0000,0.0000
KXNBAGAME-25DEC30BOSUTA-UTA,KXNBAGAME-25DEC30BOSUTA,Boston vs Utah Winner?,,2025-12-28T19:06:00Z,2025-12-31T04:40:09.292448Z,2025-12-31T04:49:31.85594Z,no,0.0000,4497571.00,0.0100,0.0000,0.0000
KXNBAGAME-25DEC30BOSUTA-BOS,KXNBAGAME-25DEC30BOSUTA,Boston vs Utah Winner?,,2025-12-28T19:06:00Z,2025-12-31T04:40:09.292448Z,2025-12-31T04:49:31.85594Z,yes,1.0000,2178612.00,0.9900,0.0000,0.0000
KXNBAGAME-25DEC30SACLAC-SAC,KXNBAGAME-25DEC30SACLAC,Sacramento vs Los Angeles C Winner?,,2025-12-28T19:06:00Z,2025-12-31T06:30:15.093783Z,2025-12-31T06:39:41.816944Z,no,0.0000,2269985.00,0.0100,0.0000,0.0000
KXNBAGAME-25DEC30SACLAC-LAC,KXNBAGAME-25DEC30SACLAC,Sacramento vs Los Angeles C Winner?,,2025-12-28T19:06:00Z,2025-12-31T06:30:15.093783Z,2025-12-31T06:39:41.816944Z,yes,1.0000,819540.00,0.9900,0.0000,0.0000
KXNBAGAME-25DEC30DETLAL-LAL,KXNBAGAME-25DEC30DETLAL,Detroit vs Los Angeles L Winner?,,2025-12-28T19:06:00Z,2025-12-31T06:39:50.876355Z,2025-12-31T06:49:11.911112Z,no,0.0000,6148441.00,0.0100,0.0000,0.0000
KXNBAGAME-25DEC30DETLAL-DET,KXNBAGAME-25DEC30DETLAL,Detroit vs Los Angeles L Winner?,,2025-12-28T19:06:00Z,2025-12-31T06:39:50.876355Z,2025-12-31T06:49:11.911112Z,yes,1.0000,3382644.00,0.9900,0.0000,0.0000
KXNBAGAME-25DEC31GSWCHA-GSW,KXNBAGAME-25DEC31GSWCHA,Golden State vs Charlotte Winner?,,2025-12-29T10:06:00Z,2025-12-31T20:40:21.072856Z,2025-12-31T20:49:41.906917Z,yes,1.0000,1746634.00,0.9900,0.0000,0.0000
KXNBAGAME-25DEC31GSWCHA-CHA,KXNBAGAME-25DEC31GSWCHA,Golden State vs Charlotte Winner?,,2025-12-29T10:06:00Z,2025-12-31T20:40:21.072856Z,2025-12-31T20:49:41.906917Z,no,0.0000,2987951.00,0.0100,0.0000,0.0000
KXNBAGAME-25DEC31MINATL-MIN,KXNBAGAME-25DEC31MINATL,Minnesota vs Atlanta Winner?,,2025-12-29T13:06:00Z,2025-12-31T22:30:19.439336Z,2025-12-31T22:39:46.562756Z,no,0.0000,1997316.00,0.0100,0.0000,0.0000
KXNBAGAME-25DEC31MINATL-ATL,KXNBAGAME-25DEC31MINATL,Minnesota vs Atlanta Winner?,,2025-12-29T13:06:00Z,2025-12-31T22:30:19.439336Z,2025-12-31T22:39:46.562756Z,yes,1.0000,1553250.00,0.9900,0.0000,0.0000
KXNBAGAME-25DEC31ORLIND-ORL,KXNBAGAME-25DEC31ORLIND,Orlando vs Indiana Winner?,,2025-12-29T13:06:00Z,2025-12-31T23:00:05.286855Z,2025-12-31T23:09:26.558332Z,yes,1.0000,3139724.00,0.9900,0.0000,0.0000
KXNBAGAME-25DEC31ORLIND-IND,KXNBAGAME-25DEC31ORLIND,Orlando vs Indiana Winner?,,2025-12-29T13:06:00Z,2025-12-31T23:00:05.286855Z,2025-12-31T23:09:26.558332Z,no,0.0000,2145010.00,0.0100,0.0000,0.0000
KXNBAGAME-25DEC31PHXCLE-PHX,KXNBAGAME-25DEC31PHXCLE,Phoenix vs Cleveland Winner?,,2025-12-29T13:06:00Z,2025-12-31T23:14:46.624602Z,2025-12-31T23:24:06.552815Z,no,0.0000,2190404.00,0.0100,0.0000,0.0000
KXNBAGAME-25DEC31PHXCLE-CLE,KXNBAGAME-25DEC31PHXCLE,Phoenix vs Cleveland Winner?,,2025-12-29T13:06:00Z,2025-12-31T23:14:46.624602Z,2025-12-31T23:24:06.552815Z,yes,1.0000,585309.00,0.9900,0.0000,0.0000
KXNBAGAME-25DEC31NOPCHI-NOP,KXNBAGAME-25DEC31NOPCHI,New Orleans vs Chicago Winner?,,2025-12-29T16:06:00Z,2026-01-01T02:40:18.272084Z,2026-01-01T02:49:46.571272Z,no,0.0000,2202676.00,0.0100,0.0000,0.0000
KXNBAGAME-25DEC31NOPCHI-CHI,KXNBAGAME-25DEC31NOPCHI,New Orleans vs Chicago Winner?,,2025-12-29T16:06:00Z,2026-01-01T02:40:18.272084Z,2026-01-01T02:49:46.571272Z,yes,1.0000,2482657.00,0.9900,0.0000,0.0000
KXNBAGAME-25DEC31NYKSAS-SAS,KXNBAGAME-25DEC31NYKSAS,New York vs San Antonio Winner?,,2025-12-29T16:06:00Z,2026-01-01T03:10:05.711367Z,2026-01-01T03:19:26.590547Z,yes,1.0000,5058408.00,0.9900,0.0000,0.0000
KXNBAGAME-25DEC31NYKSAS-NYK,KXNBAGAME-25DEC31NYKSAS,New York vs San Antonio Winner?,,2025-12-29T16:06:00Z,2026-01-01T03:10:05.711367Z,2026-01-01T03:19:26.590547Z,no,0.0000,4590017.00,0.0100,0.0000,0.0000
KXNBAGAME-25DEC31DENTOR-TOR,KXNBAGAME-25DEC31DENTOR,Denver vs Toronto Winner?,,2025-12-29T16:06:00Z,2026-01-01T03:14:38.311436Z,2026-01-01T03:24:06.639458Z,no,0.0000,2523461.00,0.0100,0.0000,0.0000
KXNBAGAME-25DEC31DENTOR-DEN,KXNBAGAME-25DEC31DENTOR,Denver vs Toronto Winner?,,2025-12-29T16:06:00Z,2026-01-01T03:14:38.311436Z,2026-01-01T03:24:06.639458Z,yes,1.0000,3421916.00,0.9900,0.0000,0.0000
KXNBAGAME-25DEC31POROKC-POR,KXNBAGAME-25DEC31POROKC,Portland vs Oklahoma City Winner?,,2025-12-29T16:06:00Z,2026-01-01T03:30:31.530117Z,2026-01-01T03:39:56.542337Z,no,0.0000,1619790.00,0.0100,0.0000,0.0000
KXNBAGAME-25DEC31POROKC-OKC,KXNBAGAME-25DEC31POROKC,Portland vs Oklahoma City Winner?,,2025-12-29T16:06:00Z,2026-01-01T03:30:31.530117Z,2026-01-01T03:39:56.542337Z,yes,1.0000,426721.00,0.9900,0.0000,0.0000
KXNBAGAME-25DEC31WASMIL-WAS,KXNBAGAME-25DEC31WASMIL,Washington vs Milwaukee Winner?,,2025-12-29T16:06:00Z,2026-01-01T03:34:29.408154Z,2026-01-01T03:43:56.578308Z,yes,1.0000,2922625.00,0.9900,0.0000,0.0000
KXNBAGAME-25DEC31WASMIL-MIL,KXNBAGAME-25DEC31WASMIL,Washington vs Milwaukee Winner?,,2025-12-29T16:06:00Z,2026-01-01T03:34:29.408154Z,2026-01-01T03:43:56.578308Z,no,0.0000,2412241.00,0.0100,0.0000,0.0000
KXNBAGAME-26JAN01HOUBKN-HOU,KXNBAGAME-26JAN01HOUBKN,Houston vs Brooklyn Winner?,,2025-12-30T19:06:00Z,2026-01-02T01:30:39.591094Z,2026-01-02T01:40:05.125503Z,yes,1.0000,1718429.00,0.9900,0.0000,0.0000
KXNBAGAME-26JAN01HOUBKN-BKN,KXNBAGAME-26JAN01HOUBKN,Houston vs Brooklyn Winner?,,2025-12-30T19:06:00Z,2026-01-02T01:30:39.591094Z,2026-01-02T01:40:05.125503Z,no,0.0000,2509000.00,0.0100,0.0000,0.0000
KXNBAGAME-26JAN01MIADET-MIA,KXNBAGAME-26JAN01MIADET,Miami vs Detroit Winner?,,2025-12-30T16:06:00Z,2026-01-02T02:54:30.647911Z,2026-01-02T03:03:55.246546Z,yes,1.0000,3783248.00,0.9900,0.0000,0.0000
KXNBAGAME-26JAN01MIADET-DET,KXNBAGAME-26JAN01MIADET,Miami vs Detroit Winner?,,2025-12-30T16:06:00Z,2026-01-02T02:54:30.647911Z,2026-01-02T03:03:55.246546Z,no,0.0000,5417987.00,0.0100,0.0000,0.0000
KXNBAGAME-26JAN01PHIDAL-PHI,KXNBAGAME-26JAN01PHIDAL,Philadelphia vs Dallas Winner?,,2025-12-30T19:06:00Z,2026-01-02T03:54:50.795351Z,2026-01-02T04:04:15.221567Z,yes,1.0000,2912600.00,0.9900,0.0000,0.0000
KXNBAGAME-26JAN01PHIDAL-DAL,KXNBAGAME-26JAN01PHIDAL,Philadelphia vs Dallas Winner?,,2025-12-30T19:06:00Z,2026-01-02T03:54:50.795351Z,2026-01-02T04:04:15.221567Z,no,0.0000,2851587.00,0.0100,0.0000,0.0000
KXNBAGAME-26JAN01BOSSAC-SAC,KXNBAGAME-26JAN01BOSSAC,Boston vs Sacramento Winner?,,2025-12-30T19:06:00Z,2026-01-02T05:39:56.996156Z,2026-01-02T05:49:25.154723Z,no,0.0000,4186613.00,0.0100,0.0000,0.0000
KXNBAGAME-26JAN01BOSSAC-BOS,KXNBAGAME-26JAN01BOSSAC,Boston vs Sacramento Winner?,,2025-12-30T19:06:00Z,2026-01-02T05:39:56.996156Z,2026-01-02T05:49:25.154723Z,yes,1.0000,2773680.00,0.9900,0.0000,0.0000
KXNBAGAME-26JAN01UTALAC-UTA,KXNBAGAME-26JAN01UTALAC,Utah vs Los Angeles C Winner?,,2025-12-30T19:06:00Z,2026-01-02T06:14:31.694373Z,2026-01-02T06:23:55.346242Z,no,0.0000,8924179.00,0.0100,0.0000,0.0000
KXNBAGAME-26JAN01UTALAC-LAC,KXNBAGAME-26JAN01UTALAC,Utah vs Los Angeles C Winner?,,2025-12-30T19:06:00Z,2026-01-02T06:14:31.694373Z,2026-01-02T06:23:55.346242Z,yes,1.0000,3028299.00,0.9900,0.0000,0.0000
KXNBAGAME-26JAN02SASIND-SAS,KXNBAGAME-26JAN02SASIND,San Antonio vs Indiana Winner?,,2025-12-31T16:06:00Z,2026-01-03T02:50:38.341923Z,2026-01-03T03:00:05.373287Z,yes,1.0000,3861307.00,0.9900,0.0000,0.0000
KXNBAGAME-26JAN02SASIND-IND,KXNBAGAME-26JAN02SASIND,San Antonio vs Indiana Winner?,,2025-12-31T16:06:00Z,2026-01-03T02:50:38.341923Z,2026-01-03T03:00:05.373287Z,no,0.0000,1818230.00,0.0100,0.0000,0.0000
KXNBAGAME-26JAN02BKNWAS-WAS,KXNBAGAME-26JAN02BKNWAS,Brooklyn vs Washington Winner?,,2025-12-31T16:06:00Z,2026-01-03T02:55:12.448076Z,2026-01-03T03:04:35.129373Z,yes,1.0000,1508543.00,0.9900,0.0000,0.0000
KXNBAGAME-26JAN02BKNWAS-BKN,KXNBAGAME-26JAN02BKNWAS,Brooklyn vs Washington Winner?,,2025-12-31T16:06:00Z,2026-01-03T02:55:12.448076Z,2026-01-03T03:04:35.129373Z,no,0.0000,1203482.00,0.0100,0.0000,0.0000
KXNBAGAME-26JAN02DENCLE-DEN,KXNBAGAME-26JAN02DENCLE,Denver vs Cleveland Winner?,,2025-12-31T16:06:00Z,2026-01-03T03:14:43.842069Z,2026-01-03T03:24:05.280979Z,no,0.0000,6719933.00,0.0100,0.0000,0.0000
KXNBAGAME-26JAN02DENCLE-CLE,KXNBAGAME-26JAN02DENCLE,Denver vs Cleveland Winner?,,2025-12-31T16:06:00Z,2026-01-03T03:14:43.842069Z,2026-01-03T03:24:05.280979Z,yes,1.0000,2155824.00,0.9900,0.0000,0.0000
KXNBAGAME-26JAN02ATLNYK-NYK,KXNBAGAME-26JAN02ATLNYK,Atlanta vs New York Winner?,,2025-12-31T16:06:00Z,2026-01-03T03:20:15.789882Z,2026-01-03T03:29:45.16158Z,no,0.0000,2915851.00,0.0100,0.0000,0.0000
KXNBAGAME-26JAN02ATLNYK-ATL,KXNBAGAME-26JAN02ATLNYK,Atlanta vs New York Winner?,,2025-12-31T16:06:00Z,2026-01-03T03:20:15.789882Z,2026-01-03T03:29:45.16158Z,yes,1.0000,2463982.00,0.9900,0.0000,0.0000
KXNBAGAME-26JAN02ORLCHI-ORL,KXNBAGAME-26JAN02ORLCHI,Orlando vs Chicago Winner?,,2025-12-31T16:06:00Z,2026-01-03T03:40:48.194246Z,2026-01-03T03:52:35.507793Z,no,0.0000,1990372.00,0.0100,0.0000,0.0000
KXNBAGAME-26JAN02ORLCHI-CHI,KXNBAGAME-26JAN02ORLCHI,Orlando vs Chicago Winner?,,2025-12-31T16:06:00Z,2026-01-03T03:40:48.194246Z,2026-01-03T03:52:35.507793Z,yes,1.0000,2826029.00,0.9900,0.0000,0.0000
KXNBAGAME-26JAN02PORNOP-POR,KXNBAGAME-26JAN02PORNOP,Portland vs New Orleans Winner?,,2025-12-31T16:06:00Z,2026-01-03T03:44:38.419359Z,2026-01-03T03:57:15.542215Z,yes,1.0000,1255466.00,0.9900,0.0000,0.0000
KXNBAGAME-26JAN02PORNOP-NOP,KXNBAGAME-26JAN02PORNOP,Portland vs New Orleans Winner?,,2025-12-31T16:06:00Z,2026-01-03T03:44:38.419359Z,2026-01-03T03:57:15.542215Z,no,0.0000,676995.00,0.0100,0.0000,0.0000
KXNBAGAME-26JAN02CHAMIL-MIL,KXNBAGAME-26JAN02CHAMIL,Charlotte vs Milwaukee Winner?,,2025-12-31T16:06:00Z,2026-01-03T03:50:11.081626Z,2026-01-03T04:02:05.570809Z,yes,1.0000,3871363.00,0.9900,0.0000,0.0000
KXNBAGAME-26JAN02CHAMIL-CHA,KXNBAGAME-26JAN02CHAMIL,Charlotte vs Milwaukee Winner?,,2025-12-31T16:06:00Z,2026-01-03T03:50:11.081626Z,2026-01-03T04:02:05.570809Z,no,0.0000,2530214.00,0.0100,0.0000,0.0000
KXNBAGAME-26JAN02SACPHX-SAC,KXNBAGAME-26JAN02SACPHX,Sacramento vs Phoenix Winner?,,2025-12-31T19:06:00Z,2026-01-03T04:50:34.62933Z,2026-01-03T04:59:55.177784Z,no,0.0000,1765059.00,0.0100,0.0000,0.0000
KXNBAGAME-26JAN02SACPHX-PHX,KXNBAGAME-26JAN02SACPHX,Sacramento vs Phoenix Winner?,,2025-12-31T19:06:00Z,2026-01-03T04:50:34.62933Z,2026-01-03T04:59:55.177784Z,yes,1.0000,628582.00,0.9900,0.0000,0.0000
KXNBAGAME-26JAN02OKCGSW-OKC,KXNBAGAME-26JAN02OKCGSW,Oklahoma City vs Golden State Winner?,,2025-12-31T19:06:00Z,2026-01-03T05:50:01.9806Z,2026-01-03T05:59:25.114523Z,yes,1.0000,2338143.00,0.9900,0.0000,0.0000
KXNBAGAME-26JAN02OKCGSW-GSW,KXNBAGAME-26JAN02OKCGSW,Oklahoma City vs Golden State Winner?,,2025-12-31T19:06:00Z,2026-01-03T05:50:01.9806Z,2026-01-03T05:59:25.114523Z,no,0.0000,3740685.00,0.0100,0.0000,0.0000
KXNBAGAME-26JAN02MEMLAL-MEM,KXNBAGAME-26JAN02MEMLAL,Memphis vs Los Angeles L Winner?,,2025-12-31T19:06:00Z,2026-01-03T06:24:28.39596Z,2026-01-03T06:33:55.178614Z,no,0.0000,3952637.00,0.0100,0.0000,0.0000
KXNBAGAME-26JAN02MEMLAL-LAL,KXNBAGAME-26JAN02MEMLAL,Memphis vs Los Angeles L Winner?,,2025-12-31T19:06:00Z,2026-01-03T06:24:28.39596Z,2026-01-03T06:33:55.178614Z,yes,1.0000,4623264.00,0.9900,0.0000,0.0000
KXNBAGAME-26JAN03MINMIA-MIN,KXNBAGAME-26JAN03MINMIA,Minnesota vs Miami Winner?,,2026-01-01T13:06:00Z,2026-01-04T00:50:03.78115Z,2026-01-04T00:59:29.533868Z,yes,1.0000,2460207.00,0.9900,0.0000,0.0000
KXNBAGAME-26JAN03MINMIA-MIA,KXNBAGAME-26JAN03MINMIA,Minnesota vs Miami Winner?,,2026-01-01T13:06:00Z,2026-01-04T00:50:03.78115Z,2026-01-04T00:59:29.533868Z,no,0.0000,2386191.00,0.0100,0.0000,0.0000
KXNBAGAME-26JAN03PHINYK-PHI,KXNBAGAME-26JAN03PHINYK,Philadelphia vs New York Winner?,,2026-01-01T16:06:00Z,2026-01-04T03:04:38.205113Z,2026-01-04T03:13:59.511584Z,yes,1.0000,2655886.00,0.9900,0.0000,0.0000
KXNBAGAME-26JAN03PHINYK-NYK,KXNBAGAME-26JAN03PHINYK,Philadelphia vs New York Winner?,,2026-01-01T16:06:00Z,2026-01-04T03:04:38.205113Z,2026-01-04T03:13:59.511584Z,no,0.0000,3531417.00,0.0100,0.0000,0.0000
KXNBAGAME-26JAN03ATLTOR-TOR,KXNBAGAME-26JAN03ATLTOR,Atlanta vs Toronto Winner?,,2026-01-01T16:06:00Z,2026-01-04T03:10:25.916908Z,2026-01-04T03:19:49.462958Z,yes,1.0000,1029526.00,0.9900,0.0000,0.0000
KXNBAGAME-26JAN03ATLTOR-ATL,KXNBAGAME-26JAN03ATLTOR,Atlanta vs Toronto Winner?,,2026-01-01T16:06:00Z,2026-01-04T03:10:25.916908Z,2026-01-04T03:19:49.462958Z,no,0.0000,1405752.00,0.0100,0.0000,0.0000
KXNBAGAME-26JAN03CHACHI-CHI,KXNBAGAME-26JAN03CHACHI,Charlotte vs Chicago Winner?,,2026-01-01T16:06:00Z,2026-01-04T03:34:39.937902Z,2026-01-04T03:44:09.402623Z,no,0.0000,1422424.00,0.0100,0.0000,0.0000
KXNBAGAME-26JAN03CHACHI-CHA,KXNBAGAME-26JAN03CHACHI,Charlotte vs Chicago Winner?,,2026-01-01T16:06:00Z,2026-01-04T03:34:39.937902Z,2026-01-04T03:44:09.402623Z,yes,1.0000,1150111.00,0.9900,0.0000,0.0000
KXNBAGAME-26JAN03PORSAS-SAS,KXNBAGAME-26JAN03PORSAS,Portland vs San Antonio Winner?,,2026-01-01T16:06:00Z,2026-01-04T03:54:30.761223Z,2026-01-04T04:03:59.50002Z,no,0.0000,3318685.00,0.0100,0.0000,0.0000
KXNBAGAME-26JAN03PORSAS-POR,KXNBAGAME-26JAN03PORSAS,Portland vs San Antonio Winner?,,2026-01-01T16:06:00Z,2026-01-04T03:54:30.761223Z,2026-01-04T04:03:59.50002Z,yes,1.0000,2585077.00,0.9900,0.0000,0.0000
KXNBAGAME-26JAN03HOUDAL-HOU,KXNBAGAME-26JAN03HOUDAL,Houston vs Dallas Winner?,,2026-01-01T19:06:00Z,2026-01-04T04:01:08.176006Z,2026-01-04T04:10:29.465946Z,no,0.0000,2644992.00,0.0100,0.0000,0.0000
KXNBAGAME-26JAN03HOUDAL-DAL,KXNBAGAME-26JAN03HOUDAL,Houston vs Dallas Winner?,,2026-01-01T19:06:00Z,2026-01-04T04:01:08.176006Z,2026-01-04T04:10:29.465946Z,yes,1.0000,2326694.00,0.9900,0.0000,0.0000
KXNBAGAME-26JAN03BOSLAC-LAC,KXNBAGAME-26JAN03BOSLAC,Boston vs Los Angeles C Winner?,,2026-01-01T19:06:00Z,2026-01-04T06:00:46.906965Z,2026-01-04T06:10:09.491765Z,no,0.0000,3186490.00,0.0100,0.0000,0.0000
KXNBAGAME-26JAN03BOSLAC-BOS,KXNBAGAME-26JAN03BOSLAC,Boston vs Los Angeles C Winner?,,2026-01-01T19:06:00Z,2026-01-04T06:00:46.906965Z,2026-01-04T06:10:09.491765Z,yes,1.0000,4494006.00,0.9900,0.0000,0.0000
KXNBAGAME-26JAN03UTAGSW-UTA,KXNBAGAME-26JAN03UTAGSW,Utah vs Golden State Winner?,,2026-01-01T19:06:00Z,2026-01-04T06:04:29.552846Z,2026-01-04T06:13:49.576274Z,no,0.0000,5508929.00,0.0100,0.0000,0.0000
KXNBAGAME-26JAN03UTAGSW-GSW,KXNBAGAME-26JAN03UTAGSW,Utah vs Golden State Winner?,,2026-01-01T19:06:00Z,2026-01-04T06:04:29.552846Z,2026-01-04T06:13:49.576274Z,yes,1.0000,2965951.00,0.9900,0.0000,0.0000
KXNBAGAME-26JAN04DETCLE-DET,KXNBAGAME-26JAN04DETCLE,Detroit vs Cleveland Winner?,,2026-01-02T13:06:00Z,2026-01-04T21:50:45.651002Z,2026-01-04T22:00:09.86684Z,yes,1.0000,3144601.00,0.9900,0.0000,0.0000
KXNBAGAME-26JAN04DETCLE-CLE,KXNBAGAME-26JAN04DETCLE,Detroit vs Cleveland Winner?,,2026-01-02T13:06:00Z,2026-01-04T21:50:45.651002Z,2026-01-04T22:00:09.86684Z,no,0.0000,2842730.00,0.0100,0.0000,0.0000
KXNBAGAME-26JAN04INDORL-ORL,KXNBAGAME-26JAN04INDORL,Indiana vs Orlando Winner?,,2026-01-02T13:06:00Z,2026-01-04T22:40:42.879978Z,2026-01-04T22:50:09.405431Z,yes,1.0000,1989824.00,0.9900,0.0000,0.0000
KXNBAGAME-26JAN04INDORL-IND,KXNBAGAME-26JAN04INDORL,Indiana vs Orlando Winner?,,2026-01-02T13:06:00Z,2026-01-04T22:40:42.879978Z,2026-01-04T22:50:09.405431Z,no,0.0000,1412786.00,0.0100,0.0000,0.0000
KXNBAGAME-26JAN04DENBKN-DEN,KXNBAGAME-26JAN04DENBKN,Denver vs Brooklyn Winner?,,2026-01-02T13:06:00Z,2026-01-04T23:14:44.424968Z,2026-01-04T23:24:09.414663Z,no,0.0000,3158831.00,0.0100,0.0000,0.0000
KXNBAGAME-26JAN04DENBKN-BKN,KXNBAGAME-26JAN04DENBKN,Denver vs Brooklyn Winner?,,2026-01-02T13:06:00Z,2026-01-04T23:14:44.424968Z,2026-01-04T23:24:09.414663Z,yes,1.0000,1651477.00,0.9900,0.0000,0.0000
KXNBAGAME-26JAN04NOPMIA-NOP,KXNBAGAME-26JAN04NOPMIA,New Orleans vs Miami Winner?,,2026-01-02T16:06:00Z,2026-01-05T01:30:40.076151Z,2026-01-05T01:40:09.42544Z,no,0.0000,1080393.00,0.0100,0.0000,0.0000
KXNBAGAME-26JAN04NOPMIA-MIA,KXNBAGAME-26JAN04NOPMIA,New Orleans vs Miami Winner?,,2026-01-02T16:06:00Z,2026-01-05T01:30:40.076151Z,2026-01-05T01:40:09.42544Z,yes,1.0000,1489595.00,0.9900,0.0000,0.0000
KXNBAGAME-26JAN04MINWAS-WAS,KXNBAGAME-26JAN04MINWAS,Minnesota vs Washington Winner?,,2026-01-02T16:06:00Z,2026-01-05T01:30:40.138487Z,2026-01-05T01:40:09.483972Z,no,0.0000,907568.00,0.0100,0.0000,0.0000
KXNBAGAME-26JAN04MINWAS-MIN,KXNBAGAME-26JAN04MINWAS,Minnesota vs Washington Winner?,,2026-01-02T16:06:00Z,2026-01-05T01:30:40.138487Z,2026-01-05T01:40:09.483972Z,yes,1.0000,1193155.00,0.9900,0.0000,0.0000
KXNBAGAME-26JAN04OKCPHX-PHX,KXNBAGAME-26JAN04OKCPHX,Oklahoma City vs Phoenix Winner?,,2026-01-02T16:06:00Z,2026-01-05T03:44:35.155626Z,2026-01-05T03:53:59.512865Z,yes,1.0000,3577500.00,0.9900,0.0000,0.0000
KXNBAGAME-26JAN04OKCPHX-OKC,KXNBAGAME-26JAN04OKCPHX,Oklahoma City vs Phoenix Winner?,,2026-01-02T16:06:00Z,2026-01-05T03:44:35.155626Z,2026-01-05T03:53:59.512865Z,no,0.0000,4924569.00,0.0100,0.0000,0.0000
KXNBAGAME-26JAN04MILSAC-SAC,KXNBAGAME-26JAN04MILSAC,Milwaukee vs Sacramento Winner?,,2026-01-02T19:06:00Z,2026-01-05T05:04:28.994566Z,2026-01-05T05:13:49.411325Z,no,0.0000,1881880.00,0.0100,0.0000,0.0000
KXNBAGAME-26JAN04MILSAC-MIL,KXNBAGAME-26JAN04MILSAC,Milwaukee vs Sacramento Winner?,,2026-01-02T19:06:00Z,2026-01-05T05:04:28.994566Z,2026-01-05T05:13:49.411325Z,yes,1.0000,1504995.00,0.9900,0.0000,0.0000
KXNBAGAME-26JAN04MEMLAL-MEM,KXNBAGAME-26JAN04MEMLAL,Memphis vs Los Angeles L Winner?,,2026-01-02T19:07:00Z,2026-01-05T05:24:31.876997Z,2026-01-05T05:34:01.528554Z,no,0.0000,3928406.00,0.0100,0.0000,0.0000
KXNBAGAME-26JAN04MEMLAL-LAL,KXNBAGAME-26JAN04MEMLAL,Memphis vs Los Angeles L Winner?,,2026-01-02T19:07:00Z,2026-01-05T05:24:31.876997Z,2026-01-05T05:34:01.528554Z,yes,1.0000,6864574.00,0.9900,0.0000,0.0000
KXNBAGAME-26JAN05NYKDET-NYK,KXNBAGAME-26JAN05NYKDET,New York vs Detroit Winner?,,2026-01-03T16:06:00Z,2026-01-06T02:40:29.216971Z,2026-01-06T02:49:49.568158Z,no,0.0000,4133145.00,0.0100,0.0000,0.0000
KXNBAGAME-26JAN05NYKDET-DET,KXNBAGAME-26JAN05NYKDET,New York vs Detroit Winner?,,2026-01-03T16:06:00Z,2026-01-06T02:40:29.216971Z,2026-01-06T02:49:49.568158Z,yes,1.0000,3202087.00,0.9900,0.0000,0.0000
KXNBAGAME-26JAN05CHIBOS-CHI,KXNBAGAME-26JAN05CHIBOS,Chicago vs Boston Winner?,,2026-01-03T16:07:00Z,2026-01-06T02:50:06.156975Z,2026-01-06T02:59:29.482441Z,no,0.0000,1628130.00,0.0100,0.0000,0.0000
KXNBAGAME-26JAN05CHIBOS-BOS,KXNBAGAME-26JAN05CHIBOS,Chicago vs Boston Winner?,,2026-01-03T16:07:00Z,2026-01-06T02:50:06.156975Z,2026-01-06T02:59:29.482441Z,yes,1.0000,774423.00,0.9900,0.0000,0.0000
KXNBAGAME-26JAN05ATLTOR-TOR,KXNBAGAME-26JAN05ATLTOR,Atlanta vs Toronto Winner?,,2026-01-03T16:07:00Z,2026-01-06T03:04:42.933987Z,2026-01-06T03:14:09.425368Z,yes,1.0000,2078798.00,0.9900,0.0000,0.0000
KXNBAGAME-26JAN05ATLTOR-ATL,KXNBAGAME-26JAN05ATLTOR,Atlanta vs Toronto Winner?,,2026-01-03T16:07:00Z,2026-01-06T03:04:42.933987Z,2026-01-06T03:14:09.425368Z,no,0.0000,1481102.00,0.0100,0.0000,0.0000
KXNBAGAME-26JAN05CHAOKC-OKC,KXNBAGAME-26JAN05CHAOKC,Charlotte vs Oklahoma City Winner?,,2026-01-03T16:06:00Z,2026-01-06T03:40:13.083364Z,2026-01-06T03:49:39.515196Z,no,0.0000,3633278.00,0.0100,0.0000,0.0000
KXNBAGAME-26JAN05CHAOKC-CHA,KXNBAGAME-26JAN05CHAOKC,Charlotte vs Oklahoma City Winner?,,2026-01-03T16:06:00Z,2026-01-06T03:40:13.083364Z,2026-01-06T03:49:39.515196Z,yes,1.0000,4228605.00,0.9900,0.0000,0.0000
KXNBAGAME-26JAN05PHXHOU-PHX,KXNBAGAME-26JAN05PHXHOU,Phoenix vs Houston Winner?,,2026-01-03T19:06:00Z,2026-01-06T03:50:20.942795Z,2026-01-06T03:59:49.558308Z,no,0.0000,5559753.00,0.0100,0.0000,0.0000
KXNBAGAME-26JAN05PHXHOU-HOU,KXNBAGAME-26JAN05PHXHOU,Phoenix vs Houston Winner?,,2026-01-03T19:06:00Z,2026-01-06T03:50:20.942795Z,2026-01-06T03:59:49.558308Z,yes,1.0000,3461755.00,0.9900,0.0000,0.0000
KXNBAGAME-26JAN05DENPHI-PHI,KXNBAGAME-26JAN05DENPHI,Denver vs Philadelphia Winner?,,2026-01-03T19:06:00Z,2026-01-06T04:24:31.049215Z,2026-01-06T04:33:59.638669Z,no,0.0000,4998612.00,0.0100,0.0000,0.0000
KXNBAGAME-26JAN05DENPHI-DEN,KXNBAGAME-26JAN05DENPHI,Denver vs Philadelphia Winner?,,2026-01-03T19:06:00Z,2026-01-06T04:24:31.049215Z,2026-01-06T04:33:59.638669Z,yes,1.0000,11539340.00,0.9900,0.0000,0.0000
KXNBAGAME-26JAN05UTAPOR-UTA,KXNBAGAME-26JAN05UTAPOR,Utah vs Portland Winner?,,2026-01-03T19:06:00Z,2026-01-06T05:34:30.127152Z,2026-01-06T05:43:59.429444Z,no,0.0000,1812423.00,0.0100,0.0000,0.0000
KXNBAGAME-26JAN05UTAPOR-POR,KXNBAGAME-26JAN05UTAPOR,Utah vs Portland Winner?,,2026-01-03T19:06:00Z,2026-01-06T05:34:30.127152Z,2026-01-06T05:43:59.429444Z,yes,1.0000,851959.00,0.9900,0.0000,0.0000
KXNBAGAME-26JAN05GSWLAC-LAC,KXNBAGAME-26JAN05GSWLAC,Golden State vs Los Angeles C Winner?,,2026-01-03T19:06:00Z,2026-01-06T05:49:40.419233Z,2026-01-06T05:59:09.706773Z,yes,1.0000,7445628.00,0.9900,0.0000,0.0000
KXNBAGAME-26JAN05GSWLAC-GSW,KXNBAGAME-26JAN05GSWLAC,Golden State vs Los Angeles C Winner?,,2026-01-03T19:06:00Z,2026-01-06T05:49:40.419233Z,2026-01-06T05:59:09.706773Z,no,0.0000,10913097.00,0.0100,0.0000,0.0000
KXNBAGAME-26JAN06CLEIND-IND,KXNBAGAME-26JAN06CLEIND,Cleveland at Indiana Winner?,,2026-01-04T16:06:00Z,2026-01-07T02:34:34.298429Z,2026-01-07T02:44:01.21237Z,no,0.0000,3207275.00,0.0100,0.0000,0.0000
KXNBAGAME-26JAN06CLEIND-CLE,KXNBAGAME-26JAN06CLEIND,Cleveland at Indiana Winner?,,2026-01-04T16:06:00Z,2026-01-07T02:34:34.298429Z,2026-01-07T02:44:01.21237Z,yes,1.0000,4730687.00,0.9900,0.0000,0.0000
KXNBAGAME-26JAN06ORLWAS-WAS,KXNBAGAME-26JAN06ORLWAS,Orlando at Washington Winner?,,2026-01-04T16:06:00Z,2026-01-07T02:40:29.078228Z,2026-01-07T02:49:51.091236Z,yes,1.0000,2806543.00,0.9900,0.0000,0.0000
KXNBAGAME-26JAN06ORLWAS-ORL,KXNBAGAME-26JAN06ORLWAS,Orlando at Washington Winner?,,2026-01-04T16:06:00Z,2026-01-07T02:40:29.078228Z,2026-01-07T02:49:51.091236Z,no,0.0000,3883751.00,0.0100,0.0000,0.0000
KXNBAGAME-26JAN06MIAMIN-MIN,KXNBAGAME-26JAN06MIAMIN,Miami at Minnesota Winner?,,2026-01-04T16:06:00Z,2026-01-07T03:34:31.431188Z,2026-01-07T03:44:01.029345Z,yes,1.0000,1457856.00,0.9900,0.0000,0.0000
KXNBAGAME-26JAN06MIAMIN-MIA,KXNBAGAME-26JAN06MIAMIN,Miami at Minnesota Winner?,,2026-01-04T16:06:00Z,2026-01-07T03:34:31.431188Z,2026-01-07T03:44:01.029345Z,no,0.0000,2360717.00,0.0100,0.0000,0.0000
KXNBAGAME-26JAN06LALNOP-NOP,KXNBAGAME-26JAN06LALNOP,Los Angeles L at New Orleans Winner?,,2026-01-04T16:06:00Z,2026-01-07T03:40:22.813257Z,2026-01-07T03:49:51.134384Z,no,0.0000,2928113.00,0.0100,0.0000,0.0000
KXNBAGAME-26JAN06LALNOP-LAL,KXNBAGAME-26JAN06LALNOP,Los Angeles L at New Orleans Winner?,,2026-01-04T16:06:00Z,2026-01-07T03:40:22.813257Z,2026-01-07T03:49:51.134384Z,yes,1.0000,5271267.00,0.9900,0.0000,0.0000
KXNBAGAME-26JAN06SASMEM-SAS,KXNBAGAME-26JAN06SASMEM,San Antonio at Memphis Winner?,,2026-01-04T16:06:00Z,2026-01-07T03:54:31.222916Z,2026-01-07T04:04:01.084826Z,no,0.0000,3686953.00,0.0100,0.0000,0.0000
KXNBAGAME-26JAN06SASMEM-MEM,KXNBAGAME-26JAN06SASMEM,San Antonio at Memphis Winner?,,2026-01-04T16:06:00Z,2026-01-07T03:54:31.222916Z,2026-01-07T04:04:01.084826Z,yes,1.0000,2447231.00,0.9900,0.0000,0.0000
KXNBAGAME-26JAN06DALSAC-SAC,KXNBAGAME-26JAN06DALSAC,Dallas at Sacramento Winner?,,2026-01-04T19:06:00Z,2026-01-07T06:49:59.938422Z,2026-01-07T06:59:21.13561Z,no,0.0000,6779054.00,0.0100,0.0000,0.0000
KXNBAGAME-26JAN06DALSAC-DAL,KXNBAGAME-26JAN06DALSAC,Dallas at Sacramento Winner?,,2026-01-04T19:06:00Z,2026-01-07T06:49:59.938422Z,2026-01-07T06:59:21.13561Z,yes,1.0000,6965113.00,0.9900,0.0000,0.0000
KXNBAGAME-26JAN07CHIDET-DET,KXNBAGAME-26JAN07CHIDET,Chicago at Detroit Winner?,,2026-01-05T16:06:00Z,2026-01-08T02:23:56.907887Z,2026-01-08T02:33:21.018539Z,yes,1.0000,1061200.00,0.9900,0.0000,0.0000
KXNBAGAME-26JAN07CHIDET-CHI,KXNBAGAME-26JAN07CHIDET,Chicago at Detroit Winner?,,2026-01-05T16:06:00Z,2026-01-08T02:23:56.907887Z,2026-01-08T02:33:21.018539Z,no,0.0000,1353982.00,0.0100,0.0000,0.0000
KXNBAGAME-26JAN07WASPHI-WAS,KXNBAGAME-26JAN07WASPHI,Washington at Philadelphia Winner?,,2026-01-05T16:06:00Z,2026-01-08T02:26:06.587823Z,2026-01-08T02:35:31.026756Z,no,0.0000,2479898.00,0.0100,0.0000,0.0000
KXNBAGAME-26JAN07WASPHI-PHI,KXNBAGAME-26JAN07WASPHI,Washington at Philadelphia Winner?,,2026-01-05T16:06:00Z,2026-01-08T02:26:06.587823Z,2026-01-08T02:35:31.026756Z,yes,1.0000,868634.00,0.9900,0.0000,0.0000
KXNBAGAME-26JAN07DENBOS-DEN,KXNBAGAME-26JAN07DENBOS,Denver at Boston Winner?,,2026-01-05T16:06:00Z,2026-01-08T02:42:50.851344Z,2026-01-08T02:52:11.674641Z,yes,1.0000,7207335.00,0.9900,0.0000,0.0000
KXNBAGAME-26JAN07DENBOS-BOS,KXNBAGAME-26JAN07DENBOS,Denver at Boston Winner?,,2026-01-05T16:06:00Z,2026-01-08T02:42:50.851344Z,2026-01-08T02:52:11.674641Z,no,0.0000,2855235.00,0.0100,0.0000,0.0000
KXNBAGAME-26JAN07TORCHA-TOR,KXNBAGAME-26JAN07TORCHA,Toronto at Charlotte Winner?,,2026-01-05T16:06:00Z,2026-01-08T02:43:38.173809Z,2026-01-08T02:53:01.510505Z,yes,1.0000,3055856.00,0.9900,0.0000,0.0000
KXNBAGAME-26JAN07TORCHA-CHA,KXNBAGAME-26JAN07TORCHA,Toronto at Charlotte Winner?,,2026-01-05T16:06:00Z,2026-01-08T02:43:38.173809Z,2026-01-08T02:53:01.510505Z,no,0.0000,2276116.00,0.0100,0.0000,0.0000
KXNBAGAME-26JAN07LACNYK-NYK,KXNBAGAME-26JAN07LACNYK,Los Angeles C at New York Winner?,,2026-01-05T16:06:00Z,2026-01-08T02:55:38.176353Z,2026-01-08T03:05:01.027535Z,yes,1.0000,2344197.00,0.9900,0.0000,0.0000
KXNBAGAME-26JAN07LACNYK-LAC,KXNBAGAME-26JAN07LACNYK,Los Angeles C at New York Winner?,,2026-01-05T16:06:00Z,2026-01-08T02:55:38.176353Z,2026-01-08T03:05:01.027535Z,no,0.0000,2113791.00,0.0100,0.0000,0.0000
KXNBAGAME-26JAN07NOPATL-NOP,KXNBAGAME-26JAN07NOPATL,New Orleans at Atlanta Winner?,,2026-01-05T16:06:00Z,2026-01-08T03:01:22.951955Z,2026-01-08T03:10:50.956379Z,no,0.0000,543171.00,0.0100,0.0000,0.0000
KXNBAGAME-26JAN07NOPATL-ATL,KXNBAGAME-26JAN07NOPATL,New Orleans at Atlanta Winner?,,2026-01-05T16:06:00Z,2026-01-08T03:01:22.951955Z,2026-01-08T03:10:50.956379Z,yes,1.0000,179651.00,0.9900,0.0000,0.0000
KXNBAGAME-26JAN07ORLBKN-ORL,KXNBAGAME-26JAN07ORLBKN,Orlando at Brooklyn Winner?,,2026-01-05T16:06:00Z,2026-01-08T03:31:29.924644Z,2026-01-08T03:40:51.425141Z,yes,1.0000,3994451.00,0.9900,0.0000,0.0000
KXNBAGAME-26JAN07ORLBKN-BKN,KXNBAGAME-26JAN07ORLBKN,Orlando at Brooklyn Winner?,,2026-01-05T16:06:00Z,2026-01-08T03:31:29.924644Z,2026-01-08T03:40:51.425141Z,no,0.0000,3578038.00,0.0100,0.0000,0.0000
KXNBAGAME-26JAN07PHXMEM-PHX,KXNBAGAME-26JAN07PHXMEM,Phoenix at Memphis Winner?,,2026-01-05T16:06:00Z,2026-01-08T03:40:52.539277Z,2026-01-08T03:50:20.992735Z,yes,1.0000,271608.00,0.9900,0.0000,0.0000
KXNBAGAME-26JAN07PHXMEM-MEM,KXNBAGAME-26JAN07PHXMEM,Phoenix at Memphis Winner?,,2026-01-05T16:06:00Z,2026-01-08T03:40:52.539277Z,2026-01-08T03:50:20.992735Z,no,0.0000,421045.00,0.0100,0.0000,0.0000
KXNBAGAME-26JAN07UTAOKC-UTA,KXNBAGAME-26JAN07UTAOKC,Utah at Oklahoma City Winner?,,2026-01-05T16:06:00Z,2026-01-08T03:57:20.258395Z,2026-01-08T04:06:41.161886Z,no,0.0000,8953351.00,0.0100,0.0000,0.0000
KXNBAGAME-26JAN07UTAOKC-OKC,KXNBAGAME-26JAN07UTAOKC,Utah at Oklahoma City Winner?,,2026-01-05T16:06:00Z,2026-01-08T03:57:20.258395Z,2026-01-08T04:06:41.161886Z,yes,1.0000,6085474.00,0.9900,0.0000,0.0000
KXNBAGAME-26JAN07LALSAS-SAS,KXNBAGAME-26JAN07LALSAS,Los Angeles L at San Antonio Winner?,,2026-01-05T19:06:00Z,2026-01-08T05:15:52.109972Z,2026-01-08T05:25:21.263907Z,yes,1.0000,2941647.00,0.9900,0.0000,0.0000
KXNBAGAME-26JAN07LALSAS-LAL,KXNBAGAME-26JAN07LALSAS,Los Angeles L at San Antonio Winner?,,2026-01-05T19:06:00Z,2026-01-08T05:15:52.109972Z,2026-01-08T05:25:21.263907Z,no,0.0000,8895569.00,0.0100,0.0000,0.0000
KXNBAGAME-26JAN07MILGSW-MIL,KXNBAGAME-26JAN07MILGSW,Milwaukee at Golden State Winner?,,2026-01-05T19:06:00Z,2026-01-08T05:35:24.011955Z,2026-01-08T05:44:51.034777Z,no,0.0000,4240266.00,0.0100,0.0000,0.0000
KXNBAGAME-26JAN07MILGSW-GSW,KXNBAGAME-26JAN07MILGSW,Milwaukee at Golden State Winner?,,2026-01-05T19:06:00Z,2026-01-08T05:35:24.011955Z,2026-01-08T05:44:51.034777Z,yes,1.0000,2234292.00,0.9900,0.0000,0.0000
KXNBAGAME-26JAN07HOUPOR-POR,KXNBAGAME-26JAN07HOUPOR,Houston at Portland Winner?,,2026-01-05T19:06:00Z,2026-01-08T05:47:19.393674Z,2026-01-08T05:56:41.12351Z,yes,1.0000,5511886.00,0.9900,0.0000,0.0000
KXNBAGAME-26JAN07HOUPOR-HOU,KXNBAGAME-26JAN07HOUPOR,Houston at Portland Winner?,,2026-01-05T19:06:00Z,2026-01-08T05:47:19.393674Z,2026-01-08T05:56:41.12351Z,no,0.0000,7273850.00,0.0100,0.0000,0.0000
KXNBAGAME-26JAN08INDCHA-IND,KXNBAGAME-26JAN08INDCHA,Indiana at Charlotte Winner?,,2026-01-06T16:06:00Z,2026-01-09T02:45:44.600553Z,2026-01-09T02:55:07.727369Z,yes,1.0000,3179735.00,0.9900,0.0000,0.0000
KXNBAGAME-26JAN08INDCHA-CHA,KXNBAGAME-26JAN08INDCHA,Indiana at Charlotte Winner?,,2026-01-06T16:06:00Z,2026-01-09T02:45:44.600553Z,2026-01-09T02:55:07.727369Z,no,0.0000,5728324.00,0.0100,0.0000,0.0000
KXNBAGAME-26JAN08CLEMIN-MIN,KXNBAGAME-26JAN08CLEMIN,Cleveland at Minnesota Winner?,,2026-01-06T16:06:00Z,2026-01-09T03:45:28.294383Z,2026-01-09T03:54:57.71154Z,yes,1.0000,3071960.00,0.9900,0.0000,0.0000
KXNBAGAME-26JAN08CLEMIN-CLE,KXNBAGAME-26JAN08CLEMIN,Cleveland at Minnesota Winner?,,2026-01-06T16:06:00Z,2026-01-09T03:45:28.294383Z,2026-01-09T03:54:57.71154Z,no,0.0000,3453251.00,0.0100,0.0000,0.0000
KXNBAGAME-26JAN08DALUTA-UTA,KXNBAGAME-26JAN08DALUTA,Dallas at Utah Winner?,,2026-01-06T19:06:00Z,2026-01-09T04:25:21.170631Z,2026-01-09T04:34:47.751208Z,yes,1.0000,4870259.00,0.9900,0.0000,0.0000
KXNBAGAME-26JAN08DALUTA-DAL,KXNBAGAME-26JAN08DALUTA,Dallas at Utah Winner?,,2026-01-06T19:06:00Z,2026-01-09T04:25:21.170631Z,2026-01-09T04:34:47.751208Z,no,0.0000,2969445.00,0.0100,0.0000,0.0000
KXNBAGAME-26JAN09TORBOS-TOR,KXNBAGAME-26JAN09TORBOS,Toronto at Boston Winner?,,2026-01-07T16:06:00Z,2026-01-10T02:40:14.536914Z,2026-01-10T02:49:41.333867Z,no,0.0000,5093499.00,0.0100,0.0000,0.0000
KXNBAGAME-26JAN09TORBOS-BOS,KXNBAGAME-26JAN09TORBOS,Toronto at Boston Winner?,,2026-01-07T16:06:00Z,2026-01-10T02:40:14.536914Z,2026-01-10T02:49:41.333867Z,yes,1.0000,1630053.00,0.9900,0.0000,0.0000
KXNBAGAME-26JAN09NOPWAS-WAS,KXNBAGAME-26JAN09NOPWAS,New Orleans at Washington Winner?,,2026-01-07T16:06:00Z,2026-01-10T02:40:14.609821Z,2026-01-10T02:49:41.156473Z,no,0.0000,1373980.00,0.0100,0.0000,0.0000
KXNBAGAME-26JAN09NOPWAS-NOP,KXNBAGAME-26JAN09NOPWAS,New Orleans at Washington Winner?,,2026-01-07T16:06:00Z,2026-01-10T02:40:14.609821Z,2026-01-10T02:49:41.156473Z,yes,1.0000,891524.00,0.9900,0.0000,0.0000
KXNBAGAME-26JAN09PHIORL-PHI,KXNBAGAME-26JAN09PHIORL,Philadelphia at Orlando Winner?,,2026-01-07T16:06:00Z,2026-01-10T02:43:42.358721Z,2026-01-10T02:53:11.253039Z,yes,1.0000,1915594.00,0.9900,0.0000,0.0000
KXNBAGAME-26JAN09PHIORL-ORL,KXNBAGAME-26JAN09PHIORL,Philadelphia at Orlando Winner?,,2026-01-07T16:06:00Z,2026-01-10T02:43:42.358721Z,2026-01-10T02:53:11.253039Z,no,0.0000,2049470.00,0.0100,0.0000,0.0000
KXNBAGAME-26JAN09LACBKN-LAC,KXNBAGAME-26JAN09LACBKN,Los Angeles C at Brooklyn Winner?,,2026-01-07T16:06:00Z,2026-01-10T03:07:38.62855Z,2026-01-10T03:17:01.15056Z,yes,1.0000,1210180.00,0.9900,0.0000,0.0000
KXNBAGAME-26JAN09LACBKN-BKN,KXNBAGAME-26JAN09LACBKN,Los Angeles C at Brooklyn Winner?,,2026-01-07T16:06:00Z,2026-01-10T03:07:38.62855Z,2026-01-10T03:17:01.15056Z,no,0.0000,1484569.00,0.0100,0.0000,0.0000
KXNBAGAME-26JAN09OKCMEM-OKC,KXNBAGAME-26JAN09OKCMEM,Oklahoma City at Memphis Winner?,,2026-01-07T16:06:00Z,2026-01-10T03:43:36.230784Z,2026-01-10T03:53:01.287684Z,yes,1.0000,5143086.00,0.9900,0.0000,0.0000
KXNBAGAME-26JAN09OKCMEM-MEM,KXNBAGAME-26JAN09OKCMEM,Oklahoma City at Memphis Winner?,,2026-01-07T16:06:00Z,2026-01-10T03:43:36.230784Z,2026-01-10T03:53:01.287684Z,no,0.0000,3740662.00,0.0100,0.0000,0.0000
KXNBAGAME-26JAN09ATLDEN-DEN,KXNBAGAME-26JAN09ATLDEN,Atlanta at Denver Winner?,,2026-01-07T19:06:00Z,2026-01-10T04:23:34.521946Z,2026-01-10T04:33:01.255072Z,no,0.0000,4608115.00,0.0100,0.0000,0.0000
KXNBAGAME-26JAN09ATLDEN-ATL,KXNBAGAME-26JAN09ATLDEN,Atlanta at Denver Winner?,,2026-01-07T19:06:00Z,2026-01-10T04:23:34.521946Z,2026-01-10T04:33:01.255072Z,yes,1.0000,1903616.00,0.9900,0.0000,0.0000
KXNBAGAME-26JAN09NYKPHX-PHX,KXNBAGAME-26JAN09NYKPHX,New York at Phoenix Winner?,,2026-01-07T19:06:00Z,2026-01-10T04:45:30.296751Z,2026-01-10T04:54:51.244763Z,yes,1.0000,3844119.00,0.9900,0.0000,0.0000
KXNBAGAME-26JAN09NYKPHX-NYK,KXNBAGAME-26JAN09NYKPHX,New York at Phoenix Winner?,,2026-01-07T19:06:00Z,2026-01-10T04:45:30.296751Z,2026-01-10T04:54:51.244763Z,no,0.0000,5898606.00,0.0100,0.0000,0.0000
KXNBAGAME-26JAN09SACGSW-SAC,KXNBAGAME-26JAN09SACGSW,Sacramento at Golden State Winner?,,2026-01-07T19:06:00Z,2026-01-10T05:39:51.150823Z,2026-01-10T05:49:17.749328Z,no,0.0000,4239854.00,0.0100,0.0000,0.0000
KXNBAGAME-26JAN09SACGSW-GSW,KXNBAGAME-26JAN09SACGSW,Sacramento at Golden State Winner?,,2026-01-07T19:06:00Z,2026-01-10T05:39:51.150823Z,2026-01-10T05:49:17.749328Z,yes,1.0000,1202646.00,0.9900,0.0000,0.0000
KXNBAGAME-26JAN09HOUPOR-POR,KXNBAGAME-26JAN09HOUPOR,Houston at Portland Winner?,,2026-01-07T19:06:00Z,2026-01-10T05:41:27.280419Z,2026-01-10T05:50:47.731666Z,yes,1.0000,4753589.00,0.9900,0.0000,0.0000
KXNBAGAME-26JAN09HOUPOR-HOU,KXNBAGAME-26JAN09HOUPOR,Houston at Portland Winner?,,2026-01-07T19:06:00Z,2026-01-10T05:41:27.280419Z,2026-01-10T05:50:47.731666Z,no,0.0000,2209603.00,0.0100,0.0000,0.0000
KXNBAGAME-26JAN09MILLAL-MIL,KXNBAGAME-26JAN09MILLAL,Milwaukee at Los Angeles L Winner?,,2026-01-07T19:06:00Z,2026-01-10T06:00:00.053281Z,2026-01-10T06:09:27.877948Z,yes,1.0000,3990760.00,0.9900,0.0000,0.0000
KXNBAGAME-26JAN09MILLAL-LAL,KXNBAGAME-26JAN09MILLAL,Milwaukee at Los Angeles L Winner?,,2026-01-07T19:06:00Z,2026-01-10T06:00:00.053281Z,2026-01-10T06:09:27.877948Z,no,0.0000,8087291.00,0.0100,0.0000,0.0000
KXNBAGAME-26JAN10MINCLE-MIN,KXNBAGAME-26JAN10MINCLE,Minnesota at Cleveland Winner?,,2026-01-08T10:06:00Z,2026-01-10T20:43:33.823501Z,2026-01-10T20:52:57.741574Z,no,0.0000,3763896.00,0.0100,0.0000,0.0000
KXNBAGAME-26JAN10MINCLE-CLE,KXNBAGAME-26JAN10MINCLE,Minnesota at Cleveland Winner?,,2026-01-08T10:06:00Z,2026-01-10T20:43:33.823501Z,2026-01-10T20:52:57.741574Z,yes,1.0000,2113218.00,0.9900,0.0000,0.0000
KXNBAGAME-26JAN10MIAIND-MIA,KXNBAGAME-26JAN10MIAIND,Miami at Indiana Winner?,,2026-01-08T16:06:00Z,2026-01-11T02:33:26.472279Z,2026-01-11T02:42:47.684017Z,no,0.0000,2729047.00,0.0100,0.0000,0.0000
KXNBAGAME-26JAN10MIAIND-IND,KXNBAGAME-26JAN10MIAIND,Miami at Indiana Winner?,,2026-01-08T16:06:00Z,2026-01-11T02:33:26.472279Z,2026-01-11T02:42:47.684017Z,yes,1.0000,1689846.00,0.9900,0.0000,0.0000
KXNBAGAME-26JAN10DALCHI-DAL,KXNBAGAME-26JAN10DALCHI,Dallas at Chicago Winner?,,2026-01-08T16:06:00Z,2026-01-11T03:29:44.015097Z,2026-01-11T03:39:07.611881Z,no,0.0000,1036885.00,0.0100,0.0000,0.0000
KXNBAGAME-26JAN10DALCHI-CHI,KXNBAGAME-26JAN10DALCHI,Dallas at Chicago Winner?,,2026-01-08T16:06:00Z,2026-01-11T03:29:44.015097Z,2026-01-11T03:39:07.611881Z,yes,1.0000,494484.00,0.9900,0.0000,0.0000
KXNBAGAME-26JAN10SASBOS-SAS,KXNBAGAME-26JAN10SASBOS,San Antonio at Boston Winner?,,2026-01-08T16:06:00Z,2026-01-11T03:31:23.035506Z,2026-01-11T03:40:47.708164Z,yes,1.0000,3159746.00,0.9900,0.0000,0.0000
KXNBAGAME-26JAN10SASBOS-BOS,KXNBAGAME-26JAN10SASBOS,San Antonio at Boston Winner?,,2026-01-08T16:06:00Z,2026-01-11T03:31:23.035506Z,2026-01-11T03:40:47.708164Z,no,0.0000,2227193.00,0.0100,0.0000,0.0000
KXNBAGAME-26JAN10LACDET-LAC,KXNBAGAME-26JAN10LACDET,Los Angeles C at Detroit Winner?,,2026-01-08T16:07:00Z,2026-01-11T03:39:43.590855Z,2026-01-11T03:49:07.717058Z,yes,1.0000,3325265.00,0.9900,0.0000,0.0000
KXNBAGAME-26JAN10LACDET-DET,KXNBAGAME-26JAN10LACDET,Los Angeles C at Detroit Winner?,,2026-01-08T16:07:00Z,2026-01-11T03:39:43.590855Z,2026-01-11T03:49:07.717058Z,no,0.0000,3166616.00,0.0100,0.0000,0.0000
KXNBAGAME-26JAN10CHAUTA-UTA,KXNBAGAME-26JAN10CHAUTA,Charlotte at Utah Winner?,,2026-01-08T19:06:00Z,2026-01-11T04:59:52.949276Z,2026-01-11T05:09:17.74215Z,no,0.0000,1600057.00,0.0100,0.0000,0.0000
KXNBAGAME-26JAN10CHAUTA-CHA,KXNBAGAME-26JAN10CHAUTA,Charlotte at Utah Winner?,,2026-01-08T19:06:00Z,2026-01-11T04:59:52.949276Z,2026-01-11T05:09:17.74215Z,yes,1.0000,359110.00,0.9900,0.0000,0.0000
KXNBAGAME-26JAN11NOPORL-ORL,KXNBAGAME-26JAN11NOPORL,New Orleans at Orlando Winner?,,2026-01-09T13:06:00Z,2026-01-11T22:43:48.769748Z,2026-01-11T22:53:17.736775Z,yes,1.0000,3642249.00,0.9900,0.0000,0.0000
KXNBAGAME-26JAN11NOPORL-NOP,KXNBAGAME-26JAN11NOPORL,New Orleans at Orlando Winner?,,2026-01-09T13:06:00Z,2026-01-11T22:43:48.769748Z,2026-01-11T22:53:17.736775Z,no,0.0000,2702723.00,0.0100,0.0000,0.0000
KXNBAGAME-26JAN11BKNMEM-MEM,KXNBAGAME-26JAN11BKNMEM,Brooklyn at Memphis Winner?,,2026-01-09T13:06:00Z,2026-01-11T23:09:53.209182Z,2026-01-11T23:19:17.834544Z,yes,1.0000,2006841.00,0.9900,0.0000,0.0000
KXNBAGAME-26JAN11BKNMEM-BKN,KXNBAGAME-26JAN11BKNMEM,Brooklyn at Memphis Winner?,,2026-01-09T13:06:00Z,2026-01-11T23:09:53.209182Z,2026-01-11T23:19:17.834544Z,no,0.0000,2575247.00,0.0100,0.0000,0.0000
KXNBAGAME-26JAN11NYKPOR-POR,KXNBAGAME-26JAN11NYKPOR,New York at Portland Winner?,,2026-01-09T16:06:00Z,2026-01-12T01:33:44.94984Z,2026-01-12T01:43:07.787328Z,no,0.0000,2429024.00,0.0100,0.0000,0.0000
KXNBAGAME-26JAN11NYKPOR-NYK,KXNBAGAME-26JAN11NYKPOR,New York at Portland Winner?,,2026-01-09T16:06:00Z,2026-01-12T01:33:44.94984Z,2026-01-12T01:43:07.787328Z,yes,1.0000,1281865.00,0.9900,0.0000,0.0000
KXNBAGAME-26JAN11PHITOR-TOR,KXNBAGAME-26JAN11PHITOR,Philadelphia at Toronto Winner?,,2026-01-09T16:06:00Z,2026-01-12T02:27:35.087598Z,2026-01-12T02:36:58.009796Z,yes,1.0000,3400230.00,0.9900,0.0000,0.0000
KXNBAGAME-26JAN11PHITOR-PHI,KXNBAGAME-26JAN11PHITOR,Philadelphia at Toronto Winner?,,2026-01-09T16:06:00Z,2026-01-12T02:27:35.087598Z,2026-01-12T02:36:58.009796Z,no,0.0000,3460439.00,0.0100,0.0000,0.0000
KXNBAGAME-26JAN11MIAOKC-OKC,KXNBAGAME-26JAN11MIAOKC,Miami at Oklahoma City Winner?,,2026-01-09T16:06:00Z,2026-01-12T02:37:32.692517Z,2026-01-12T02:46:57.778324Z,yes,1.0000,1012065.00,0.9900,0.0000,0.0000
KXNBAGAME-26JAN11MIAOKC-MIA,KXNBAGAME-26JAN11MIAOKC,Miami at Oklahoma City Winner?,,2026-01-09T16:06:00Z,2026-01-12T02:37:32.692517Z,2026-01-12T02:46:57.778324Z,no,0.0000,2975939.00,0.0100,0.0000,0.0000
KXNBAGAME-26JAN11SASMIN-SAS,KXNBAGAME-26JAN11SASMIN,San Antonio at Minnesota Winner?,,2026-01-09T16:06:00Z,2026-01-12T02:39:50.814538Z,2026-01-12T02:49:18.077887Z,no,0.0000,2908414.00,0.0100,0.0000,0.0000
KXNBAGAME-26JAN11SASMIN-MIN,KXNBAGAME-26JAN11SASMIN,San Antonio at Minnesota Winner?,,2026-01-09T16:06:00Z,2026-01-12T02:39:50.814538Z,2026-01-12T02:49:18.077887Z,yes,1.0000,3934662.00,0.9900,0.0000,0.0000
KXNBAGAME-26JAN11WASPHX-WAS,KXNBAGAME-26JAN11WASPHX,Washington at Phoenix Winner?,,2026-01-09T16:06:00Z,2026-01-12T03:39:48.152059Z,2026-01-12T03:49:17.61417Z,no,0.0000,1166497.00,0.0100,0.0000,0.0000
KXNBAGAME-26JAN11WASPHX-PHX,KXNBAGAME-26JAN11WASPHX,Washington at Phoenix Winner?,,2026-01-09T16:06:00Z,2026-01-12T03:39:48.152059Z,2026-01-12T03:49:17.61417Z,yes,1.0000,408647.00,0.9900,0.0000,0.0000
KXNBAGAME-26JAN11MILDEN-MIL,KXNBAGAME-26JAN11MILDEN,Milwaukee at Denver Winner?,,2026-01-09T16:06:00Z,2026-01-12T03:43:23.914228Z,2026-01-12T03:52:47.729544Z,no,0.0000,3017985.00,0.0100,0.0000,0.0000
KXNBAGAME-26JAN11MILDEN-DEN,KXNBAGAME-26JAN11MILDEN,Milwaukee at Denver Winner?,,2026-01-09T16:06:00Z,2026-01-12T03:43:23.914228Z,2026-01-12T03:52:47.729544Z,yes,1.0000,3334486.00,0.9900,0.0000,0.0000
KXNBAGAME-26JAN11ATLGSW-GSW,KXNBAGAME-26JAN11ATLGSW,Atlanta at Golden State Winner?,,2026-01-09T19:06:00Z,2026-01-12T04:23:24.969322Z,2026-01-12T04:32:47.735622Z,no,0.0000,2931538.00,0.0100,0.0000,0.0000
KXNBAGAME-26JAN11ATLGSW-ATL,KXNBAGAME-26JAN11ATLGSW,Atlanta at Golden State Winner?,,2026-01-09T19:06:00Z,2026-01-12T04:23:24.969322Z,2026-01-12T04:32:47.735622Z,yes,1.0000,1575540.00,0.9900,0.0000,0.0000
KXNBAGAME-26JAN11HOUSAC-SAC,KXNBAGAME-26JAN11HOUSAC,Houston at Sacramento Winner?,,2026-01-09T19:06:00Z,2026-01-12T05:09:33.283024Z,2026-01-12T05:18:57.957176Z,yes,1.0000,5088569.00,0.9900,0.0000,0.0000
KXNBAGAME-26JAN11HOUSAC-HOU,KXNBAGAME-26JAN11HOUSAC,Houston at Sacramento Winner?,,2026-01-09T19:06:00Z,2026-01-12T05:09:33.283024Z,2026-01-12T05:18:57.957176Z,no,0.0000,4767923.00,0.0100,0.0000,0.0000
KXNBAGAME-26JAN12UTACLE-UTA,KXNBAGAME-26JAN12UTACLE,Utah at Cleveland Winner?,,2026-01-10T16:06:00Z,2026-01-13T02:29:53.772131Z,2026-01-13T02:39:21.803109Z,yes,1.0000,7656404.00,0.9900,0.0000,0.0000
KXNBAGAME-26JAN12UTACLE-CLE,KXNBAGAME-26JAN12UTACLE,Utah at Cleveland Winner?,,2026-01-10T16:06:00Z,2026-01-13T02:29:53.772131Z,2026-01-13T02:39:21.803109Z,no,0.0000,3046031.00,0.0100,0.0000,0.0000
KXNBAGAME-26JAN12BOSIND-IND,KXNBAGAME-26JAN12BOSIND,Boston at Indiana Winner?,,2026-01-10T16:06:00Z,2026-01-13T02:55:31.164094Z,2026-01-13T03:04:51.93161Z,yes,1.0000,2830165.00,0.9900,0.0000,0.0000
KXNBAGAME-26JAN12BOSIND-BOS,KXNBAGAME-26JAN12BOSIND,Boston at Indiana Winner?,,2026-01-10T16:06:00Z,2026-01-13T02:55:31.164094Z,2026-01-13T03:04:51.93161Z,no,0.0000,5113948.00,0.0100,0.0000,0.0000
KXNBAGAME-26JAN12PHITOR-TOR,KXNBAGAME-26JAN12PHITOR,Philadelphia at Toronto Winner?,,2026-01-10T16:06:00Z,2026-01-13T03:05:21.98055Z,2026-01-13T03:14:51.655719Z,no,0.0000,2166923.00,0.0100,0.0000,0.0000
KXNBAGAME-26JAN12PHITOR-PHI,KXNBAGAME-26JAN12PHITOR,Philadelphia at Toronto Winner?,,2026-01-10T16:06:00Z,2026-01-13T03:05:21.98055Z,2026-01-13T03:14:51.655719Z,yes,1.0000,1027612.00,0.9900,0.0000,0.0000
KXNBAGAME-26JAN12BKNDAL-DAL,KXNBAGAME-26JAN12BKNDAL,Brooklyn at Dallas Winner?,,2026-01-10T19:06:00Z,2026-01-13T04:01:24.453949Z,2026-01-13T04:10:51.728637Z,yes,1.0000,2123119.00,0.9900,0.0000,0.0000
KXNBAGAME-26JAN12BKNDAL-BKN,KXNBAGAME-26JAN12BKNDAL,Brooklyn at Dallas Winner?,,2026-01-10T19:06:00Z,2026-01-13T04:01:24.453949Z,2026-01-13T04:10:51.728637Z,no,0.0000,2903564.00,0.0100,0.0000,0.0000
KXNBAGAME-26JAN12LALSAC-SAC,KXNBAGAME-26JAN12LALSAC,Los Angeles L at Sacramento Winner?,,2026-01-10T19:06:00Z,2026-01-13T05:35:21.005882Z,2026-01-13T05:44:48.80923Z,yes,1.0000,6650194.00,0.9900,0.0000,0.0000
KXNBAGAME-26JAN12LALSAC-LAL,KXNBAGAME-26JAN12LALSAC,Los Angeles L at Sacramento Winner?,,2026-01-10T19:06:00Z,2026-01-13T05:35:21.005882Z,2026-01-13T05:44:48.80923Z,no,0.0000,7215808.00,0.0100,0.0000,0.0000
KXNBAGAME-26JAN12CHALAC-LAC,KXNBAGAME-26JAN12CHALAC,Charlotte at Los Angeles C Winner?,,2026-01-10T19:06:00Z,2026-01-13T05:53:27.75636Z,2026-01-13T06:02:48.576825Z,yes,1.0000,3562471.00,0.9900,0.0000,0.0000
KXNBAGAME-26JAN12CHALAC-CHA,KXNBAGAME-26JAN12CHALAC,Charlotte at Los Angeles C Winner?,,2026-01-10T19:06:00Z,2026-01-13T05:53:27.75636Z,2026-01-13T06:02:48.576825Z,no,0.0000,5666320.00,0.0100,0.0000,0.0000
KXNBAGAME-26JAN13PHXMIA-PHX,KXNBAGAME-26JAN13PHXMIA,Phoenix at Miami Winner?,,2026-01-11T16:06:00Z,2026-01-14T03:21:34.95832Z,2026-01-14T03:30:58.601873Z,no,0.0000,5180828.00,0.0100,0.0000,0.0000
KXNBAGAME-26JAN13PHXMIA-MIA,KXNBAGAME-26JAN13PHXMIA,Phoenix at Miami Winner?,,2026-01-11T16:06:00Z,2026-01-14T03:21:34.95832Z,2026-01-14T03:30:58.601873Z,yes,1.0000,3418855.00,0.9900,0.0000,0.0000
KXNBAGAME-26JAN13CHIHOU-HOU,KXNBAGAME-26JAN13CHIHOU,Chicago at Houston Winner?,,2026-01-11T16:06:00Z,2026-01-14T03:35:39.992195Z,2026-01-14T03:45:08.630016Z,yes,1.0000,1547600.00,0.9900,0.0000,0.0000
KXNBAGAME-26JAN13CHIHOU-CHI,KXNBAGAME-26JAN13CHIHOU,Chicago at Houston Winner?,,2026-01-11T16:06:00Z,2026-01-14T03:35:39.992195Z,2026-01-14T03:45:08.630016Z,no,0.0000,4421701.00,0.0100,0.0000,0.0000
KXNBAGAME-26JAN08MIACHI-MIA,KXNBAGAME-26JAN08MIACHI,Miami at Chicago Winner?,,2026-01-06T16:06:00Z,2026-01-14T03:38:24.841Z,2026-01-14T03:47:08.610105Z,scalar,0.6900,563825.00,0.7000,0.0000,0.0000
KXNBAGAME-26JAN08MIACHI-CHI,KXNBAGAME-26JAN08MIACHI,Miami at Chicago Winner?,,2026-01-06T16:06:00Z,2026-01-14T03:38:24.841Z,2026-01-14T03:47:08.610105Z,scalar,0.3100,821947.00,0.2600,0.0000,0.0000
KXNBAGAME-26JAN13MINMIL-MIN,KXNBAGAME-26JAN13MINMIL,Minnesota at Milwaukee Winner?,,2026-01-11T16:06:00Z,2026-01-14T03:41:25.51912Z,2026-01-14T03:50:48.513903Z,yes,1.0000,856394.00,0.9900,0.0000,0.0000
KXNBAGAME-26JAN13MINMIL-MIL,KXNBAGAME-26JAN13MINMIL,Minnesota at Milwaukee Winner?,,2026-01-11T16:06:00Z,2026-01-14T03:41:25.51912Z,2026-01-14T03:50:48.513903Z,no,0.0000,1398883.00,0.0100,0.0000,0.0000
KXNBAGAME-26JAN13SASOKC-SAS,KXNBAGAME-26JAN13SASOKC,San Antonio at Oklahoma City Winner?,,2026-01-11T16:06:00Z,2026-01-14T03:47:25.174778Z,2026-01-14T03:56:48.859126Z,no,0.0000,8107551.00,0.0100,0.0000,0.0000
KXNBAGAME-26JAN13SASOKC-OKC,KXNBAGAME-26JAN13SASOKC,San Antonio at Oklahoma City Winner?,,2026-01-11T16:06:00Z,2026-01-14T03:47:25.174778Z,2026-01-14T03:56:48.859126Z,yes,1.0000,2061949.00,0.9900,0.0000,0.0000
KXNBAGAME-26JAN13DENNOP-NOP,KXNBAGAME-26JAN13DENNOP,Denver at New Orleans Winner?,,2026-01-11T16:06:00Z,2026-01-14T03:55:26.512166Z,2026-01-14T04:04:48.642015Z,no,0.0000,2255154.00,0.0100,0.0000,0.0000
KXNBAGAME-26JAN13DENNOP-DEN,KXNBAGAME-26JAN13DENNOP,Denver at New Orleans Winner?,,2026-01-11T16:06:00Z,2026-01-14T03:55:26.512166Z,2026-01-14T04:04:48.642015Z,yes,1.0000,3440061.00,0.9900,0.0000,0.0000
KXNBAGAME-26JAN13ATLLAL-LAL,KXNBAGAME-26JAN13ATLLAL,Atlanta at Los Angeles L Winner?,,2026-01-11T19:06:00Z,2026-01-14T05:57:21.602989Z,2026-01-14T06:06:48.548881Z,yes,1.0000,5359338.00,0.9900,0.0000,0.0000
KXNBAGAME-26JAN13ATLLAL-ATL,KXNBAGAME-26JAN13ATLLAL,Atlanta at Los Angeles L Winner?,,2026-01-11T19:06:00Z,2026-01-14T05:57:21.602989Z,2026-01-14T06:06:48.548881Z,no,0.0000,3744329.00,0.0100,0.0000,0.0000
KXNBAGAME-26JAN13PORGSW-POR,KXNBAGAME-26JAN13PORGSW,Portland at Golden State Winner?,,2026-01-11T19:06:00Z,2026-01-14T06:45:24.361864Z,2026-01-14T06:54:48.507613Z,no,0.0000,4802610.00,0.0100,0.0000,0.0000
KXNBAGAME-26JAN13PORGSW-GSW,KXNBAGAME-26JAN13PORGSW,Portland at Golden State Winner?,,2026-01-11T19:06:00Z,2026-01-14T06:45:24.361864Z,2026-01-14T06:54:48.507613Z,yes,1.0000,981947.00,0.9900,0.0000,0.0000
KXNBAGAME-26JAN14TORIND-TOR,KXNBAGAME-26JAN14TORIND,Toronto at Indiana Winner?,,2026-01-12T16:06:00Z,2026-01-15T02:37:34.699032Z,2026-01-15T02:47:01.75287Z,yes,1.0000,4801502.00,0.9900,0.0000,0.0000
KXNBAGAME-26JAN14TORIND-IND,KXNBAGAME-26JAN14TORIND,Toronto at Indiana Winner?,,2026-01-12T16:06:00Z,2026-01-15T02:37:34.699032Z,2026-01-15T02:47:01.75287Z,no,0.0000,2754665.00,0.0100,0.0000,0.0000
KXNBAGAME-26JAN14CLEPHI-PHI,KXNBAGAME-26JAN14CLEPHI,Cleveland at Philadelphia Winner?,,2026-01-12T16:06:00Z,2026-01-15T02:39:52.513649Z,2026-01-15T02:49:21.737276Z,no,0.0000,4136478.00,0.0100,0.0000,0.0000
KXNBAGAME-26JAN14CLEPHI-CLE,KXNBAGAME-26JAN14CLEPHI,Cleveland at Philadelphia Winner?,,2026-01-12T16:06:00Z,2026-01-15T02:39:52.513649Z,2026-01-15T02:49:21.737276Z,yes,1.0000,1951961.00,0.9900,0.0000,0.0000
KXNBAGAME-26JAN14BKNNOP-NOP,KXNBAGAME-26JAN14BKNNOP,Brooklyn at New Orleans Winner?,,2026-01-12T16:06:00Z,2026-01-15T03:39:43.774494Z,2026-01-15T03:49:11.757853Z,yes,1.0000,2837593.00,0.9900,0.0000,0.0000
KXNBAGAME-26JAN14BKNNOP-BKN,KXNBAGAME-26JAN14BKNNOP,Brooklyn at New Orleans Winner?,,2026-01-12T16:06:00Z,2026-01-15T03:39:43.774494Z,2026-01-15T03:49:11.757853Z,no,0.0000,2510452.00,0.0100,0.0000,0.0000
KXNBAGAME-26JAN14UTACHI-UTA,KXNBAGAME-26JAN14UTACHI,Utah at Chicago Winner?,,2026-01-12T16:06:00Z,2026-01-15T03:41:23.645806Z,2026-01-15T03:50:51.836525Z,no,0.0000,4084894.00,0.0100,0.0000,0.0000
KXNBAGAME-26JAN14UTACHI-CHI,KXNBAGAME-26JAN14UTACHI,Utah at Chicago Winner?,,2026-01-12T16:06:00Z,2026-01-15T03:41:23.645806Z,2026-01-15T03:50:51.836525Z,yes,1.0000,2835256.00,0.9900,0.0000,0.0000
KXNBAGAME-26JAN14DENDAL-DEN,KXNBAGAME-26JAN14DENDAL,Denver at Dallas Winner?,,2026-01-12T19:06:00Z,2026-01-15T05:13:27.438687Z,2026-01-15T05:22:51.765529Z,yes,1.0000,4900762.00,0.9900,0.0000,0.0000
KXNBAGAME-26JAN14DENDAL-DAL,KXNBAGAME-26JAN14DENDAL,Denver at Dallas Winner?,,2026-01-12T19:06:00Z,2026-01-15T05:13:27.438687Z,2026-01-15T05:22:51.765529Z,no,0.0000,4495343.00,0.0100,0.0000,0.0000
KXNBAGAME-26JAN14NYKSAC-SAC,KXNBAGAME-26JAN14NYKSAC,New York at Sacramento Winner?,,2026-01-12T19:06:00Z,2026-01-15T05:51:22.249664Z,2026-01-15T06:00:51.952288Z,yes,1.0000,5187375.00,0.9900,0.0000,0.0000
KXNBAGAME-26JAN14NYKSAC-NYK,KXNBAGAME-26JAN14NYKSAC,New York at Sacramento Winner?,,2026-01-12T19:06:00Z,2026-01-15T05:51:22.249664Z,2026-01-15T06:00:51.952288Z,no,0.0000,4123805.00,0.0100,0.0000,0.0000
KXNBAGAME-26JAN14WASLAC-WAS,KXNBAGAME-26JAN14WASLAC,Washington at Los Angeles C Winner?,,2026-01-12T19:06:00Z,2026-01-15T06:11:25.531842Z,2026-01-15T06:20:51.687651Z,no,0.0000,3396950.00,0.0100,0.0000,0.0000
KXNBAGAME-26JAN14WASLAC-LAC,KXNBAGAME-26JAN14WASLAC,Washington at Los Angeles C Winner?,,2026-01-12T19:06:00Z,2026-01-15T06:11:25.531842Z,2026-01-15T06:20:51.687651Z,yes,1.0000,1202260.00,0.9900,0.0000,0.0000
KXNBAGAME-26JAN15MEMORL-ORL,KXNBAGAME-26JAN15MEMORL,Memphis at Orlando Winner?,,2026-01-13T10:06:00Z,2026-01-15T21:51:32.54269Z,2026-01-15T22:08:07.197259Z,yes,1.0000,6539188.00,0.9900,0.0000,0.0000
KXNBAGAME-26JAN15MEMORL-MEM,KXNBAGAME-26JAN15MEMORL,Memphis at Orlando Winner?,,2026-01-13T10:06:00Z,2026-01-15T21:51:32.54269Z,2026-01-15T22:08:07.197259Z,no,0.0000,4601085.00,0.0100,0.0000,0.0000
KXNBAGAME-26JAN15PHXDET-PHX,KXNBAGAME-26JAN15PHXDET,Phoenix at Detroit Winner?,,2026-01-13T16:06:00Z,2026-01-16T03:03:36.547292Z,2026-01-16T03:13:03.887557Z,no,0.0000,6411152.00,0.0100,0.0000,0.0000
KXNBAGAME-26JAN15PHXDET-DET,KXNBAGAME-26JAN15PHXDET,Phoenix at Detroit Winner?,,2026-01-13T16:06:00Z,2026-01-16T03:03:36.547292Z,2026-01-16T03:13:03.887557Z,yes,1.0000,5790228.00,0.9900,0.0000,0.0000
KXNBAGAME-26JAN15OKCHOU-OKC,KXNBAGAME-26JAN15OKCHOU,Oklahoma City at Houston Winner?,,2026-01-13T16:06:00Z,2026-01-16T03:07:32.283368Z,2026-01-16T03:16:53.841662Z,yes,1.0000,3969365.00,0.9900,0.0000,0.0000
KXNBAGAME-26JAN15OKCHOU-HOU,KXNBAGAME-26JAN15OKCHOU,Oklahoma City at Houston Winner?,,2026-01-13T16:06:00Z,2026-01-16T03:07:32.283368Z,2026-01-16T03:16:53.841662Z,no,0.0000,3685701.00,0.0100,0.0000,0.0000
KXNBAGAME-26JAN15BOSMIA-MIA,KXNBAGAME-26JAN15BOSMIA,Boston at Miami Winner?,,2026-01-13T16:06:00Z,2026-01-16T03:13:33.476011Z,2026-01-16T03:22:53.919349Z,no,0.0000,3049941.00,0.0100,0.0000,0.0000
KXNBAGAME-26JAN15BOSMIA-BOS,KXNBAGAME-26JAN15BOSMIA,Boston at Miami Winner?,,2026-01-13T16:06:00Z,2026-01-16T03:13:33.476011Z,2026-01-16T03:22:53.919349Z,yes,1.0000,4769528.00,0.9900,0.0000,0.0000
KXNBAGAME-26JAN15MILSAS-SAS,KXNBAGAME-26JAN15MILSAS,Milwaukee at San Antonio Winner?,,2026-01-13T16:06:00Z,2026-01-16T03:33:27.235539Z,2026-01-16T03:42:54.047354Z,yes,1.0000,1394959.00,0.9900,0.0000,0.0000
KXNBAGAME-26JAN15MILSAS-MIL,KXNBAGAME-26JAN15MILSAS,Milwaukee at San Antonio Winner?,,2026-01-13T16:06:00Z,2026-01-16T03:33:27.235539Z,2026-01-16T03:42:54.047354Z,no,0.0000,1260721.00,0.0100,0.0000,0.0000
KXNBAGAME-26JAN15UTADAL-UTA,KXNBAGAME-26JAN15UTADAL,Utah at Dallas Winner?,,2026-01-13T19:06:00Z,2026-01-16T03:59:58.420473Z,2026-01-16T04:09:23.62968Z,no,0.0000,1374995.00,0.0100,0.0000,0.0000
KXNBAGAME-26JAN15UTADAL-DAL,KXNBAGAME-26JAN15UTADAL,Utah at Dallas Winner?,,2026-01-13T19:06:00Z,2026-01-16T03:59:58.420473Z,2026-01-16T04:09:23.62968Z,yes,1.0000,798521.00,0.9900,0.0000,0.0000
KXNBAGAME-26JAN15ATLPOR-POR,KXNBAGAME-26JAN15ATLPOR,Atlanta at Portland Winner?,,2026-01-13T19:06:00Z,2026-01-16T05:35:23.561052Z,2026-01-16T05:44:43.684345Z,yes,1.0000,3226198.00,0.9900,0.0000,0.0000
KXNBAGAME-26JAN15ATLPOR-ATL,KXNBAGAME-26JAN15ATLPOR,Atlanta at Portland Winner?,,2026-01-13T19:06:00Z,2026-01-16T05:35:23.561052Z,2026-01-16T05:44:43.684345Z,no,0.0000,2130100.00,0.0100,0.0000,0.0000
KXNBAGAME-26JAN15NYKGSW-NYK,KXNBAGAME-26JAN15NYKGSW,New York at Golden State Winner?,,2026-01-13T19:06:00Z,2026-01-16T05:57:27.990042Z,2026-01-16T06:06:53.917124Z,no,0.0000,7622223.00,0.0100,0.0000,0.0000
KXNBAGAME-26JAN15NYKGSW-GSW,KXNBAGAME-26JAN15NYKGSW,New York at Golden State Winner?,,2026-01-13T19:06:00Z,2026-01-16T05:57:27.990042Z,2026-01-16T06:06:53.917124Z,yes,1.0000,4994222.00,0.9900,0.0000,0.0000
KXNBAGAME-26JAN15CHALAL-LAL,KXNBAGAME-26JAN15CHALAL,Charlotte at Los Angeles L Winner?,,2026-01-13T19:06:00Z,2026-01-16T06:05:23.038664Z,2026-01-16T06:14:43.904574Z,no,0.0000,9318173.00,0.0100,0.0000,0.0000
KXNBAGAME-26JAN15CHALAL-CHA,KXNBAGAME-26JAN15CHALAL,Charlotte at Los Angeles L Winner?,,2026-01-13T19:06:00Z,2026-01-16T06:05:23.038664Z,2026-01-16T06:14:43.904574Z,yes,1.0000,3908645.00,0.9900,0.0000,0.0000
KXNBAGAME-26JAN16NOPIND-NOP,KXNBAGAME-26JAN16NOPIND,New Orleans at Indiana Winner?,,2026-01-14T16:06:00Z,2026-01-17T02:25:35.632726Z,2026-01-17T02:35:01.086305Z,no,0.0000,2626847.00,0.0100,0.0000,0.0000
KXNBAGAME-26JAN16NOPIND-IND,KXNBAGAME-26JAN16NOPIND,New Orleans at Indiana Winner?,,2026-01-14T16:06:00Z,2026-01-17T02:25:35.632726Z,2026-01-17T02:35:01.086305Z,yes,1.0000,1431818.00,0.9900,0.0000,0.0000
KXNBAGAME-26JAN16CLEPHI-PHI,KXNBAGAME-26JAN16CLEPHI,Cleveland at Philadelphia Winner?,,2026-01-14T16:06:00Z,2026-01-17T02:43:27.058217Z,2026-01-17T02:52:51.268814Z,no,0.0000,4863825.00,0.0100,0.0000,0.0000
KXNBAGAME-26JAN16CLEPHI-CLE,KXNBAGAME-26JAN16CLEPHI,Cleveland at Philadelphia Winner?,,2026-01-14T16:06:00Z,2026-01-17T02:43:27.058217Z,2026-01-17T02:52:51.268814Z,yes,1.0000,5917598.00,0.9900,0.0000,0.0000
KXNBAGAME-26JAN16CHIBKN-CHI,KXNBAGAME-26JAN16CHIBKN,Chicago at Brooklyn Winner?,,2026-01-14T16:06:00Z,2026-01-17T03:15:28.424736Z,2026-01-17T03:24:50.999726Z,no,0.0000,4489133.00,0.0100,0.0000,0.0000
KXNBAGAME-26JAN16CHIBKN-BKN,KXNBAGAME-26JAN16CHIBKN,Chicago at Brooklyn Winner?,,2026-01-14T16:06:00Z,2026-01-17T03:15:28.424736Z,2026-01-17T03:24:50.999726Z,yes,1.0000,2137659.00,0.9900,0.0000,0.0000
KXNBAGAME-26JAN16LACTOR-TOR,KXNBAGAME-26JAN16LACTOR,Los Angeles C at Toronto Winner?,,2026-01-14T16:06:00Z,2026-01-17T03:19:43.063043Z,2026-01-17T03:29:11.081586Z,no,0.0000,5153318.00,0.0100,0.0000,0.0000
KXNBAGAME-26JAN16LACTOR-LAC,KXNBAGAME-26JAN16LACTOR,Los Angeles C at Toronto Winner?,,2026-01-14T16:06:00Z,2026-01-17T03:19:43.063043Z,2026-01-17T03:29:11.081586Z,yes,1.0000,5477575.00,0.9900,0.0000,0.0000
KXNBAGAME-26JAN16MINHOU-MIN,KXNBAGAME-26JAN16MINHOU,Minnesota at Houston Winner?,,2026-01-14T19:06:00Z,2026-01-17T05:35:22.778558Z,2026-01-17T05:44:51.215911Z,no,0.0000,6877414.00,0.0100,0.0000,0.0000
KXNBAGAME-26JAN16MINHOU-HOU,KXNBAGAME-26JAN16MINHOU,Minnesota at Houston Winner?,,2026-01-14T19:06:00Z,2026-01-17T05:35:22.778558Z,2026-01-17T05:44:51.215911Z,yes,1.0000,8321667.00,0.9900,0.0000,0.0000
KXNBAGAME-26JAN16WASSAC-WAS,KXNBAGAME-26JAN16WASSAC,Washington at Sacramento Winner?,,2026-01-14T19:06:00Z,2026-01-17T05:55:24.948223Z,2026-01-17T06:04:51.017169Z,no,0.0000,4460044.00,0.0100,0.0000,0.0000
KXNBAGAME-26JAN16WASSAC-SAC,KXNBAGAME-26JAN16WASSAC,Washington at Sacramento Winner?,,2026-01-14T19:06:00Z,2026-01-17T05:55:24.948223Z,2026-01-17T06:04:51.017169Z,yes,1.0000,2377067.00,0.9900,0.0000,0.0000
KXNBAGAME-26JAN17UTADAL-UTA,KXNBAGAME-26JAN17UTADAL,Utah at Dallas Winner?,,2026-01-15T13:06:00Z,2026-01-18T00:55:44.054409Z,2026-01-18T00:57:21.482078Z,no,0.0000,1483405.00,0.0100,0.0000,0.0000
KXNBAGAME-26JAN17UTADAL-DAL,KXNBAGAME-26JAN17UTADAL,Utah at Dallas Winner?,,2026-01-15T13:06:00Z,2026-01-18T00:55:44.054409Z,2026-01-18T00:57:21.482078Z,yes,1.0000,1268747.00,0.9900,0.0000,0.0000
KXNBAGAME-26JAN17BOSATL-BOS,KXNBAGAME-26JAN17BOSATL,Boston at Atlanta Winner?,,2026-01-15T16:06:00Z,2026-01-18T02:57:43.353456Z,2026-01-18T02:59:20.992554Z,yes,1.0000,736558.00,0.9900,0.0000,0.0000
KXNBAGAME-26JAN17BOSATL-ATL,KXNBAGAME-26JAN17BOSATL,Boston at Atlanta Winner?,,2026-01-15T16:06:00Z,2026-01-18T02:57:43.353456Z,2026-01-18T02:59:20.992554Z,no,0.0000,705103.00,0.0100,0.0000,0.0000
KXNBAGAME-26JAN17INDDET-IND,KXNBAGAME-26JAN17INDDET,Indiana at Detroit Winner?,,2026-01-15T16:06:00Z,2026-01-18T03:05:33.711352Z,2026-01-18T03:07:11.067931Z,no,0.0000,1179036.00,0.0100,0.0000,0.0000
KXNBAGAME-26JAN17INDDET-DET,KXNBAGAME-26JAN17INDDET,Indiana at Detroit Winner?,,2026-01-15T16:06:00Z,2026-01-18T03:05:33.711352Z,2026-01-18T03:07:11.067931Z,yes,1.0000,353437.00,0.9900,0.0000,0.0000
KXNBAGAME-26JAN17PHXNYK-PHX,KXNBAGAME-26JAN17PHXNYK,Phoenix at New York Winner?,,2026-01-15T16:06:00Z,2026-01-18T03:23:31.852572Z,2026-01-18T03:25:11.084192Z,yes,1.0000,2889402.00,0.9900,0.0000,0.0000
KXNBAGAME-26JAN17PHXNYK-NYK,KXNBAGAME-26JAN17PHXNYK,Phoenix at New York Winner?,,2026-01-15T16:06:00Z,2026-01-18T03:23:31.852572Z,2026-01-18T03:25:11.084192Z,no,0.0000,3374176.00,0.0100,0.0000,0.0000
KXNBAGAME-26JAN17OKCMIA-OKC,KXNBAGAME-26JAN17OKCMIA,Oklahoma City at Miami Winner?,,2026-01-15T16:06:00Z,2026-01-18T03:49:52.93432Z,2026-01-18T03:51:31.117276Z,no,0.0000,2771778.00,0.0100,0.0000,0.0000
KXNBAGAME-26JAN17OKCMIA-MIA,KXNBAGAME-26JAN17OKCMIA,Oklahoma City at Miami Winner?,,2026-01-15T16:06:00Z,2026-01-18T03:49:52.93432Z,2026-01-18T03:51:31.117276Z,yes,1.0000,3674439.00,0.9900,0.0000,0.0000
KXNBAGAME-26JAN17MINSAS-SAS,KXNBAGAME-26JAN17MINSAS,Minnesota at San Antonio Winner?,,2026-01-15T16:06:00Z,2026-01-18T03:53:24.157012Z,2026-01-18T03:55:01.297609Z,yes,1.0000,2096238.00,0.9900,0.0000,0.0000
KXNBAGAME-26JAN17MINSAS-MIN,KXNBAGAME-26JAN17MINSAS,Minnesota at San Antonio Winner?,,2026-01-15T16:06:00Z,2026-01-18T03:53:24.157012Z,2026-01-18T03:55:01.297609Z,no,0.0000,2991254.00,0.0100,0.0000,0.0000
KXNBAGAME-26JAN17CHAGSW-GSW,KXNBAGAME-26JAN17CHAGSW,Charlotte at Golden State Winner?,,2026-01-15T19:06:00Z,2026-01-18T04:07:30.616465Z,2026-01-18T04:09:01.017517Z,yes,1.0000,1006354.00,0.9900,0.0000,0.0000
KXNBAGAME-26JAN17CHAGSW-CHA,KXNBAGAME-26JAN17CHAGSW,Charlotte at Golden State Winner?,,2026-01-15T19:06:00Z,2026-01-18T04:07:30.616465Z,2026-01-18T04:09:01.017517Z,no,0.0000,1189489.00,0.0100,0.0000,0.0000
KXNBAGAME-26JAN17WASDEN-WAS,KXNBAGAME-26JAN17WASDEN,Washington at Denver Winner?,,2026-01-15T19:06:00Z,2026-01-18T04:45:24.716717Z,2026-01-18T04:47:01.148371Z,no,0.0000,2727841.00,0.0100,0.0000,0.0000
KXNBAGAME-26JAN17WASDEN-DEN,KXNBAGAME-26JAN17WASDEN,Washington at Denver Winner?,,2026-01-15T19:06:00Z,2026-01-18T04:45:24.716717Z,2026-01-18T04:47:01.148371Z,yes,1.0000,4151262.00,0.9900,0.0000,0.0000
KXNBAGAME-26JAN17LALPOR-POR,KXNBAGAME-26JAN17LALPOR,Los Angeles L at Portland Winner?,,2026-01-15T19:06:00Z,2026-01-18T05:53:23.130406Z,2026-01-18T05:55:01.194421Z,yes,1.0000,2205671.00,0.9900,0.0000,0.0000
KXNBAGAME-26JAN17LALPOR-LAL,KXNBAGAME-26JAN17LALPOR,Los Angeles L at Portland Winner?,,2026-01-15T19:06:00Z,2026-01-18T05:53:23.130406Z,2026-01-18T05:55:01.194421Z,no,0.0000,4390380.00,0.0100,0.0000,0.0000
KXNBAGAME-26JAN18ORLMEM-ORL,KXNBAGAME-26JAN18ORLMEM,Orlando at Memphis Winner?,,2026-01-16T10:06:00Z,2026-01-18T19:37:25.702757Z,2026-01-18T19:39:01.083047Z,no,0.0000,3107752.00,0.0100,0.0000,0.0000
KXNBAGAME-26JAN18ORLMEM-MEM,KXNBAGAME-26JAN18ORLMEM,Orlando at Memphis Winner?,,2026-01-16T10:06:00Z,2026-01-18T19:37:25.702757Z,2026-01-18T19:39:01.083047Z,yes,1.0000,1852538.00,0.9900,0.0000,0.0000
KXNBAGAME-26JAN18BKNCHI-CHI,KXNBAGAME-26JAN18BKNCHI,Brooklyn at Chicago Winner?,,2026-01-16T16:06:00Z,2026-01-19T02:21:30.308134Z,2026-01-19T02:23:01.131674Z,yes,1.0000,770052.00,0.9900,0.0000,0.0000
KXNBAGAME-26JAN18BKNCHI-BKN,KXNBAGAME-26JAN18BKNCHI,Brooklyn at Chicago Winner?,,2026-01-16T16:06:00Z,2026-01-19T02:21:30.308134Z,2026-01-19T02:23:01.131674Z,no,0.0000,667650.00,0.0100,0.0000,0.0000
KXNBAGAME-26JAN18NOPHOU-NOP,KXNBAGAME-26JAN18NOPHOU,New Orleans at Houston Winner?,,2026-01-16T16:06:00Z,2026-01-19T02:25:29.374455Z,2026-01-19T02:27:01.050917Z,no,0.0000,2596880.00,0.0100,0.0000,0.0000
KXNBAGAME-26JAN18NOPHOU-HOU,KXNBAGAME-26JAN18NOPHOU,New Orleans at Houston Winner?,,2026-01-16T16:06:00Z,2026-01-19T02:25:29.374455Z,2026-01-19T02:27:01.050917Z,yes,1.0000,730039.00,0.9900,0.0000,0.0000
KXNBAGAME-26JAN18CHADEN-DEN,KXNBAGAME-26JAN18CHADEN,Charlotte at Denver Winner?,,2026-01-16T16:06:00Z,2026-01-19T03:27:28.839735Z,2026-01-19T03:29:01.079342Z,no,0.0000,2597744.00,0.0100,0.0000,0.0000
KXNBAGAME-26JAN18CHADEN-CHA,KXNBAGAME-26JAN18CHADEN,Charlotte at Denver Winner?,,2026-01-16T16:06:00Z,2026-01-19T03:27:28.839735Z,2026-01-19T03:29:01.079342Z,yes,1.0000,957215.00,0.9900,0.0000,0.0000
KXNBAGAME-26JAN18PORSAC-SAC,KXNBAGAME-26JAN18PORSAC,Portland at Sacramento Winner?,,2026-01-16T19:06:00Z,2026-01-19T04:39:46.187215Z,2026-01-19T04:41:18.376436Z,no,0.0000,4301694.00,0.0100,0.0000,0.0000
KXNBAGAME-26JAN18PORSAC-POR,KXNBAGAME-26JAN18PORSAC,Portland at Sacramento Winner?,,2026-01-16T19:06:00Z,2026-01-19T04:39:46.187215Z,2026-01-19T04:41:18.376436Z,yes,1.0000,4142857.00,0.9900,0.0000,0.0000
KXNBAGAME-26JAN18TORLAL-TOR,KXNBAGAME-26JAN18TORLAL,Toronto at Los Angeles L Winner?,,2026-01-16T19:06:00Z,2026-01-19T05:00:41.296048Z,2026-01-19T05:02:21.226442Z,no,0.0000,4330914.00,0.0100,0.0000,0.0000
KXNBAGAME-26JAN18TORLAL-LAL,KXNBAGAME-26JAN18TORLAL,Toronto at Los Angeles L Winner?,,2026-01-16T19:06:00Z,2026-01-19T05:00:41.296048Z,2026-01-19T05:02:21.226442Z,yes,1.0000,4908034.00,0.9900,0.0000,0.0000
KXNBAGAME-26JAN19MILATL-MIL,KXNBAGAME-26JAN19MILATL,Milwaukee at Atlanta Winner?,,2026-01-17T10:06:00Z,2026-01-19T20:48:07.704657Z,2026-01-19T20:49:41.330463Z,yes,1.0000,5471297.00,0.9900,0.0000,0.0000
KXNBAGAME-26JAN19MILATL-ATL,KXNBAGAME-26JAN19MILATL,Milwaukee at Atlanta Winner?,,2026-01-17T10:06:00Z,2026-01-19T20:48:07.704657Z,2026-01-19T20:49:41.330463Z,no,0.0000,5155929.00,0.0100,0.0000,0.0000
KXNBAGAME-26JAN19OKCCLE-OKC,KXNBAGAME-26JAN19OKCCLE,Oklahoma City at Cleveland Winner?,,2026-01-17T13:06:00Z,2026-01-19T22:19:57.212501Z,2026-01-19T22:21:31.242075Z,yes,1.0000,2788051.00,0.9900,0.0000,0.0000
KXNBAGAME-26JAN19OKCCLE-CLE,KXNBAGAME-26JAN19OKCCLE,Oklahoma City at Cleveland Winner?,,2026-01-17T13:06:00Z,2026-01-19T22:19:57.212501Z,2026-01-19T22:21:31.242075Z,no,0.0000,2355318.00,0.0100,0.0000,0.0000
KXNBAGAME-26JAN19LACWAS-WAS,KXNBAGAME-26JAN19LACWAS,Los Angeles C at Washington Winner?,,2026-01-17T13:06:00Z,2026-01-19T22:41:35.751765Z,2026-01-19T22:43:11.209133Z,no,0.0000,3364827.00,0.0100,0.0000,0.0000
KXNBAGAME-26JAN19LACWAS-LAC,KXNBAGAME-26JAN19LACWAS,Los Angeles C at Washington Winner?,,2026-01-17T13:06:00Z,2026-01-19T22:41:35.751765Z,2026-01-19T22:43:11.209133Z,yes,1.0000,4003240.00,0.9900,0.0000,0.0000
KXNBAGAME-26JAN19UTASAS-UTA,KXNBAGAME-26JAN19UTASAS,Utah at San Antonio Winner?,,2026-01-17T13:06:00Z,2026-01-20T00:43:29.695489Z,2026-01-20T00:45:01.093844Z,no,0.0000,2945086.00,0.0100,0.0000,0.0000
KXNBAGAME-26JAN19UTASAS-SAS,KXNBAGAME-26JAN19UTASAS,Utah at San Antonio Winner?,,2026-01-17T13:06:00Z,2026-01-20T00:43:29.695489Z,2026-01-20T00:45:01.093844Z,yes,1.0000,1339872.00,0.9900,0.0000,0.0000
KXNBAGAME-26JAN19DALNYK-NYK,KXNBAGAME-26JAN19DALNYK,Dallas at New York Winner?,,2026-01-17T13:06:00Z,2026-01-20T00:47:29.077595Z,2026-01-20T00:49:01.379898Z,no,0.0000,3745633.00,0.0100,0.0000,0.0000
KXNBAGAME-26JAN19DALNYK-DAL,KXNBAGAME-26JAN19DALNYK,Dallas at New York Winner?,,2026-01-17T13:06:00Z,2026-01-20T00:47:29.077595Z,2026-01-20T00:49:01.379898Z,yes,1.0000,5804608.00,0.9900,0.0000,0.0000
KXNBAGAME-26JAN19INDPHI-PHI,KXNBAGAME-26JAN19INDPHI,Indiana at Philadelphia Winner?,,2026-01-17T16:06:00Z,2026-01-20T02:35:26.792137Z,2026-01-20T02:37:01.17564Z,yes,1.0000,3175060.00,0.9900,0.0000,0.0000
KXNBAGAME-26JAN19INDPHI-IND,KXNBAGAME-26JAN19INDPHI,Indiana at Philadelphia Winner?,,2026-01-17T16:06:00Z,2026-01-20T02:35:26.792137Z,2026-01-20T02:37:01.17564Z,no,0.0000,2410763.00,0.0100,0.0000,0.0000
KXNBAGAME-26JAN19PHXBKN-PHX,KXNBAGAME-26JAN19PHXBKN,Phoenix at Brooklyn Winner?,,2026-01-17T16:06:00Z,2026-01-20T03:05:22.809718Z,2026-01-20T03:07:01.045344Z,yes,1.0000,1568339.00,0.9900,0.0000,0.0000
KXNBAGAME-26JAN19PHXBKN-BKN,KXNBAGAME-26JAN19PHXBKN,Phoenix at Brooklyn Winner?,,2026-01-17T16:06:00Z,2026-01-20T03:05:22.809718Z,2026-01-20T03:07:01.045344Z,no,0.0000,2052909.00,0.0100,0.0000,0.0000
KXNBAGAME-26JAN19BOSDET-DET,KXNBAGAME-26JAN19BOSDET,Boston at Detroit Winner?,,2026-01-17T16:06:00Z,2026-01-20T04:09:38.62514Z,2026-01-20T04:11:11.249457Z,yes,1.0000,4583002.00,0.9900,0.0000,0.0000
KXNBAGAME-26JAN19BOSDET-BOS,KXNBAGAME-26JAN19BOSDET,Boston at Detroit Winner?,,2026-01-17T16:06:00Z,2026-01-20T04:09:38.62514Z,2026-01-20T04:11:11.249457Z,no,0.0000,4276966.00,0.0100,0.0000,0.0000
KXNBAGAME-26JAN19MIAGSW-MIA,KXNBAGAME-26JAN19MIAGSW,Miami at Golden State Winner?,,2026-01-17T19:06:00Z,2026-01-20T05:43:23.731919Z,2026-01-20T05:45:01.30925Z,no,0.0000,4574098.00,0.0100,0.0000,0.0000
KXNBAGAME-26JAN19MIAGSW-GSW,KXNBAGAME-26JAN19MIAGSW,Miami at Golden State Winner?,,2026-01-17T19:06:00Z,2026-01-20T05:43:23.731919Z,2026-01-20T05:45:01.30925Z,yes,1.0000,4243336.00,0.9900,0.0000,0.0000
KXNBAGAME-26JAN20PHXPHI-PHX,KXNBAGAME-26JAN20PHXPHI,Phoenix at Philadelphia Winner?,,2026-01-18T16:06:00Z,2026-01-21T02:51:35.998975Z,2026-01-21T03:21:15.905068Z,yes,1.0000,3618139.00,0.9900,0.0000,0.0000
KXNBAGAME-26JAN20PHXPHI-PHI,KXNBAGAME-26JAN20PHXPHI,Phoenix at Philadelphia Winner?,,2026-01-18T16:06:00Z,2026-01-21T02:51:35.998975Z,2026-01-21T03:21:15.905068Z,no,0.0000,3582469.00,0.0100,0.0000,0.0000
KXNBAGAME-26JAN20LACCHI-LAC,KXNBAGAME-26JAN20LACCHI,Los Angeles C at Chicago Winner?,,2026-01-18T16:06:00Z,2026-01-21T03:27:27.74281Z,2026-01-21T03:29:05.876502Z,no,0.0000,1615141.00,0.0100,0.0000,0.0000
KXNBAGAME-26JAN20LACCHI-CHI,KXNBAGAME-26JAN20LACCHI,Los Angeles C at Chicago Winner?,,2026-01-18T16:06:00Z,2026-01-21T03:27:27.74281Z,2026-01-21T03:29:05.876502Z,yes,1.0000,1143876.00,0.9900,0.0000,0.0000
KXNBAGAME-26JAN20SASHOU-SAS,KXNBAGAME-26JAN20SASHOU,San Antonio at Houston Winner?,,2026-01-18T16:06:00Z,2026-01-21T04:03:30.135573Z,2026-01-21T04:05:05.341547Z,no,0.0000,6586627.00,0.0100,0.0000,0.0000
KXNBAGAME-26JAN20SASHOU-HOU,KXNBAGAME-26JAN20SASHOU,San Antonio at Houston Winner?,,2026-01-18T16:06:00Z,2026-01-21T04:03:30.135573Z,2026-01-21T04:05:05.341547Z,yes,1.0000,4023255.00,0.9900,0.0000,0.0000
KXNBAGAME-26JAN20MINUTA-UTA,KXNBAGAME-26JAN20MINUTA,Minnesota at Utah Winner?,,2026-01-18T19:06:00Z,2026-01-21T04:45:25.889439Z,2026-01-21T04:47:05.001508Z,yes,1.0000,6506108.00,0.9900,0.0000,0.0000
KXNBAGAME-26JAN20MINUTA-MIN,KXNBAGAME-26JAN20MINUTA,Minnesota at Utah Winner?,,2026-01-18T19:06:00Z,2026-01-21T04:45:25.889439Z,2026-01-21T04:47:05.001508Z,no,0.0000,3722128.00,0.0100,0.0000,0.0000
KXNBAGAME-26JAN20MIASAC-SAC,KXNBAGAME-26JAN20MIASAC,Miami at Sacramento Winner?,,2026-01-18T19:06:00Z,2026-01-21T05:31:26.562085Z,2026-01-21T05:33:04.767875Z,no,0.0000,1797679.00,0.0100,0.0000,0.0000
KXNBAGAME-26JAN20MIASAC-MIA,KXNBAGAME-26JAN20MIASAC,Miami at Sacramento Winner?,,2026-01-18T19:06:00Z,2026-01-21T05:31:26.562085Z,2026-01-21T05:33:04.767875Z,yes,1.0000,1508257.00,0.9900,0.0000,0.0000
KXNBAGAME-26JAN20LALDEN-LAL,KXNBAGAME-26JAN20LALDEN,Los Angeles L at Denver Winner?,,2026-01-18T19:06:00Z,2026-01-21T05:43:24.983027Z,2026-01-21T05:45:05.281157Z,yes,1.0000,7364441.00,0.9900,0.0000,0.0000
KXNBAGAME-26JAN20LALDEN-DEN,KXNBAGAME-26JAN20LALDEN,Los Angeles L at Denver Winner?,,2026-01-18T19:06:00Z,2026-01-21T05:43:24.983027Z,2026-01-21T05:45:05.281157Z,no,0.0000,5599641.00,0.0100,0.0000,0.0000
KXNBAGAME-26JAN20TORGSW-TOR,KXNBAGAME-26JAN20TORGSW,Toronto at Golden State Winner?,,2026-01-18T19:06:00Z,2026-01-21T05:55:23.348984Z,2026-01-21T05:56:54.841579Z,yes,1.0000,2560147.00,0.9900,0.0000,0.0000
KXNBAGAME-26JAN20TORGSW-GSW,KXNBAGAME-26JAN20TORGSW,Toronto at Golden State Winner?,,2026-01-18T19:06:00Z,2026-01-21T05:55:23.348984Z,2026-01-21T05:56:54.841579Z,no,0.0000,3279713.00,0.0100,0.0000,0.0000
KXNBAGAME-26JAN21CLECHA-CLE,KXNBAGAME-26JAN21CLECHA,Cleveland at Charlotte Winner?,,2026-01-19T16:06:00Z,2026-01-22T03:00:23.489849Z,2026-01-22T03:01:54.914917Z,yes,1.0000,4324885.00,0.9900,0.0000,0.0000
KXNBAGAME-26JAN21CLECHA-CHA,KXNBAGAME-26JAN21CLECHA,Cleveland at Charlotte Winner?,,2026-01-19T16:06:00Z,2026-01-22T03:00:23.489849Z,2026-01-22T03:01:54.914917Z,no,0.0000,4039892.00,0.0100,0.0000,0.0000
KXNBAGAME-26JAN21BKNNYK-NYK,KXNBAGAME-26JAN21BKNNYK,Brooklyn at New York Winner?,,2026-01-19T16:06:00Z,2026-01-22T03:03:30.818995Z,2026-01-22T03:05:04.827992Z,yes,1.0000,704575.00,0.9900,0.0000,0.0000
KXNBAGAME-26JAN21BKNNYK-BKN,KXNBAGAME-26JAN21BKNNYK,Brooklyn at New York Winner?,,2026-01-19T16:06:00Z,2026-01-22T03:03:30.818995Z,2026-01-22T03:05:04.827992Z,no,0.0000,1614981.00,0.0100,0.0000,0.0000
KXNBAGAME-26JAN21INDBOS-IND,KXNBAGAME-26JAN21INDBOS,Indiana at Boston Winner?,,2026-01-19T16:06:00Z,2026-01-22T03:07:25.057957Z,2026-01-22T03:09:04.876265Z,no,0.0000,1230053.00,0.0100,0.0000,0.0000
KXNBAGAME-26JAN21INDBOS-BOS,KXNBAGAME-26JAN21INDBOS,Indiana at Boston Winner?,,2026-01-19T16:06:00Z,2026-01-22T03:07:25.057957Z,2026-01-22T03:09:04.876265Z,yes,1.0000,1169922.00,0.9900,0.0000,0.0000
KXNBAGAME-26JAN21DETNOP-NOP,KXNBAGAME-26JAN21DETNOP,Detroit at New Orleans Winner?,,2026-01-19T16:06:00Z,2026-01-22T03:31:28.502537Z,2026-01-22T03:33:04.865849Z,no,0.0000,1850688.00,0.0100,0.0000,0.0000
KXNBAGAME-26JAN21DETNOP-DET,KXNBAGAME-26JAN21DETNOP,Detroit at New Orleans Winner?,,2026-01-19T16:06:00Z,2026-01-22T03:31:28.502537Z,2026-01-22T03:33:04.865849Z,yes,1.0000,2385741.00,0.9900,0.0000,0.0000
KXNBAGAME-26JAN21ATLMEM-MEM,KXNBAGAME-26JAN21ATLMEM,Atlanta at Memphis Winner?,,2026-01-19T16:06:00Z,2026-01-22T03:45:27.27288Z,2026-01-22T03:47:05.136133Z,no,0.0000,4499915.00,0.0100,0.0000,0.0000
KXNBAGAME-26JAN21ATLMEM-ATL,KXNBAGAME-26JAN21ATLMEM,Atlanta at Memphis Winner?,,2026-01-19T16:06:00Z,2026-01-22T03:45:27.27288Z,2026-01-22T03:47:05.136133Z,yes,1.0000,3858560.00,0.9900,0.0000,0.0000
KXNBAGAME-26JAN21OKCMIL-OKC,KXNBAGAME-26JAN21OKCMIL,Oklahoma City at Milwaukee Winner?,,2026-01-19T19:07:00Z,2026-01-22T05:17:24.346651Z,2026-01-22T05:18:54.853418Z,yes,1.0000,1621909.00,0.9900,0.0000,0.0000
KXNBAGAME-26JAN21OKCMIL-MIL,KXNBAGAME-26JAN21OKCMIL,Oklahoma City at Milwaukee Winner?,,2026-01-19T19:07:00Z,2026-01-22T05:17:24.346651Z,2026-01-22T05:18:54.853418Z,no,0.0000,2713398.00,0.0100,0.0000,0.0000
KXNBAGAME-26JAN21TORSAC-TOR,KXNBAGAME-26JAN21TORSAC,Toronto at Sacramento Winner?,,2026-01-19T19:07:00Z,2026-01-22T05:43:21.96969Z,2026-01-22T05:44:54.994439Z,yes,1.0000,6716413.00,0.9900,0.0000,0.0000
KXNBAGAME-26JAN21TORSAC-SAC,KXNBAGAME-26JAN21TORSAC,Toronto at Sacramento Winner?,,2026-01-19T19:07:00Z,2026-01-22T05:43:21.96969Z,2026-01-22T05:44:54.994439Z,no,0.0000,5100811.00,0.0100,0.0000,0.0000
KXNBAGAME-26JAN22CHAORL-ORL,KXNBAGAME-26JAN22CHAORL,Charlotte at Orlando Winner?,,2026-01-20T16:06:00Z,2026-01-23T02:39:57.664698Z,2026-01-23T02:41:30.348971Z,no,0.0000,2414564.00,0.0100,0.0000,0.0000
KXNBAGAME-26JAN22CHAORL-CHA,KXNBAGAME-26JAN22CHAORL,Charlotte at Orlando Winner?,,2026-01-20T16:06:00Z,2026-01-23T02:39:57.664698Z,2026-01-23T02:41:30.348971Z,yes,1.0000,1894815.00,0.9900,0.0000,0.0000
KXNBAGAME-26JAN22DENWAS-WAS,KXNBAGAME-26JAN22DENWAS,Denver at Washington Winner?,,2026-01-20T16:06:00Z,2026-01-23T02:39:59.267766Z,2026-01-23T02:41:30.625062Z,no,0.0000,2362083.00,0.0100,0.0000,0.0000
KXNBAGAME-26JAN22DENWAS-DEN,KXNBAGAME-26JAN22DENWAS,Denver at Washington Winner?,,2026-01-20T16:06:00Z,2026-01-23T02:39:59.267766Z,2026-01-23T02:41:30.625062Z,yes,1.0000,3891140.00,0.9900,0.0000,0.0000
KXNBAGAME-26JAN22HOUPHI-PHI,KXNBAGAME-26JAN22HOUPHI,Houston at Philadelphia Winner?,,2026-01-20T16:06:00Z,2026-01-23T03:01:30.86383Z,2026-01-23T03:03:10.486022Z,yes,1.0000,5660619.00,0.9900,0.0000,0.0000
KXNBAGAME-26JAN22HOUPHI-HOU,KXNBAGAME-26JAN22HOUPHI,Houston at Philadelphia Winner?,,2026-01-20T16:06:00Z,2026-01-23T03:01:30.86383Z,2026-01-23T03:03:10.486022Z,no,0.0000,6523561.00,0.0100,0.0000,0.0000
KXNBAGAME-26JAN22GSWDAL-GSW,KXNBAGAME-26JAN22GSWDAL,Golden State at Dallas Winner?,,2026-01-20T16:06:00Z,2026-01-23T03:33:28.391327Z,2026-01-23T03:35:00.51434Z,no,0.0000,4387309.00,0.0100,0.0000,0.0000
KXNBAGAME-26JAN22GSWDAL-DAL,KXNBAGAME-26JAN22GSWDAL,Golden State at Dallas Winner?,,2026-01-20T16:06:00Z,2026-01-23T03:33:28.391327Z,2026-01-23T03:35:00.51434Z,yes,1.0000,5147182.00,0.9900,0.0000,0.0000
KXNBAGAME-26JAN22CHIMIN-MIN,KXNBAGAME-26JAN22CHIMIN,Chicago at Minnesota Winner?,,2026-01-20T16:06:00Z,2026-01-23T03:39:40.743328Z,2026-01-23T03:41:20.386796Z,no,0.0000,3990963.00,0.0100,0.0000,0.0000
KXNBAGAME-26JAN22CHIMIN-CHI,KXNBAGAME-26JAN22CHIMIN,Chicago at Minnesota Winner?,,2026-01-20T16:06:00Z,2026-01-23T03:39:40.743328Z,2026-01-23T03:41:20.386796Z,yes,1.0000,5013720.00,0.9900,0.0000,0.0000
KXNBAGAME-26JAN22SASUTA-UTA,KXNBAGAME-26JAN22SASUTA,San Antonio at Utah Winner?,,2026-01-20T19:07:00Z,2026-01-23T04:41:25.867769Z,2026-01-23T04:43:00.519Z,no,0.0000,6054729.00,0.0100,0.0000,0.0000
KXNBAGAME-26JAN22SASUTA-SAS,KXNBAGAME-26JAN22SASUTA,San Antonio at Utah Winner?,,2026-01-20T19:07:00Z,2026-01-23T04:41:25.867769Z,2026-01-23T04:43:00.519Z,yes,1.0000,2392187.00,0.9900,0.0000,0.0000
KXNBAGAME-26JAN22MIAPOR-POR,KXNBAGAME-26JAN22MIAPOR,Miami at Portland Winner?,,2026-01-20T19:07:00Z,2026-01-23T05:33:26.380251Z,2026-01-23T05:35:00.726122Z,yes,1.0000,2780851.00,0.9900,0.0000,0.0000
KXNBAGAME-26JAN22MIAPOR-MIA,KXNBAGAME-26JAN22MIAPOR,Miami at Portland Winner?,,2026-01-20T19:07:00Z,2026-01-23T05:33:26.380251Z,2026-01-23T05:35:00.726122Z,no,0.0000,3101995.00,0.0100,0.0000,0.0000
KXNBAGAME-26JAN22LALLAC-LAL,KXNBAGAME-26JAN22LALLAC,Los Angeles L at Los Angeles C Winner?,,2026-01-20T19:07:00Z,2026-01-23T05:49:38.685756Z,2026-01-23T05:51:10.965839Z,no,0.0000,11524742.00,0.0100,0.0000,0.0000
KXNBAGAME-26JAN22LALLAC-LAC,KXNBAGAME-26JAN22LALLAC,Los Angeles L at Los Angeles C Winner?,,2026-01-20T19:07:00Z,2026-01-23T05:49:38.685756Z,2026-01-23T05:51:10.965839Z,yes,1.0000,6560381.00,0.9900,0.0000,0.0000
KXNBAGAME-26JAN23PHXATL-PHX,KXNBAGAME-26JAN23PHXATL,Phoenix at Atlanta Winner?,,2026-01-21T16:06:00Z,2026-01-24T02:51:35.393866Z,2026-01-24T02:53:10.175974Z,no,0.0000,2977412.00,0.0100,0.0000,0.0000
KXNBAGAME-26JAN23PHXATL-ATL,KXNBAGAME-26JAN23PHXATL,Phoenix at Atlanta Winner?,,2026-01-21T16:06:00Z,2026-01-24T02:51:35.393866Z,2026-01-24T02:53:10.175974Z,yes,1.0000,1555888.00,0.9900,0.0000,0.0000
KXNBAGAME-26JAN23HOUDET-HOU,KXNBAGAME-26JAN23HOUDET,Houston at Detroit Winner?,,2026-01-21T16:06:00Z,2026-01-24T02:57:37.172447Z,2026-01-24T02:59:10.678144Z,yes,1.0000,5547600.00,0.9900,0.0000,0.0000
KXNBAGAME-26JAN23HOUDET-DET,KXNBAGAME-26JAN23HOUDET,Houston at Detroit Winner?,,2026-01-21T16:06:00Z,2026-01-24T02:57:37.172447Z,2026-01-24T02:59:10.678144Z,no,0.0000,6913336.00,0.0100,0.0000,0.0000
KXNBAGAME-26JAN23SACCLE-SAC,KXNBAGAME-26JAN23SACCLE,Sacramento at Cleveland Winner?,,2026-01-21T16:06:00Z,2026-01-24T03:09:46.149888Z,2026-01-24T03:11:20.39066Z,no,0.0000,3181662.00,0.0100,0.0000,0.0000
KXNBAGAME-26JAN23SACCLE-CLE,KXNBAGAME-26JAN23SACCLE,Sacramento at Cleveland Winner?,,2026-01-21T16:06:00Z,2026-01-24T03:09:46.149888Z,2026-01-24T03:11:20.39066Z,yes,1.0000,1005980.00,0.9900,0.0000,0.0000
KXNBAGAME-26JAN23BOSBKN-BOS,KXNBAGAME-26JAN23BOSBKN,Boston at Brooklyn Winner?,,2026-01-21T16:06:00Z,2026-01-24T03:45:28.10239Z,2026-01-24T03:47:00.580669Z,yes,1.0000,7992673.00,0.9900,0.0000,0.0000
KXNBAGAME-26JAN23BOSBKN-BKN,KXNBAGAME-26JAN23BOSBKN,Boston at Brooklyn Winner?,,2026-01-21T16:06:00Z,2026-01-24T03:45:28.10239Z,2026-01-24T03:47:00.580669Z,no,0.0000,5357968.00,0.0100,0.0000,0.0000
KXNBAGAME-26JAN23INDOKC-OKC,KXNBAGAME-26JAN23INDOKC,Indiana at Oklahoma City Winner?,,2026-01-21T16:06:00Z,2026-01-24T03:49:41.509949Z,2026-01-24T03:51:20.422156Z,no,0.0000,5105776.00,0.0100,0.0000,0.0000
KXNBAGAME-26JAN23INDOKC-IND,KXNBAGAME-26JAN23INDOKC,Indiana at Oklahoma City Winner?,,2026-01-21T16:06:00Z,2026-01-24T03:49:41.509949Z,2026-01-24T03:51:20.422156Z,yes,1.0000,4497661.00,0.9900,0.0000,0.0000
KXNBAGAME-26JAN23NOPMEM-NOP,KXNBAGAME-26JAN23NOPMEM,New Orleans at Memphis Winner?,,2026-01-21T16:06:00Z,2026-01-24T03:51:25.330852Z,2026-01-24T03:53:00.104015Z,yes,1.0000,1310616.00,0.9900,0.0000,0.0000
KXNBAGAME-26JAN23NOPMEM-MEM,KXNBAGAME-26JAN23NOPMEM,New Orleans at Memphis Winner?,,2026-01-21T16:06:00Z,2026-01-24T03:51:25.330852Z,2026-01-24T03:53:00.104015Z,no,0.0000,1367887.00,0.0100,0.0000,0.0000
KXNBAGAME-26JAN23DENMIL-MIL,KXNBAGAME-26JAN23DENMIL,Denver at Milwaukee Winner?,,2026-01-21T19:06:00Z,2026-01-24T05:25:25.33116Z,2026-01-24T05:27:00.784302Z,no,0.0000,5292188.00,0.0100,0.0000,0.0000
KXNBAGAME-26JAN23DENMIL-DEN,KXNBAGAME-26JAN23DENMIL,Denver at Milwaukee Winner?,,2026-01-21T19:06:00Z,2026-01-24T05:25:25.33116Z,2026-01-24T05:27:00.784302Z,yes,1.0000,10210883.00,0.9900,0.0000,0.0000
KXNBAGAME-26JAN23TORPOR-TOR,KXNBAGAME-26JAN23TORPOR,Toronto at Portland Winner?,,2026-01-21T19:06:00Z,2026-01-24T05:31:24.090541Z,2026-01-24T05:33:00.600562Z,yes,1.0000,2788227.00,0.9900,0.0000,0.0000
KXNBAGAME-26JAN23TORPOR-POR,KXNBAGAME-26JAN23TORPOR,Toronto at Portland Winner?,,2026-01-21T19:06:00Z,2026-01-24T05:31:24.090541Z,2026-01-24T05:33:00.600562Z,no,0.0000,4480059.00,0.0100,0.0000,0.0000
KXNBAGAME-26JAN24WASCHA-WAS,KXNBAGAME-26JAN24WASCHA,Washington at Charlotte Winner?,,2026-01-22T16:06:00Z,2026-01-24T19:35:24.158611Z,2026-01-24T19:37:00.266322Z,no,0.0000,3123168.00,0.0100,0.0000,0.0000
KXNBAGAME-26JAN24WASCHA-CHA,KXNBAGAME-26JAN24WASCHA,Washington at Charlotte Winner?,,2026-01-22T16:06:00Z,2026-01-24T19:35:24.158611Z,2026-01-24T19:37:00.266322Z,yes,1.0000,1713512.00,0.9900,0.0000,0.0000
KXNBAGAME-26JAN24NYKPHI-PHI,KXNBAGAME-26JAN24NYKPHI,New York at Philadelphia Winner?,,2026-01-22T13:07:00Z,2026-01-24T23:07:26.704418Z,2026-01-24T23:09:00.788892Z,no,0.0000,7356169.00,0.0100,0.0000,0.0000
KXNBAGAME-26JAN24NYKPHI-NYK,KXNBAGAME-26JAN24NYKPHI,New York at Philadelphia Winner?,,2026-01-22T13:07:00Z,2026-01-24T23:07:26.704418Z,2026-01-24T23:09:00.788892Z,yes,1.0000,6476659.00,0.9900,0.0000,0.0000
KXNBAGAME-26JAN24CLEORL-ORL,KXNBAGAME-26JAN24CLEORL,Cleveland at Orlando Winner?,,2026-01-22T16:06:00Z,2026-01-25T02:49:45.236842Z,2026-01-25T02:51:20.555402Z,no,0.0000,3892287.00,0.0100,0.0000,0.0000
KXNBAGAME-26JAN24CLEORL-CLE,KXNBAGAME-26JAN24CLEORL,Cleveland at Orlando Winner?,,2026-01-22T16:06:00Z,2026-01-25T02:49:45.236842Z,2026-01-25T02:51:20.555402Z,yes,1.0000,4825362.00,0.9900,0.0000,0.0000
KXNBAGAME-26JAN24BOSCHI-CHI,KXNBAGAME-26JAN24BOSCHI,Boston at Chicago Winner?,,2026-01-22T16:06:00Z,2026-01-25T03:33:25.314961Z,2026-01-25T03:35:00.563103Z,yes,1.0000,4525583.00,0.9900,0.0000,0.0000
KXNBAGAME-26JAN24BOSCHI-BOS,KXNBAGAME-26JAN24BOSCHI,Boston at Chicago Winner?,,2026-01-22T16:06:00Z,2026-01-25T03:33:25.314961Z,2026-01-25T03:35:00.563103Z,no,0.0000,5381595.00,0.0100,0.0000,0.0000
KXNBAGAME-26JAN24LALDAL-LAL,KXNBAGAME-26JAN24LALDAL,Los Angeles L at Dallas Winner?,,2026-01-22T19:06:00Z,2026-01-25T04:21:24.946181Z,2026-01-25T04:23:00.853163Z,yes,1.0000,8087379.00,0.9900,0.0000,0.0000
KXNBAGAME-26JAN24LALDAL-DAL,KXNBAGAME-26JAN24LALDAL,Los Angeles L at Dallas Winner?,,2026-01-22T19:06:00Z,2026-01-25T04:21:24.946181Z,2026-01-25T04:23:00.853163Z,no,0.0000,5417852.00,0.0100,0.0000,0.0000
KXNBAGAME-26JAN24MIAUTA-UTA,KXNBAGAME-26JAN24MIAUTA,Miami at Utah Winner?,,2026-01-22T19:06:00Z,2026-01-25T05:19:36.956191Z,2026-01-25T05:21:10.259574Z,no,0.0000,2869954.00,0.0100,0.0000,0.0000
KXNBAGAME-26JAN24MIAUTA-MIA,KXNBAGAME-26JAN24MIAUTA,Miami at Utah Winner?,,2026-01-22T19:06:00Z,2026-01-25T05:19:36.956191Z,2026-01-25T05:21:10.259574Z,yes,1.0000,1341391.00,0.9900,0.0000,0.0000
KXNBAGAME-26JAN25SACDET-SAC,KXNBAGAME-26JAN25SACDET,Sacramento at Detroit Winner?,,2026-01-23T13:06:00Z,2026-01-25T23:00:31.708095Z,2026-01-25T23:02:10.462003Z,no,0.0000,2804131.00,0.0100,0.0000,0.0000
KXNBAGAME-26JAN25SACDET-DET,KXNBAGAME-26JAN25SACDET,Sacramento at Detroit Winner?,,2026-01-23T13:06:00Z,2026-01-25T23:00:31.708095Z,2026-01-25T23:02:10.462003Z,yes,1.0000,1165871.00,0.9900,0.0000,0.0000
KXNBAGAME-26JAN24GSWMIN-MIN,KXNBAGAME-26JAN24GSWMIN,Golden State at Minnesota Winner?,,2026-01-22T16:06:00Z,2026-01-26T01:01:32.405378Z,2026-01-26T01:03:10.516334Z,no,0.0000,4005882.00,0.0100,0.0000,0.0000
KXNBAGAME-26JAN24GSWMIN-GSW,KXNBAGAME-26JAN24GSWMIN,Golden State at Minnesota Winner?,,2026-01-22T16:06:00Z,2026-01-26T01:01:32.405378Z,2026-01-26T01:03:10.516334Z,yes,1.0000,3637770.00,0.9900,0.0000,0.0000
KXNBAGAME-26JAN25NOPSAS-SAS,KXNBAGAME-26JAN25NOPSAS,New Orleans at San Antonio Winner?,,2026-01-23T16:06:00Z,2026-01-26T02:33:33.865893Z,2026-01-26T02:35:10.35874Z,no,0.0000,4050491.00,0.0100,0.0000,0.0000
KXNBAGAME-26JAN25NOPSAS-NOP,KXNBAGAME-26JAN25NOPSAS,New Orleans at San Antonio Winner?,,2026-01-23T16:06:00Z,2026-01-26T02:33:33.865893Z,2026-01-26T02:35:10.35874Z,yes,1.0000,3152197.00,0.9900,0.0000,0.0000
KXNBAGAME-26JAN25TOROKC-TOR,KXNBAGAME-26JAN25TOROKC,Toronto at Oklahoma City Winner?,,2026-01-23T16:06:00Z,2026-01-26T03:01:29.197747Z,2026-01-26T03:03:42.539279Z,yes,1.0000,5443460.00,0.9900,0.0000,0.0000
KXNBAGAME-26JAN25TOROKC-OKC,KXNBAGAME-26JAN25TOROKC,Toronto at Oklahoma City Winner?,,2026-01-23T16:06:00Z,2026-01-26T03:01:29.197747Z,2026-01-26T03:03:42.539279Z,no,0.0000,3057326.00,0.0100,0.0000,0.0000
KXNBAGAME-26JAN25MIAPHX-PHX,KXNBAGAME-26JAN25MIAPHX,Miami at Phoenix Winner?,,2026-01-23T16:06:00Z,2026-01-26T03:57:24.467434Z,2026-01-26T03:59:00.661849Z,no,0.0000,4512782.00,0.0100,0.0000,0.0000
KXNBAGAME-26JAN25MIAPHX-MIA,KXNBAGAME-26JAN25MIAPHX,Miami at Phoenix Winner?,,2026-01-23T16:06:00Z,2026-01-26T03:57:24.467434Z,2026-01-26T03:59:00.661849Z,yes,1.0000,3571311.00,0.9900,0.0000,0.0000
KXNBAGAME-26JAN25BKNLAC-LAC,KXNBAGAME-26JAN25BKNLAC,Brooklyn at Los Angeles C Winner?,,2026-01-23T19:06:00Z,2026-01-26T04:30:29.90375Z,2026-01-26T04:32:00.127965Z,yes,1.0000,805029.00,0.9900,0.0000,0.0000
KXNBAGAME-26JAN25BKNLAC-BKN,KXNBAGAME-26JAN25BKNLAC,Brooklyn at Los Angeles C Winner?,,2026-01-23T19:06:00Z,2026-01-26T04:30:29.90375Z,2026-01-26T04:32:00.127965Z,no,0.0000,1980311.00,0.0100,0.0000,0.0000
KXNBAGAME-26JAN26INDATL-IND,KXNBAGAME-26JAN26INDATL,Indiana at Atlanta Winner?,,2026-01-24T16:06:00Z,2026-01-26T21:01:03.942239Z,2026-01-26T21:02:40.647608Z,no,0.0000,4681897.00,0.0100,0.0000,0.0000
KXNBAGAME-26JAN26INDATL-ATL,KXNBAGAME-26JAN26INDATL,Indiana at Atlanta Winner?,,2026-01-24T16:06:00Z,2026-01-26T21:01:03.942239Z,2026-01-26T21:02:40.647608Z,yes,1.0000,6300440.00,0.9900,0.0000,0.0000
KXNBAGAME-26JAN26PHICHA-PHI,KXNBAGAME-26JAN26PHICHA,Philadelphia at Charlotte Winner?,,2026-01-24T16:06:00Z,2026-01-26T22:53:39.013771Z,2026-01-26T22:55:10.920792Z,no,0.0000,4330986.00,0.0100,0.0000,0.0000
KXNBAGAME-26JAN26PHICHA-CHA,KXNBAGAME-26JAN26PHICHA,Philadelphia at Charlotte Winner?,,2026-01-24T16:06:00Z,2026-01-26T22:53:39.013771Z,2026-01-26T22:55:10.920792Z,yes,1.0000,3293831.00,0.9900,0.0000,0.0000
KXNBAGAME-26JAN26ORLCLE-ORL,KXNBAGAME-26JAN26ORLCLE,Orlando at Cleveland Winner?,,2026-01-24T16:06:00Z,2026-01-27T02:55:32.215734Z,2026-01-27T02:57:10.647903Z,no,0.0000,4409862.00,0.0100,0.0000,0.0000
KXNBAGAME-26JAN26ORLCLE-CLE,KXNBAGAME-26JAN26ORLCLE,Orlando at Cleveland Winner?,,2026-01-24T16:06:00Z,2026-01-27T02:55:32.215734Z,2026-01-27T02:57:10.647903Z,yes,1.0000,4342924.00,0.9900,0.0000,0.0000
KXNBAGAME-26JAN26LALCHI-LAL,KXNBAGAME-26JAN26LALCHI,Los Angeles L at Chicago Winner?,,2026-01-24T16:06:00Z,2026-01-27T03:30:19.635729Z,2026-01-27T03:31:50.349254Z,yes,1.0000,5554442.00,0.9900,0.0000,0.0000
KXNBAGAME-26JAN26LALCHI-CHI,KXNBAGAME-26JAN26LALCHI,Los Angeles L at Chicago Winner?,,2026-01-24T16:06:00Z,2026-01-27T03:30:19.635729Z,2026-01-27T03:31:50.349254Z,no,0.0000,4380544.00,0.0100,0.0000,0.0000
KXNBAGAME-26JAN26MEMHOU-MEM,KXNBAGAME-26JAN26MEMHOU,Memphis at Houston Winner?,,2026-01-24T16:06:00Z,2026-01-27T03:35:28.839424Z,2026-01-27T03:37:00.369476Z,no,0.0000,3324904.00,0.0100,0.0000,0.0000
KXNBAGAME-26JAN26MEMHOU-HOU,KXNBAGAME-26JAN26MEMHOU,Memphis at Houston Winner?,,2026-01-24T16:06:00Z,2026-01-27T03:35:28.839424Z,2026-01-27T03:37:00.369476Z,yes,1.0000,3020696.00,0.9900,0.0000,0.0000
KXNBAGAME-26JAN26PORBOS-POR,KXNBAGAME-26JAN26PORBOS,Portland at Boston Winner?,,2026-01-24T16:06:00Z,2026-01-27T04:00:29.685444Z,2026-01-27T04:02:00.368402Z,no,0.0000,1905456.00,0.0100,0.0000,0.0000
KXNBAGAME-26JAN26PORBOS-BOS,KXNBAGAME-26JAN26PORBOS,Portland at Boston Winner?,,2026-01-24T16:06:00Z,2026-01-27T04:00:29.685444Z,2026-01-27T04:02:00.368402Z,yes,1.0000,1566875.00,0.9900,0.0000,0.0000
KXNBAGAME-26JAN26GSWMIN-MIN,KXNBAGAME-26JAN26GSWMIN,Golden State at Minnesota Winner?,,2026-01-24T19:06:00Z,2026-01-27T05:05:27.039639Z,2026-01-27T05:07:00.734683Z,yes,1.0000,3457785.00,0.9900,0.0000,0.0000
KXNBAGAME-26JAN26GSWMIN-GSW,KXNBAGAME-26JAN26GSWMIN,Golden State at Minnesota Winner?,,2026-01-24T19:06:00Z,2026-01-27T05:05:27.039639Z,2026-01-27T05:07:00.734683Z,no,0.0000,6876103.00,0.0100,0.0000,0.0000
KXNBAGAME-26JAN27PORWAS-WAS,KXNBAGAME-26JAN27PORWAS,Portland at Washington Winner?,,2026-01-25T16:06:00Z,2026-01-28T02:42:16.681661Z,2026-01-28T02:43:50.777251Z,yes,1.0000,3047278.00,0.9900,0.0000,0.0000
KXNBAGAME-26JAN27PORWAS-POR,KXNBAGAME-26JAN27PORWAS,Portland at Washington Winner?,,2026-01-25T16:06:00Z,2026-01-28T02:42:16.681661Z,2026-01-28T02:43:50.777251Z,no,0.0000,5070889.00,0.0100,0.0000,0.0000
KXNBAGAME-26JAN27SACNYK-SAC,KXNBAGAME-26JAN27SACNYK,Sacramento at New York Winner?,,2026-01-25T16:06:00Z,2026-01-28T03:00:31.768321Z,2026-01-28T03:02:10.682904Z,no,0.0000,4152286.00,0.0100,0.0000,0.0000
KXNBAGAME-26JAN27SACNYK-NYK,KXNBAGAME-26JAN27SACNYK,Sacramento at New York Winner?,,2026-01-25T16:06:00Z,2026-01-28T03:00:31.768321Z,2026-01-28T03:02:10.682904Z,yes,1.0000,1963118.00,0.9900,0.0000,0.0000
KXNBAGAME-26JAN27NOPOKC-OKC,KXNBAGAME-26JAN27NOPOKC,New Orleans at Oklahoma City Winner?,,2026-01-25T16:06:00Z,2026-01-28T03:37:30.908777Z,2026-01-28T03:39:10.246949Z,yes,1.0000,1785386.00,0.9900,0.0000,0.0000
KXNBAGAME-26JAN27NOPOKC-NOP,KXNBAGAME-26JAN27NOPOKC,New Orleans at Oklahoma City Winner?,,2026-01-25T16:06:00Z,2026-01-28T03:37:30.908777Z,2026-01-28T03:39:10.246949Z,no,0.0000,2668341.00,0.0100,0.0000,0.0000
KXNBAGAME-26JAN27MILPHI-PHI,KXNBAGAME-26JAN27MILPHI,Milwaukee at Philadelphia Winner?,,2026-01-25T16:06:00Z,2026-01-28T03:39:45.039459Z,2026-01-28T03:41:20.27272Z,yes,1.0000,1335877.00,0.9900,0.0000,0.0000
KXNBAGAME-26JAN27MILPHI-MIL,KXNBAGAME-26JAN27MILPHI,Milwaukee at Philadelphia Winner?,,2026-01-25T16:06:00Z,2026-01-28T03:39:45.039459Z,2026-01-28T03:41:20.27272Z,no,0.0000,1989355.00,0.0100,0.0000,0.0000
KXNBAGAME-26JAN27DETDEN-DET,KXNBAGAME-26JAN27DETDEN,Detroit at Denver Winner?,,2026-01-25T19:06:00Z,2026-01-28T04:33:25.081038Z,2026-01-28T04:35:00.605832Z,yes,1.0000,3386023.00,0.9900,0.0000,0.0000
KXNBAGAME-26JAN27DETDEN-DEN,KXNBAGAME-26JAN27DETDEN,Detroit at Denver Winner?,,2026-01-25T19:06:00Z,2026-01-28T04:33:25.081038Z,2026-01-28T04:35:00.605832Z,no,0.0000,5199710.00,0.0100,0.0000,0.0000
KXNBAGAME-26JAN27BKNPHX-PHX,KXNBAGAME-26JAN27BKNPHX,Brooklyn at Phoenix Winner?,,2026-01-25T19:06:00Z,2026-01-28T05:05:32.458423Z,2026-01-28T05:07:10.324982Z,yes,1.0000,3728055.00,0.9900,0.0000,0.0000
KXNBAGAME-26JAN27BKNPHX-BKN,KXNBAGAME-26JAN27BKNPHX,Brooklyn at Phoenix Winner?,,2026-01-25T19:06:00Z,2026-01-28T05:05:32.458423Z,2026-01-28T05:07:10.324982Z,no,0.0000,2605288.00,0.0100,0.0000,0.0000
KXNBAGAME-26JAN27LACUTA-UTA,KXNBAGAME-26JAN27LACUTA,Los Angeles C at Utah Winner?,,2026-01-25T19:06:00Z,2026-01-28T05:39:40.423537Z,2026-01-28T05:41:20.586604Z,no,0.0000,3847367.00,0.0100,0.0000,0.0000
KXNBAGAME-26JAN27LACUTA-LAC,KXNBAGAME-26JAN27LACUTA,Los Angeles C at Utah Winner?,,2026-01-25T19:06:00Z,2026-01-28T05:39:40.423537Z,2026-01-28T05:41:20.586604Z,yes,1.0000,2689257.00,0.9900,0.0000,0.0000
KXNBAGAME-26JAN28CHIIND-IND,KXNBAGAME-26JAN28CHIIND,Chicago at Indiana Winner?,,2026-01-26T16:06:00Z,2026-01-29T02:35:49.440066Z,2026-01-29T02:37:20.330416Z,yes,1.0000,2079408.00,0.9900,0.0000,0.0000
KXNBAGAME-26JAN28CHIIND-CHI,KXNBAGAME-26JAN28CHIIND,Chicago at Indiana Winner?,,2026-01-26T16:06:00Z,2026-01-29T02:35:49.440066Z,2026-01-29T02:37:20.330416Z,no,0.0000,3964102.00,0.0100,0.0000,0.0000
KXNBAGAME-26JAN28LALCLE-LAL,KXNBAGAME-26JAN28LALCLE,Los Angeles L at Cleveland Winner?,,2026-01-26T16:06:00Z,2026-01-29T02:40:01.846438Z,2026-01-29T02:41:40.908404Z,no,0.0000,6603747.00,0.0100,0.0000,0.0000
KXNBAGAME-26JAN28LALCLE-CLE,KXNBAGAME-26JAN28LALCLE,Los Angeles L at Cleveland Winner?,,2026-01-26T16:06:00Z,2026-01-29T02:40:01.846438Z,2026-01-29T02:41:40.908404Z,yes,1.0000,2620690.00,0.9900,0.0000,0.0000
KXNBAGAME-26JAN28ATLBOS-BOS,KXNBAGAME-26JAN28ATLBOS,Atlanta at Boston Winner?,,2026-01-26T16:06:00Z,2026-01-29T03:00:34.762605Z,2026-01-29T03:02:10.256001Z,no,0.0000,3758127.00,0.0100,0.0000,0.0000
KXNBAGAME-26JAN28ATLBOS-ATL,KXNBAGAME-26JAN28ATLBOS,Atlanta at Boston Winner?,,2026-01-26T16:06:00Z,2026-01-29T03:00:34.762605Z,2026-01-29T03:02:10.256001Z,yes,1.0000,2202300.00,0.9900,0.0000,0.0000
KXNBAGAME-26JAN28NYKTOR-TOR,KXNBAGAME-26JAN28NYKTOR,New York at Toronto Winner?,,2026-01-26T16:06:00Z,2026-01-29T03:05:37.143018Z,2026-01-29T03:07:10.235172Z,no,0.0000,1510413.00,0.0100,0.0000,0.0000
KXNBAGAME-26JAN28NYKTOR-NYK,KXNBAGAME-26JAN28NYKTOR,New York at Toronto Winner?,,2026-01-26T16:06:00Z,2026-01-29T03:05:37.143018Z,2026-01-29T03:07:10.235172Z,yes,1.0000,2272644.00,0.9900,0.0000,0.0000
KXNBAGAME-26JAN28ORLMIA-ORL,KXNBAGAME-26JAN28ORLMIA,Orlando at Miami Winner?,,2026-01-26T16:06:00Z,2026-01-29T03:11:38.541091Z,2026-01-29T03:13:10.113931Z,yes,1.0000,1659171.00,0.9900,0.0000,0.0000
KXNBAGAME-26JAN28ORLMIA-MIA,KXNBAGAME-26JAN28ORLMIA,Orlando at Miami Winner?,,2026-01-26T16:06:00Z,2026-01-29T03:11:38.541091Z,2026-01-29T03:13:10.113931Z,no,0.0000,1806132.00,0.0100,0.0000,0.0000
KXNBAGAME-26JAN28CHAMEM-MEM,KXNBAGAME-26JAN28CHAMEM,Charlotte at Memphis Winner?,,2026-01-26T16:06:00Z,2026-01-29T03:31:38.729582Z,2026-01-29T03:33:10.209209Z,no,0.0000,781226.00,0.0100,0.0000,0.0000
KXNBAGAME-26JAN28CHAMEM-CHA,KXNBAGAME-26JAN28CHAMEM,Charlotte at Memphis Winner?,,2026-01-26T16:06:00Z,2026-01-29T03:31:38.729582Z,2026-01-29T03:33:10.209209Z,yes,1.0000,1230718.00,0.9900,0.0000,0.0000
KXNBAGAME-26JAN28MINDAL-MIN,KXNBAGAME-26JAN28MINDAL,Minnesota at Dallas Winner?,,2026-01-26T19:06:00Z,2026-01-29T04:03:30.102761Z,2026-01-29T04:05:10.270819Z,yes,1.0000,1801141.00,0.9900,0.0000,0.0000
KXNBAGAME-26JAN28MINDAL-DAL,KXNBAGAME-26JAN28MINDAL,Minnesota at Dallas Winner?,,2026-01-26T19:06:00Z,2026-01-29T04:03:30.102761Z,2026-01-29T04:05:10.270819Z,no,0.0000,2033982.00,0.0100,0.0000,0.0000
KXNBAGAME-26JAN28GSWUTA-UTA,KXNBAGAME-26JAN28GSWUTA,Golden State at Utah Winner?,,2026-01-26T19:06:00Z,2026-01-29T04:43:25.166492Z,2026-01-29T04:45:00.22137Z,no,0.0000,2506271.00,0.0100,0.0000,0.0000
KXNBAGAME-26JAN28GSWUTA-GSW,KXNBAGAME-26JAN28GSWUTA,Golden State at Utah Winner?,,2026-01-26T19:06:00Z,2026-01-29T04:43:25.166492Z,2026-01-29T04:45:00.22137Z,yes,1.0000,1693833.00,0.9900,0.0000,0.0000
KXNBAGAME-26JAN28SASHOU-SAS,KXNBAGAME-26JAN28SASHOU,San Antonio at Houston Winner?,,2026-01-26T19:06:00Z,2026-01-29T05:15:22.226497Z,2026-01-29T05:17:01.051884Z,yes,1.0000,7954754.00,0.9900,0.0000,0.0000
KXNBAGAME-26JAN28SASHOU-HOU,KXNBAGAME-26JAN28SASHOU,San Antonio at Houston Winner?,,2026-01-26T19:06:00Z,2026-01-29T05:15:22.226497Z,2026-01-29T05:17:01.051884Z,no,0.0000,5604934.00,0.0100,0.0000,0.0000
KXNBAGAME-26JAN29SACPHI-SAC,KXNBAGAME-26JAN29SACPHI,Sacramento at Philadelphia Winner?,,2026-01-27T16:06:00Z,2026-01-30T02:50:13Z,2026-01-30T02:51:47.251424Z,no,0.0000,3556057.00,0.0100,0.0000,0.0000
KXNBAGAME-26JAN29SACPHI-PHI,KXNBAGAME-26JAN29SACPHI,Sacramento at Philadelphia Winner?,,2026-01-27T16:06:00Z,2026-01-30T02:50:13Z,2026-01-30T02:51:47.251424Z,yes,1.0000,4637327.00,0.9900,0.0000,0.0000
KXNBAGAME-26JAN29MILWAS-WAS,KXNBAGAME-26JAN29MILWAS,Milwaukee at Washington Winner?,,2026-01-27T16:06:00Z,2026-01-30T02:55:47Z,2026-01-30T02:57:17.531708Z,yes,1.0000,2898508.00,0.9900,0.0000,0.0000
KXNBAGAME-26JAN29MILWAS-MIL,KXNBAGAME-26JAN29MILWAS,Milwaukee at Washington Winner?,,2026-01-27T16:06:00Z,2026-01-30T02:55:47Z,2026-01-30T02:57:17.531708Z,no,0.0000,3222535.00,0.0100,0.0000,0.0000
KXNBAGAME-26JAN29HOUATL-HOU,KXNBAGAME-26JAN29HOUATL,Houston at Atlanta Winner?,,2026-01-27T16:06:00Z,2026-01-30T03:30:19Z,2026-01-30T03:31:57.095583Z,yes,1.0000,1811266.00,0.9900,0.0000,0.0000
KXNBAGAME-26JAN29HOUATL-ATL,KXNBAGAME-26JAN29HOUATL,Houston at Atlanta Winner?,,2026-01-27T16:06:00Z,2026-01-30T03:30:19Z,2026-01-30T03:31:57.095583Z,no,0.0000,2241376.00,0.0100,0.0000,0.0000
KXNBAGAME-26JAN29MIACHI-MIA,KXNBAGAME-26JAN29MIACHI,Miami at Chicago Winner?,,2026-01-27T16:06:00Z,2026-01-30T03:45:42Z,2026-01-30T03:47:17.190831Z,yes,1.0000,2327105.00,0.9900,0.0000,0.0000
KXNBAGAME-26JAN29MIACHI-CHI,KXNBAGAME-26JAN29MIACHI,Miami at Chicago Winner?,,2026-01-27T16:06:00Z,2026-01-30T03:45:42Z,2026-01-30T03:47:17.190831Z,no,0.0000,2963617.00,0.0100,0.0000,0.0000
KXNBAGAME-26JAN29CHADAL-DAL,KXNBAGAME-26JAN29CHADAL,Charlotte at Dallas Winner?,,2026-01-27T19:06:00Z,2026-01-30T04:33:33Z,2026-01-30T04:35:07.294756Z,no,0.0000,2999880.00,0.0100,0.0000,0.0000
KXNBAGAME-26JAN29CHADAL-CHA,KXNBAGAME-26JAN29CHADAL,Charlotte at Dallas Winner?,,2026-01-27T19:06:00Z,2026-01-30T04:33:33Z,2026-01-30T04:35:07.294756Z,yes,1.0000,2909367.00,0.9900,0.0000,0.0000
KXNBAGAME-26JAN29BKNDEN-DEN,KXNBAGAME-26JAN29BKNDEN,Brooklyn at Denver Winner?,,2026-01-27T19:06:00Z,2026-01-30T04:41:28Z,2026-01-30T04:43:07.067307Z,yes,1.0000,2122550.00,0.9900,0.0000,0.0000
KXNBAGAME-26JAN29BKNDEN-BKN,KXNBAGAME-26JAN29BKNDEN,Brooklyn at Denver Winner?,,2026-01-27T19:06:00Z,2026-01-30T04:41:28Z,2026-01-30T04:43:07.067307Z,no,0.0000,1702548.00,0.0100,0.0000,0.0000
KXNBAGAME-26JAN29DETPHX-PHX,KXNBAGAME-26JAN29DETPHX,Detroit at Phoenix Winner?,,2026-01-27T19:06:00Z,2026-01-30T04:47:38Z,2026-01-30T04:49:17.194576Z,yes,1.0000,1733482.00,0.9900,0.0000,0.0000
KXNBAGAME-26JAN29DETPHX-DET,KXNBAGAME-26JAN29DETPHX,Detroit at Phoenix Winner?,,2026-01-27T19:06:00Z,2026-01-30T04:47:38Z,2026-01-30T04:49:17.194576Z,no,0.0000,3441941.00,0.0100,0.0000,0.0000
KXNBAGAME-26JAN29OKCMIN-OKC,KXNBAGAME-26JAN29OKCMIN,Oklahoma City at Minnesota Winner?,,2026-01-27T19:06:00Z,2026-01-30T05:15:25Z,2026-01-30T05:16:57.443488Z,no,0.0000,5308586.00,0.0100,0.0000,0.0000
KXNBAGAME-26JAN29OKCMIN-MIN,KXNBAGAME-26JAN29OKCMIN,Oklahoma City at Minnesota Winner?,,2026-01-27T19:06:00Z,2026-01-30T05:15:25Z,2026-01-30T05:16:57.443488Z,yes,1.0000,3904325.00,0.9900,0.0000,0.0000
KXNBAGAME-26JAN30LALWAS-WAS,KXNBAGAME-26JAN30LALWAS,Los Angeles L at Washington Winner?,,2026-01-28T16:06:00Z,2026-01-31T02:23:45Z,2026-01-31T02:25:17.084739Z,no,0.0000,1803682.00,0.0100,0.0000,0.0000
KXNBAGAME-26JAN30LALWAS-LAL,KXNBAGAME-26JAN30LALWAS,Los Angeles L at Washington Winner?,,2026-01-28T16:06:00Z,2026-01-31T02:23:45Z,2026-01-31T02:25:17.084739Z,yes,1.0000,1762960.00,0.9900,0.0000,0.0000
KXNBAGAME-26JAN30SACBOS-SAC,KXNBAGAME-26JAN30SACBOS,Sacramento at Boston Winner?,,2026-01-28T16:06:00Z,2026-01-31T02:55:39Z,2026-01-31T02:57:17.044124Z,no,0.0000,2711821.00,0.0100,0.0000,0.0000
KXNBAGAME-26JAN30SACBOS-BOS,KXNBAGAME-26JAN30SACBOS,Sacramento at Boston Winner?,,2026-01-28T16:06:00Z,2026-01-31T02:55:39Z,2026-01-31T02:57:17.044124Z,yes,1.0000,1218399.00,0.9900,0.0000,0.0000
KXNBAGAME-26JAN30MEMNOP-NOP,KXNBAGAME-26JAN30MEMNOP,Memphis at New Orleans Winner?,,2026-01-28T16:06:00Z,2026-01-31T03:07:38Z,2026-01-31T03:09:16.937036Z,yes,1.0000,1124392.00,0.9900,0.0000,0.0000
KXNBAGAME-26JAN30MEMNOP-MEM,KXNBAGAME-26JAN30MEMNOP,Memphis at New Orleans Winner?,,2026-01-28T16:06:00Z,2026-01-31T03:07:38Z,2026-01-31T03:09:16.937036Z,no,0.0000,1768561.00,0.0100,0.0000,0.0000
KXNBAGAME-26JAN30PORNYK-POR,KXNBAGAME-26JAN30PORNYK,Portland at New York Winner?,,2026-01-28T16:06:00Z,2026-01-31T03:11:31Z,2026-01-31T03:13:07.058533Z,no,0.0000,1543210.00,0.0100,0.0000,0.0000
KXNBAGAME-26JAN30PORNYK-NYK,KXNBAGAME-26JAN30PORNYK,Portland at New York Winner?,,2026-01-28T16:06:00Z,2026-01-31T03:11:31Z,2026-01-31T03:13:07.058533Z,yes,1.0000,2024317.00,0.9900,0.0000,0.0000
KXNBAGAME-26JAN30TORORL-TOR,KXNBAGAME-26JAN30TORORL,Toronto at Orlando Winner?,,2026-01-28T16:06:00Z,2026-01-31T03:37:28Z,2026-01-31T03:39:07.136344Z,no,0.0000,4408345.00,0.0100,0.0000,0.0000
KXNBAGAME-26JAN30TORORL-ORL,KXNBAGAME-26JAN30TORORL,Toronto at Orlando Winner?,,2026-01-28T16:06:00Z,2026-01-31T03:37:28Z,2026-01-31T03:39:07.136344Z,yes,1.0000,3123127.00,0.9900,0.0000,0.0000
KXNBAGAME-26JAN30LACDEN-LAC,KXNBAGAME-26JAN30LACDEN,Los Angeles C at Denver Winner?,,2026-01-28T19:06:00Z,2026-01-31T04:37:29Z,2026-01-31T04:39:07.242978Z,no,0.0000,3941765.00,0.0100,0.0000,0.0000
KXNBAGAME-26JAN30LACDEN-DEN,KXNBAGAME-26JAN30LACDEN,Los Angeles C at Denver Winner?,,2026-01-28T19:06:00Z,2026-01-31T04:37:29Z,2026-01-31T04:39:07.242978Z,yes,1.0000,5018403.00,0.9900,0.0000,0.0000
KXNBAGAME-26JAN30CLEPHX-PHX,KXNBAGAME-26JAN30CLEPHX,Cleveland at Phoenix Winner?,,2026-01-28T19:06:00Z,2026-01-31T04:40:14Z,2026-01-31T04:41:46.925634Z,yes,1.0000,1655638.00,0.9900,0.0000,0.0000
KXNBAGAME-26JAN30CLEPHX-CLE,KXNBAGAME-26JAN30CLEPHX,Cleveland at Phoenix Winner?,,2026-01-28T19:06:00Z,2026-01-31T04:40:14Z,2026-01-31T04:41:46.925634Z,no,0.0000,2131316.00,0.0100,0.0000,0.0000
KXNBAGAME-26JAN30BKNUTA-UTA,KXNBAGAME-26JAN30BKNUTA,Brooklyn at Utah Winner?,,2026-01-28T19:06:00Z,2026-01-31T05:09:52Z,2026-01-31T05:11:27.082341Z,no,0.0000,3546218.00,0.0100,0.0000,0.0000
KXNBAGAME-26JAN30BKNUTA-BKN,KXNBAGAME-26JAN30BKNUTA,Brooklyn at Utah Winner?,,2026-01-28T19:06:00Z,2026-01-31T05:09:52Z,2026-01-31T05:11:27.082341Z,yes,1.0000,2932607.00,0.9900,0.0000,0.0000
KXNBAGAME-26JAN30DETGSW-GSW,KXNBAGAME-26JAN30DETGSW,Detroit at Golden State Winner?,,2026-01-28T19:06:00Z,2026-01-31T06:11:22Z,2026-01-31T06:12:58.073293Z,no,0.0000,7694410.00,0.0100,0.0000,0.0000
KXNBAGAME-26JAN30DETGSW-DET,KXNBAGAME-26JAN30DETGSW,Detroit at Golden State Winner?,,2026-01-28T19:06:00Z,2026-01-31T06:11:22Z,2026-01-31T06:12:58.073293Z,yes,1.0000,8265172.00,0.9900,0.0000,0.0000
KXNBAGAME-26JAN31SASCHA-SAS,KXNBAGAME-26JAN31SASCHA,San Antonio at Charlotte Winner?,,2026-01-31T04:47:00Z,2026-01-31T19:47:32Z,2026-01-31T19:49:07.718394Z,no,0.0000,7953887.00,0.0100,0.0000,0.0000
KXNBAGAME-26JAN31SASCHA-CHA,KXNBAGAME-26JAN31SASCHA,San Antonio at Charlotte Winner?,,2026-01-31T04:47:00Z,2026-01-31T19:47:32Z,2026-01-31T19:49:07.718394Z,yes,1.0000,4263675.00,0.9900,0.0000,0.0000
KXNBAGAME-26JAN31ATLIND-IND,KXNBAGAME-26JAN31ATLIND,Atlanta at Indiana Winner?,,2026-01-31T04:47:00Z,2026-02-01T02:37:28Z,2026-02-01T02:39:07.35269Z,yes,1.0000,3922135.00,0.9900,0.0000,0.0000
KXNBAGAME-26JAN31ATLIND-ATL,KXNBAGAME-26JAN31ATLIND,Atlanta at Indiana Winner?,,2026-01-31T04:47:00Z,2026-02-01T02:37:28Z,2026-02-01T02:39:07.35269Z,no,0.0000,7154059.00,0.0100,0.0000,0.0000
KXNBAGAME-26JAN31NOPPHI-PHI,KXNBAGAME-26JAN31NOPPHI,New Orleans at Philadelphia Winner?,,2026-01-31T04:47:00Z,2026-02-01T03:01:06Z,2026-02-01T03:02:37.108946Z,yes,1.0000,3762970.00,0.9900,0.0000,0.0000
KXNBAGAME-26JAN31NOPPHI-NOP,KXNBAGAME-26JAN31NOPPHI,New Orleans at Philadelphia Winner?,,2026-01-31T04:47:00Z,2026-02-01T03:01:06Z,2026-02-01T03:02:37.108946Z,no,0.0000,2345762.00,0.0100,0.0000,0.0000
KXNBAGAME-26JAN31MINMEM-MIN,KXNBAGAME-26JAN31MINMEM,Minnesota at Memphis Winner?,,2026-01-31T04:47:00Z,2026-02-01T03:27:27Z,2026-02-01T03:28:56.845647Z,yes,1.0000,1142769.00,0.9900,0.0000,0.0000
KXNBAGAME-26JAN31MINMEM-MEM,KXNBAGAME-26JAN31MINMEM,Minnesota at Memphis Winner?,,2026-01-31T04:47:00Z,2026-02-01T03:27:27Z,2026-02-01T03:28:56.845647Z,no,0.0000,1022258.00,0.0100,0.0000,0.0000
KXNBAGAME-26JAN31CHIMIA-MIA,KXNBAGAME-26JAN31CHIMIA,Chicago at Miami Winner?,,2026-01-31T04:47:00Z,2026-02-01T04:00:17Z,2026-02-01T04:01:47.129103Z,no,0.0000,3579548.00,0.0100,0.0000,0.0000
KXNBAGAME-26JAN31CHIMIA-CHI,KXNBAGAME-26JAN31CHIMIA,Chicago at Miami Winner?,,2026-01-31T04:47:00Z,2026-02-01T04:00:17Z,2026-02-01T04:01:47.129103Z,yes,1.0000,3890598.00,0.9900,0.0000,0.0000
KXNBAGAME-26JAN31DALHOU-HOU,KXNBAGAME-26JAN31DALHOU,Dallas at Houston Winner?,,2026-01-31T04:47:00Z,2026-02-01T04:10:05Z,2026-02-01T04:11:37.250428Z,yes,1.0000,3001292.00,0.9900,0.0000,0.0000
KXNBAGAME-26JAN31DALHOU-DAL,KXNBAGAME-26JAN31DALHOU,Dallas at Houston Winner?,,2026-01-31T04:47:00Z,2026-02-01T04:10:05Z,2026-02-01T04:11:37.250428Z,no,0.0000,4311283.00,0.0100,0.0000,0.0000
KXNBAGAME-26FEB01MILBOS-MIL,KXNBAGAME-26FEB01MILBOS,Milwaukee at Boston Winner?,,2026-01-31T04:47:00Z,2026-02-01T23:15:48Z,2026-02-01T23:17:27.353041Z,no,0.0000,2801689.00,0.0100,0.0000,0.0000
KXNBAGAME-26FEB01MILBOS-BOS,KXNBAGAME-26FEB01MILBOS,Milwaukee at Boston Winner?,,2026-01-31T04:47:00Z,2026-02-01T23:15:48Z,2026-02-01T23:17:27.353041Z,yes,1.0000,2524924.00,0.9900,0.0000,0.0000
KXNBAGAME-26FEB01BKNDET-DET,KXNBAGAME-26FEB01BKNDET,Brooklyn at Detroit Winner?,,2026-01-31T04:48:00Z,2026-02-02T01:33:43Z,2026-02-02T01:35:17.103713Z,yes,1.0000,1346805.00,0.9900,0.0000,0.0000
KXNBAGAME-26FEB01BKNDET-BKN,KXNBAGAME-26FEB01BKNDET,Brooklyn at Detroit Winner?,,2026-01-31T04:48:00Z,2026-02-02T01:33:43Z,2026-02-02T01:35:17.103713Z,no,0.0000,1550787.00,0.0100,0.0000,0.0000
KXNBAGAME-26FEB01CHIMIA-MIA,KXNBAGAME-26FEB01CHIMIA,Chicago at Miami Winner?,,2026-01-31T04:48:00Z,2026-02-02T01:35:44Z,2026-02-02T01:37:17.164212Z,yes,1.0000,1504874.00,0.9900,0.0000,0.0000
KXNBAGAME-26FEB01CHIMIA-CHI,KXNBAGAME-26FEB01CHIMIA,Chicago at Miami Winner?,,2026-01-31T04:48:00Z,2026-02-02T01:35:44Z,2026-02-02T01:37:17.164212Z,no,0.0000,2064143.00,0.0100,0.0000,0.0000
KXNBAGAME-26FEB01SACWAS-WAS,KXNBAGAME-26FEB01SACWAS,Sacramento at Washington Winner?,,2026-01-31T04:48:00Z,2026-02-02T01:39:58Z,2026-02-02T01:41:37.057796Z,yes,1.0000,3080953.00,0.9900,0.0000,0.0000
KXNBAGAME-26FEB01SACWAS-SAC,KXNBAGAME-26FEB01SACWAS,Sacramento at Washington Winner?,,2026-01-31T04:48:00Z,2026-02-02T01:39:58Z,2026-02-02T01:41:37.057796Z,no,0.0000,3077296.00,0.0100,0.0000,0.0000
KXNBAGAME-26FEB01UTATOR-UTA,KXNBAGAME-26FEB01UTATOR,Utah at Toronto Winner?,,2026-01-31T04:48:00Z,2026-02-02T01:57:35Z,2026-02-02T01:59:07.178977Z,no,0.0000,2507863.00,0.0100,0.0000,0.0000
KXNBAGAME-26FEB01UTATOR-TOR,KXNBAGAME-26FEB01UTATOR,Utah at Toronto Winner?,,2026-01-31T04:48:00Z,2026-02-02T01:57:35Z,2026-02-02T01:59:07.178977Z,yes,1.0000,2887240.00,0.9900,0.0000,0.0000
KXNBAGAME-26FEB01LALNYK-NYK,KXNBAGAME-26FEB01LALNYK,Los Angeles L at New York Winner?,,2026-01-31T04:48:00Z,2026-02-02T02:30:38Z,2026-02-02T02:32:17.388212Z,yes,1.0000,4043736.00,0.9900,0.0000,0.0000
KXNBAGAME-26FEB01LALNYK-LAL,KXNBAGAME-26FEB01LALNYK,Los Angeles L at New York Winner?,,2026-01-31T04:48:00Z,2026-02-02T02:30:38Z,2026-02-02T02:32:17.388212Z,no,0.0000,7567740.00,0.0100,0.0000,0.0000
KXNBAGAME-26FEB01LACPHX-PHX,KXNBAGAME-26FEB01LACPHX,Los Angeles C at Phoenix Winner?,,2026-01-31T04:48:00Z,2026-02-02T03:50:19Z,2026-02-02T03:51:58.553366Z,no,0.0000,3916740.00,0.0100,0.0000,0.0000
KXNBAGAME-26FEB01LACPHX-LAC,KXNBAGAME-26FEB01LACPHX,Los Angeles C at Phoenix Winner?,,2026-01-31T04:48:00Z,2026-02-02T03:50:19Z,2026-02-02T03:51:58.553366Z,yes,1.0000,4169983.00,0.9900,0.0000,0.0000
KXNBAGAME-26FEB01CLEPOR-POR,KXNBAGAME-26FEB01CLEPOR,Cleveland at Portland Winner?,,2026-01-31T04:48:00Z,2026-02-02T04:25:27Z,2026-02-02T04:27:06.985559Z,no,0.0000,1424161.00,0.0100,0.0000,0.0000
KXNBAGAME-26FEB01CLEPOR-CLE,KXNBAGAME-26FEB01CLEPOR,Cleveland at Portland Winner?,,2026-01-31T04:48:00Z,2026-02-02T04:25:27Z,2026-02-02T04:27:06.985559Z,yes,1.0000,2152083.00,0.9900,0.0000,0.0000
KXNBAGAME-26FEB01ORLSAS-SAS,KXNBAGAME-26FEB01ORLSAS,Orlando at San Antonio Winner?,,2026-01-31T04:47:00Z,2026-02-02T04:39:50Z,2026-02-02T04:41:27.104058Z,yes,1.0000,4602619.00,0.9900,0.0000,0.0000
KXNBAGAME-26FEB01ORLSAS-ORL,KXNBAGAME-26FEB01ORLSAS,Orlando at San Antonio Winner?,,2026-01-31T04:47:00Z,2026-02-02T04:39:50Z,2026-02-02T04:41:27.104058Z,no,0.0000,2431038.00,0.0100,0.0000,0.0000
KXNBAGAME-26FEB01OKCDEN-OKC,KXNBAGAME-26FEB01OKCDEN,Oklahoma City at Denver Winner?,,2026-01-31T04:48:00Z,2026-02-02T05:10:00Z,2026-02-02T05:11:37.551259Z,yes,1.0000,3235102.00,0.9900,0.0000,0.0000
KXNBAGAME-26FEB01OKCDEN-DEN,KXNBAGAME-26FEB01OKCDEN,Oklahoma City at Denver Winner?,,2026-01-31T04:48:00Z,2026-02-02T05:10:00Z,2026-02-02T05:11:37.551259Z,no,0.0000,5540849.00,0.0100,0.0000,0.0000
KXNBAGAME-26JAN25DENMEM-MEM,KXNBAGAME-26JAN25DENMEM,Denver at Memphis Winner?,,2026-01-23T13:06:00Z,2026-02-02T18:53:37Z,2026-02-02T18:54:26.900424Z,scalar,0.6200,268856.00,0.5300,0.0000,0.0000
KXNBAGAME-26JAN25DENMEM-DEN,KXNBAGAME-26JAN25DENMEM,Denver at Memphis Winner?,,2026-01-23T13:06:00Z,2026-02-02T18:53:37Z,2026-02-02T18:54:26.900424Z,scalar,0.3800,1388005.00,0.4800,0.0000,0.0000
KXNBAGAME-26JAN25DALMIL-MIL,KXNBAGAME-26JAN25DALMIL,Dallas at Milwaukee Winner?,,2026-01-23T16:06:00Z,2026-02-02T20:39:47Z,2026-02-02T20:40:46.826289Z,scalar,0.5600,475659.00,0.5000,0.0000,0.0000
KXNBAGAME-26JAN25DALMIL-DAL,KXNBAGAME-26JAN25DALMIL,Dallas at Milwaukee Winner?,,2026-01-23T16:06:00Z,2026-02-02T20:39:47Z,2026-02-02T20:40:46.826289Z,scalar,0.4400,569572.00,0.4700,0.0000,0.0000
KXNBAGAME-26FEB02NOPCHA-NOP,KXNBAGAME-26FEB02NOPCHA,New Orleans at Charlotte Winner?,,2026-02-01T05:36:00Z,2026-02-02T22:35:26Z,2026-02-02T22:36:57.534253Z,no,0.0000,4765843.00,0.0100,0.0000,0.0000
KXNBAGAME-26FEB02NOPCHA-CHA,KXNBAGAME-26FEB02NOPCHA,New Orleans at Charlotte Winner?,,2026-02-01T05:36:00Z,2026-02-02T22:35:26Z,2026-02-02T22:36:57.534253Z,yes,1.0000,8274339.00,0.9900,0.0000,0.0000
KXNBAGAME-26FEB02HOUIND-IND,KXNBAGAME-26FEB02HOUIND,Houston at Indiana Winner?,,2026-02-01T05:36:00Z,2026-02-03T02:47:24Z,2026-02-03T02:48:57.567181Z,no,0.0000,4381323.00,0.0100,0.0000,0.0000
KXNBAGAME-26FEB02HOUIND-HOU,KXNBAGAME-26FEB02HOUIND,Houston at Indiana Winner?,,2026-02-01T05:36:00Z,2026-02-03T02:47:24Z,2026-02-03T02:48:57.567181Z,yes,1.0000,5313593.00,0.9900,0.0000,0.0000
KXNBAGAME-26FEB02MINMEM-MIN,KXNBAGAME-26FEB02MINMEM,Minnesota at Memphis Winner?,,2026-02-01T05:36:00Z,2026-02-03T03:43:23Z,2026-02-03T03:44:57.353461Z,no,0.0000,6303337.00,0.0100,0.0000,0.0000
KXNBAGAME-26FEB02MINMEM-MEM,KXNBAGAME-26FEB02MINMEM,Minnesota at Memphis Winner?,,2026-02-01T05:36:00Z,2026-02-03T03:43:23Z,2026-02-03T03:44:57.353461Z,yes,1.0000,4242290.00,0.9900,0.0000,0.0000
KXNBAGAME-26FEB02PHILAC-PHI,KXNBAGAME-26FEB02PHILAC,Philadelphia at Los Angeles C Winner?,,2026-02-01T05:36:00Z,2026-02-03T05:40:26Z,2026-02-03T05:41:57.172562Z,yes,1.0000,6991179.00,0.9900,0.0000,0.0000
KXNBAGAME-26FEB02PHILAC-LAC,KXNBAGAME-26FEB02PHILAC,Philadelphia at Los Angeles C Winner?,,2026-02-01T05:36:00Z,2026-02-03T05:40:26Z,2026-02-03T05:41:57.172562Z,no,0.0000,5413240.00,0.0100,0.0000,0.0000
KXNBAGAME-26FEB03UTAIND-UTA,KXNBAGAME-26FEB03UTAIND,Utah at Indiana Winner?,,2026-02-02T07:06:00Z,2026-02-04T02:28:06Z,2026-02-04T02:29:37.259961Z,yes,1.0000,3155408.00,0.9900,0.0000,0.0000
KXNBAGAME-26FEB03UTAIND-IND,KXNBAGAME-26FEB03UTAIND,Utah at Indiana Winner?,,2026-02-02T07:06:00Z,2026-02-04T02:28:06Z,2026-02-04T02:29:37.259961Z,no,0.0000,2785729.00,0.0100,0.0000,0.0000
KXNBAGAME-26FEB03NYKWAS-WAS,KXNBAGAME-26FEB03NYKWAS,New York at Washington Winner?,,2026-02-02T07:06:00Z,2026-02-04T02:47:49Z,2026-02-04T02:49:26.861416Z,no,0.0000,832803.00,0.0100,0.0000,0.0000
KXNBAGAME-26FEB03NYKWAS-NYK,KXNBAGAME-26FEB03NYKWAS,New York at Washington Winner?,,2026-02-02T07:06:00Z,2026-02-04T02:47:49Z,2026-02-04T02:49:26.861416Z,yes,1.0000,1414854.00,0.9900,0.0000,0.0000
KXNBAGAME-26FEB03DENDET-DET,KXNBAGAME-26FEB03DENDET,Denver at Detroit Winner?,,2026-02-02T07:06:00Z,2026-02-04T03:00:58Z,2026-02-04T03:02:37.105075Z,yes,1.0000,3041885.00,0.9900,0.0000,0.0000
KXNBAGAME-26FEB03DENDET-DEN,KXNBAGAME-26FEB03DENDET,Denver at Detroit Winner?,,2026-02-02T07:06:00Z,2026-02-04T03:00:58Z,2026-02-04T03:02:37.105075Z,no,0.0000,4259481.00,0.0100,0.0000,0.0000
KXNBAGAME-26FEB03LALBKN-LAL,KXNBAGAME-26FEB03LALBKN,Los Angeles L at Brooklyn Winner?,,2026-02-02T07:06:00Z,2026-02-04T03:10:37Z,2026-02-04T03:12:06.944883Z,yes,1.0000,1720953.00,0.9900,0.0000,0.0000
KXNBAGAME-26FEB03LALBKN-BKN,KXNBAGAME-26FEB03LALBKN,Los Angeles L at Brooklyn Winner?,,2026-02-02T07:06:00Z,2026-02-04T03:10:37Z,2026-02-04T03:12:06.944883Z,no,0.0000,430530.00,0.0100,0.0000,0.0000
KXNBAGAME-26FEB03CHIMIL-MIL,KXNBAGAME-26FEB03CHIMIL,Chicago at Milwaukee Winner?,,2026-02-02T07:06:00Z,2026-02-04T03:35:29Z,2026-02-04T03:37:06.88689Z,yes,1.0000,965782.00,0.9900,0.0000,0.0000
KXNBAGAME-26FEB03CHIMIL-CHI,KXNBAGAME-26FEB03CHIMIL,Chicago at Milwaukee Winner?,,2026-02-02T07:06:00Z,2026-02-04T03:35:29Z,2026-02-04T03:37:06.88689Z,no,0.0000,1035979.00,0.0100,0.0000,0.0000
KXNBAGAME-26FEB03ORLOKC-ORL,KXNBAGAME-26FEB03ORLOKC,Orlando at Oklahoma City Winner?,,2026-02-02T07:06:00Z,2026-02-04T03:40:27Z,2026-02-04T03:41:56.873713Z,no,0.0000,461508.00,0.0100,0.0000,0.0000
KXNBAGAME-26FEB03ORLOKC-OKC,KXNBAGAME-26FEB03ORLOKC,Orlando at Oklahoma City Winner?,,2026-02-02T07:06:00Z,2026-02-04T03:40:27Z,2026-02-04T03:41:56.873713Z,yes,1.0000,567008.00,0.9900,0.0000,0.0000
KXNBAGAME-26FEB03BOSDAL-DAL,KXNBAGAME-26FEB03BOSDAL,Boston at Dallas Winner?,,2026-02-02T07:06:00Z,2026-02-04T03:43:26Z,2026-02-04T03:44:57.283083Z,no,0.0000,1296557.00,0.0100,0.0000,0.0000
KXNBAGAME-26FEB03BOSDAL-BOS,KXNBAGAME-26FEB03BOSDAL,Boston at Dallas Winner?,,2026-02-02T07:06:00Z,2026-02-04T03:43:26Z,2026-02-04T03:44:57.283083Z,yes,1.0000,1443827.00,0.9900,0.0000,0.0000
KXNBAGAME-26FEB03ATLMIA-MIA,KXNBAGAME-26FEB03ATLMIA,Atlanta at Miami Winner?,,2026-02-02T07:06:00Z,2026-02-04T03:57:25Z,2026-02-04T03:58:57.091707Z,no,0.0000,1588566.00,0.0100,0.0000,0.0000
KXNBAGAME-26FEB03ATLMIA-ATL,KXNBAGAME-26FEB03ATLMIA,Atlanta at Miami Winner?,,2026-02-02T07:06:00Z,2026-02-04T03:57:25Z,2026-02-04T03:58:57.091707Z,yes,1.0000,1630680.00,0.9900,0.0000,0.0000
KXNBAGAME-26FEB03PHIGSW-PHI,KXNBAGAME-26FEB03PHIGSW,Philadelphia at Golden State Winner?,,2026-02-02T07:06:00Z,2026-02-04T05:33:26Z,2026-02-04T05:34:57.816792Z,yes,1.0000,8240267.00,0.9900,0.0000,0.0000
KXNBAGAME-26FEB03PHIGSW-GSW,KXNBAGAME-26FEB03PHIGSW,Philadelphia at Golden State Winner?,,2026-02-02T07:06:00Z,2026-02-04T05:33:26Z,2026-02-04T05:34:57.816792Z,no,0.0000,4216787.00,0.0100,0.0000,0.0000
KXNBAGAME-26FEB03PHXPOR-POR,KXNBAGAME-26FEB03PHXPOR,Phoenix at Portland Winner?,,2026-02-02T07:06:00Z,2026-02-04T06:51:29Z,2026-02-04T06:53:07.22112Z,no,0.0000,5162207.00,0.0100,0.0000,0.0000
KXNBAGAME-26FEB03PHXPOR-PHX,KXNBAGAME-26FEB03PHXPOR,Phoenix at Portland Winner?,,2026-02-02T07:06:00Z,2026-02-04T06:51:29Z,2026-02-04T06:53:07.22112Z,yes,1.0000,7713166.00,0.9900,0.0000,0.0000
KXNBAGAME-26FEB04MINTOR-TOR,KXNBAGAME-26FEB04MINTOR,Minnesota at Toronto Winner?,,2026-02-02T22:06:00Z,2026-02-05T03:17:36Z,2026-02-05T03:19:07.206086Z,no,0.0000,2710598.00,0.0100,0.0000,0.0000
KXNBAGAME-26FEB04MINTOR-MIN,KXNBAGAME-26FEB04MINTOR,Minnesota at Toronto Winner?,,2026-02-02T22:06:00Z,2026-02-05T03:17:36Z,2026-02-05T03:19:07.206086Z,yes,1.0000,3157781.00,0.9900,0.0000,0.0000
KXNBAGAME-26FEB04DENNYK-NYK,KXNBAGAME-26FEB04DENNYK,Denver at New York Winner?,,2026-02-02T19:05:00Z,2026-02-05T03:25:34Z,2026-02-05T03:27:07.551635Z,yes,1.0000,7371968.00,0.9900,0.0000,0.0000
KXNBAGAME-26FEB04DENNYK-DEN,KXNBAGAME-26FEB04DENNYK,Denver at New York Winner?,,2026-02-02T19:05:00Z,2026-02-05T03:25:34Z,2026-02-05T03:27:07.551635Z,no,0.0000,9056334.00,0.0100,0.0000,0.0000
KXNBAGAME-26FEB04BOSHOU-HOU,KXNBAGAME-26FEB04BOSHOU,Boston at Houston Winner?,,2026-02-02T22:06:00Z,2026-02-05T03:35:31Z,2026-02-05T03:37:07.191855Z,no,0.0000,2345434.00,0.0100,0.0000,0.0000
KXNBAGAME-26FEB04BOSHOU-BOS,KXNBAGAME-26FEB04BOSHOU,Boston at Houston Winner?,,2026-02-02T22:06:00Z,2026-02-05T03:35:31Z,2026-02-05T03:37:07.191855Z,yes,1.0000,2469055.00,0.9900,0.0000,0.0000
KXNBAGAME-26FEB04NOPMIL-NOP,KXNBAGAME-26FEB04NOPMIL,New Orleans at Milwaukee Winner?,,2026-02-02T22:06:00Z,2026-02-05T04:00:41Z,2026-02-05T04:02:17.059589Z,no,0.0000,3098894.00,0.0100,0.0000,0.0000
KXNBAGAME-26FEB04NOPMIL-MIL,KXNBAGAME-26FEB04NOPMIL,New Orleans at Milwaukee Winner?,,2026-02-02T22:06:00Z,2026-02-05T04:00:41Z,2026-02-05T04:02:17.059589Z,yes,1.0000,4269638.00,0.9900,0.0000,0.0000
KXNBAGAME-26FEB04OKCSAS-SAS,KXNBAGAME-26FEB04OKCSAS,Oklahoma City at San Antonio Winner?,,2026-02-02T22:06:00Z,2026-02-05T05:10:31Z,2026-02-05T05:12:07.52064Z,yes,1.0000,4430241.00,0.9900,0.0000,0.0000
KXNBAGAME-26FEB04OKCSAS-OKC,KXNBAGAME-26FEB04OKCSAS,Oklahoma City at San Antonio Winner?,,2026-02-02T22:06:00Z,2026-02-05T05:10:31Z,2026-02-05T05:12:07.52064Z,no,0.0000,7396503.00,0.0100,0.0000,0.0000
KXNBAGAME-26FEB04MEMSAC-SAC,KXNBAGAME-26FEB04MEMSAC,Memphis at Sacramento Winner?,,2026-02-02T22:06:00Z,2026-02-05T05:57:28Z,2026-02-05T05:59:07.211551Z,no,0.0000,4398881.00,0.0100,0.0000,0.0000
KXNBAGAME-26FEB04MEMSAC-MEM,KXNBAGAME-26FEB04MEMSAC,Memphis at Sacramento Winner?,,2026-02-02T22:06:00Z,2026-02-05T05:57:28Z,2026-02-05T05:59:07.211551Z,yes,1.0000,4983999.00,0.9900,0.0000,0.0000
KXNBAGAME-26FEB04CLELAC-LAC,KXNBAGAME-26FEB04CLELAC,Cleveland at Los Angeles C Winner?,,2026-02-03T01:06:00Z,2026-02-05T06:00:39Z,2026-02-05T06:02:17.472701Z,no,0.0000,1500309.00,0.0100,0.0000,0.0000
KXNBAGAME-26FEB04CLELAC-CLE,KXNBAGAME-26FEB04CLELAC,Cleveland at Los Angeles C Winner?,,2026-02-03T01:06:00Z,2026-02-05T06:00:39Z,2026-02-05T06:02:17.472701Z,yes,1.0000,2550804.00,0.9900,0.0000,0.0000
KXNBAGAME-26FEB05WASDET-WAS,KXNBAGAME-26FEB05WASDET,Washington at Detroit Winner?,,2026-02-03T19:06:00Z,2026-02-06T02:45:39Z,2026-02-06T02:47:10.179224Z,yes,1.0000,7495937.00,0.9900,0.0000,0.0000
KXNBAGAME-26FEB05WASDET-DET,KXNBAGAME-26FEB05WASDET,Washington at Detroit Winner?,,2026-02-03T19:06:00Z,2026-02-06T02:45:39Z,2026-02-06T02:47:10.179224Z,no,0.0000,5847476.00,0.0100,0.0000,0.0000
KXNBAGAME-26FEB05BKNORL-ORL,KXNBAGAME-26FEB05BKNORL,Brooklyn at Orlando Winner?,,2026-02-03T19:06:00Z,2026-02-06T02:53:32Z,2026-02-06T02:55:09.994256Z,yes,1.0000,802034.00,0.9900,0.0000,0.0000
KXNBAGAME-26FEB05BKNORL-BKN,KXNBAGAME-26FEB05BKNORL,Brooklyn at Orlando Winner?,,2026-02-03T19:06:00Z,2026-02-06T02:53:32Z,2026-02-06T02:55:09.994256Z,no,0.0000,422252.00,0.0100,0.0000,0.0000
KXNBAGAME-26FEB05CHITOR-TOR,KXNBAGAME-26FEB05CHITOR,Chicago at Toronto Winner?,,2026-02-03T22:06:00Z,2026-02-06T03:03:34Z,2026-02-06T03:05:09.944763Z,yes,1.0000,1614682.00,0.9900,0.0000,0.0000
KXNBAGAME-26FEB05CHITOR-CHI,KXNBAGAME-26FEB05CHITOR,Chicago at Toronto Winner?,,2026-02-03T22:06:00Z,2026-02-06T03:03:34Z,2026-02-06T03:05:09.944763Z,no,0.0000,1783930.00,0.0100,0.0000,0.0000
KXNBAGAME-26FEB05UTAATL-UTA,KXNBAGAME-26FEB05UTAATL,Utah at Atlanta Winner?,,2026-02-03T22:06:00Z,2026-02-06T03:05:31Z,2026-02-06T03:07:10.548787Z,no,0.0000,2936144.00,0.0100,0.0000,0.0000
KXNBAGAME-26FEB05UTAATL-ATL,KXNBAGAME-26FEB05UTAATL,Utah at Atlanta Winner?,,2026-02-03T22:06:00Z,2026-02-06T03:05:31Z,2026-02-06T03:07:10.548787Z,yes,1.0000,3832755.00,0.9900,0.0000,0.0000
KXNBAGAME-26FEB05CHAHOU-HOU,KXNBAGAME-26FEB05CHAHOU,Charlotte at Houston Winner?,,2026-02-03T22:06:00Z,2026-02-06T03:50:28Z,2026-02-06T03:52:00.008039Z,no,0.0000,3170027.00,0.0100,0.0000,0.0000
KXNBAGAME-26FEB05CHAHOU-CHA,KXNBAGAME-26FEB05CHAHOU,Charlotte at Houston Winner?,,2026-02-03T22:06:00Z,2026-02-06T03:50:28Z,2026-02-06T03:52:00.008039Z,yes,1.0000,2074152.00,0.9900,0.0000,0.0000
KXNBAGAME-26FEB05SASDAL-SAS,KXNBAGAME-26FEB05SASDAL,San Antonio at Dallas Winner?,,2026-02-03T22:06:00Z,2026-02-06T04:05:28Z,2026-02-06T04:07:00.17759Z,yes,1.0000,2959769.00,0.9900,0.0000,0.0000
KXNBAGAME-26FEB05SASDAL-DAL,KXNBAGAME-26FEB05SASDAL,San Antonio at Dallas Winner?,,2026-02-03T22:06:00Z,2026-02-06T04:05:28Z,2026-02-06T04:07:00.17759Z,no,0.0000,3972691.00,0.0100,0.0000,0.0000
KXNBAGAME-26FEB05GSWPHX-PHX,KXNBAGAME-26FEB05GSWPHX,Golden State at Phoenix Winner?,,2026-02-03T22:06:00Z,2026-02-06T05:35:24Z,2026-02-06T05:37:00.516505Z,no,0.0000,4928273.00,0.0100,0.0000,0.0000
KXNBAGAME-26FEB05GSWPHX-GSW,KXNBAGAME-26FEB05GSWPHX,Golden State at Phoenix Winner?,,2026-02-03T22:06:00Z,2026-02-06T05:35:24Z,2026-02-06T05:37:00.516505Z,yes,1.0000,4306531.00,0.9900,0.0000,0.0000
KXNBAGAME-26FEB05PHILAL-PHI,KXNBAGAME-26FEB05PHILAL,Philadelphia at Los Angeles L Winner?,,2026-02-03T22:06:00Z,2026-02-06T05:57:25Z,2026-02-06T05:59:00.786759Z,no,0.0000,8329908.00,0.0100,0.0000,0.0000
KXNBAGAME-26FEB05PHILAL-LAL,KXNBAGAME-26FEB05PHILAL,Philadelphia at Los Angeles L Winner?,,2026-02-03T22:06:00Z,2026-02-06T05:57:25Z,2026-02-06T05:59:00.786759Z,yes,1.0000,9644065.00,0.9900,0.0000,0.0000
KXNBAGAME-26FEB06NYKDET-NYK,KXNBAGAME-26FEB06NYKDET,New York at Detroit Winner?,,2026-02-05T01:06:00Z,2026-02-07T03:15:34Z,2026-02-07T03:17:10.876021Z,no,0.0000,5048905.00,0.0100,0.0000,0.0000
KXNBAGAME-26FEB06NYKDET-DET,KXNBAGAME-26FEB06NYKDET,New York at Detroit Winner?,,2026-02-05T01:06:00Z,2026-02-07T03:15:34Z,2026-02-07T03:17:10.876021Z,yes,1.0000,2711985.00,0.9900,0.0000,0.0000
KXNBAGAME-26FEB06MIABOS-MIA,KXNBAGAME-26FEB06MIABOS,Miami at Boston Winner?,,2026-02-05T01:07:00Z,2026-02-07T03:15:35Z,2026-02-07T03:17:11.396079Z,no,0.0000,5145159.00,0.0100,0.0000,0.0000
KXNBAGAME-26FEB06MIABOS-BOS,KXNBAGAME-26FEB06MIABOS,Miami at Boston Winner?,,2026-02-05T01:07:00Z,2026-02-07T03:15:35Z,2026-02-07T03:17:11.396079Z,yes,1.0000,8394342.00,0.9900,0.0000,0.0000
KXNBAGAME-26FEB06INDMIL-MIL,KXNBAGAME-26FEB06INDMIL,Indiana at Milwaukee Winner?,,2026-02-05T01:07:00Z,2026-02-07T03:30:20Z,2026-02-07T03:31:49.988499Z,yes,1.0000,2681084.00,0.9900,0.0000,0.0000
KXNBAGAME-26FEB06INDMIL-IND,KXNBAGAME-26FEB06INDMIL,Indiana at Milwaukee Winner?,,2026-02-05T01:07:00Z,2026-02-07T03:30:20Z,2026-02-07T03:31:49.988499Z,no,0.0000,2248691.00,0.0100,0.0000,0.0000
KXNBAGAME-26FEB06NOPMIN-NOP,KXNBAGAME-26FEB06NOPMIN,New Orleans at Minnesota Winner?,,2026-02-05T01:07:00Z,2026-02-07T03:33:27Z,2026-02-07T03:35:00.21076Z,yes,1.0000,4218544.00,0.9900,0.0000,0.0000
KXNBAGAME-26FEB06NOPMIN-MIN,KXNBAGAME-26FEB06NOPMIN,New Orleans at Minnesota Winner?,,2026-02-05T01:07:00Z,2026-02-07T03:33:27Z,2026-02-07T03:35:00.21076Z,no,0.0000,5553331.00,0.0100,0.0000,0.0000
KXNBAGAME-26FEB06MEMPOR-POR,KXNBAGAME-26FEB06MEMPOR,Memphis at Portland Winner?,,2026-02-05T01:07:00Z,2026-02-07T05:31:33Z,2026-02-07T05:33:09.978825Z,yes,1.0000,3011827.00,0.9900,0.0000,0.0000
KXNBAGAME-26FEB06MEMPOR-MEM,KXNBAGAME-26FEB06MEMPOR,Memphis at Portland Winner?,,2026-02-05T01:07:00Z,2026-02-07T05:31:33Z,2026-02-07T05:33:09.978825Z,no,0.0000,5945713.00,0.0100,0.0000,0.0000
KXNBAGAME-26FEB06LACSAC-SAC,KXNBAGAME-26FEB06LACSAC,Los Angeles C at Sacramento Winner?,,2026-02-05T01:07:00Z,2026-02-07T05:51:22Z,2026-02-07T05:53:00.42759Z,no,0.0000,6579545.00,0.0100,0.0000,0.0000
KXNBAGAME-26FEB06LACSAC-LAC,KXNBAGAME-26FEB06LACSAC,Los Angeles C at Sacramento Winner?,,2026-02-05T01:07:00Z,2026-02-07T05:51:22Z,2026-02-07T05:53:00.42759Z,yes,1.0000,8305975.00,0.9900,0.0000,0.0000
KXNBAGAME-26FEB07WASBKN-WAS,KXNBAGAME-26FEB07WASBKN,Washington at Brooklyn Winner?,,2026-02-05T16:06:00Z,2026-02-07T22:32:04Z,2026-02-07T22:33:40.053456Z,no,0.0000,2622261.00,0.0100,0.0000,0.0000
KXNBAGAME-26FEB07WASBKN-BKN,KXNBAGAME-26FEB07WASBKN,Washington at Brooklyn Winner?,,2026-02-05T16:06:00Z,2026-02-07T22:32:04Z,2026-02-07T22:33:40.053456Z,yes,1.0000,1158133.00,0.9900,0.0000,0.0000
KXNBAGAME-26FEB07HOUOKC-OKC,KXNBAGAME-26FEB07HOUOKC,Houston at Oklahoma City Winner?,,2026-02-05T16:06:00Z,2026-02-07T23:23:48Z,2026-02-07T23:25:21.070682Z,no,0.0000,6297895.00,0.0100,0.0000,0.0000
KXNBAGAME-26FEB07HOUOKC-HOU,KXNBAGAME-26FEB07HOUOKC,Houston at Oklahoma City Winner?,,2026-02-05T16:06:00Z,2026-02-07T23:23:48Z,2026-02-07T23:25:21.070682Z,yes,1.0000,7114960.00,0.9900,0.0000,0.0000
KXNBAGAME-26FEB07DALSAS-SAS,KXNBAGAME-26FEB07DALSAS,Dallas at San Antonio Winner?,,2026-02-05T19:06:00Z,2026-02-08T01:41:42Z,2026-02-08T01:43:20.019468Z,yes,1.0000,2032740.00,0.9900,0.0000,0.0000
KXNBAGAME-26FEB07DALSAS-DAL,KXNBAGAME-26FEB07DALSAS,Dallas at San Antonio Winner?,,2026-02-05T19:06:00Z,2026-02-08T01:41:42Z,2026-02-08T01:43:20.019468Z,no,0.0000,3608703.00,0.0100,0.0000,0.0000
KXNBAGAME-26FEB07UTAORL-UTA,KXNBAGAME-26FEB07UTAORL,Utah at Orlando Winner?,,2026-02-05T19:06:00Z,2026-02-08T02:45:43Z,2026-02-08T02:47:20.077701Z,no,0.0000,4420601.00,0.0100,0.0000,0.0000
KXNBAGAME-26FEB07UTAORL-ORL,KXNBAGAME-26FEB07UTAORL,Utah at Orlando Winner?,,2026-02-05T19:06:00Z,2026-02-08T02:45:43Z,2026-02-08T02:47:20.077701Z,yes,1.0000,4821850.00,0.9900,0.0000,0.0000
KXNBAGAME-26FEB07CHAATL-CHA,KXNBAGAME-26FEB07CHAATL,Charlotte at Atlanta Winner?,,2026-02-05T22:06:00Z,2026-02-08T03:13:32Z,2026-02-08T03:15:10.045648Z,yes,1.0000,4154138.00,0.9900,0.0000,0.0000
KXNBAGAME-26FEB07CHAATL-ATL,KXNBAGAME-26FEB07CHAATL,Charlotte at Atlanta Winner?,,2026-02-05T22:06:00Z,2026-02-08T03:13:32Z,2026-02-08T03:15:10.045648Z,no,0.0000,2808902.00,0.0100,0.0000,0.0000
KXNBAGAME-26FEB07DENCHI-DEN,KXNBAGAME-26FEB07DENCHI,Denver at Chicago Winner?,,2026-02-05T22:06:00Z,2026-02-08T03:40:26Z,2026-02-08T03:41:59.886142Z,yes,1.0000,2948149.00,0.9900,0.0000,0.0000
KXNBAGAME-26FEB07DENCHI-CHI,KXNBAGAME-26FEB07DENCHI,Denver at Chicago Winner?,,2026-02-05T22:06:00Z,2026-02-08T03:40:26Z,2026-02-08T03:41:59.886142Z,no,0.0000,1952401.00,0.0100,0.0000,0.0000
KXNBAGAME-26FEB07GSWLAL-LAL,KXNBAGAME-26FEB07GSWLAL,Golden State at Los Angeles L Winner?,,2026-02-05T22:06:00Z,2026-02-08T04:15:31Z,2026-02-08T04:17:10.423786Z,yes,1.0000,6403135.00,0.9900,0.0000,0.0000
KXNBAGAME-26FEB07GSWLAL-GSW,KXNBAGAME-26FEB07GSWLAL,Golden State at Los Angeles L Winner?,,2026-02-05T22:06:00Z,2026-02-08T04:15:31Z,2026-02-08T04:17:10.423786Z,no,0.0000,2981250.00,0.0100,0.0000,0.0000
KXNBAGAME-26FEB07PHIPHX-PHX,KXNBAGAME-26FEB07PHIPHX,Philadelphia at Phoenix Winner?,,2026-02-05T22:06:00Z,2026-02-08T05:05:25Z,2026-02-08T05:07:00.067732Z,no,0.0000,2602663.00,0.0100,0.0000,0.0000
KXNBAGAME-26FEB07PHIPHX-PHI,KXNBAGAME-26FEB07PHIPHX,Philadelphia at Phoenix Winner?,,2026-02-05T22:06:00Z,2026-02-08T05:05:25Z,2026-02-08T05:07:00.067732Z,yes,1.0000,2469958.00,0.9900,0.0000,0.0000
KXNBAGAME-26FEB07MEMPOR-POR,KXNBAGAME-26FEB07MEMPOR,Memphis at Portland Winner?,,2026-02-05T22:06:00Z,2026-02-08T05:29:52Z,2026-02-08T05:31:29.879879Z,yes,1.0000,2265497.00,0.9900,0.0000,0.0000
KXNBAGAME-26FEB07MEMPOR-MEM,KXNBAGAME-26FEB07MEMPOR,Memphis at Portland Winner?,,2026-02-05T22:06:00Z,2026-02-08T05:29:52Z,2026-02-08T05:31:29.879879Z,no,0.0000,2598074.00,0.0100,0.0000,0.0000
KXNBAGAME-26FEB07CLESAC-SAC,KXNBAGAME-26FEB07CLESAC,Cleveland at Sacramento Winner?,,2026-02-05T22:06:00Z,2026-02-08T05:35:27Z,2026-02-08T05:37:00.186688Z,no,0.0000,5247027.00,0.0100,0.0000,0.0000
KXNBAGAME-26FEB07CLESAC-CLE,KXNBAGAME-26FEB07CLESAC,Cleveland at Sacramento Winner?,,2026-02-05T22:06:00Z,2026-02-08T05:35:27Z,2026-02-08T05:37:00.186688Z,yes,1.0000,5480924.00,0.9900,0.0000,0.0000
KXNBAGAME-26FEB08NYKBOS-NYK,KXNBAGAME-26FEB08NYKBOS,New York at Boston Winner?,,2026-02-06T13:06:00Z,2026-02-08T20:10:50Z,2026-02-08T20:12:20.443655Z,yes,1.0000,3841252.00,0.9900,0.0000,0.0000
KXNBAGAME-26FEB08NYKBOS-BOS,KXNBAGAME-26FEB08NYKBOS,New York at Boston Winner?,,2026-02-06T13:06:00Z,2026-02-08T20:10:50Z,2026-02-08T20:12:20.443655Z,no,0.0000,4777624.00,0.0100,0.0000,0.0000
KXNBAGAME-26FEB08MIAWAS-WAS,KXNBAGAME-26FEB08MIAWAS,Miami at Washington Winner?,,2026-02-06T16:06:00Z,2026-02-08T21:35:28Z,2026-02-08T21:37:31.030906Z,no,0.0000,1586766.00,0.0100,0.0000,0.0000
KXNBAGAME-26FEB08MIAWAS-MIA,KXNBAGAME-26FEB08MIAWAS,Miami at Washington Winner?,,2026-02-06T16:06:00Z,2026-02-08T21:35:28Z,2026-02-08T21:37:31.030906Z,yes,1.0000,709112.00,0.9900,0.0000,0.0000
KXNBAGAME-26FEB08INDTOR-TOR,KXNBAGAME-26FEB08INDTOR,Indiana at Toronto Winner?,,2026-02-06T16:06:00Z,2026-02-08T22:45:27Z,2026-02-08T22:56:06.64826Z,yes,1.0000,2195115.00,0.9900,0.0000,0.0000
KXNBAGAME-26FEB08INDTOR-IND,KXNBAGAME-26FEB08INDTOR,Indiana at Toronto Winner?,,2026-02-06T16:06:00Z,2026-02-08T22:45:27Z,2026-02-08T22:56:06.64826Z,no,0.0000,1245248.00,0.0100,0.0000,0.0000
KXNBAGAME-26FEB08LACMIN-MIN,KXNBAGAME-26FEB08LACMIN,Los Angeles C at Minnesota Winner?,,2026-02-06T16:06:00Z,2026-02-08T22:45:28Z,2026-02-08T22:56:06.397898Z,no,0.0000,4285264.00,0.0100,0.0000,0.0000
KXNBAGAME-26FEB08LACMIN-LAC,KXNBAGAME-26FEB08LACMIN,Los Angeles C at Minnesota Winner?,,2026-02-06T16:06:00Z,2026-02-08T22:45:28Z,2026-02-08T22:56:06.397898Z,yes,1.0000,3042720.00,0.9900,0.0000,0.0000
KXNBAGAME-26FEB09DETCHA-DET,KXNBAGAME-26FEB09DETCHA,Detroit at Charlotte Winner?,,2026-02-07T19:06:00Z,2026-02-10T02:53:51Z,2026-02-10T02:55:21.50224Z,yes,1.0000,8346222.00,0.9900,0.9900,0.0000
KXNBAGAME-26FEB09DETCHA-CHA,KXNBAGAME-26FEB09DETCHA,Detroit at Charlotte Winner?,,2026-02-07T19:06:00Z,2026-02-10T02:53:51Z,2026-02-10T02:55:21.50224Z,no,0.0000,5742951.00,0.0100,0.0000,0.9900
KXNBAGAME-26FEB09MILORL-ORL,KXNBAGAME-26FEB09MILORL,Milwaukee at Orlando Winner?,,2026-02-07T22:06:00Z,2026-02-10T03:13:44Z,2026-02-10T03:15:19.818738Z,yes,1.0000,1191126.00,0.9900,0.9900,0.0000
KXNBAGAME-26FEB09MILORL-MIL,KXNBAGAME-26FEB09MILORL,Milwaukee at Orlando Winner?,,2026-02-07T22:06:00Z,2026-02-10T03:13:44Z,2026-02-10T03:15:19.818738Z,no,0.0000,1701619.00,0.0100,0.0000,0.9900
KXNBAGAME-26FEB09CHIBKN-CHI,KXNBAGAME-26FEB09CHIBKN,Chicago at Brooklyn Winner?,,2026-02-07T22:06:00Z,2026-02-10T03:17:43Z,2026-02-10T03:19:20.201179Z,no,0.0000,4097864.00,0.0100,0.0000,0.9900
KXNBAGAME-26FEB09CHIBKN-BKN,KXNBAGAME-26FEB09CHIBKN,Chicago at Brooklyn Winner?,,2026-02-07T22:06:00Z,2026-02-10T03:17:43Z,2026-02-10T03:19:20.201179Z,yes,1.0000,3078961.00,0.9900,0.9900,0.0000
KXNBAGAME-26FEB09UTAMIA-UTA,KXNBAGAME-26FEB09UTAMIA,Utah at Miami Winner?,,2026-02-07T22:06:00Z,2026-02-10T03:25:36Z,2026-02-10T03:27:10.77067Z,yes,1.0000,4851178.00,0.9900,0.9900,0.0000
KXNBAGAME-26FEB09UTAMIA-MIA,KXNBAGAME-26FEB09UTAMIA,Utah at Miami Winner?,,2026-02-07T22:06:00Z,2026-02-10T03:25:36Z,2026-02-10T03:27:10.77067Z,no,0.0000,3742859.00,0.0100,0.0000,0.9900
KXNBAGAME-26FEB09SACNOP-SAC,KXNBAGAME-26FEB09SACNOP,Sacramento at New Orleans Winner?,,2026-02-07T22:06:00Z,2026-02-10T03:43:32Z,2026-02-10T03:45:09.655169Z,no,0.0000,1095556.00,0.0100,0.0000,0.9900
KXNBAGAME-26FEB09SACNOP-NOP,KXNBAGAME-26FEB09SACNOP,Sacramento at New Orleans Winner?,,2026-02-07T22:06:00Z,2026-02-10T03:43:32Z,2026-02-10T03:45:09.655169Z,yes,1.0000,290738.00,0.9900,0.9900,0.0000
KXNBAGAME-26FEB09ATLMIN-MIN,KXNBAGAME-26FEB09ATLMIN,Atlanta at Minnesota Winner?,,2026-02-07T22:06:00Z,2026-02-10T03:45:38Z,2026-02-10T03:47:09.718101Z,yes,1.0000,825383.00,0.9900,0.9900,0.0000
KXNBAGAME-26FEB09ATLMIN-ATL,KXNBAGAME-26FEB09ATLMIN,Atlanta at Minnesota Winner?,,2026-02-07T22:06:00Z,2026-02-10T03:45:38Z,2026-02-10T03:47:09.718101Z,no,0.0000,564153.00,0.0100,0.0000,0.9900
KXNBAGAME-26FEB09CLEDEN-DEN,KXNBAGAME-26FEB09CLEDEN,Cleveland at Denver Winner?,,2026-02-07T22:06:00Z,2026-02-10T04:50:31Z,2026-02-10T04:52:03.940717Z,no,0.0000,5696082.00,0.0100,0.0000,0.9900
KXNBAGAME-26FEB09CLEDEN-CLE,KXNBAGAME-26FEB09CLEDEN,Cleveland at Denver Winner?,,2026-02-07T22:06:00Z,2026-02-10T04:50:31Z,2026-02-10T04:52:03.940717Z,yes,1.0000,6298295.00,0.9900,0.9900,0.0000
KXNBAGAME-26FEB09MEMGSW-MEM,KXNBAGAME-26FEB09MEMGSW,Memphis at Golden State Winner?,,2026-02-07T22:06:00Z,2026-02-10T05:57:26Z,2026-02-10T05:59:00.643199Z,no,0.0000,5443189.00,0.0100,0.0000,0.9900
KXNBAGAME-26FEB09MEMGSW-GSW,KXNBAGAME-26FEB09MEMGSW,Memphis at Golden State Winner?,,2026-02-07T22:06:00Z,2026-02-10T05:57:26Z,2026-02-10T05:59:00.643199Z,yes,1.0000,4806012.00,0.9900,0.9900,0.0000
KXNBAGAME-26FEB09PHIPOR-POR,KXNBAGAME-26FEB09PHIPOR,Philadelphia at Portland Winner?,,2026-02-07T22:06:00Z,2026-02-10T05:57:26Z,2026-02-10T05:59:00.984148Z,yes,1.0000,1748661.00,0.9900,0.9900,0.0000
KXNBAGAME-26FEB09PHIPOR-PHI,KXNBAGAME-26FEB09PHIPOR,Philadelphia at Portland Winner?,,2026-02-07T22:06:00Z,2026-02-10T05:57:26Z,2026-02-10T05:59:00.984148Z,no,0.0000,4321385.00,0.0100,0.0000,0.9900
KXNBAGAME-26FEB09OKCLAL-OKC,KXNBAGAME-26FEB09OKCLAL,Oklahoma City at Los Angeles L Winner?,,2026-02-07T22:06:00Z,2026-02-10T06:00:37Z,2026-02-10T06:02:12.106112Z,yes,1.0000,8598943.00,0.9900,0.9900,0.0000
KXNBAGAME-26FEB09OKCLAL-LAL,KXNBAGAME-26FEB09OKCLAL,Oklahoma City at Los Angeles L Winner?,,2026-02-07T22:06:00Z,2026-02-10T06:00:37Z,2026-02-10T06:02:12.106112Z,no,0.0000,13212378.00,0.0100,0.0000,0.9900
KXNBAGAME-26FEB10INDNYK-NYK,KXNBAGAME-26FEB10INDNYK,Indiana at New York Winner?,,2026-02-08T22:06:00Z,2026-02-11T03:35:29Z,2026-02-11T03:37:00.868458Z,no,0.0000,10178740.00,0.0100,0.0000,0.9900
KXNBAGAME-26FEB10INDNYK-IND,KXNBAGAME-26FEB10INDNYK,Indiana at New York Winner?,,2026-02-08T22:06:00Z,2026-02-11T03:35:29Z,2026-02-11T03:37:00.868458Z,yes,1.0000,9364292.00,0.9900,0.9900,0.0000
KXNBAGAME-26FEB10LACHOU-LAC,KXNBAGAME-26FEB10LACHOU,Los Angeles C at Houston Winner?,,2026-02-08T22:06:00Z,2026-02-11T03:40:17Z,2026-02-11T03:41:50.899651Z,no,0.0000,3848929.00,0.0100,0.0000,0.9900
KXNBAGAME-26FEB10LACHOU-HOU,KXNBAGAME-26FEB10LACHOU,Los Angeles C at Houston Winner?,,2026-02-08T22:06:00Z,2026-02-11T03:40:17Z,2026-02-11T03:41:50.899651Z,yes,1.0000,2146192.00,0.9900,0.9900,0.0000
KXNBAGAME-26FEB10DALPHX-PHX,KXNBAGAME-26FEB10DALPHX,Dallas at Phoenix Winner?,,2026-02-08T22:06:00Z,2026-02-11T04:27:27Z,2026-02-11T04:29:00.347419Z,yes,1.0000,1593312.00,0.9900,0.9900,0.0000
KXNBAGAME-26FEB10DALPHX-DAL,KXNBAGAME-26FEB10DALPHX,Dallas at Phoenix Winner?,,2026-02-08T22:06:00Z,2026-02-11T04:27:27Z,2026-02-11T04:29:00.347419Z,no,0.0000,3409414.00,0.0100,0.0000,0.9900
KXNBAGAME-26FEB10SASLAL-SAS,KXNBAGAME-26FEB10SASLAL,San Antonio at Los Angeles L Winner?,,2026-02-09T01:06:00Z,2026-02-11T06:03:27Z,2026-02-11T06:05:00.713172Z,yes,1.0000,4101114.00,0.9900,0.9900,0.0000
KXNBAGAME-26FEB10SASLAL-LAL,KXNBAGAME-26FEB10SASLAL,San Antonio at Los Angeles L Winner?,,2026-02-09T01:06:00Z,2026-02-11T06:03:27Z,2026-02-11T06:05:00.713172Z,no,0.0000,7995796.00,0.0100,0.0000,0.9900
KXNBAGAME-26FEB11MILORL-ORL,KXNBAGAME-26FEB11MILORL,Milwaukee at Orlando Winner?,,2026-02-09T19:06:00Z,2026-02-12T02:41:33Z,2026-02-12T02:43:10.151036Z,no,0.0000,1975549.00,0.0100,0.0000,0.9900
KXNBAGAME-26FEB11MILORL-MIL,KXNBAGAME-26FEB11MILORL,Milwaukee at Orlando Winner?,,2026-02-09T19:06:00Z,2026-02-12T02:41:33Z,2026-02-12T02:43:10.151036Z,yes,1.0000,2823126.00,0.9900,0.9900,0.0000
KXNBAGAME-26FEB11ATLCHA-CHA,KXNBAGAME-26FEB11ATLCHA,Atlanta at Charlotte Winner?,,2026-02-09T19:06:00Z,2026-02-12T02:44:03Z,2026-02-12T02:45:40.538009Z,yes,1.0000,3417305.00,0.9900,0.9900,0.0000
KXNBAGAME-26FEB11ATLCHA-ATL,KXNBAGAME-26FEB11ATLCHA,Atlanta at Charlotte Winner?,,2026-02-09T19:06:00Z,2026-02-12T02:44:03Z,2026-02-12T02:45:40.538009Z,no,0.0000,3155606.00,0.0100,0.0000,0.9900
KXNBAGAME-26FEB11CHIBOS-CHI,KXNBAGAME-26FEB11CHIBOS,Chicago at Boston Winner?,,2026-02-09T22:06:00Z,2026-02-12T02:54:01Z,2026-02-12T02:55:39.967431Z,no,0.0000,834918.00,0.0100,0.0000,0.9900
KXNBAGAME-26FEB11CHIBOS-BOS,KXNBAGAME-26FEB11CHIBOS,Chicago at Boston Winner?,,2026-02-09T22:06:00Z,2026-02-12T02:54:01Z,2026-02-12T02:55:39.967431Z,yes,1.0000,559508.00,0.9900,0.9900,0.0000
KXNBAGAME-26FEB11WASCLE-WAS,KXNBAGAME-26FEB11WASCLE,Washington at Cleveland Winner?,,2026-02-09T19:06:00Z,2026-02-12T02:58:04Z,2026-02-12T02:59:40.401801Z,no,0.0000,3949597.00,0.0100,0.0000,0.9900
KXNBAGAME-26FEB11WASCLE-CLE,KXNBAGAME-26FEB11WASCLE,Washington at Cleveland Winner?,,2026-02-09T19:06:00Z,2026-02-12T02:58:04Z,2026-02-12T02:59:40.401801Z,yes,1.0000,1312937.00,0.9900,0.9900,0.0000
KXNBAGAME-26FEB11INDBKN-IND,KXNBAGAME-26FEB11INDBKN,Indiana at Brooklyn Winner?,,2026-02-09T22:06:00Z,2026-02-12T03:08:00Z,2026-02-12T03:09:30.167327Z,yes,1.0000,2467763.00,0.9900,0.9900,0.0000
KXNBAGAME-26FEB11INDBKN-BKN,KXNBAGAME-26FEB11INDBKN,Indiana at Brooklyn Winner?,,2026-02-09T22:06:00Z,2026-02-12T03:08:00Z,2026-02-12T03:09:30.167327Z,no,0.0000,1638320.00,0.0100,0.0000,0.9900
KXNBAGAME-26FEB11NYKPHI-PHI,KXNBAGAME-26FEB11NYKPHI,New York at Philadelphia Winner?,,2026-02-09T22:06:00Z,2026-02-12T03:10:37Z,2026-02-12T03:12:10.423862Z,no,0.0000,1355669.00,0.0100,0.0000,0.9900
KXNBAGAME-26FEB11NYKPHI-NYK,KXNBAGAME-26FEB11NYKPHI,New York at Philadelphia Winner?,,2026-02-09T22:06:00Z,2026-02-12T03:10:37Z,2026-02-12T03:12:10.423862Z,yes,1.0000,2278895.00,0.9900,0.9900,0.0000
KXNBAGAME-26FEB11DETTOR-TOR,KXNBAGAME-26FEB11DETTOR,Detroit at Toronto Winner?,,2026-02-09T22:06:00Z,2026-02-12T03:20:35Z,2026-02-12T03:22:10.027189Z,no,0.0000,1426756.00,0.0100,0.0000,0.9900
KXNBAGAME-26FEB11DETTOR-DET,KXNBAGAME-26FEB11DETTOR,Detroit at Toronto Winner?,,2026-02-09T22:06:00Z,2026-02-12T03:20:35Z,2026-02-12T03:22:10.027189Z,yes,1.0000,2162008.00,0.9900,0.9900,0.0000
KXNBAGAME-26FEB11MIANOP-NOP,KXNBAGAME-26FEB11MIANOP,Miami at New Orleans Winner?,,2026-02-09T22:06:00Z,2026-02-12T03:37:49Z,2026-02-12T03:39:20.011861Z,no,0.0000,2224313.00,0.0100,0.0000,0.9900
KXNBAGAME-26FEB11MIANOP-MIA,KXNBAGAME-26FEB11MIANOP,Miami at New Orleans Winner?,,2026-02-09T22:06:00Z,2026-02-12T03:37:49Z,2026-02-12T03:39:20.011861Z,yes,1.0000,1887619.00,0.9900,0.9900,0.0000
KXNBAGAME-26FEB11PORMIN-POR,KXNBAGAME-26FEB11PORMIN,Portland at Minnesota Winner?,,2026-02-09T22:06:00Z,2026-02-12T03:41:52Z,2026-02-12T03:43:29.906648Z,no,0.0000,542996.00,0.0100,0.0000,0.9900
KXNBAGAME-26FEB11PORMIN-MIN,KXNBAGAME-26FEB11PORMIN,Portland at Minnesota Winner?,,2026-02-09T22:06:00Z,2026-02-12T03:41:52Z,2026-02-12T03:43:29.906648Z,yes,1.0000,572827.00,0.9900,0.9900,0.0000
KXNBAGAME-26FEB11LACHOU-LAC,KXNBAGAME-26FEB11LACHOU,Los Angeles C at Houston Winner?,,2026-02-09T22:06:00Z,2026-02-12T03:47:41Z,2026-02-12T03:49:20.184052Z,yes,1.0000,3275522.00,0.9900,0.9900,0.0000
KXNBAGAME-26FEB11LACHOU-HOU,KXNBAGAME-26FEB11LACHOU,Los Angeles C at Houston Winner?,,2026-02-09T22:06:00Z,2026-02-12T03:47:41Z,2026-02-12T03:49:20.184052Z,no,0.0000,2574999.00,0.0100,0.0000,0.9900
KXNBAGAME-26FEB11SACUTA-UTA,KXNBAGAME-26FEB11SACUTA,Sacramento at Utah Winner?,,2026-02-09T22:06:00Z,2026-02-12T04:27:39Z,2026-02-12T04:29:09.914235Z,yes,1.0000,826559.00,0.9900,0.9900,0.0000
KXNBAGAME-26FEB11SACUTA-SAC,KXNBAGAME-26FEB11SACUTA,Sacramento at Utah Winner?,,2026-02-09T22:06:00Z,2026-02-12T04:27:39Z,2026-02-12T04:29:09.914235Z,no,0.0000,442818.00,0.0100,0.0000,0.9900
KXNBAGAME-26FEB11OKCPHX-PHX,KXNBAGAME-26FEB11OKCPHX,Oklahoma City at Phoenix Winner?,,2026-02-09T22:06:00Z,2026-02-12T04:40:45Z,2026-02-12T04:42:19.848772Z,no,0.0000,831121.00,0.0100,0.0000,0.9900
KXNBAGAME-26FEB11OKCPHX-OKC,KXNBAGAME-26FEB11OKCPHX,Oklahoma City at Phoenix Winner?,,2026-02-09T22:06:00Z,2026-02-12T04:40:45Z,2026-02-12T04:42:19.848772Z,yes,1.0000,721264.00,0.9900,0.9900,0.0000
KXNBAGAME-26FEB11MEMDEN-MEM,KXNBAGAME-26FEB11MEMDEN,Memphis at Denver Winner?,,2026-02-09T22:06:00Z,2026-02-12T04:43:32Z,2026-02-12T04:45:10.068566Z,no,0.0000,4479925.00,0.0100,0.0000,0.9900
KXNBAGAME-26FEB11MEMDEN-DEN,KXNBAGAME-26FEB11MEMDEN,Memphis at Denver Winner?,,2026-02-09T22:06:00Z,2026-02-12T04:43:32Z,2026-02-12T04:45:10.068566Z,yes,1.0000,2380982.00,0.9900,0.9900,0.0000
KXNBAGAME-26FEB11SASGSW-SAS,KXNBAGAME-26FEB11SASGSW,San Antonio at Golden State Winner?,,2026-02-09T22:06:00Z,2026-02-12T05:57:33Z,2026-02-12T05:59:10.99536Z,yes,1.0000,14221941.00,0.9900,0.9900,0.0000
KXNBAGAME-26FEB11SASGSW-GSW,KXNBAGAME-26FEB11SASGSW,San Antonio at Golden State Winner?,,2026-02-09T22:06:00Z,2026-02-12T05:57:33Z,2026-02-12T05:59:10.99536Z,no,0.0000,8549330.00,0.0100,0.0000,0.9900
KXNBAGAME-26FEB12MILOKC-OKC,KXNBAGAME-26FEB12MILOKC,Milwaukee at Oklahoma City Winner?,,2026-02-10T22:06:00Z,2026-02-13T03:01:29Z,2026-02-13T03:03:01.336323Z,no,0.0000,4678620.00,0.0100,0.0000,0.0000
KXNBAGAME-26FEB12MILOKC-MIL,KXNBAGAME-26FEB12MILOKC,Milwaukee at Oklahoma City Winner?,,2026-02-10T22:06:00Z,2026-02-13T03:01:29Z,2026-02-13T03:03:01.336323Z,yes,1.0000,6325481.00,0.9900,0.0000,0.0000
KXNBAGAME-26FEB12PORUTA-UTA,KXNBAGAME-26FEB12PORUTA,Portland at Utah Winner?,,2026-02-10T22:06:00Z,2026-02-13T04:41:28Z,2026-02-13T04:43:01.150877Z,no,0.0000,4077183.00,0.0100,0.0000,0.0000
KXNBAGAME-26FEB12PORUTA-POR,KXNBAGAME-26FEB12PORUTA,Portland at Utah Winner?,,2026-02-10T22:06:00Z,2026-02-13T04:41:28Z,2026-02-13T04:43:01.150877Z,yes,1.0000,2585637.00,0.9900,0.0000,0.0000
KXNBAGAME-26FEB12DALLAL-LAL,KXNBAGAME-26FEB12DALLAL,Dallas at Los Angeles L Winner?,,2026-02-10T22:06:00Z,2026-02-13T05:37:28Z,2026-02-13T05:39:01.690752Z,yes,1.0000,4954411.00,0.9900,0.0000,0.0000
KXNBAGAME-26FEB12DALLAL-DAL,KXNBAGAME-26FEB12DALLAL,Dallas at Los Angeles L Winner?,,2026-02-10T22:06:00Z,2026-02-13T05:37:28Z,2026-02-13T05:39:01.690752Z,no,0.0000,3744380.00,0.0100,0.0000,0.0000
KXNBAGAME-26FEB19BKNCLE-CLE,KXNBAGAME-26FEB19BKNCLE,Brooklyn at Cleveland Winner?,,2026-02-16T15:37:00Z,2026-02-20T02:31:05Z,2026-02-20T02:32:40.541584Z,yes,1.0000,881388.00,0.9900,0.9900,0.0000
KXNBAGAME-26FEB19BKNCLE-BKN,KXNBAGAME-26FEB19BKNCLE,Brooklyn at Cleveland Winner?,,2026-02-16T15:37:00Z,2026-02-20T02:31:05Z,2026-02-20T02:32:40.541584Z,no,0.0000,1029680.00,0.0100,0.0000,0.9900
KXNBAGAME-26FEB19HOUCHA-HOU,KXNBAGAME-26FEB19HOUCHA,Houston at Charlotte Winner?,,2026-02-16T15:37:00Z,2026-02-20T02:34:39Z,2026-02-20T02:36:10.929013Z,yes,1.0000,3888975.00,0.9900,0.9900,0.0000
KXNBAGAME-26FEB19HOUCHA-CHA,KXNBAGAME-26FEB19HOUCHA,Houston at Charlotte Winner?,,2026-02-16T15:37:00Z,2026-02-20T02:34:39Z,2026-02-20T02:36:10.929013Z,no,0.0000,4427850.00,0.0100,0.0000,0.9900
KXNBAGAME-26FEB19ATLPHI-PHI,KXNBAGAME-26FEB19ATLPHI,Atlanta at Philadelphia Winner?,,2026-02-16T15:37:00Z,2026-02-20T02:50:45Z,2026-02-20T02:52:20.624081Z,no,0.0000,2601813.00,0.0100,0.0000,0.9900
KXNBAGAME-26FEB19ATLPHI-ATL,KXNBAGAME-26FEB19ATLPHI,Atlanta at Philadelphia Winner?,,2026-02-16T15:37:00Z,2026-02-20T02:50:45Z,2026-02-20T02:52:20.624081Z,yes,1.0000,2307899.00,0.9900,0.9900,0.0000
KXNBAGAME-26FEB19INDWAS-WAS,KXNBAGAME-26FEB19INDWAS,Indiana at Washington Winner?,,2026-02-16T15:37:00Z,2026-02-20T02:50:47Z,2026-02-20T02:52:20.742148Z,yes,1.0000,1401384.00,0.9900,0.9900,0.0000
KXNBAGAME-26FEB19INDWAS-IND,KXNBAGAME-26FEB19INDWAS,Indiana at Washington Winner?,,2026-02-16T15:37:00Z,2026-02-20T02:50:47Z,2026-02-20T02:52:20.742148Z,no,0.0000,1254826.00,0.0100,0.0000,0.9900
KXNBAGAME-26FEB19DETNYK-NYK,KXNBAGAME-26FEB19DETNYK,Detroit at New York Winner?,,2026-02-16T15:37:00Z,2026-02-20T03:16:45Z,2026-02-20T03:18:20.762604Z,no,0.0000,4473637.00,0.0100,0.0000,0.9900
KXNBAGAME-26FEB19DETNYK-DET,KXNBAGAME-26FEB19DETNYK,Detroit at New York Winner?,,2026-02-16T15:37:00Z,2026-02-20T03:16:45Z,2026-02-20T03:18:20.762604Z,yes,1.0000,4263415.00,0.9900,0.9900,0.0000
KXNBAGAME-26FEB19TORCHI-TOR,KXNBAGAME-26FEB19TORCHI,Toronto at Chicago Winner?,,2026-02-16T15:37:00Z,2026-02-20T03:44:27Z,2026-02-20T03:46:00.481551Z,yes,1.0000,1926442.00,0.9900,0.9900,0.0000
KXNBAGAME-26FEB19TORCHI-CHI,KXNBAGAME-26FEB19TORCHI,Toronto at Chicago Winner?,,2026-02-16T15:37:00Z,2026-02-20T03:44:27Z,2026-02-20T03:46:00.481551Z,no,0.0000,2369380.00,0.0100,0.0000,0.9900
KXNBAGAME-26FEB19PHXSAS-SAS,KXNBAGAME-26FEB19PHXSAS,Phoenix at San Antonio Winner?,,2026-02-16T15:37:00Z,2026-02-20T03:56:24Z,2026-02-20T03:58:00.50637Z,yes,1.0000,1331622.00,0.9900,0.9900,0.0000
KXNBAGAME-26FEB19PHXSAS-PHX,KXNBAGAME-26FEB19PHXSAS,Phoenix at San Antonio Winner?,,2026-02-16T15:37:00Z,2026-02-20T03:56:24Z,2026-02-20T03:58:00.50637Z,no,0.0000,692804.00,0.0100,0.0000,0.9900
KXNBAGAME-26FEB19BOSGSW-GSW,KXNBAGAME-26FEB19BOSGSW,Boston at Golden State Winner?,,2026-02-16T15:37:00Z,2026-02-20T05:42:22Z,2026-02-20T05:44:00.687224Z,no,0.0000,2538400.00,0.0100,0.0000,0.9900
KXNBAGAME-26FEB19BOSGSW-BOS,KXNBAGAME-26FEB19BOSGSW,Boston at Golden State Winner?,,2026-02-16T15:37:00Z,2026-02-20T05:42:22Z,2026-02-20T05:44:00.687224Z,yes,1.0000,3883383.00,0.9900,0.9900,0.0000
KXNBAGAME-26FEB19ORLSAC-SAC,KXNBAGAME-26FEB19ORLSAC,Orlando at Sacramento Winner?,,2026-02-16T15:37:00Z,2026-02-20T05:44:20Z,2026-02-20T05:45:50.650262Z,no,0.0000,3341116.00,0.0100,0.0000,0.9900
KXNBAGAME-26FEB19ORLSAC-ORL,KXNBAGAME-26FEB19ORLSAC,Orlando at Sacramento Winner?,,2026-02-16T15:37:00Z,2026-02-20T05:44:20Z,2026-02-20T05:45:50.650262Z,yes,1.0000,2777529.00,0.9900,0.9900,0.0000
KXNBAGAME-26FEB19DENLAC-LAC,KXNBAGAME-26FEB19DENLAC,Denver at Los Angeles C Winner?,,2026-02-16T15:37:00Z,2026-02-20T06:22:08Z,2026-02-20T06:23:40.832894Z,yes,1.0000,7471445.00,0.9900,0.9900,0.0000
KXNBAGAME-26FEB19DENLAC-DEN,KXNBAGAME-26FEB19DENLAC,Denver at Los Angeles C Winner?,,2026-02-16T15:37:00Z,2026-02-20T06:22:08Z,2026-02-20T06:23:40.832894Z,no,0.0000,9037005.00,0.0100,0.0000,0.9900
KXNBAGAME-26FEB20INDWAS-WAS,KXNBAGAME-26FEB20INDWAS,Indiana at Washington Winner?,,2026-02-18T14:06:00Z,2026-02-21T02:34:54Z,2026-02-21T02:36:26.584339Z,yes,1.0000,1727403.00,0.9900,0.9900,0.0000
KXNBAGAME-26FEB20INDWAS-IND,KXNBAGAME-26FEB20INDWAS,Indiana at Washington Winner?,,2026-02-18T14:06:00Z,2026-02-21T02:34:54Z,2026-02-21T02:36:26.584339Z,no,0.0000,2074894.00,0.0100,0.0000,0.9900
KXNBAGAME-26FEB20UTAMEM-UTA,KXNBAGAME-26FEB20UTAMEM,Utah at Memphis Winner?,,2026-02-18T14:06:00Z,2026-02-21T02:36:48Z,2026-02-21T02:38:26.578814Z,no,0.0000,1301304.00,0.0100,0.0000,0.9900
KXNBAGAME-26FEB20UTAMEM-MEM,KXNBAGAME-26FEB20UTAMEM,Utah at Memphis Winner?,,2026-02-18T14:06:00Z,2026-02-21T02:36:48Z,2026-02-21T02:38:26.578814Z,yes,1.0000,1361331.00,0.9900,0.9900,0.0000
KXNBAGAME-26FEB20CLECHA-CLE,KXNBAGAME-26FEB20CLECHA,Cleveland at Charlotte Winner?,,2026-02-18T14:06:00Z,2026-02-21T02:44:50Z,2026-02-21T02:46:26.84213Z,yes,1.0000,4913614.00,0.9900,0.9900,0.0000
KXNBAGAME-26FEB20CLECHA-CHA,KXNBAGAME-26FEB20CLECHA,Cleveland at Charlotte Winner?,,2026-02-18T14:06:00Z,2026-02-21T02:44:50Z,2026-02-21T02:46:26.84213Z,no,0.0000,3723409.00,0.0100,0.0000,0.9900
KXNBAGAME-26FEB20MIAATL-MIA,KXNBAGAME-26FEB20MIAATL,Miami at Atlanta Winner?,,2026-02-18T17:06:00Z,2026-02-21T02:58:36Z,2026-02-21T03:00:06.444976Z,yes,1.0000,982739.00,0.9900,0.9900,0.0000
KXNBAGAME-26FEB20MIAATL-ATL,KXNBAGAME-26FEB20MIAATL,Miami at Atlanta Winner?,,2026-02-18T17:06:00Z,2026-02-21T02:58:36Z,2026-02-21T03:00:06.444976Z,no,0.0000,899764.00,0.0100,0.0000,0.9900
KXNBAGAME-26FEB20DALMIN-MIN,KXNBAGAME-26FEB20DALMIN,Dallas at Minnesota Winner?,,2026-02-18T17:06:00Z,2026-02-21T03:20:45Z,2026-02-21T03:22:16.638338Z,yes,1.0000,2321215.00,0.9900,0.9900,0.0000
KXNBAGAME-26FEB20DALMIN-DAL,KXNBAGAME-26FEB20DALMIN,Dallas at Minnesota Winner?,,2026-02-18T17:06:00Z,2026-02-21T03:20:45Z,2026-02-21T03:22:16.638338Z,no,0.0000,3637715.00,0.0100,0.0000,0.9900
KXNBAGAME-26FEB20MILNOP-NOP,KXNBAGAME-26FEB20MILNOP,Milwaukee at New Orleans Winner?,,2026-02-18T17:06:00Z,2026-02-21T03:23:34Z,2026-02-21T03:25:06.566053Z,no,0.0000,1891534.00,0.0100,0.0000,0.9900
KXNBAGAME-26FEB20MILNOP-MIL,KXNBAGAME-26FEB20MILNOP,Milwaukee at New Orleans Winner?,,2026-02-18T17:06:00Z,2026-02-21T03:23:34Z,2026-02-21T03:25:06.566053Z,yes,1.0000,3302144.00,0.9900,0.9900,0.0000
KXNBAGAME-26FEB20BKNOKC-OKC,KXNBAGAME-26FEB20BKNOKC,Brooklyn at Oklahoma City Winner?,,2026-02-18T17:06:00Z,2026-02-21T03:48:27Z,2026-02-21T03:49:56.456766Z,yes,1.0000,1293310.00,0.9900,0.9900,0.0000
KXNBAGAME-26FEB20BKNOKC-BKN,KXNBAGAME-26FEB20BKNOKC,Brooklyn at Oklahoma City Winner?,,2026-02-18T17:06:00Z,2026-02-21T03:48:27Z,2026-02-21T03:49:56.456766Z,no,0.0000,2046439.00,0.0100,0.0000,0.9900
KXNBAGAME-26FEB20DENPOR-POR,KXNBAGAME-26FEB20DENPOR,Denver at Portland Winner?,,2026-02-18T17:06:00Z,2026-02-21T05:46:19Z,2026-02-21T05:47:56.645117Z,no,0.0000,2078655.00,0.0100,0.0000,0.9900
KXNBAGAME-26FEB20DENPOR-DEN,KXNBAGAME-26FEB20DENPOR,Denver at Portland Winner?,,2026-02-18T17:06:00Z,2026-02-21T05:46:19Z,2026-02-21T05:47:56.645117Z,yes,1.0000,6214681.00,0.9900,0.9900,0.0000
KXNBAGAME-26FEB20LACLAL-LAL,KXNBAGAME-26FEB20LACLAL,Los Angeles C at Los Angeles L Winner?,,2026-02-18T17:06:00Z,2026-02-21T05:52:20Z,2026-02-21T05:53:57.03818Z,yes,1.0000,9684090.00,0.9900,0.9900,0.0000
KXNBAGAME-26FEB20LACLAL-LAC,KXNBAGAME-26FEB20LACLAL,Los Angeles C at Los Angeles L Winner?,,2026-02-18T17:06:00Z,2026-02-21T05:52:20Z,2026-02-21T05:53:57.03818Z,no,0.0000,10161094.00,0.0100,0.0000,0.9900
KXNBAGAME-26FEB21ORLPHX-PHX,KXNBAGAME-26FEB21ORLPHX,Orlando at Phoenix Winner?,,2026-02-19T14:06:00Z,2026-02-22T01:16:22Z,2026-02-22T01:17:56.920772Z,yes,1.0000,8293410.00,0.9900,0.9900,0.0000
KXNBAGAME-26FEB21ORLPHX-ORL,KXNBAGAME-26FEB21ORLPHX,Orlando at Phoenix Winner?,,2026-02-19T14:06:00Z,2026-02-22T01:16:22Z,2026-02-22T01:17:56.920772Z,no,0.0000,8448867.00,0.0100,0.0000,0.9900
KXNBAGAME-26FEB21PHINOP-PHI,KXNBAGAME-26FEB21PHINOP,Philadelphia at New Orleans Winner?,,2026-02-19T14:06:00Z,2026-02-22T02:46:19Z,2026-02-22T02:47:56.628281Z,no,0.0000,4232426.00,0.0100,0.0000,0.9900
KXNBAGAME-26FEB21PHINOP-NOP,KXNBAGAME-26FEB21PHINOP,Philadelphia at New Orleans Winner?,,2026-02-19T14:06:00Z,2026-02-22T02:46:19Z,2026-02-22T02:47:56.628281Z,yes,1.0000,1791419.00,0.9900,0.9900,0.0000
KXNBAGAME-26FEB21DETCHI-DET,KXNBAGAME-26FEB21DETCHI,Detroit at Chicago Winner?,,2026-02-19T17:07:00Z,2026-02-22T03:30:36Z,2026-02-22T03:32:06.455667Z,yes,1.0000,1367932.00,0.9900,0.9900,0.0000
KXNBAGAME-26FEB21DETCHI-CHI,KXNBAGAME-26FEB21DETCHI,Detroit at Chicago Winner?,,2026-02-19T17:07:00Z,2026-02-22T03:30:36Z,2026-02-22T03:32:06.455667Z,no,0.0000,1225378.00,0.0100,0.0000,0.9900
KXNBAGAME-26FEB21MEMMIA-MIA,KXNBAGAME-26FEB21MEMMIA,Memphis at Miami Winner?,,2026-02-19T17:07:00Z,2026-02-22T03:44:18Z,2026-02-22T03:45:56.707227Z,yes,1.0000,796622.00,0.9900,0.9900,0.0000
KXNBAGAME-26FEB21MEMMIA-MEM,KXNBAGAME-26FEB21MEMMIA,Memphis at Miami Winner?,,2026-02-19T17:07:00Z,2026-02-22T03:44:18Z,2026-02-22T03:45:56.707227Z,no,0.0000,1041941.00,0.0100,0.0000,0.9900
KXNBAGAME-26FEB21SACSAS-SAS,KXNBAGAME-26FEB21SACSAS,Sacramento at San Antonio Winner?,,2026-02-19T17:07:00Z,2026-02-22T03:46:12Z,2026-02-22T03:47:48.250088Z,yes,1.0000,1719117.00,0.9900,0.9900,0.0000
KXNBAGAME-26FEB21SACSAS-SAC,KXNBAGAME-26FEB21SACSAS,Sacramento at San Antonio Winner?,,2026-02-19T17:07:00Z,2026-02-22T03:46:12Z,2026-02-22T03:47:48.250088Z,no,0.0000,3910738.00,0.0100,0.0000,0.9900
KXNBAGAME-26FEB21HOUNYK-NYK,KXNBAGAME-26FEB21HOUNYK,Houston at New York Winner?,,2026-02-19T17:07:00Z,2026-02-22T04:24:05Z,2026-02-22T04:25:37.027956Z,yes,1.0000,7875842.00,0.9900,0.9900,0.0000
KXNBAGAME-26FEB21HOUNYK-HOU,KXNBAGAME-26FEB21HOUNYK,Houston at New York Winner?,,2026-02-19T17:07:00Z,2026-02-22T04:24:05Z,2026-02-22T04:25:37.027956Z,no,0.0000,5982339.00,0.0100,0.0000,0.9900
KXNBAGAME-26FEB22CLEOKC-OKC,KXNBAGAME-26FEB22CLEOKC,Cleveland at Oklahoma City Winner?,,2026-02-20T08:06:00Z,2026-02-22T20:48:38Z,2026-02-22T20:50:16.992461Z,yes,1.0000,7232988.00,0.9900,0.9900,0.0000
KXNBAGAME-26FEB22CLEOKC-CLE,KXNBAGAME-26FEB22CLEOKC,Cleveland at Oklahoma City Winner?,,2026-02-20T08:06:00Z,2026-02-22T20:48:38Z,2026-02-22T20:50:16.992461Z,no,0.0000,9206073.00,0.0100,0.0000,0.9900
KXNBAGAME-26FEB22BKNATL-BKN,KXNBAGAME-26FEB22BKNATL,Brooklyn at Atlanta Winner?,,2026-02-20T11:06:00Z,2026-02-22T23:12:44Z,2026-02-22T23:14:16.494652Z,no,0.0000,1871335.00,0.0100,0.0000,0.9900
KXNBAGAME-26FEB22BKNATL-ATL,KXNBAGAME-26FEB22BKNATL,Brooklyn at Atlanta Winner?,,2026-02-20T11:06:00Z,2026-02-22T23:12:44Z,2026-02-22T23:14:16.494652Z,yes,1.0000,2526337.00,0.9900,0.9900,0.0000
KXNBAGAME-26FEB22TORMIL-TOR,KXNBAGAME-26FEB22TORMIL,Toronto at Milwaukee Winner?,,2026-02-20T11:06:00Z,2026-02-22T23:18:30Z,2026-02-22T23:20:06.760299Z,yes,1.0000,2189745.00,0.9900,0.9900,0.0000
KXNBAGAME-26FEB22TORMIL-MIL,KXNBAGAME-26FEB22TORMIL,Toronto at Milwaukee Winner?,,2026-02-20T11:06:00Z,2026-02-22T23:18:30Z,2026-02-22T23:20:06.760299Z,no,0.0000,1790267.00,0.0100,0.0000,0.9900
KXNBAGAME-26FEB22DENGSW-GSW,KXNBAGAME-26FEB22DENGSW,Denver at Golden State Winner?,,2026-02-20T11:06:00Z,2026-02-22T23:22:34Z,2026-02-22T23:24:07.130882Z,yes,1.0000,6521082.00,0.9900,0.9900,0.0000
KXNBAGAME-26FEB22DENGSW-DEN,KXNBAGAME-26FEB22DENGSW,Denver at Golden State Winner?,,2026-02-20T11:06:00Z,2026-02-22T23:22:34Z,2026-02-22T23:24:07.130882Z,no,0.0000,9385200.00,0.0100,0.0000,0.9900
KXNBAGAME-26FEB22DALIND-IND,KXNBAGAME-26FEB22DALIND,Dallas at Indiana Winner?,,2026-02-20T14:06:00Z,2026-02-23T00:36:30Z,2026-02-23T00:38:06.655655Z,no,0.0000,3273490.00,0.0100,0.0000,0.9900
KXNBAGAME-26FEB22DALIND-DAL,KXNBAGAME-26FEB22DALIND,Dallas at Indiana Winner?,,2026-02-20T14:06:00Z,2026-02-23T00:36:30Z,2026-02-23T00:38:06.655655Z,yes,1.0000,3086499.00,0.9900,0.9900,0.0000
KXNBAGAME-26FEB22CHAWAS-WAS,KXNBAGAME-26FEB22CHAWAS,Charlotte at Washington Winner?,,2026-02-20T14:06:00Z,2026-02-23T01:30:48Z,2026-02-23T01:32:26.594176Z,no,0.0000,2052344.00,0.0100,0.0000,0.9900
KXNBAGAME-26FEB22CHAWAS-CHA,KXNBAGAME-26FEB22CHAWAS,Charlotte at Washington Winner?,,2026-02-20T14:06:00Z,2026-02-23T01:30:48Z,2026-02-23T01:32:26.594176Z,yes,1.0000,1365160.00,0.9900,0.9900,0.0000
KXNBAGAME-26FEB22BOSLAL-LAL,KXNBAGAME-26FEB22BOSLAL,Boston at Los Angeles L Winner?,,2026-02-20T14:06:00Z,2026-02-23T02:04:30Z,2026-02-23T02:06:07.076926Z,no,0.0000,8987011.00,0.0100,0.0000,0.9900
KXNBAGAME-26FEB22BOSLAL-BOS,KXNBAGAME-26FEB22BOSLAL,Boston at Los Angeles L Winner?,,2026-02-20T14:06:00Z,2026-02-23T02:04:30Z,2026-02-23T02:06:07.076926Z,yes,1.0000,6035712.00,0.9900,0.9900,0.0000
KXNBAGAME-26FEB22PHIMIN-PHI,KXNBAGAME-26FEB22PHIMIN,Philadelphia at Minnesota Winner?,,2026-02-20T14:06:00Z,2026-02-23T02:36:15Z,2026-02-23T02:37:47.594215Z,yes,1.0000,5124727.00,0.9900,0.9900,0.0000
KXNBAGAME-26FEB22PHIMIN-MIN,KXNBAGAME-26FEB22PHIMIN,Philadelphia at Minnesota Winner?,,2026-02-20T14:06:00Z,2026-02-23T02:36:15Z,2026-02-23T02:37:47.594215Z,no,0.0000,3386208.00,0.0100,0.0000,0.9900
KXNBAGAME-26FEB22PORPHX-POR,KXNBAGAME-26FEB22PORPHX,Portland at Phoenix Winner?,,2026-02-20T17:07:00Z,2026-02-23T03:24:23Z,2026-02-23T03:25:56.609383Z,yes,1.0000,3111283.00,0.9900,0.9900,0.0000
KXNBAGAME-26FEB22PORPHX-PHX,KXNBAGAME-26FEB22PORPHX,Portland at Phoenix Winner?,,2026-02-20T17:07:00Z,2026-02-23T03:24:23Z,2026-02-23T03:25:56.609383Z,no,0.0000,3323712.00,0.0100,0.0000,0.9900
KXNBAGAME-26FEB22NYKCHI-NYK,KXNBAGAME-26FEB22NYKCHI,New York at Chicago Winner?,,2026-02-20T17:06:00Z,2026-02-23T03:50:28Z,2026-02-23T03:52:06.745773Z,yes,1.0000,5994317.00,0.9900,0.9900,0.0000
KXNBAGAME-26FEB22NYKCHI-CHI,KXNBAGAME-26FEB22NYKCHI,New York at Chicago Winner?,,2026-02-20T17:06:00Z,2026-02-23T03:50:28Z,2026-02-23T03:52:06.745773Z,no,0.0000,5357724.00,0.0100,0.0000,0.9900
KXNBAGAME-26FEB22ORLLAC-ORL,KXNBAGAME-26FEB22ORLLAC,Orlando at Los Angeles C Winner?,,2026-02-20T17:07:00Z,2026-02-23T04:50:23Z,2026-02-23T04:51:56.913688Z,yes,1.0000,9162087.00,0.9900,0.9900,0.0000
KXNBAGAME-26FEB22ORLLAC-LAC,KXNBAGAME-26FEB22ORLLAC,Orlando at Los Angeles C Winner?,,2026-02-20T17:07:00Z,2026-02-23T04:50:23Z,2026-02-23T04:51:56.913688Z,no,0.0000,7154245.00,0.0100,0.0000,0.9900
KXNBAGAME-26FEB23SASDET-SAS,KXNBAGAME-26FEB23SASDET,San Antonio at Detroit Winner?,,2026-02-21T14:06:00Z,2026-02-24T03:12:23Z,2026-02-24T03:13:57.066643Z,yes,1.0000,8494383.00,0.9900,0.9900,0.0000
KXNBAGAME-26FEB23SASDET-DET,KXNBAGAME-26FEB23SASDET,San Antonio at Detroit Winner?,,2026-02-21T14:06:00Z,2026-02-24T03:12:23Z,2026-02-24T03:13:57.066643Z,no,0.0000,8489219.00,0.0100,0.0000,0.9900
KXNBAGAME-26FEB23SACMEM-SAC,KXNBAGAME-26FEB23SACMEM,Sacramento at Memphis Winner?,,2026-02-21T17:07:00Z,2026-02-24T03:42:29Z,2026-02-24T03:44:06.756253Z,yes,1.0000,3555740.00,0.9900,0.9900,0.0000
KXNBAGAME-26FEB23SACMEM-MEM,KXNBAGAME-26FEB23SACMEM,Sacramento at Memphis Winner?,,2026-02-21T17:07:00Z,2026-02-24T03:42:29Z,2026-02-24T03:44:06.756253Z,no,0.0000,6643155.00,0.0100,0.0000,0.9900
KXNBAGAME-26FEB23UTAHOU-UTA,KXNBAGAME-26FEB23UTAHOU,Utah at Houston Winner?,,2026-02-21T17:07:00Z,2026-02-24T05:01:05Z,2026-02-24T05:03:47.183598Z,no,0.0000,4304404.00,0.0100,0.0000,0.9900
KXNBAGAME-26FEB23UTAHOU-HOU,KXNBAGAME-26FEB23UTAHOU,Utah at Houston Winner?,,2026-02-21T17:07:00Z,2026-02-24T05:01:05Z,2026-02-24T05:03:47.183598Z,yes,1.0000,1929700.00,0.9900,0.9900,0.0000
KXNBAGAME-26FEB24PHIIND-PHI,KXNBAGAME-26FEB24PHIIND,Philadelphia at Indiana Winner?,,2026-02-22T14:06:00Z,2026-02-25T02:38:48Z,2026-02-25T02:40:25.586759Z,yes,1.0000,2072955.00,0.9900,0.9900,0.0000
KXNBAGAME-26FEB24PHIIND-IND,KXNBAGAME-26FEB24PHIIND,Philadelphia at Indiana Winner?,,2026-02-22T14:06:00Z,2026-02-25T02:38:48Z,2026-02-25T02:40:25.586759Z,no,0.0000,2344281.00,0.0100,0.0000,0.9900
KXNBAGAME-26FEB24OKCTOR-TOR,KXNBAGAME-26FEB24OKCTOR,Oklahoma City at Toronto Winner?,,2026-02-22T17:06:00Z,2026-02-25T03:12:53Z,2026-02-25T03:14:25.710438Z,no,0.0000,4275736.00,0.0100,0.0000,0.9900
KXNBAGAME-26FEB24OKCTOR-OKC,KXNBAGAME-26FEB24OKCTOR,Oklahoma City at Toronto Winner?,,2026-02-22T17:06:00Z,2026-02-25T03:12:53Z,2026-02-25T03:14:25.710438Z,yes,1.0000,4912394.00,0.9900,0.9900,0.0000
KXNBAGAME-26FEB24NYKCLE-NYK,KXNBAGAME-26FEB24NYKCLE,New York at Cleveland Winner?,,2026-02-22T17:06:00Z,2026-02-25T03:20:59Z,2026-02-25T03:22:36.443Z,no,0.0000,3344305.00,0.0100,0.0000,0.9900
KXNBAGAME-26FEB24NYKCLE-CLE,KXNBAGAME-26FEB24NYKCLE,New York at Cleveland Winner?,,2026-02-22T17:06:00Z,2026-02-25T03:20:59Z,2026-02-25T03:22:36.443Z,yes,1.0000,2114066.00,0.9900,0.9900,0.0000
KXNBAGAME-26FEB24CHACHI-CHI,KXNBAGAME-26FEB24CHACHI,Charlotte at Chicago Winner?,,2026-02-22T17:06:00Z,2026-02-25T03:22:44Z,2026-02-25T03:24:15.504479Z,no,0.0000,872441.00,0.0100,0.0000,0.9900
KXNBAGAME-26FEB24CHACHI-CHA,KXNBAGAME-26FEB24CHACHI,Charlotte at Chicago Winner?,,2026-02-22T17:06:00Z,2026-02-25T03:22:44Z,2026-02-25T03:24:15.504479Z,yes,1.0000,780247.00,0.9900,0.9900,0.0000
KXNBAGAME-26FEB24MIAMIL-MIL,KXNBAGAME-26FEB24MIAMIL,Miami at Milwaukee Winner?,,2026-02-22T17:06:00Z,2026-02-25T03:40:53Z,2026-02-25T03:42:25.600909Z,yes,1.0000,1849372.00,0.9900,0.9900,0.0000
KXNBAGAME-26FEB24MIAMIL-MIA,KXNBAGAME-26FEB24MIAMIL,Miami at Milwaukee Winner?,,2026-02-22T17:06:00Z,2026-02-25T03:40:53Z,2026-02-25T03:42:25.600909Z,no,0.0000,1393564.00,0.0100,0.0000,0.9900
KXNBAGAME-26FEB24DALBKN-DAL,KXNBAGAME-26FEB24DALBKN,Dallas at Brooklyn Winner?,,2026-02-22T17:06:00Z,2026-02-25T03:43:03Z,2026-02-25T03:44:36.085699Z,yes,1.0000,1934707.00,0.9900,0.9900,0.0000
KXNBAGAME-26FEB24DALBKN-BKN,KXNBAGAME-26FEB24DALBKN,Dallas at Brooklyn Winner?,,2026-02-22T17:06:00Z,2026-02-25T03:43:03Z,2026-02-25T03:44:36.085699Z,no,0.0000,1108601.00,0.0100,0.0000,0.9900
KXNBAGAME-26FEB24WASATL-WAS,KXNBAGAME-26FEB24WASATL,Washington at Atlanta Winner?,,2026-02-22T17:06:00Z,2026-02-25T03:44:24Z,2026-02-25T03:45:55.683695Z,no,0.0000,792261.00,0.0100,0.0000,0.9900
KXNBAGAME-26FEB24WASATL-ATL,KXNBAGAME-26FEB24WASATL,Washington at Atlanta Winner?,,2026-02-22T17:06:00Z,2026-02-25T03:44:24Z,2026-02-25T03:45:55.683695Z,yes,1.0000,507489.00,0.9900,0.9900,0.0000
KXNBAGAME-26FEB24GSWNOP-NOP,KXNBAGAME-26FEB24GSWNOP,Golden State at New Orleans Winner?,,2026-02-22T17:06:00Z,2026-02-25T03:48:29Z,2026-02-25T03:50:05.751586Z,yes,1.0000,2341194.00,0.9900,0.9900,0.0000
KXNBAGAME-26FEB24GSWNOP-GSW,KXNBAGAME-26FEB24GSWNOP,Golden State at New Orleans Winner?,,2026-02-22T17:06:00Z,2026-02-25T03:48:29Z,2026-02-25T03:50:05.751586Z,no,0.0000,4279617.00,0.0100,0.0000,0.9900
KXNBAGAME-26FEB24BOSPHX-PHX,KXNBAGAME-26FEB24BOSPHX,Boston at Phoenix Winner?,,2026-02-22T17:06:00Z,2026-02-25T04:20:37Z,2026-02-25T04:22:16.143301Z,no,0.0000,1519029.00,0.0100,0.0000,0.9900
KXNBAGAME-26FEB24BOSPHX-BOS,KXNBAGAME-26FEB24BOSPHX,Boston at Phoenix Winner?,,2026-02-22T17:06:00Z,2026-02-25T04:20:37Z,2026-02-25T04:22:16.143301Z,yes,1.0000,2361257.00,0.9900,0.9900,0.0000
KXNBAGAME-26FEB24MINPOR-POR,KXNBAGAME-26FEB24MINPOR,Minnesota at Portland Winner?,,2026-02-22T17:06:00Z,2026-02-25T05:54:15Z,2026-02-25T05:55:45.605101Z,no,0.0000,3538078.00,0.0100,0.0000,0.9900
KXNBAGAME-26FEB24MINPOR-MIN,KXNBAGAME-26FEB24MINPOR,Minnesota at Portland Winner?,,2026-02-22T17:06:00Z,2026-02-25T05:54:15Z,2026-02-25T05:55:45.605101Z,yes,1.0000,5388427.00,0.9900,0.9900,0.0000
KXNBAGAME-26FEB24ORLLAL-ORL,KXNBAGAME-26FEB24ORLLAL,Orlando at Los Angeles L Winner?,,2026-02-22T20:06:00Z,2026-02-25T06:16:21Z,2026-02-25T06:17:55.75822Z,yes,1.0000,4353465.00,0.9900,0.9900,0.0000
KXNBAGAME-26FEB24ORLLAL-LAL,KXNBAGAME-26FEB24ORLLAL,Orlando at Los Angeles L Winner?,,2026-02-22T20:06:00Z,2026-02-25T06:16:21Z,2026-02-25T06:17:55.75822Z,no,0.0000,5326453.00,0.0100,0.0000,0.9900
KXNBAGAME-26FEB25GSWMEM-MEM,KXNBAGAME-26FEB25GSWMEM,Golden State at Memphis Winner?,,2026-02-23T17:06:00Z,2026-02-26T03:06:31Z,2026-02-26T03:08:05.543371Z,no,0.0000,790410.00,0.0100,0.0000,0.9900
KXNBAGAME-26FEB25GSWMEM-GSW,KXNBAGAME-26FEB25GSWMEM,Golden State at Memphis Winner?,,2026-02-23T17:06:00Z,2026-02-26T03:06:31Z,2026-02-26T03:08:05.543371Z,yes,1.0000,1278378.00,0.9900,0.9900,0.0000
KXNBAGAME-26FEB25SASTOR-TOR,KXNBAGAME-26FEB25SASTOR,San Antonio at Toronto Winner?,,2026-02-23T17:06:00Z,2026-02-26T03:18:30Z,2026-02-26T03:20:05.724854Z,no,0.0000,3954856.00,0.0100,0.0000,0.9900
KXNBAGAME-26FEB25SASTOR-SAS,KXNBAGAME-26FEB25SASTOR,San Antonio at Toronto Winner?,,2026-02-23T17:06:00Z,2026-02-26T03:18:30Z,2026-02-26T03:20:05.724854Z,yes,1.0000,7486817.00,0.9900,0.9900,0.0000
KXNBAGAME-26FEB25OKCDET-OKC,KXNBAGAME-26FEB25OKCDET,Oklahoma City at Detroit Winner?,,2026-02-23T17:06:00Z,2026-02-26T03:20:34Z,2026-02-26T03:22:05.889236Z,no,0.0000,10602586.00,0.0100,0.0000,0.9900
KXNBAGAME-26FEB25OKCDET-DET,KXNBAGAME-26FEB25OKCDET,Oklahoma City at Detroit Winner?,,2026-02-23T17:06:00Z,2026-02-26T03:20:34Z,2026-02-26T03:22:05.889236Z,yes,1.0000,3991922.00,0.9900,0.9900,0.0000
KXNBAGAME-26FEB25CLEMIL-MIL,KXNBAGAME-26FEB25CLEMIL,Cleveland at Milwaukee Winner?,,2026-02-23T17:06:00Z,2026-02-26T03:36:22Z,2026-02-26T03:37:55.780345Z,yes,1.0000,4389886.00,0.9900,0.9900,0.0000
KXNBAGAME-26FEB25CLEMIL-CLE,KXNBAGAME-26FEB25CLEMIL,Cleveland at Milwaukee Winner?,,2026-02-23T17:06:00Z,2026-02-26T03:36:22Z,2026-02-26T03:37:55.780345Z,no,0.0000,4902538.00,0.0100,0.0000,0.9900
KXNBAGAME-26FEB25SACHOU-SAC,KXNBAGAME-26FEB25SACHOU,Sacramento at Houston Winner?,,2026-02-23T17:06:00Z,2026-02-26T03:54:17Z,2026-02-26T03:55:55.408555Z,no,0.0000,945769.00,0.0100,0.0000,0.9900
KXNBAGAME-26FEB25SACHOU-HOU,KXNBAGAME-26FEB25SACHOU,Sacramento at Houston Winner?,,2026-02-23T17:06:00Z,2026-02-26T03:54:17Z,2026-02-26T03:55:55.408555Z,yes,1.0000,1039368.00,0.9900,0.9900,0.0000
KXNBAGAME-26FEB25BOSDEN-DEN,KXNBAGAME-26FEB25BOSDEN,Boston at Denver Winner?,,2026-02-23T17:06:00Z,2026-02-26T05:46:09Z,2026-02-26T05:47:46.028402Z,yes,1.0000,6941709.00,0.9900,0.9900,0.0000
KXNBAGAME-26FEB25BOSDEN-BOS,KXNBAGAME-26FEB25BOSDEN,Boston at Denver Winner?,,2026-02-23T17:06:00Z,2026-02-26T05:46:09Z,2026-02-26T05:47:46.028402Z,no,0.0000,7808683.00,0.0100,0.0000,0.9900
KXNBAGAME-26FEB26CHAIND-IND,KXNBAGAME-26FEB26CHAIND,Charlotte at Indiana Winner?,,2026-02-24T14:06:00Z,2026-02-27T02:36:07Z,2026-02-27T02:37:37.883456Z,no,0.0000,2316993.00,0.0100,0.0000,0.0000
KXNBAGAME-26FEB26CHAIND-CHA,KXNBAGAME-26FEB26CHAIND,Charlotte at Indiana Winner?,,2026-02-24T14:06:00Z,2026-02-27T02:36:07Z,2026-02-27T02:37:37.883456Z,yes,1.0000,1273551.00,0.9900,0.0000,0.0000
KXNBAGAME-26FEB26MIAPHI-PHI,KXNBAGAME-26FEB26MIAPHI,Miami at Philadelphia Winner?,,2026-02-24T14:06:00Z,2026-02-27T02:40:27Z,2026-02-27T02:41:59.377078Z,yes,1.0000,5222859.00,0.9900,0.9900,0.0000
KXNBAGAME-26FEB26MIAPHI-MIA,KXNBAGAME-26FEB26MIAPHI,Miami at Philadelphia Winner?,,2026-02-24T14:06:00Z,2026-02-27T02:40:27Z,2026-02-27T02:41:59.377078Z,no,0.0000,3585993.00,0.0100,0.0000,0.9900
KXNBAGAME-26FEB26WASATL-WAS,KXNBAGAME-26FEB26WASATL,Washington at Atlanta Winner?,,2026-02-24T17:07:00Z,2026-02-27T02:56:00Z,2026-02-27T02:57:37.433294Z,no,0.0000,644070.00,0.0100,0.0000,0.9900
KXNBAGAME-26FEB26WASATL-ATL,KXNBAGAME-26FEB26WASATL,Washington at Atlanta Winner?,,2026-02-24T17:07:00Z,2026-02-27T02:56:00Z,2026-02-27T02:57:37.433294Z,yes,1.0000,533382.00,0.9900,0.9900,0.0000
KXNBAGAME-26FEB26SASBKN-SAS,KXNBAGAME-26FEB26SASBKN,San Antonio at Brooklyn Winner?,,2026-02-24T17:07:00Z,2026-02-27T03:00:43Z,2026-02-27T03:02:58.209103Z,yes,1.0000,2089010.00,0.9900,0.9900,0.0000
KXNBAGAME-26FEB26SASBKN-BKN,KXNBAGAME-26FEB26SASBKN,San Antonio at Brooklyn Winner?,,2026-02-24T17:07:00Z,2026-02-27T03:00:43Z,2026-02-27T03:02:58.209103Z,no,0.0000,1037208.00,0.0100,0.0000,0.9900
KXNBAGAME-26FEB26HOUORL-ORL,KXNBAGAME-26FEB26HOUORL,Houston at Orlando Winner?,,2026-02-24T17:07:00Z,2026-02-27T03:20:23Z,2026-02-27T03:21:57.852159Z,no,0.0000,3837751.00,0.0100,0.0000,0.9900
KXNBAGAME-26FEB26HOUORL-HOU,KXNBAGAME-26FEB26HOUORL,Houston at Orlando Winner?,,2026-02-24T17:07:00Z,2026-02-27T03:20:23Z,2026-02-27T03:21:57.852159Z,yes,1.0000,6360375.00,0.9900,0.9900,0.0000
KXNBAGAME-26FEB26PORCHI-POR,KXNBAGAME-26FEB26PORCHI,Portland at Chicago Winner?,,2026-02-24T17:07:00Z,2026-02-27T03:40:23Z,2026-02-27T03:41:58.172303Z,yes,1.0000,2120734.00,0.9900,0.9900,0.0000
KXNBAGAME-26FEB26PORCHI-CHI,KXNBAGAME-26FEB26PORCHI,Portland at Chicago Winner?,,2026-02-24T17:07:00Z,2026-02-27T03:40:23Z,2026-02-27T03:41:58.172303Z,no,0.0000,1796111.00,0.0100,0.0000,0.9900
KXNBAGAME-26FEB26SACDAL-SAC,KXNBAGAME-26FEB26SACDAL,Sacramento at Dallas Winner?,,2026-02-24T17:07:00Z,2026-02-27T04:03:47Z,2026-02-27T04:05:17.808672Z,yes,1.0000,3011610.00,0.9900,0.9900,0.0000
KXNBAGAME-26FEB26SACDAL-DAL,KXNBAGAME-26FEB26SACDAL,Sacramento at Dallas Winner?,,2026-02-24T17:07:00Z,2026-02-27T04:03:47Z,2026-02-27T04:05:17.808672Z,no,0.0000,3440370.00,0.0100,0.0000,0.9900
KXNBAGAME-26FEB26LALPHX-PHX,KXNBAGAME-26FEB26LALPHX,Los Angeles L at Phoenix Winner?,,2026-02-24T17:07:00Z,2026-02-27T04:41:45Z,2026-02-27T04:43:17.711732Z,yes,1.0000,6011939.00,0.9900,0.9900,0.0000
KXNBAGAME-26FEB26LALPHX-LAL,KXNBAGAME-26FEB26LALPHX,Los Angeles L at Phoenix Winner?,,2026-02-24T17:07:00Z,2026-02-27T04:41:45Z,2026-02-27T04:43:17.711732Z,no,0.0000,8917232.00,0.0100,0.0000,0.9900
KXNBAGAME-26FEB26NOPUTA-UTA,KXNBAGAME-26FEB26NOPUTA,New Orleans at Utah Winner?,,2026-02-24T17:07:00Z,2026-02-27T04:43:46Z,2026-02-27T04:45:17.253214Z,no,0.0000,1353297.00,0.0100,0.0000,0.9900
KXNBAGAME-26FEB26NOPUTA-NOP,KXNBAGAME-26FEB26NOPUTA,New Orleans at Utah Winner?,,2026-02-24T17:07:00Z,2026-02-27T04:43:46Z,2026-02-27T04:45:17.253214Z,yes,1.0000,916537.00,0.9900,0.9900,0.0000
KXNBAGAME-26FEB26MINLAC-MIN,KXNBAGAME-26FEB26MINLAC,Minnesota at Los Angeles C Winner?,,2026-02-24T17:07:00Z,2026-02-27T05:57:44Z,2026-02-27T05:59:17.663582Z,yes,1.0000,6925139.00,0.9900,0.9900,0.0000
KXNBAGAME-26FEB26MINLAC-LAC,KXNBAGAME-26FEB26MINLAC,Minnesota at Los Angeles C Winner?,,2026-02-24T17:07:00Z,2026-02-27T05:57:44Z,2026-02-27T05:59:17.663582Z,no,0.0000,7665708.00,0.0100,0.0000,0.9900
KXNBAGAME-26FEB27BKNBOS-BOS,KXNBAGAME-26FEB27BKNBOS,Brooklyn at Boston Winner?,,2026-02-25T17:07:00Z,2026-02-28T03:04:09Z,2026-02-28T03:05:46.873728Z,yes,1.0000,1579169.00,0.9900,0.0000,0.0000
KXNBAGAME-26FEB27BKNBOS-BKN,KXNBAGAME-26FEB27BKNBOS,Brooklyn at Boston Winner?,,2026-02-25T17:07:00Z,2026-02-28T03:04:09Z,2026-02-28T03:05:46.873728Z,no,0.0000,2770742.00,0.0100,0.0000,0.0000
KXNBAGAME-26FEB27NYKMIL-NYK,KXNBAGAME-26FEB27NYKMIL,New York at Milwaukee Winner?,,2026-02-25T17:07:00Z,2026-02-28T03:32:04Z,2026-02-28T03:33:36.83933Z,yes,1.0000,1531615.00,0.9900,0.9900,0.0000
KXNBAGAME-26FEB27NYKMIL-MIL,KXNBAGAME-26FEB27NYKMIL,New York at Milwaukee Winner?,,2026-02-25T17:07:00Z,2026-02-28T03:32:04Z,2026-02-28T03:33:36.83933Z,no,0.0000,1484826.00,0.0100,0.0000,0.9900
KXNBAGAME-26FEB27CLEDET-DET,KXNBAGAME-26FEB27CLEDET,Cleveland at Detroit Winner?,,2026-02-25T14:06:00Z,2026-02-28T03:35:31Z,2026-02-28T03:36:07.44622Z,yes,1.0000,12901336.00,0.9900,0.0000,0.0000
KXNBAGAME-26FEB27CLEDET-CLE,KXNBAGAME-26FEB27CLEDET,Cleveland at Detroit Winner?,,2026-02-25T14:06:00Z,2026-02-28T03:35:31Z,2026-02-28T03:36:07.44622Z,no,0.0000,11407261.00,0.0100,0.0000,0.0000
KXNBAGAME-26FEB27MEMDAL-MEM,KXNBAGAME-26FEB27MEMDAL,Memphis at Dallas Winner?,,2026-02-25T17:07:00Z,2026-02-28T04:05:54Z,2026-02-28T04:07:26.959067Z,yes,1.0000,1359924.00,0.9900,0.9900,0.0000
KXNBAGAME-26FEB27MEMDAL-DAL,KXNBAGAME-26FEB27MEMDAL,Memphis at Dallas Winner?,,2026-02-25T17:07:00Z,2026-02-28T04:05:54Z,2026-02-28T04:07:26.959067Z,no,0.0000,1322799.00,0.0100,0.0000,0.9900
KXNBAGAME-26FEB27DENOKC-OKC,KXNBAGAME-26FEB27DENOKC,Denver at Oklahoma City Winner?,,2026-02-25T17:07:00Z,2026-02-28T05:44:21Z,2026-02-28T05:44:57.55409Z,yes,1.0000,16225546.00,0.9900,0.9900,0.0000
KXNBAGAME-26FEB27DENOKC-DEN,KXNBAGAME-26FEB27DENOKC,Denver at Oklahoma City Winner?,,2026-02-25T17:07:00Z,2026-02-28T05:44:21Z,2026-02-28T05:44:57.55409Z,no,0.0000,12404774.00,0.0100,0.0000,0.9900
KXNBAGAME-26FEB28PORCHA-POR,KXNBAGAME-26FEB28PORCHA,Portland at Charlotte Winner?,,2026-02-26T11:06:00Z,2026-02-28T20:46:01Z,2026-02-28T20:47:36.929921Z,no,0.0000,3261462.00,0.0100,0.0000,0.9900
KXNBAGAME-26FEB28PORCHA-CHA,KXNBAGAME-26FEB28PORCHA,Portland at Charlotte Winner?,,2026-02-26T11:06:00Z,2026-02-28T20:46:01Z,2026-02-28T20:47:36.929921Z,yes,1.0000,2884683.00,0.9900,0.9900,0.0000
KXNBAGAME-26FEB28HOUMIA-MIA,KXNBAGAME-26FEB28HOUMIA,Houston at Miami Winner?,,2026-02-26T11:06:00Z,2026-02-28T23:27:56Z,2026-02-28T23:29:27.213382Z,yes,1.0000,4650609.00,0.9900,0.9900,0.0000
KXNBAGAME-26FEB28HOUMIA-HOU,KXNBAGAME-26FEB28HOUMIA,Houston at Miami Winner?,,2026-02-26T11:06:00Z,2026-02-28T23:27:56Z,2026-02-28T23:29:27.213382Z,no,0.0000,7987546.00,0.0100,0.0000,0.9900
KXNBAGAME-26FEB28TORWAS-WAS,KXNBAGAME-26FEB28TORWAS,Toronto at Washington Winner?,,2026-02-26T14:06:00Z,2026-03-01T02:41:54Z,2026-03-01T02:43:27.071001Z,no,0.0000,4898847.00,0.0100,0.0000,0.9900
KXNBAGAME-26FEB28TORWAS-TOR,KXNBAGAME-26FEB28TORWAS,Toronto at Washington Winner?,,2026-02-26T14:06:00Z,2026-03-01T02:41:54Z,2026-03-01T02:43:27.071001Z,yes,1.0000,2897974.00,0.9900,0.9900,0.0000
KXNBAGAME-26FEB28LALGSW-LAL,KXNBAGAME-26FEB28LALGSW,Los Angeles L at Golden State Winner?,,2026-02-26T17:06:00Z,2026-03-01T03:57:04Z,2026-03-01T03:57:37.069794Z,yes,1.0000,6031112.00,0.9900,0.9900,0.0000
KXNBAGAME-26FEB28LALGSW-GSW,KXNBAGAME-26FEB28LALGSW,Los Angeles L at Golden State Winner?,,2026-02-26T17:06:00Z,2026-03-01T03:57:04Z,2026-03-01T03:57:37.069794Z,no,0.0000,3136350.00,0.0100,0.0000,0.9900
KXNBAGAME-26FEB28NOPUTA-UTA,KXNBAGAME-26FEB28NOPUTA,New Orleans at Utah Winner?,,2026-02-26T17:06:00Z,2026-03-01T05:17:48Z,2026-03-01T05:19:26.932088Z,no,0.0000,3455942.00,0.0100,0.0000,0.9900
KXNBAGAME-26FEB28NOPUTA-NOP,KXNBAGAME-26FEB28NOPUTA,New Orleans at Utah Winner?,,2026-02-26T17:06:00Z,2026-03-01T05:17:48Z,2026-03-01T05:19:26.932088Z,yes,1.0000,2527354.00,0.9900,0.9900,0.0000
KXNBAGAME-26MAR01SASNYK-SAS,KXNBAGAME-26MAR01SASNYK,San Antonio at New York Winner?,,2026-02-27T08:05:00Z,2026-03-01T20:56:12Z,2026-03-01T20:57:47.163626Z,no,0.0000,9170881.00,0.0100,0.0000,0.9900
KXNBAGAME-26MAR01SASNYK-NYK,KXNBAGAME-26MAR01SASNYK,San Antonio at New York Winner?,,2026-02-27T08:05:00Z,2026-03-01T20:56:12Z,2026-03-01T20:57:47.163626Z,yes,1.0000,5691860.00,0.9900,0.9900,0.0000
KXNBAGAME-26MAR01MILCHI-MIL,KXNBAGAME-26MAR01MILCHI,Milwaukee at Chicago Winner?,,2026-02-27T11:06:00Z,2026-03-01T23:32:10Z,2026-03-01T23:33:46.844487Z,no,0.0000,1985199.00,0.0100,0.0000,0.9900
KXNBAGAME-26MAR01MILCHI-CHI,KXNBAGAME-26MAR01MILCHI,Milwaukee at Chicago Winner?,,2026-02-27T11:06:00Z,2026-03-01T23:32:10Z,2026-03-01T23:33:46.844487Z,yes,1.0000,1832057.00,0.9900,0.9900,0.0000
KXNBAGAME-26MAR01CLEBKN-CLE,KXNBAGAME-26MAR01CLEBKN,Cleveland at Brooklyn Winner?,,2026-02-27T11:06:00Z,2026-03-01T23:36:07Z,2026-03-01T23:37:37.016012Z,yes,1.0000,4179971.00,0.9900,0.9900,0.0000
KXNBAGAME-26MAR01CLEBKN-BKN,KXNBAGAME-26MAR01CLEBKN,Cleveland at Brooklyn Winner?,,2026-02-27T11:06:00Z,2026-03-01T23:36:07Z,2026-03-01T23:37:37.016012Z,no,0.0000,4260924.00,0.0100,0.0000,0.9900
KXNBAGAME-26MAR01MINDEN-MIN,KXNBAGAME-26MAR01MINDEN,Minnesota at Denver Winner?,,2026-02-27T11:06:00Z,2026-03-01T23:41:13Z,2026-03-01T23:42:47.112074Z,yes,1.0000,5086336.00,0.9900,0.9900,0.0000
KXNBAGAME-26MAR01MINDEN-DEN,KXNBAGAME-26MAR01MINDEN,Minnesota at Denver Winner?,,2026-02-27T11:06:00Z,2026-03-01T23:41:13Z,2026-03-01T23:42:47.112074Z,no,0.0000,5480171.00,0.0100,0.0000,0.9900
KXNBAGAME-26MAR01MEMIND-MEM,KXNBAGAME-26MAR01MEMIND,Memphis at Indiana Winner?,,2026-02-27T14:06:00Z,2026-03-02T01:01:09Z,2026-03-02T01:02:47.118082Z,yes,1.0000,2291598.00,0.9900,0.9900,0.0000
KXNBAGAME-26MAR01MEMIND-IND,KXNBAGAME-26MAR01MEMIND,Memphis at Indiana Winner?,,2026-02-27T14:06:00Z,2026-03-02T01:01:09Z,2026-03-02T01:02:47.118082Z,no,0.0000,1778086.00,0.0100,0.0000,0.9900
KXNBAGAME-26MAR01PORATL-POR,KXNBAGAME-26MAR01PORATL,Portland at Atlanta Winner?,,2026-02-27T14:06:00Z,2026-03-02T01:30:59Z,2026-03-02T01:32:36.802726Z,no,0.0000,1050122.00,0.0100,0.0000,0.9900
KXNBAGAME-26MAR01PORATL-ATL,KXNBAGAME-26MAR01PORATL,Portland at Atlanta Winner?,,2026-02-27T14:06:00Z,2026-03-02T01:30:59Z,2026-03-02T01:32:36.802726Z,yes,1.0000,1240752.00,0.9900,0.9900,0.0000
KXNBAGAME-26MAR01DETORL-ORL,KXNBAGAME-26MAR01DETORL,Detroit at Orlando Winner?,,2026-02-27T14:06:00Z,2026-03-02T01:37:52Z,2026-03-02T01:39:27.127703Z,no,0.0000,3947050.00,0.0100,0.0000,0.9900
KXNBAGAME-26MAR01DETORL-DET,KXNBAGAME-26MAR01DETORL,Detroit at Orlando Winner?,,2026-02-27T14:06:00Z,2026-03-02T01:37:52Z,2026-03-02T01:39:27.127703Z,yes,1.0000,6347404.00,0.9900,0.9900,0.0000
KXNBAGAME-26MAR01OKCDAL-OKC,KXNBAGAME-26MAR01OKCDAL,Oklahoma City at Dallas Winner?,,2026-02-27T17:07:00Z,2026-03-02T03:43:54Z,2026-03-02T03:45:26.916729Z,yes,1.0000,1966747.00,0.9900,0.9900,0.0000
KXNBAGAME-26MAR01OKCDAL-DAL,KXNBAGAME-26MAR01OKCDAL,Oklahoma City at Dallas Winner?,,2026-02-27T17:07:00Z,2026-03-02T03:43:54Z,2026-03-02T03:45:26.916729Z,no,0.0000,2514879.00,0.0100,0.0000,0.9900
KXNBAGAME-26MAR01PHIBOS-PHI,KXNBAGAME-26MAR01PHIBOS,Philadelphia at Boston Winner?,,2026-02-27T17:07:00Z,2026-03-02T03:45:59Z,2026-03-02T03:47:37.110213Z,no,0.0000,5721880.00,0.0100,0.0000,0.9900
KXNBAGAME-26MAR01PHIBOS-BOS,KXNBAGAME-26MAR01PHIBOS,Philadelphia at Boston Winner?,,2026-02-27T17:07:00Z,2026-03-02T03:45:59Z,2026-03-02T03:47:37.110213Z,yes,1.0000,5727349.00,0.9900,0.9900,0.0000
KXNBAGAME-26MAR01NOPLAC-NOP,KXNBAGAME-26MAR01NOPLAC,New Orleans at Los Angeles C Winner?,,2026-02-27T17:07:00Z,2026-03-02T04:47:48Z,2026-03-02T04:49:26.897906Z,no,0.0000,3515629.00,0.0100,0.0000,0.9900
KXNBAGAME-26MAR01NOPLAC-LAC,KXNBAGAME-26MAR01NOPLAC,New Orleans at Los Angeles C Winner?,,2026-02-27T17:07:00Z,2026-03-02T04:47:48Z,2026-03-02T04:49:26.897906Z,yes,1.0000,3033323.00,0.9900,0.9900,0.0000
KXNBAGAME-26MAR01SACLAL-SAC,KXNBAGAME-26MAR01SACLAL,Sacramento at Los Angeles L Winner?,,2026-02-27T17:07:00Z,2026-03-02T05:03:50Z,2026-03-02T05:05:26.94489Z,no,0.0000,2245747.00,0.0100,0.0000,0.9900
KXNBAGAME-26MAR01SACLAL-LAL,KXNBAGAME-26MAR01SACLAL,Sacramento at Los Angeles L Winner?,,2026-02-27T17:07:00Z,2026-03-02T05:03:50Z,2026-03-02T05:05:26.94489Z,yes,1.0000,1902288.00,0.9900,0.9900,0.0000
KXNBAGAME-26MAR02HOUWAS-WAS,KXNBAGAME-26MAR02HOUWAS,Houston at Washington Winner?,,2026-02-28T14:06:00Z,2026-03-03T02:46:02Z,2026-03-03T02:47:36.897158Z,no,0.0000,2777049.00,0.0100,0.0000,0.9900
KXNBAGAME-26MAR02HOUWAS-HOU,KXNBAGAME-26MAR02HOUWAS,Houston at Washington Winner?,,2026-02-28T14:06:00Z,2026-03-03T02:46:02Z,2026-03-03T02:47:36.897158Z,yes,1.0000,2796434.00,0.9900,0.9900,0.0000
KXNBAGAME-26MAR02BOSMIL-MIL,KXNBAGAME-26MAR02BOSMIL,Boston at Milwaukee Winner?,,2026-02-28T17:06:00Z,2026-03-03T02:50:38Z,2026-03-03T02:52:17.24349Z,no,0.0000,5362081.00,0.0100,0.0000,0.9900
KXNBAGAME-26MAR02BOSMIL-BOS,KXNBAGAME-26MAR02BOSMIL,Boston at Milwaukee Winner?,,2026-02-28T17:06:00Z,2026-03-03T02:50:38Z,2026-03-03T02:52:17.24349Z,yes,1.0000,5582598.00,0.9900,0.9900,0.0000
KXNBAGAME-26MAR02DENUTA-UTA,KXNBAGAME-26MAR02DENUTA,Denver at Utah Winner?,,2026-02-28T17:07:00Z,2026-03-03T05:01:32Z,2026-03-03T05:03:07.197573Z,no,0.0000,7895829.00,0.0100,0.0000,0.9900
KXNBAGAME-26MAR02DENUTA-DEN,KXNBAGAME-26MAR02DENUTA,Denver at Utah Winner?,,2026-02-28T17:07:00Z,2026-03-03T05:01:32Z,2026-03-03T05:03:07.197573Z,yes,1.0000,6809539.00,0.9900,0.9900,0.0000
KXNBAGAME-26MAR02LACGSW-LAC,KXNBAGAME-26MAR02LACGSW,Los Angeles C at Golden State Winner?,,2026-02-28T17:06:00Z,2026-03-03T05:37:23Z,2026-03-03T05:37:57.284293Z,yes,1.0000,12543032.00,0.9900,0.0000,0.0000
KXNBAGAME-26MAR02LACGSW-GSW,KXNBAGAME-26MAR02LACGSW,Los Angeles C at Golden State Winner?,,2026-02-28T17:06:00Z,2026-03-03T05:37:23Z,2026-03-03T05:37:57.284293Z,no,0.0000,6663804.00,0.0100,0.0000,0.0000
KXNBAGAME-26MAR03DETCLE-DET,KXNBAGAME-26MAR03DETCLE,Detroit at Cleveland Winner?,,2026-03-01T14:07:00Z,2026-03-04T02:38:05Z,2026-03-04T02:39:37.128293Z,no,0.0000,6274104.00,0.0100,0.0000,0.9900
KXNBAGAME-26MAR03DETCLE-CLE,KXNBAGAME-26MAR03DETCLE,Detroit at Cleveland Winner?,,2026-03-01T14:07:00Z,2026-03-04T02:38:05Z,2026-03-04T02:39:37.128293Z,yes,1.0000,3311832.00,0.9900,0.9900,0.0000
KXNBAGAME-26MAR03DALCHA-DAL,KXNBAGAME-26MAR03DALCHA,Dallas at Charlotte Winner?,,2026-03-01T14:07:00Z,2026-03-04T02:44:15Z,2026-03-04T02:45:47.210048Z,no,0.0000,1396042.00,0.0100,0.0000,0.9900
KXNBAGAME-26MAR03DALCHA-CHA,KXNBAGAME-26MAR03DALCHA,Dallas at Charlotte Winner?,,2026-03-01T14:07:00Z,2026-03-04T02:44:15Z,2026-03-04T02:45:47.210048Z,yes,1.0000,1233769.00,0.9900,0.9900,0.0000
KXNBAGAME-26MAR03WASORL-WAS,KXNBAGAME-26MAR03WASORL,Washington at Orlando Winner?,,2026-03-01T14:06:00Z,2026-03-04T02:44:15Z,2026-03-04T02:45:47.062447Z,no,0.0000,1532297.00,0.0100,0.0000,0.9900
KXNBAGAME-26MAR03WASORL-ORL,KXNBAGAME-26MAR03WASORL,Washington at Orlando Winner?,,2026-03-01T14:06:00Z,2026-03-04T02:44:15Z,2026-03-04T02:45:47.062447Z,yes,1.0000,611610.00,0.9900,0.9900,0.0000
KXNBAGAME-26MAR03NYKTOR-TOR,KXNBAGAME-26MAR03NYKTOR,New York at Toronto Winner?,,2026-03-01T17:06:00Z,2026-03-04T03:08:02Z,2026-03-04T03:09:37.083243Z,no,0.0000,2443598.00,0.0100,0.0000,0.9900
KXNBAGAME-26MAR03NYKTOR-NYK,KXNBAGAME-26MAR03NYKTOR,New York at Toronto Winner?,,2026-03-01T17:06:00Z,2026-03-04T03:08:02Z,2026-03-04T03:09:37.083243Z,yes,1.0000,4296919.00,0.9900,0.9900,0.0000
KXNBAGAME-26MAR03BKNMIA-MIA,KXNBAGAME-26MAR03BKNMIA,Brooklyn at Miami Winner?,,2026-03-01T17:06:00Z,2026-03-04T03:11:20Z,2026-03-04T03:12:57.036113Z,yes,1.0000,595351.00,0.9900,0.9900,0.0000
KXNBAGAME-26MAR03BKNMIA-BKN,KXNBAGAME-26MAR03BKNMIA,Brooklyn at Miami Winner?,,2026-03-01T17:06:00Z,2026-03-04T03:11:20Z,2026-03-04T03:12:57.036113Z,no,0.0000,692515.00,0.0100,0.0000,0.9900
KXNBAGAME-26MAR03OKCCHI-OKC,KXNBAGAME-26MAR03OKCCHI,Oklahoma City at Chicago Winner?,,2026-03-01T17:07:00Z,2026-03-04T03:33:59Z,2026-03-04T03:35:36.88804Z,yes,1.0000,1649660.00,0.9900,0.9900,0.0000
KXNBAGAME-26MAR03OKCCHI-CHI,KXNBAGAME-26MAR03OKCCHI,Oklahoma City at Chicago Winner?,,2026-03-01T17:07:00Z,2026-03-04T03:33:59Z,2026-03-04T03:35:36.88804Z,no,0.0000,1138713.00,0.0100,0.0000,0.9900
KXNBAGAME-26MAR03MEMMIN-MIN,KXNBAGAME-26MAR03MEMMIN,Memphis at Minnesota Winner?,,2026-03-01T17:06:00Z,2026-03-04T03:40:51Z,2026-03-04T03:42:26.866564Z,yes,1.0000,2199687.00,0.9900,0.9900,0.0000
KXNBAGAME-26MAR03MEMMIN-MEM,KXNBAGAME-26MAR03MEMMIN,Memphis at Minnesota Winner?,,2026-03-01T17:06:00Z,2026-03-04T03:40:51Z,2026-03-04T03:42:26.866564Z,no,0.0000,2805654.00,0.0100,0.0000,0.9900
KXNBAGAME-26MAR03SASPHI-SAS,KXNBAGAME-26MAR03SASPHI,San Antonio at Philadelphia Winner?,,2026-03-01T17:06:00Z,2026-03-04T04:01:10Z,2026-03-04T04:02:46.876728Z,yes,1.0000,1257558.00,0.9900,0.9900,0.0000
KXNBAGAME-26MAR03SASPHI-PHI,KXNBAGAME-26MAR03SASPHI,San Antonio at Philadelphia Winner?,,2026-03-01T17:06:00Z,2026-03-04T04:01:10Z,2026-03-04T04:02:46.876728Z,no,0.0000,744480.00,0.0100,0.0000,0.9900
KXNBAGAME-26MAR03NOPLAL-NOP,KXNBAGAME-26MAR03NOPLAL,New Orleans at Los Angeles L Winner?,,2026-03-01T20:07:00Z,2026-03-04T06:15:53Z,2026-03-04T06:17:27.077Z,no,0.0000,4577494.00,0.0100,0.0000,0.9900
KXNBAGAME-26MAR03NOPLAL-LAL,KXNBAGAME-26MAR03NOPLAL,New Orleans at Los Angeles L Winner?,,2026-03-01T20:07:00Z,2026-03-04T06:15:53Z,2026-03-04T06:17:27.077Z,yes,1.0000,10017805.00,0.9900,0.9900,0.0000
KXNBAGAME-26MAR03PHXSAC-SAC,KXNBAGAME-26MAR03PHXSAC,Phoenix at Sacramento Winner?,,2026-03-01T20:07:00Z,2026-03-04T06:45:47Z,2026-03-04T06:47:17.063145Z,no,0.0000,2077616.00,0.0100,0.0000,0.9900
KXNBAGAME-26MAR03PHXSAC-PHX,KXNBAGAME-26MAR03PHXSAC,Phoenix at Sacramento Winner?,,2026-03-01T20:07:00Z,2026-03-04T06:45:47Z,2026-03-04T06:47:17.063145Z,yes,1.0000,2798525.00,0.9900,0.9900,0.0000
KXNBAGAME-26MAR04OKCNYK-OKC,KXNBAGAME-26MAR04OKCNYK,Oklahoma City at New York Winner?,,2026-03-02T14:06:00Z,2026-03-05T03:04:09Z,2026-03-05T03:05:47.308103Z,yes,1.0000,7618360.00,0.9900,0.9900,0.0000
KXNBAGAME-26MAR04OKCNYK-NYK,KXNBAGAME-26MAR04OKCNYK,Oklahoma City at New York Winner?,,2026-03-02T14:06:00Z,2026-03-05T03:04:09Z,2026-03-05T03:05:47.308103Z,no,0.0000,7752831.00,0.0100,0.0000,0.9900
KXNBAGAME-26MAR04UTAPHI-UTA,KXNBAGAME-26MAR04UTAPHI,Utah at Philadelphia Winner?,,2026-03-02T17:06:00Z,2026-03-05T03:06:03Z,2026-03-05T03:07:37.469355Z,no,0.0000,2473491.00,0.0100,0.0000,0.9900
KXNBAGAME-26MAR04UTAPHI-PHI,KXNBAGAME-26MAR04UTAPHI,Utah at Philadelphia Winner?,,2026-03-02T17:06:00Z,2026-03-05T03:06:03Z,2026-03-05T03:07:37.469355Z,yes,1.0000,3120832.00,0.9900,0.9900,0.0000
KXNBAGAME-26MAR04CHABOS-CHA,KXNBAGAME-26MAR04CHABOS,Charlotte at Boston Winner?,,2026-03-02T17:06:00Z,2026-03-05T03:06:03Z,2026-03-05T03:07:37.213219Z,yes,1.0000,3648804.00,0.9900,0.9900,0.0000
KXNBAGAME-26MAR04CHABOS-BOS,KXNBAGAME-26MAR04CHABOS,Charlotte at Boston Winner?,,2026-03-02T17:06:00Z,2026-03-05T03:06:03Z,2026-03-05T03:07:37.213219Z,no,0.0000,4986637.00,0.0100,0.0000,0.9900
KXNBAGAME-26MAR04PORMEM-POR,KXNBAGAME-26MAR04PORMEM,Portland at Memphis Winner?,,2026-03-02T17:06:00Z,2026-03-05T03:42:01Z,2026-03-05T03:43:36.943785Z,yes,1.0000,1563145.00,0.9900,0.9900,0.0000
KXNBAGAME-26MAR04PORMEM-MEM,KXNBAGAME-26MAR04PORMEM,Portland at Memphis Winner?,,2026-03-02T17:06:00Z,2026-03-05T03:42:01Z,2026-03-05T03:43:36.943785Z,no,0.0000,2979774.00,0.0100,0.0000,0.9900
KXNBAGAME-26MAR04ATLMIL-MIL,KXNBAGAME-26MAR04ATLMIL,Atlanta at Milwaukee Winner?,,2026-03-02T17:07:00Z,2026-03-05T05:20:23Z,2026-03-05T05:21:57.699376Z,no,0.0000,5718584.00,0.0100,0.0000,0.9900
KXNBAGAME-26MAR04ATLMIL-ATL,KXNBAGAME-26MAR04ATLMIL,Atlanta at Milwaukee Winner?,,2026-03-02T17:07:00Z,2026-03-05T05:20:23Z,2026-03-05T05:21:57.699376Z,yes,1.0000,5765485.00,0.9900,0.9900,0.0000
KXNBAGAME-26MAR04INDLAC-LAC,KXNBAGAME-26MAR04INDLAC,Indiana at Los Angeles C Winner?,,2026-03-02T20:07:00Z,2026-03-05T06:20:36Z,2026-03-05T06:22:07.026455Z,yes,1.0000,2152815.00,0.9900,0.9900,0.0000
KXNBAGAME-26MAR04INDLAC-IND,KXNBAGAME-26MAR04INDLAC,Indiana at Los Angeles C Winner?,,2026-03-02T20:07:00Z,2026-03-05T06:20:36Z,2026-03-05T06:22:07.026455Z,no,0.0000,3226320.00,0.0100,0.0000,0.9900
KXNBAGAME-26MAR05UTAWAS-WAS,KXNBAGAME-26MAR05UTAWAS,Utah at Washington Winner?,,2026-03-03T14:06:00Z,2026-03-06T02:31:30Z,2026-03-06T02:33:08.762838Z,no,0.0000,2124614.00,0.0100,0.0000,0.9900
KXNBAGAME-26MAR05UTAWAS-UTA,KXNBAGAME-26MAR05UTAWAS,Utah at Washington Winner?,,2026-03-03T14:06:00Z,2026-03-06T02:31:30Z,2026-03-06T02:33:08.762838Z,yes,1.0000,3306007.00,0.9900,0.9900,0.0000
KXNBAGAME-26MAR05DALORL-ORL,KXNBAGAME-26MAR05DALORL,Dallas at Orlando Winner?,,2026-03-03T14:06:00Z,2026-03-06T02:44:13Z,2026-03-06T02:45:49.09507Z,yes,1.0000,3636155.00,0.9900,0.9900,0.0000
KXNBAGAME-26MAR05DALORL-DAL,KXNBAGAME-26MAR05DALORL,Dallas at Orlando Winner?,,2026-03-03T14:06:00Z,2026-03-06T02:44:13Z,2026-03-06T02:45:49.09507Z,no,0.0000,4153590.00,0.0100,0.0000,0.9900
KXNBAGAME-26MAR05BKNMIA-MIA,KXNBAGAME-26MAR05BKNMIA,Brooklyn at Miami Winner?,,2026-03-03T17:06:00Z,2026-03-06T03:16:12Z,2026-03-06T03:17:48.689338Z,yes,1.0000,1321145.00,0.9900,0.9900,0.0000
KXNBAGAME-26MAR05BKNMIA-BKN,KXNBAGAME-26MAR05BKNMIA,Brooklyn at Miami Winner?,,2026-03-03T17:06:00Z,2026-03-06T03:16:12Z,2026-03-06T03:17:48.689338Z,no,0.0000,1219164.00,0.0100,0.0000,0.9900
KXNBAGAME-26MAR05GSWHOU-HOU,KXNBAGAME-26MAR05GSWHOU,Golden State at Houston Winner?,,2026-03-03T17:06:00Z,2026-03-06T03:32:05Z,2026-03-06T03:33:39.101105Z,no,0.0000,7539471.00,0.0100,0.0000,0.9900
KXNBAGAME-26MAR05GSWHOU-GSW,KXNBAGAME-26MAR05GSWHOU,Golden State at Houston Winner?,,2026-03-03T17:06:00Z,2026-03-06T03:32:05Z,2026-03-06T03:33:39.101105Z,yes,1.0000,7085074.00,0.9900,0.9900,0.0000
KXNBAGAME-26MAR05TORMIN-TOR,KXNBAGAME-26MAR05TORMIN,Toronto at Minnesota Winner?,,2026-03-03T17:06:00Z,2026-03-06T03:46:08Z,2026-03-06T03:47:40.380323Z,no,0.0000,1254727.00,0.0100,0.0000,0.9900
KXNBAGAME-26MAR05TORMIN-MIN,KXNBAGAME-26MAR05TORMIN,Toronto at Minnesota Winner?,,2026-03-03T17:06:00Z,2026-03-06T03:46:08Z,2026-03-06T03:47:40.380323Z,yes,1.0000,1914015.00,0.9900,0.9900,0.0000
KXNBAGAME-26MAR05DETSAS-SAS,KXNBAGAME-26MAR05DETSAS,Detroit at San Antonio Winner?,,2026-03-03T17:06:00Z,2026-03-06T03:52:02Z,2026-03-06T03:53:38.840132Z,yes,1.0000,3566762.00,0.9900,0.9900,0.0000
KXNBAGAME-26MAR05DETSAS-DET,KXNBAGAME-26MAR05DETSAS,Detroit at San Antonio Winner?,,2026-03-03T17:06:00Z,2026-03-06T03:52:02Z,2026-03-06T03:53:38.840132Z,no,0.0000,2798545.00,0.0100,0.0000,0.9900
KXNBAGAME-26MAR05CHIPHX-PHX,KXNBAGAME-26MAR05CHIPHX,Chicago at Phoenix Winner?,,2026-03-03T17:06:00Z,2026-03-06T04:41:54Z,2026-03-06T04:43:28.85089Z,no,0.0000,4367934.00,0.0100,0.0000,0.9900
KXNBAGAME-26MAR05CHIPHX-CHI,KXNBAGAME-26MAR05CHIPHX,Chicago at Phoenix Winner?,,2026-03-03T17:06:00Z,2026-03-06T04:41:54Z,2026-03-06T04:43:28.85089Z,yes,1.0000,4740855.00,0.9900,0.9900,0.0000
KXNBAGAME-26MAR05NOPSAC-SAC,KXNBAGAME-26MAR05NOPSAC,New Orleans at Sacramento Winner?,,2026-03-03T17:06:00Z,2026-03-06T05:41:54Z,2026-03-06T05:43:28.752715Z,no,0.0000,2486398.00,0.0100,0.0000,0.0000
KXNBAGAME-26MAR05NOPSAC-NOP,KXNBAGAME-26MAR05NOPSAC,New Orleans at Sacramento Winner?,,2026-03-03T17:06:00Z,2026-03-06T05:41:54Z,2026-03-06T05:43:28.752715Z,yes,1.0000,2249730.00,0.9900,0.0000,0.0000
KXNBAGAME-26MAR05LALDEN-LAL,KXNBAGAME-26MAR05LALDEN,Los Angeles L at Denver Winner?,,2026-03-03T17:06:00Z,2026-03-06T05:44:15Z,2026-03-06T05:45:49.356656Z,no,0.0000,8626681.00,0.0100,0.0000,0.9900
KXNBAGAME-26MAR05LALDEN-DEN,KXNBAGAME-26MAR05LALDEN,Los Angeles L at Denver Winner?,,2026-03-03T17:06:00Z,2026-03-06T05:44:15Z,2026-03-06T05:45:49.356656Z,yes,1.0000,5469144.00,0.9900,0.9900,0.0000
KXNBAGAME-26MAR06DALBOS-DAL,KXNBAGAME-26MAR06DALBOS,Dallas at Boston Winner?,,2026-03-04T14:06:00Z,2026-03-07T02:36:16Z,2026-03-07T02:37:48.851704Z,no,0.0000,5143726.00,0.0100,0.0000,0.9900
KXNBAGAME-26MAR06DALBOS-BOS,KXNBAGAME-26MAR06DALBOS,Dallas at Boston Winner?,,2026-03-04T14:06:00Z,2026-03-07T02:36:16Z,2026-03-07T02:37:48.851704Z,yes,1.0000,2700327.00,0.9900,0.9900,0.0000
KXNBAGAME-26MAR06MIACHA-MIA,KXNBAGAME-26MAR06MIACHA,Miami at Charlotte Winner?,,2026-03-04T14:06:00Z,2026-03-07T02:38:10Z,2026-03-07T02:39:49.401668Z,yes,1.0000,4788658.00,0.9900,0.9900,0.0000
KXNBAGAME-26MAR06MIACHA-CHA,KXNBAGAME-26MAR06MIACHA,Miami at Charlotte Winner?,,2026-03-04T14:06:00Z,2026-03-07T02:38:10Z,2026-03-07T02:39:49.401668Z,no,0.0000,4023373.00,0.0100,0.0000,0.9900
KXNBAGAME-26MAR06PORHOU-POR,KXNBAGAME-26MAR06PORHOU,Portland at Houston Winner?,,2026-03-04T17:06:00Z,2026-03-07T03:38:07Z,2026-03-07T03:39:39.102031Z,no,0.0000,2539876.00,0.0100,0.0000,0.9900
KXNBAGAME-26MAR06PORHOU-HOU,KXNBAGAME-26MAR06PORHOU,Portland at Houston Winner?,,2026-03-04T17:06:00Z,2026-03-07T03:38:07Z,2026-03-07T03:39:39.102031Z,yes,1.0000,4153206.00,0.9900,0.9900,0.0000
KXNBAGAME-26MAR06NYKDEN-NYK,KXNBAGAME-26MAR06NYKDEN,New York at Denver Winner?,,2026-03-04T17:06:00Z,2026-03-07T04:38:04Z,2026-03-07T04:39:39.408127Z,yes,1.0000,4631575.00,0.9900,0.9900,0.0000
KXNBAGAME-26MAR06NYKDEN-DEN,KXNBAGAME-26MAR06NYKDEN,New York at Denver Winner?,,2026-03-04T17:06:00Z,2026-03-07T04:38:04Z,2026-03-07T04:39:39.408127Z,no,0.0000,3935904.00,0.0100,0.0000,0.9900
KXNBAGAME-26MAR06NOPPHX-PHX,KXNBAGAME-26MAR06NOPPHX,New Orleans at Phoenix Winner?,,2026-03-04T17:06:00Z,2026-03-07T04:58:05Z,2026-03-07T04:59:39.012618Z,yes,1.0000,2028315.00,0.9900,0.9900,0.0000
KXNBAGAME-26MAR06NOPPHX-NOP,KXNBAGAME-26MAR06NOPPHX,New Orleans at Phoenix Winner?,,2026-03-04T17:06:00Z,2026-03-07T04:58:05Z,2026-03-07T04:59:39.012618Z,no,0.0000,1629822.00,0.0100,0.0000,0.9900
KXNBAGAME-26MAR06LACSAS-SAS,KXNBAGAME-26MAR06LACSAS,Los Angeles C at San Antonio Winner?,,2026-03-04T17:06:00Z,2026-03-07T05:12:03Z,2026-03-07T05:13:39.017564Z,yes,1.0000,9260747.00,0.9900,0.9900,0.0000
KXNBAGAME-26MAR06LACSAS-LAC,KXNBAGAME-26MAR06LACSAS,Los Angeles C at San Antonio Winner?,,2026-03-04T17:06:00Z,2026-03-07T05:12:03Z,2026-03-07T05:13:39.017564Z,no,0.0000,5095815.00,0.0100,0.0000,0.9900
KXNBAGAME-26MAR06INDLAL-LAL,KXNBAGAME-26MAR06INDLAL,Indiana at Los Angeles L Winner?,,2026-03-04T20:06:00Z,2026-03-07T06:01:59Z,2026-03-07T06:03:28.782409Z,yes,1.0000,2522446.00,0.9900,0.9900,0.0000
KXNBAGAME-26MAR06INDLAL-IND,KXNBAGAME-26MAR06INDLAL,Indiana at Los Angeles L Winner?,,2026-03-04T20:06:00Z,2026-03-07T06:01:59Z,2026-03-07T06:03:28.782409Z,no,0.0000,2263107.00,0.0100,0.0000,0.9900
KXNBAGAME-26MAR07ORLMIN-ORL,KXNBAGAME-26MAR07ORLMIN,Orlando at Minnesota Winner?,,2026-03-05T11:06:00Z,2026-03-07T22:48:09Z,2026-03-07T22:49:38.935027Z,yes,1.0000,3552956.00,0.9900,0.9900,0.0000
KXNBAGAME-26MAR07ORLMIN-MIN,KXNBAGAME-26MAR07ORLMIN,Orlando at Minnesota Winner?,,2026-03-05T11:06:00Z,2026-03-07T22:48:09Z,2026-03-07T22:49:38.935027Z,no,0.0000,4590049.00,0.0100,0.0000,0.9900
KXNBAGAME-26MAR07PHIATL-PHI,KXNBAGAME-26MAR07PHIATL,Philadelphia at Atlanta Winner?,,2026-03-05T14:06:00Z,2026-03-08T01:44:08Z,2026-03-08T01:45:38.877373Z,no,0.0000,4384681.00,0.0100,0.0000,0.9900
KXNBAGAME-26MAR07PHIATL-ATL,KXNBAGAME-26MAR07PHIATL,Philadelphia at Atlanta Winner?,,2026-03-05T14:06:00Z,2026-03-08T01:44:08Z,2026-03-08T01:45:38.877373Z,yes,1.0000,3901625.00,0.9900,0.9900,0.0000
KXNBAGAME-26MAR07BKNDET-DET,KXNBAGAME-26MAR07BKNDET,Brooklyn at Detroit Winner?,,2026-03-05T14:06:00Z,2026-03-08T01:50:34Z,2026-03-08T01:52:08.850092Z,no,0.0000,3178637.00,0.0100,0.0000,0.9900
KXNBAGAME-26MAR07BKNDET-BKN,KXNBAGAME-26MAR07BKNDET,Brooklyn at Detroit Winner?,,2026-03-05T14:06:00Z,2026-03-08T01:50:34Z,2026-03-08T01:52:08.850092Z,yes,1.0000,3811003.00,0.9900,0.9900,0.0000
KXNBAGAME-26MAR07UTAMIL-UTA,KXNBAGAME-26MAR07UTAMIL,Utah at Milwaukee Winner?,,2026-03-05T17:05:00Z,2026-03-08T03:40:33Z,2026-03-08T03:42:08.749868Z,no,0.0000,2724093.00,0.0100,0.0000,0.9900
KXNBAGAME-26MAR07UTAMIL-MIL,KXNBAGAME-26MAR07UTAMIL,Utah at Milwaukee Winner?,,2026-03-05T17:05:00Z,2026-03-08T03:40:33Z,2026-03-08T03:42:08.749868Z,yes,1.0000,1545750.00,0.9900,0.9900,0.0000
KXNBAGAME-26MAR07LACMEM-MEM,KXNBAGAME-26MAR07LACMEM,Los Angeles C at Memphis Winner?,,2026-03-05T17:05:00Z,2026-03-08T03:50:34Z,2026-03-08T03:52:08.882373Z,no,0.0000,3892767.00,0.0100,0.0000,0.9900
KXNBAGAME-26MAR07LACMEM-LAC,KXNBAGAME-26MAR07LACMEM,Los Angeles C at Memphis Winner?,,2026-03-05T17:05:00Z,2026-03-08T03:50:34Z,2026-03-08T03:52:08.882373Z,yes,1.0000,5357657.00,0.9900,0.9900,0.0000
KXNBAGAME-26MAR07GSWOKC-OKC,KXNBAGAME-26MAR07GSWOKC,Golden State at Oklahoma City Winner?,,2026-03-05T17:05:00Z,2026-03-08T04:10:32Z,2026-03-08T04:12:08.884934Z,yes,1.0000,3754381.00,0.9900,0.9900,0.0000
KXNBAGAME-26MAR07GSWOKC-GSW,KXNBAGAME-26MAR07GSWOKC,Golden State at Oklahoma City Winner?,,2026-03-05T17:05:00Z,2026-03-08T04:10:32Z,2026-03-08T04:12:08.884934Z,no,0.0000,4692073.00,0.0100,0.0000,0.9900
KXNBAGAME-26MAR08BOSCLE-CLE,KXNBAGAME-26MAR08BOSCLE,Boston at Cleveland Winner?,,2026-03-06T08:05:00Z,2026-03-08T20:21:26Z,2026-03-08T20:22:58.959576Z,no,0.0000,4309561.00,0.0100,0.0000,0.9900
KXNBAGAME-26MAR08BOSCLE-BOS,KXNBAGAME-26MAR08BOSCLE,Boston at Cleveland Winner?,,2026-03-06T08:05:00Z,2026-03-08T20:21:26Z,2026-03-08T20:22:58.959576Z,yes,1.0000,7224176.00,0.9900,0.9900,0.0000
KXNBAGAME-26MAR08NYKLAL-NYK,KXNBAGAME-26MAR08NYKLAL,New York at Los Angeles L Winner?,,2026-03-06T11:06:00Z,2026-03-08T22:26:56Z,2026-03-08T22:28:29.062039Z,no,0.0000,8474176.00,0.0100,0.0000,0.9900
KXNBAGAME-26MAR08NYKLAL-LAL,KXNBAGAME-26MAR08NYKLAL,New York at Los Angeles L Winner?,,2026-03-06T11:06:00Z,2026-03-08T22:26:56Z,2026-03-08T22:28:29.062039Z,yes,1.0000,6480766.00,0.9900,0.9900,0.0000
KXNBAGAME-26MAR08DALTOR-TOR,KXNBAGAME-26MAR08DALTOR,Dallas at Toronto Winner?,,2026-03-06T14:08:00Z,2026-03-09T00:41:01Z,2026-03-09T00:42:40.534648Z,yes,1.0000,652471.00,0.9900,0.9900,0.0000
KXNBAGAME-26MAR08DALTOR-DAL,KXNBAGAME-26MAR08DALTOR,Dallas at Toronto Winner?,,2026-03-06T14:08:00Z,2026-03-09T00:41:01Z,2026-03-09T00:42:40.534648Z,no,0.0000,1539096.00,0.0100,0.0000,0.9900
KXNBAGAME-26MAR08DETMIA-MIA,KXNBAGAME-26MAR08DETMIA,Detroit at Miami Winner?,,2026-03-06T14:08:00Z,2026-03-09T00:52:07Z,2026-03-09T00:53:38.855184Z,yes,1.0000,4144310.00,0.9900,0.9900,0.0000
KXNBAGAME-26MAR08DETMIA-DET,KXNBAGAME-26MAR08DETMIA,Detroit at Miami Winner?,,2026-03-06T14:08:00Z,2026-03-09T00:52:07Z,2026-03-09T00:53:38.855184Z,no,0.0000,6508524.00,0.0100,0.0000,0.9900
KXNBAGAME-26MAR08WASNOP-WAS,KXNBAGAME-26MAR08WASNOP,Washington at New Orleans Winner?,,2026-03-06T14:08:00Z,2026-03-09T01:54:16Z,2026-03-09T01:55:48.750978Z,no,0.0000,3620545.00,0.0100,0.0000,0.9900
KXNBAGAME-26MAR08WASNOP-NOP,KXNBAGAME-26MAR08WASNOP,Washington at New Orleans Winner?,,2026-03-06T14:08:00Z,2026-03-09T01:54:16Z,2026-03-09T01:55:48.750978Z,yes,1.0000,1162493.00,0.9900,0.9900,0.0000
KXNBAGAME-26MAR08ORLMIL-ORL,KXNBAGAME-26MAR08ORLMIL,Orlando at Milwaukee Winner?,,2026-03-06T14:08:00Z,2026-03-09T02:56:15Z,2026-03-09T02:57:48.657378Z,yes,1.0000,2474425.00,0.9900,0.9900,0.0000
KXNBAGAME-26MAR08ORLMIL-MIL,KXNBAGAME-26MAR08ORLMIL,Orlando at Milwaukee Winner?,,2026-03-06T14:08:00Z,2026-03-09T02:56:15Z,2026-03-09T02:57:48.657378Z,no,0.0000,774150.00,0.0100,0.0000,0.9900
KXNBAGAME-26MAR08HOUSAS-SAS,KXNBAGAME-26MAR08HOUSAS,Houston at San Antonio Winner?,,2026-03-06T14:08:00Z,2026-03-09T02:59:04Z,2026-03-09T03:00:39.268989Z,yes,1.0000,4135157.00,0.9900,0.9900,0.0000
KXNBAGAME-26MAR08HOUSAS-HOU,KXNBAGAME-26MAR08HOUSAS,Houston at San Antonio Winner?,,2026-03-06T14:08:00Z,2026-03-09T02:59:04Z,2026-03-09T03:00:39.268989Z,no,0.0000,3724805.00,0.0100,0.0000,0.9900
KXNBAGAME-26MAR08INDPOR-POR,KXNBAGAME-26MAR08INDPOR,Indiana at Portland Winner?,,2026-03-06T17:08:00Z,2026-03-09T03:38:02Z,2026-03-09T03:39:38.716689Z,yes,1.0000,925702.00,0.9900,0.9900,0.0000
KXNBAGAME-26MAR08INDPOR-IND,KXNBAGAME-26MAR08INDPOR,Indiana at Portland Winner?,,2026-03-06T17:08:00Z,2026-03-09T03:38:02Z,2026-03-09T03:39:38.716689Z,no,0.0000,1167516.00,0.0100,0.0000,0.9900
KXNBAGAME-26MAR08CHISAC-SAC,KXNBAGAME-26MAR08CHISAC,Chicago at Sacramento Winner?,,2026-03-06T17:08:00Z,2026-03-09T03:57:59Z,2026-03-09T03:59:29.192798Z,yes,1.0000,3426640.00,0.9900,0.9900,0.0000
KXNBAGAME-26MAR08CHISAC-CHI,KXNBAGAME-26MAR08CHISAC,Chicago at Sacramento Winner?,,2026-03-06T17:08:00Z,2026-03-09T03:57:59Z,2026-03-09T03:59:29.192798Z,no,0.0000,3739834.00,0.0100,0.0000,0.9900
KXNBAGAME-26MAR08CHAPHX-PHX,KXNBAGAME-26MAR08CHAPHX,Charlotte at Phoenix Winner?,,2026-03-06T17:08:00Z,2026-03-09T04:45:57Z,2026-03-09T04:47:29.014024Z,yes,1.0000,5782173.00,0.9900,0.9900,0.0000
KXNBAGAME-26MAR08CHAPHX-CHA,KXNBAGAME-26MAR08CHAPHX,Charlotte at Phoenix Winner?,,2026-03-06T17:08:00Z,2026-03-09T04:45:57Z,2026-03-09T04:47:29.014024Z,no,0.0000,5069883.00,0.0100,0.0000,0.9900
KXNBAGAME-26MAR09PHICLE-PHI,KXNBAGAME-26MAR09PHICLE,Philadelphia at Cleveland Winner?,,2026-03-07T14:07:00Z,2026-03-10T01:36:04Z,2026-03-10T01:37:42.894204Z,no,0.0000,2785798.00,0.0100,0.0000,0.9900
KXNBAGAME-26MAR09PHICLE-CLE,KXNBAGAME-26MAR09PHICLE,Philadelphia at Cleveland Winner?,,2026-03-07T14:07:00Z,2026-03-10T01:36:04Z,2026-03-10T01:37:42.894204Z,yes,1.0000,2124309.00,0.9900,0.9900,0.0000
KXNBAGAME-26MAR09MEMBKN-MEM,KXNBAGAME-26MAR09MEMBKN,Memphis at Brooklyn Winner?,,2026-03-07T14:07:00Z,2026-03-10T02:02:05Z,2026-03-10T02:03:42.84947Z,no,0.0000,2025356.00,0.0100,0.0000,0.9900
KXNBAGAME-26MAR09MEMBKN-BKN,KXNBAGAME-26MAR09MEMBKN,Memphis at Brooklyn Winner?,,2026-03-07T14:07:00Z,2026-03-10T02:02:05Z,2026-03-10T02:03:42.84947Z,yes,1.0000,1395732.00,0.9900,0.9900,0.0000
KXNBAGAME-26MAR09DENOKC-OKC,KXNBAGAME-26MAR09DENOKC,Denver at Oklahoma City Winner?,,2026-03-07T14:07:00Z,2026-03-10T02:42:05Z,2026-03-10T02:43:43.288829Z,yes,1.0000,10340746.00,0.9900,0.9900,0.0000
KXNBAGAME-26MAR09DENOKC-DEN,KXNBAGAME-26MAR09DENOKC,Denver at Oklahoma City Winner?,,2026-03-07T14:07:00Z,2026-03-10T02:42:05Z,2026-03-10T02:43:43.288829Z,no,0.0000,9894171.00,0.0100,0.0000,0.9900
KXNBAGAME-26MAR09GSWUTA-UTA,KXNBAGAME-26MAR09GSWUTA,Golden State at Utah Winner?,,2026-03-07T17:06:00Z,2026-03-10T03:50:41Z,2026-03-10T03:52:13.056533Z,yes,1.0000,5100953.00,0.9900,0.9900,0.0000
KXNBAGAME-26MAR09GSWUTA-GSW,KXNBAGAME-26MAR09GSWUTA,Golden State at Utah Winner?,,2026-03-07T17:06:00Z,2026-03-10T03:50:41Z,2026-03-10T03:52:13.056533Z,no,0.0000,4755808.00,0.0100,0.0000,0.9900
KXNBAGAME-26MAR09NYKLAC-NYK,KXNBAGAME-26MAR09NYKLAC,New York at Los Angeles C Winner?,,2026-03-07T17:06:00Z,2026-03-10T04:58:27Z,2026-03-10T05:00:03.179035Z,no,0.0000,8524315.00,0.0100,0.0000,0.9900
KXNBAGAME-26MAR09NYKLAC-LAC,KXNBAGAME-26MAR09NYKLAC,New York at Los Angeles C Winner?,,2026-03-07T17:06:00Z,2026-03-10T04:58:27Z,2026-03-10T05:00:03.179035Z,yes,1.0000,6229566.00,0.9900,0.9900,0.0000
KXNBAGAME-26MAR10MEMPHI-PHI,KXNBAGAME-26MAR10MEMPHI,Memphis at Philadelphia Winner?,,2026-03-08T13:06:00Z,2026-03-11T02:11:15Z,2026-03-11T02:12:47.040373Z,yes,1.0000,3936288.00,0.9900,0.9900,0.0000
KXNBAGAME-26MAR10MEMPHI-MEM,KXNBAGAME-26MAR10MEMPHI,Memphis at Philadelphia Winner?,,2026-03-08T13:06:00Z,2026-03-11T02:11:15Z,2026-03-11T02:12:47.040373Z,no,0.0000,2750314.00,0.0100,0.0000,0.9900
KXNBAGAME-26MAR10DETBKN-DET,KXNBAGAME-26MAR10DETBKN,Detroit at Brooklyn Winner?,,2026-03-08T16:07:00Z,2026-03-11T02:26:35Z,2026-03-11T02:28:06.892148Z,yes,1.0000,1265356.00,0.9900,0.9900,0.0000
KXNBAGAME-26MAR10DETBKN-BKN,KXNBAGAME-26MAR10DETBKN,Detroit at Brooklyn Winner?,,2026-03-08T16:07:00Z,2026-03-11T02:26:35Z,2026-03-11T02:28:06.892148Z,no,0.0000,1300149.00,0.0100,0.0000,0.9900
KXNBAGAME-26MAR10WASMIA-WAS,KXNBAGAME-26MAR10WASMIA,Washington at Miami Winner?,,2026-03-08T16:07:00Z,2026-03-11T02:36:13Z,2026-03-11T02:37:46.882119Z,no,0.0000,1161599.00,0.0100,0.0000,0.9900
KXNBAGAME-26MAR10WASMIA-MIA,KXNBAGAME-26MAR10WASMIA,Washington at Miami Winner?,,2026-03-08T16:07:00Z,2026-03-11T02:36:13Z,2026-03-11T02:37:46.882119Z,yes,1.0000,719026.00,0.9900,0.9900,0.0000
KXNBAGAME-26MAR10DALATL-DAL,KXNBAGAME-26MAR10DALATL,Dallas at Atlanta Winner?,,2026-03-08T16:07:00Z,2026-03-11T02:42:14Z,2026-03-11T02:43:46.934056Z,no,0.0000,1700803.00,0.0100,0.0000,0.9900
KXNBAGAME-26MAR10DALATL-ATL,KXNBAGAME-26MAR10DALATL,Dallas at Atlanta Winner?,,2026-03-08T16:07:00Z,2026-03-11T02:42:14Z,2026-03-11T02:43:46.934056Z,yes,1.0000,1608379.00,0.9900,0.9900,0.0000
KXNBAGAME-26MAR10PHXMIL-PHX,KXNBAGAME-26MAR10PHXMIL,Phoenix at Milwaukee Winner?,,2026-03-08T16:07:00Z,2026-03-11T02:46:15Z,2026-03-11T02:47:46.92545Z,yes,1.0000,1991628.00,0.9900,0.9900,0.0000
KXNBAGAME-26MAR10PHXMIL-MIL,KXNBAGAME-26MAR10PHXMIL,Phoenix at Milwaukee Winner?,,2026-03-08T16:07:00Z,2026-03-11T02:46:15Z,2026-03-11T02:47:46.92545Z,no,0.0000,1576796.00,0.0100,0.0000,0.9900
KXNBAGAME-26MAR10TORHOU-TOR,KXNBAGAME-26MAR10TORHOU,Toronto at Houston Winner?,,2026-03-08T16:07:00Z,2026-03-11T02:50:50Z,2026-03-11T02:52:27.172716Z,no,0.0000,563440.00,0.0100,0.0000,0.9900
KXNBAGAME-26MAR10TORHOU-HOU,KXNBAGAME-26MAR10TORHOU,Toronto at Houston Winner?,,2026-03-08T16:07:00Z,2026-03-11T02:50:50Z,2026-03-11T02:52:27.172716Z,yes,1.0000,873227.00,0.9900,0.9900,0.0000
KXNBAGAME-26MAR10BOSSAS-SAS,KXNBAGAME-26MAR10BOSSAS,Boston at San Antonio Winner?,,2026-03-08T16:07:00Z,2026-03-11T02:54:07Z,2026-03-11T02:55:37.686228Z,yes,1.0000,5781070.00,0.9900,0.9900,0.0000
KXNBAGAME-26MAR10BOSSAS-BOS,KXNBAGAME-26MAR10BOSSAS,Boston at San Antonio Winner?,,2026-03-08T16:07:00Z,2026-03-11T02:54:07Z,2026-03-11T02:55:37.686228Z,no,0.0000,6626528.00,0.0100,0.0000,0.9900
KXNBAGAME-26MAR10CHAPOR-POR,KXNBAGAME-26MAR10CHAPOR,Charlotte at Portland Winner?,,2026-03-08T16:07:00Z,2026-03-11T04:44:04Z,2026-03-11T04:45:37.053947Z,no,0.0000,2625277.00,0.0100,0.0000,0.9900
KXNBAGAME-26MAR10CHAPOR-CHA,KXNBAGAME-26MAR10CHAPOR,Charlotte at Portland Winner?,,2026-03-08T16:07:00Z,2026-03-11T04:44:04Z,2026-03-11T04:45:37.053947Z,yes,1.0000,4472073.00,0.9900,0.9900,0.0000
KXNBAGAME-26MAR10INDSAC-SAC,KXNBAGAME-26MAR10INDSAC,Indiana at Sacramento Winner?,,2026-03-08T16:07:00Z,2026-03-11T04:50:36Z,2026-03-11T04:52:06.929433Z,yes,1.0000,2345192.00,0.9900,0.9900,0.0000
KXNBAGAME-26MAR10INDSAC-IND,KXNBAGAME-26MAR10INDSAC,Indiana at Sacramento Winner?,,2026-03-08T16:07:00Z,2026-03-11T04:50:36Z,2026-03-11T04:52:06.929433Z,no,0.0000,2546815.00,0.0100,0.0000,0.9900
KXNBAGAME-26MAR10CHIGSW-GSW,KXNBAGAME-26MAR10CHIGSW,Chicago at Golden State Winner?,,2026-03-08T16:07:00Z,2026-03-11T04:57:58Z,2026-03-11T04:59:37.085837Z,no,0.0000,4308345.00,0.0100,0.0000,0.9900
KXNBAGAME-26MAR10CHIGSW-CHI,KXNBAGAME-26MAR10CHIGSW,Chicago at Golden State Winner?,,2026-03-08T16:07:00Z,2026-03-11T04:57:58Z,2026-03-11T04:59:37.085837Z,yes,1.0000,3317650.00,0.9900,0.9900,0.0000
KXNBAGAME-26MAR10MINLAL-MIN,KXNBAGAME-26MAR10MINLAL,Minnesota at Los Angeles L Winner?,,2026-03-08T19:06:00Z,2026-03-11T05:43:54Z,2026-03-11T05:45:27.187511Z,no,0.0000,5965340.00,0.0100,0.0000,0.9900
KXNBAGAME-26MAR10MINLAL-LAL,KXNBAGAME-26MAR10MINLAL,Minnesota at Los Angeles L Winner?,,2026-03-08T19:06:00Z,2026-03-11T05:43:54Z,2026-03-11T05:45:27.187511Z,yes,1.0000,5816828.00,0.9900,0.9900,0.0000
KXNBAGAME-26MAR11CLEORL-ORL,KXNBAGAME-26MAR11CLEORL,Cleveland at Orlando Winner?,,2026-03-09T16:06:00Z,2026-03-12T02:28:12Z,2026-03-12T02:29:57.402619Z,yes,1.0000,4570674.00,0.9900,0.9900,0.0000
KXNBAGAME-26MAR11CLEORL-CLE,KXNBAGAME-26MAR11CLEORL,Cleveland at Orlando Winner?,,2026-03-09T16:06:00Z,2026-03-12T02:28:12Z,2026-03-12T02:29:57.402619Z,no,0.0000,6450765.00,0.0100,0.0000,0.9900
KXNBAGAME-26MAR11TORNOP-TOR,KXNBAGAME-26MAR11TORNOP,Toronto at New Orleans Winner?,,2026-03-09T16:06:00Z,2026-03-12T02:34:13Z,2026-03-12T02:35:47.819585Z,no,0.0000,2435385.00,0.0100,0.0000,0.9900
KXNBAGAME-26MAR11TORNOP-NOP,KXNBAGAME-26MAR11TORNOP,Toronto at New Orleans Winner?,,2026-03-09T16:06:00Z,2026-03-12T02:34:13Z,2026-03-12T02:35:47.819585Z,yes,1.0000,1781088.00,0.9900,0.9900,0.0000
KXNBAGAME-26MAR11NYKUTA-UTA,KXNBAGAME-26MAR11NYKUTA,New York at Utah Winner?,,2026-03-09T16:06:00Z,2026-03-12T03:40:46Z,2026-03-12T03:42:17.770874Z,no,0.0000,4949955.00,0.0100,0.0000,0.9900
KXNBAGAME-26MAR11NYKUTA-NYK,KXNBAGAME-26MAR11NYKUTA,New York at Utah Winner?,,2026-03-09T16:06:00Z,2026-03-12T03:40:46Z,2026-03-12T03:42:17.770874Z,yes,1.0000,4466460.00,0.9900,0.9900,0.0000
KXNBAGAME-26MAR11CHASAC-SAC,KXNBAGAME-26MAR11CHASAC,Charlotte at Sacramento Winner?,,2026-03-11T14:21:00Z,2026-03-12T04:32:03Z,2026-03-12T04:33:37.596062Z,no,0.0000,2867060.00,0.0100,0.0000,0.9900
KXNBAGAME-26MAR11CHASAC-CHA,KXNBAGAME-26MAR11CHASAC,Charlotte at Sacramento Winner?,,2026-03-11T14:21:00Z,2026-03-12T04:32:03Z,2026-03-12T04:33:37.596062Z,yes,1.0000,2029814.00,0.9900,0.9900,0.0000
KXNBAGAME-26MAR11HOUDEN-HOU,KXNBAGAME-26MAR11HOUDEN,Houston at Denver Winner?,,2026-03-09T16:06:00Z,2026-03-12T04:42:07Z,2026-03-12T04:43:37.736096Z,no,0.0000,3142962.00,0.0100,0.0000,0.9900
KXNBAGAME-26MAR11HOUDEN-DEN,KXNBAGAME-26MAR11HOUDEN,Houston at Denver Winner?,,2026-03-09T16:06:00Z,2026-03-12T04:42:07Z,2026-03-12T04:43:37.736096Z,yes,1.0000,2211596.00,0.9900,0.9900,0.0000
KXNBAGAME-26MAR11MINLAC-MIN,KXNBAGAME-26MAR11MINLAC,Minnesota at Los Angeles C Winner?,,2026-03-09T19:06:00Z,2026-03-12T05:14:01Z,2026-03-12T05:15:37.773075Z,no,0.0000,5074025.00,0.0100,0.0000,0.9900
KXNBAGAME-26MAR11MINLAC-LAC,KXNBAGAME-26MAR11MINLAC,Minnesota at Los Angeles C Winner?,,2026-03-09T19:06:00Z,2026-03-12T05:14:01Z,2026-03-12T05:15:37.773075Z,yes,1.0000,3353451.00,0.9900,0.9900,0.0000
KXNBAGAME-26MAR12PHXIND-PHX,KXNBAGAME-26MAR12PHXIND,Phoenix at Indiana Winner?,,2026-03-10T13:07:00Z,2026-03-13T01:42:22Z,2026-03-13T01:43:55.452581Z,yes,1.0000,1649311.00,0.9900,0.9900,0.0000
KXNBAGAME-26MAR12PHXIND-IND,KXNBAGAME-26MAR12PHXIND,Phoenix at Indiana Winner?,,2026-03-10T13:07:00Z,2026-03-13T01:42:22Z,2026-03-13T01:43:55.452581Z,no,0.0000,991041.00,0.0100,0.0000,0.9900
KXNBAGAME-26MAR12PHIDET-PHI,KXNBAGAME-26MAR12PHIDET,Philadelphia at Detroit Winner?,,2026-03-10T13:07:00Z,2026-03-13T01:48:12Z,2026-03-13T01:49:45.422058Z,no,0.0000,1114824.00,0.0100,0.0000,0.9900
KXNBAGAME-26MAR12PHIDET-DET,KXNBAGAME-26MAR12PHIDET,Philadelphia at Detroit Winner?,,2026-03-10T13:07:00Z,2026-03-13T01:48:12Z,2026-03-13T01:49:45.422058Z,yes,1.0000,1051991.00,0.9900,0.9900,0.0000
KXNBAGAME-26MAR12WASORL-WAS,KXNBAGAME-26MAR12WASORL,Washington at Orlando Winner?,,2026-03-10T13:07:00Z,2026-03-13T01:52:14Z,2026-03-13T01:53:45.59999Z,no,0.0000,2127821.00,0.0100,0.0000,0.9900
KXNBAGAME-26MAR12WASORL-ORL,KXNBAGAME-26MAR12WASORL,Washington at Orlando Winner?,,2026-03-10T13:07:00Z,2026-03-13T01:52:14Z,2026-03-13T01:53:45.59999Z,yes,1.0000,2226482.00,0.9900,0.9900,0.0000
KXNBAGAME-26MAR12BKNATL-BKN,KXNBAGAME-26MAR12BKNATL,Brooklyn at Atlanta Winner?,,2026-03-10T16:06:00Z,2026-03-13T02:04:17Z,2026-03-13T02:05:55.421435Z,no,0.0000,1200122.00,0.0100,0.0000,0.9900
KXNBAGAME-26MAR12BKNATL-ATL,KXNBAGAME-26MAR12BKNATL,Brooklyn at Atlanta Winner?,,2026-03-10T16:06:00Z,2026-03-13T02:04:17Z,2026-03-13T02:05:55.421435Z,yes,1.0000,652212.00,0.9900,0.9900,0.0000
KXNBAGAME-26MAR12MILMIA-MIL,KXNBAGAME-26MAR12MILMIA,Milwaukee at Miami Winner?,,2026-03-10T16:06:00Z,2026-03-13T02:10:51Z,2026-03-13T02:12:28.819392Z,no,0.0000,1547645.00,0.0100,0.0000,0.9900
KXNBAGAME-26MAR12MILMIA-MIA,KXNBAGAME-26MAR12MILMIA,Milwaukee at Miami Winner?,,2026-03-10T16:06:00Z,2026-03-13T02:10:51Z,2026-03-13T02:12:28.819392Z,yes,1.0000,1710098.00,0.9900,0.9900,0.0000
KXNBAGAME-26MAR12DALMEM-MEM,KXNBAGAME-26MAR12DALMEM,Dallas at Memphis Winner?,,2026-03-10T16:06:00Z,2026-03-13T02:46:05Z,2026-03-13T02:47:38.775465Z,no,0.0000,1269766.00,0.0100,0.0000,0.9900
KXNBAGAME-26MAR12DALMEM-DAL,KXNBAGAME-26MAR12DALMEM,Dallas at Memphis Winner?,,2026-03-10T16:06:00Z,2026-03-13T02:46:05Z,2026-03-13T02:47:38.775465Z,yes,1.0000,1210698.00,0.9900,0.9900,0.0000
KXNBAGAME-26MAR12DENSAS-SAS,KXNBAGAME-26MAR12DENSAS,Denver at San Antonio Winner?,,2026-03-10T16:06:00Z,2026-03-13T03:48:00Z,2026-03-13T03:49:39.050031Z,no,0.0000,5468186.00,0.0100,0.0000,0.9900
KXNBAGAME-26MAR12DENSAS-DEN,KXNBAGAME-26MAR12DENSAS,Denver at San Antonio Winner?,,2026-03-10T16:06:00Z,2026-03-13T03:48:00Z,2026-03-13T03:49:39.050031Z,yes,1.0000,6753224.00,0.9900,0.9900,0.0000
KXNBAGAME-26MAR12BOSOKC-OKC,KXNBAGAME-26MAR12BOSOKC,Boston at Oklahoma City Winner?,,2026-03-10T16:06:00Z,2026-03-13T04:15:59Z,2026-03-13T04:17:29.10426Z,yes,1.0000,6025724.00,0.9900,0.9900,0.0000
KXNBAGAME-26MAR12BOSOKC-BOS,KXNBAGAME-26MAR12BOSOKC,Boston at Oklahoma City Winner?,,2026-03-10T16:06:00Z,2026-03-13T04:15:59Z,2026-03-13T04:17:29.10426Z,no,0.0000,5400352.00,0.0100,0.0000,0.9900
KXNBAGAME-26MAR12CHILAL-LAL,KXNBAGAME-26MAR12CHILAL,Chicago at Los Angeles L Winner?,,2026-03-10T19:07:00Z,2026-03-13T05:11:58Z,2026-03-13T05:13:28.920822Z,yes,1.0000,2431355.00,0.9900,0.9900,0.0000
KXNBAGAME-26MAR12CHILAL-CHI,KXNBAGAME-26MAR12CHILAL,Chicago at Los Angeles L Winner?,,2026-03-10T19:07:00Z,2026-03-13T05:11:58Z,2026-03-13T05:13:28.920822Z,no,0.0000,3009839.00,0.0100,0.0000,0.9900
KXNBAGAME-26MAR13CLEDAL-DAL,KXNBAGAME-26MAR13CLEDAL,Cleveland at Dallas Winner?,,2026-03-11T16:06:00Z,2026-03-14T02:02:40Z,2026-03-14T02:04:18.791699Z,no,0.0000,868204.00,0.0100,0.0000,0.0000
KXNBAGAME-26MAR13CLEDAL-CLE,KXNBAGAME-26MAR13CLEDAL,Cleveland at Dallas Winner?,,2026-03-11T16:06:00Z,2026-03-14T02:02:40Z,2026-03-14T02:04:18.791699Z,yes,1.0000,829871.00,0.9900,0.0000,0.0000
KXNBAGAME-26MAR13NYKIND-NYK,KXNBAGAME-26MAR13NYKIND,New York at Indiana Winner?,,2026-03-11T16:06:00Z,2026-03-14T02:06:51Z,2026-03-14T02:08:30.04485Z,yes,1.0000,1693817.00,0.9900,0.9900,0.0000
KXNBAGAME-26MAR13NYKIND-IND,KXNBAGAME-26MAR13NYKIND,New York at Indiana Winner?,,2026-03-11T16:06:00Z,2026-03-14T02:06:51Z,2026-03-14T02:08:30.04485Z,no,0.0000,2014290.00,0.0100,0.0000,0.9900
KXNBAGAME-26MAR13MEMDET-MEM,KXNBAGAME-26MAR13MEMDET,Memphis at Detroit Winner?,,2026-03-11T16:06:00Z,2026-03-14T02:07:37Z,2026-03-14T02:09:09.573919Z,no,0.0000,1246526.00,0.0100,0.0000,0.9900
KXNBAGAME-26MAR13MEMDET-DET,KXNBAGAME-26MAR13MEMDET,Memphis at Detroit Winner?,,2026-03-11T16:06:00Z,2026-03-14T02:07:37Z,2026-03-14T02:09:09.573919Z,yes,1.0000,1190411.00,0.9900,0.9900,0.0000
KXNBAGAME-26MAR13PHXTOR-TOR,KXNBAGAME-26MAR13PHXTOR,Phoenix at Toronto Winner?,,2026-03-11T16:06:00Z,2026-03-14T02:24:23Z,2026-03-14T02:25:58.925394Z,yes,1.0000,3611445.00,0.9900,0.0000,0.0000
KXNBAGAME-26MAR13PHXTOR-PHX,KXNBAGAME-26MAR13PHXTOR,Phoenix at Toronto Winner?,,2026-03-11T16:06:00Z,2026-03-14T02:24:23Z,2026-03-14T02:25:58.925394Z,no,0.0000,4419704.00,0.0100,0.0000,0.0000
KXNBAGAME-26MAR13NOPHOU-NOP,KXNBAGAME-26MAR13NOPHOU,New Orleans at Houston Winner?,,2026-03-11T16:06:00Z,2026-03-14T02:42:04Z,2026-03-14T02:43:38.999062Z,no,0.0000,2668070.00,0.0100,0.0000,0.9900
KXNBAGAME-26MAR13NOPHOU-HOU,KXNBAGAME-26MAR13NOPHOU,New Orleans at Houston Winner?,,2026-03-11T16:06:00Z,2026-03-14T02:42:04Z,2026-03-14T02:43:38.999062Z,yes,1.0000,4241303.00,0.9900,0.9900,0.0000
KXNBAGAME-26MAR13UTAPOR-UTA,KXNBAGAME-26MAR13UTAPOR,Utah at Portland Winner?,,2026-03-11T16:06:00Z,2026-03-14T04:42:12Z,2026-03-14T04:43:49.086434Z,no,0.0000,4543048.00,0.0100,0.0000,0.9900
KXNBAGAME-26MAR13UTAPOR-POR,KXNBAGAME-26MAR13UTAPOR,Utah at Portland Winner?,,2026-03-11T16:06:00Z,2026-03-14T04:42:12Z,2026-03-14T04:43:49.086434Z,yes,1.0000,1882688.00,0.9900,0.9900,0.0000
KXNBAGAME-26MAR13MINGSW-MIN,KXNBAGAME-26MAR13MINGSW,Minnesota at Golden State Winner?,,2026-03-11T16:06:00Z,2026-03-14T04:54:22Z,2026-03-14T04:55:58.813232Z,yes,1.0000,3677681.00,0.9900,0.9900,0.0000
KXNBAGAME-26MAR13MINGSW-GSW,KXNBAGAME-26MAR13MINGSW,Minnesota at Golden State Winner?,,2026-03-11T16:06:00Z,2026-03-14T04:54:22Z,2026-03-14T04:55:58.813232Z,no,0.0000,2410956.00,0.0100,0.0000,0.9900
KXNBAGAME-26MAR13CHILAC-LAC,KXNBAGAME-26MAR13CHILAC,Chicago at Los Angeles C Winner?,,2026-03-11T19:07:00Z,2026-03-14T05:05:01Z,2026-03-14T05:06:38.837141Z,yes,1.0000,1815115.00,0.9900,0.9900,0.0000
KXNBAGAME-26MAR13CHILAC-CHI,KXNBAGAME-26MAR13CHILAC,Chicago at Los Angeles C Winner?,,2026-03-11T19:07:00Z,2026-03-14T05:05:01Z,2026-03-14T05:06:38.837141Z,no,0.0000,3046572.00,0.0100,0.0000,0.9900
KXNBAGAME-26MAR14BKNPHI-PHI,KXNBAGAME-26MAR14BKNPHI,Brooklyn at Philadelphia Winner?,,2026-03-12T07:06:00Z,2026-03-14T19:41:22Z,2026-03-14T19:42:59.063811Z,yes,1.0000,1690918.00,0.9900,0.9900,0.0000
KXNBAGAME-26MAR14BKNPHI-BKN,KXNBAGAME-26MAR14BKNPHI,Brooklyn at Philadelphia Winner?,,2026-03-12T07:06:00Z,2026-03-14T19:41:22Z,2026-03-14T19:42:59.063811Z,no,0.0000,1513843.00,0.0100,0.0000,0.9900
KXNBAGAME-26MAR14MILATL-MIL,KXNBAGAME-26MAR14MILATL,Milwaukee at Atlanta Winner?,,2026-03-12T10:07:00Z,2026-03-14T21:31:32Z,2026-03-14T21:33:08.753443Z,no,0.0000,1345050.00,0.0100,0.0000,0.9900
KXNBAGAME-26MAR14MILATL-ATL,KXNBAGAME-26MAR14MILATL,Milwaukee at Atlanta Winner?,,2026-03-12T10:07:00Z,2026-03-14T21:31:32Z,2026-03-14T21:33:08.753443Z,yes,1.0000,1086085.00,0.9900,0.9900,0.0000
KXNBAGAME-26MAR14CHASAS-SAS,KXNBAGAME-26MAR14CHASAS,Charlotte at San Antonio Winner?,,2026-03-12T10:07:00Z,2026-03-14T22:18:07Z,2026-03-14T22:19:39.804304Z,yes,1.0000,3553740.00,0.9900,0.9900,0.0000
KXNBAGAME-26MAR14CHASAS-CHA,KXNBAGAME-26MAR14CHASAS,Charlotte at San Antonio Winner?,,2026-03-12T10:07:00Z,2026-03-14T22:18:07Z,2026-03-14T22:19:39.804304Z,no,0.0000,1801540.00,0.0100,0.0000,0.9900
KXNBAGAME-26MAR14WASBOS-WAS,KXNBAGAME-26MAR14WASBOS,Washington at Boston Winner?,,2026-03-12T13:06:00Z,2026-03-15T00:22:06Z,2026-03-15T00:23:39.956741Z,no,0.0000,2283007.00,0.0100,0.0000,0.9900
KXNBAGAME-26MAR14WASBOS-BOS,KXNBAGAME-26MAR14WASBOS,Washington at Boston Winner?,,2026-03-12T13:06:00Z,2026-03-15T00:22:06Z,2026-03-15T00:23:39.956741Z,yes,1.0000,831182.00,0.9900,0.9900,0.0000
KXNBAGAME-26MAR14ORLMIA-ORL,KXNBAGAME-26MAR14ORLMIA,Orlando at Miami Winner?,,2026-03-12T16:07:00Z,2026-03-15T02:48:04Z,2026-03-15T02:49:39.867693Z,yes,1.0000,4529366.00,0.9900,0.9900,0.0000
KXNBAGAME-26MAR14ORLMIA-MIA,KXNBAGAME-26MAR14ORLMIA,Orlando at Miami Winner?,,2026-03-12T16:07:00Z,2026-03-15T02:48:04Z,2026-03-15T02:49:39.867693Z,no,0.0000,3955899.00,0.0100,0.0000,0.9900
KXNBAGAME-26MAR14DENLAL-LAL,KXNBAGAME-26MAR14DENLAL,Denver at Los Angeles L Winner?,,2026-03-12T16:07:00Z,2026-03-15T03:33:44Z,2026-03-15T03:34:20.304357Z,yes,1.0000,10105312.00,0.9900,0.9900,0.0000
KXNBAGAME-26MAR14DENLAL-DEN,KXNBAGAME-26MAR14DENLAL,Denver at Los Angeles L Winner?,,2026-03-12T16:07:00Z,2026-03-15T03:33:44Z,2026-03-15T03:34:20.304357Z,no,0.0000,9837423.00,0.0100,0.0000,0.9900
KXNBAGAME-26MAR14SACLAC-SAC,KXNBAGAME-26MAR14SACLAC,Sacramento at Los Angeles C Winner?,,2026-03-12T19:07:00Z,2026-03-15T05:13:58Z,2026-03-15T05:15:30.063757Z,yes,1.0000,9203834.00,0.9900,0.9900,0.0000
KXNBAGAME-26MAR14SACLAC-LAC,KXNBAGAME-26MAR14SACLAC,Sacramento at Los Angeles C Winner?,,2026-03-12T19:07:00Z,2026-03-15T05:13:58Z,2026-03-15T05:15:30.063757Z,no,0.0000,10007719.00,0.0100,0.0000,0.9900
KXNBAGAME-26MAR15MINOKC-OKC,KXNBAGAME-26MAR15MINOKC,Minnesota at Oklahoma City Winner?,,2026-03-13T07:06:00Z,2026-03-15T19:52:16Z,2026-03-15T19:53:49.917936Z,yes,1.0000,4151649.00,0.9900,0.9900,0.0000
KXNBAGAME-26MAR15MINOKC-MIN,KXNBAGAME-26MAR15MINOKC,Minnesota at Oklahoma City Winner?,,2026-03-13T07:06:00Z,2026-03-15T19:52:16Z,2026-03-15T19:53:49.917936Z,no,0.0000,4071467.00,0.0100,0.0000,0.9900
KXNBAGAME-26MAR15DALCLE-DAL,KXNBAGAME-26MAR15DALCLE,Dallas at Cleveland Winner?,,2026-03-13T10:06:00Z,2026-03-15T21:58:13Z,2026-03-15T21:59:49.918477Z,yes,1.0000,5399817.00,0.9900,0.0000,0.0000
KXNBAGAME-26MAR15DALCLE-CLE,KXNBAGAME-26MAR15DALCLE,Dallas at Cleveland Winner?,,2026-03-13T10:06:00Z,2026-03-15T21:58:13Z,2026-03-15T21:59:49.918477Z,no,0.0000,3747146.00,0.0100,0.0000,0.0000
KXNBAGAME-26MAR15INDMIL-MIL,KXNBAGAME-26MAR15INDMIL,Indiana at Milwaukee Winner?,,2026-03-13T10:06:00Z,2026-03-15T22:04:13Z,2026-03-15T22:05:49.826425Z,yes,1.0000,1391829.00,0.9900,0.9900,0.0000
KXNBAGAME-26MAR15INDMIL-IND,KXNBAGAME-26MAR15INDMIL,Indiana at Milwaukee Winner?,,2026-03-13T10:06:00Z,2026-03-15T22:04:13Z,2026-03-15T22:05:49.826425Z,no,0.0000,1068308.00,0.0100,0.0000,0.9900
KXNBAGAME-26MAR15DETTOR-TOR,KXNBAGAME-26MAR15DETTOR,Detroit at Toronto Winner?,,2026-03-13T10:06:00Z,2026-03-15T22:10:36Z,2026-03-15T22:12:09.885208Z,yes,1.0000,2284205.00,0.9900,0.9900,0.0000
KXNBAGAME-26MAR15DETTOR-DET,KXNBAGAME-26MAR15DETTOR,Detroit at Toronto Winner?,,2026-03-13T10:06:00Z,2026-03-15T22:10:36Z,2026-03-15T22:12:09.885208Z,no,0.0000,5413257.00,0.0100,0.0000,0.9900
KXNBAGAME-26MAR15PORPHI-POR,KXNBAGAME-26MAR15PORPHI,Portland at Philadelphia Winner?,,2026-03-13T13:07:00Z,2026-03-16T00:26:05Z,2026-03-16T00:27:40.202991Z,no,0.0000,5100432.00,0.0100,0.0000,0.9900
KXNBAGAME-26MAR15PORPHI-PHI,KXNBAGAME-26MAR15PORPHI,Portland at Philadelphia Winner?,,2026-03-13T13:07:00Z,2026-03-16T00:26:05Z,2026-03-16T00:27:40.202991Z,yes,1.0000,8221751.00,0.9900,0.9900,0.0000
KXNBAGAME-26MAR15GSWNYK-NYK,KXNBAGAME-26MAR15GSWNYK,Golden State at New York Winner?,,2026-03-13T16:07:00Z,2026-03-16T02:52:03Z,2026-03-16T02:53:43.192235Z,yes,1.0000,10116644.00,0.9900,0.9900,0.0000
KXNBAGAME-26MAR15GSWNYK-GSW,KXNBAGAME-26MAR15GSWNYK,Golden State at New York Winner?,,2026-03-13T16:07:00Z,2026-03-16T02:52:03Z,2026-03-16T02:53:43.192235Z,no,0.0000,14813994.00,0.0100,0.0000,0.9900
KXNBAGAME-26MAR15UTASAC-UTA,KXNBAGAME-26MAR15UTASAC,Utah at Sacramento Winner?,,2026-03-13T16:07:00Z,2026-03-16T04:34:02Z,2026-03-16T04:35:40.017411Z,no,0.0000,6232422.00,0.0100,0.0000,0.9900
KXNBAGAME-26MAR15UTASAC-SAC,KXNBAGAME-26MAR15UTASAC,Utah at Sacramento Winner?,,2026-03-13T16:07:00Z,2026-03-16T04:34:02Z,2026-03-16T04:35:40.017411Z,yes,1.0000,5311084.00,0.9900,0.9900,0.0000
KXNBAGAME-26MAR16GSWWAS-WAS,KXNBAGAME-26MAR16GSWWAS,Golden State at Washington Winner?,,2026-03-14T13:08:00Z,2026-03-17T01:44:16Z,2026-03-17T01:45:49.97545Z,no,0.0000,2677125.00,0.0100,0.0000,0.9900
KXNBAGAME-26MAR16GSWWAS-GSW,KXNBAGAME-26MAR16GSWWAS,Golden State at Washington Winner?,,2026-03-14T13:08:00Z,2026-03-17T01:44:16Z,2026-03-17T01:45:49.97545Z,yes,1.0000,2617610.00,0.9900,0.9900,0.0000
KXNBAGAME-26MAR16ORLATL-ORL,KXNBAGAME-26MAR16ORLATL,Orlando at Atlanta Winner?,,2026-03-14T13:08:00Z,2026-03-17T01:58:23Z,2026-03-17T01:59:59.908328Z,no,0.0000,4158257.00,0.0100,0.0000,0.9900
KXNBAGAME-26MAR16ORLATL-ATL,KXNBAGAME-26MAR16ORLATL,Orlando at Atlanta Winner?,,2026-03-14T13:08:00Z,2026-03-17T01:58:23Z,2026-03-17T01:59:59.908328Z,yes,1.0000,2738479.00,0.9900,0.9900,0.0000
KXNBAGAME-26MAR16PORBKN-POR,KXNBAGAME-26MAR16PORBKN,Portland at Brooklyn Winner?,,2026-03-14T16:11:00Z,2026-03-17T02:14:18Z,2026-03-17T02:15:49.961162Z,yes,1.0000,965675.00,0.9900,0.9900,0.0000
KXNBAGAME-26MAR16PORBKN-BKN,KXNBAGAME-26MAR16PORBKN,Portland at Brooklyn Winner?,,2026-03-14T16:11:00Z,2026-03-17T02:14:18Z,2026-03-17T02:15:49.961162Z,no,0.0000,1114906.00,0.0100,0.0000,0.9900
KXNBAGAME-26MAR16PHXBOS-PHX,KXNBAGAME-26MAR16PHXBOS,Phoenix at Boston Winner?,,2026-03-14T16:11:00Z,2026-03-17T02:18:13Z,2026-03-17T02:19:49.936898Z,no,0.0000,5075879.00,0.0100,0.0000,0.9900
KXNBAGAME-26MAR16PHXBOS-BOS,KXNBAGAME-26MAR16PHXBOS,Phoenix at Boston Winner?,,2026-03-14T16:11:00Z,2026-03-17T02:18:13Z,2026-03-17T02:19:49.936898Z,yes,1.0000,5237547.00,0.9900,0.9900,0.0000
KXNBAGAME-26MAR16MEMCHI-MEM,KXNBAGAME-26MAR16MEMCHI,Memphis at Chicago Winner?,,2026-03-14T16:11:00Z,2026-03-17T02:28:10Z,2026-03-17T02:29:39.725632Z,no,0.0000,957575.00,0.0100,0.0000,0.0000
KXNBAGAME-26MAR16MEMCHI-CHI,KXNBAGAME-26MAR16MEMCHI,Memphis at Chicago Winner?,,2026-03-14T16:11:00Z,2026-03-17T02:28:10Z,2026-03-17T02:29:39.725632Z,yes,1.0000,837087.00,0.9900,0.0000,0.0000
KXNBAGAME-26MAR16DALNOP-NOP,KXNBAGAME-26MAR16DALNOP,Dallas at New Orleans Winner?,,2026-03-14T16:11:00Z,2026-03-17T02:30:42Z,2026-03-17T02:32:19.940726Z,yes,1.0000,851792.00,0.9900,0.9900,0.0000
KXNBAGAME-26MAR16DALNOP-DAL,KXNBAGAME-26MAR16DALNOP,Dallas at New Orleans Winner?,,2026-03-14T16:11:00Z,2026-03-17T02:30:42Z,2026-03-17T02:32:19.940726Z,no,0.0000,2866462.00,0.0100,0.0000,0.9900
KXNBAGAME-26MAR16LALHOU-LAL,KXNBAGAME-26MAR16LALHOU,Los Angeles L at Houston Winner?,,2026-03-14T16:11:00Z,2026-03-17T04:10:40Z,2026-03-17T04:12:20.270193Z,yes,1.0000,10755129.00,0.9900,0.9900,0.0000
KXNBAGAME-26MAR16LALHOU-HOU,KXNBAGAME-26MAR16LALHOU,Los Angeles L at Houston Winner?,,2026-03-14T16:11:00Z,2026-03-17T04:10:40Z,2026-03-17T04:12:20.270193Z,no,0.0000,6300841.00,0.0100,0.0000,0.9900
KXNBAGAME-26MAR16SASLAC-SAS,KXNBAGAME-26MAR16SASLAC,San Antonio at Los Angeles C Winner?,,2026-03-14T16:11:00Z,2026-03-17T04:54:01Z,2026-03-17T04:55:40.038241Z,yes,1.0000,8382738.00,0.9900,0.9900,0.0000
KXNBAGAME-26MAR16SASLAC-LAC,KXNBAGAME-26MAR16SASLAC,San Antonio at Los Angeles C Winner?,,2026-03-14T16:11:00Z,2026-03-17T04:54:01Z,2026-03-17T04:55:40.038241Z,no,0.0000,7412993.00,0.0100,0.0000,0.9900
KXNBAGAME-26MAR17DETWAS-WAS,KXNBAGAME-26MAR17DETWAS,Detroit at Washington Winner?,,2026-03-15T13:07:00Z,2026-03-18T01:36:28Z,2026-03-18T01:37:59.34589Z,no,0.0000,4204439.00,0.0100,0.0000,0.9900
KXNBAGAME-26MAR17DETWAS-DET,KXNBAGAME-26MAR17DETWAS,Detroit at Washington Winner?,,2026-03-15T13:07:00Z,2026-03-18T01:36:28Z,2026-03-18T01:37:59.34589Z,yes,1.0000,1217262.00,0.9900,0.9900,0.0000
KXNBAGAME-26MAR17OKCORL-ORL,KXNBAGAME-26MAR17OKCORL,Oklahoma City at Orlando Winner?,,2026-03-15T13:07:00Z,2026-03-18T01:41:06Z,2026-03-18T01:42:39.402396Z,no,0.0000,2153403.00,0.0100,0.0000,0.9900
KXNBAGAME-26MAR17OKCORL-OKC,KXNBAGAME-26MAR17OKCORL,Oklahoma City at Orlando Winner?,,2026-03-15T13:07:00Z,2026-03-18T01:41:06Z,2026-03-18T01:42:39.402396Z,yes,1.0000,3972383.00,0.9900,0.9900,0.0000
KXNBAGAME-26MAR17MIACHA-MIA,KXNBAGAME-26MAR17MIACHA,Miami at Charlotte Winner?,,2026-03-15T13:07:00Z,2026-03-18T01:48:18Z,2026-03-18T01:49:49.391047Z,no,0.0000,2428141.00,0.0100,0.0000,0.9900
KXNBAGAME-26MAR17MIACHA-CHA,KXNBAGAME-26MAR17MIACHA,Miami at Charlotte Winner?,,2026-03-15T13:07:00Z,2026-03-18T01:48:18Z,2026-03-18T01:49:49.391047Z,yes,1.0000,2014221.00,0.9900,0.9900,0.0000
KXNBAGAME-26MAR17INDNYK-NYK,KXNBAGAME-26MAR17INDNYK,Indiana at New York Winner?,,2026-03-15T16:07:00Z,2026-03-18T01:58:16Z,2026-03-18T01:59:49.275746Z,yes,1.0000,931736.00,0.9900,0.9900,0.0000
KXNBAGAME-26MAR17INDNYK-IND,KXNBAGAME-26MAR17INDNYK,Indiana at New York Winner?,,2026-03-15T16:07:00Z,2026-03-18T01:58:16Z,2026-03-18T01:59:49.275746Z,no,0.0000,1199111.00,0.0100,0.0000,0.9900
KXNBAGAME-26MAR17PHXMIN-PHX,KXNBAGAME-26MAR17PHXMIN,Phoenix at Minnesota Winner?,,2026-03-15T16:07:00Z,2026-03-18T02:44:17Z,2026-03-18T02:45:49.415319Z,no,0.0000,3231534.00,0.0100,0.0000,0.9900
KXNBAGAME-26MAR17PHXMIN-MIN,KXNBAGAME-26MAR17PHXMIN,Phoenix at Minnesota Winner?,,2026-03-15T16:07:00Z,2026-03-18T02:44:17Z,2026-03-18T02:45:49.415319Z,yes,1.0000,2556557.00,0.9900,0.9900,0.0000
KXNBAGAME-26MAR17CLEMIL-MIL,KXNBAGAME-26MAR17CLEMIL,Cleveland at Milwaukee Winner?,,2026-03-15T16:07:00Z,2026-03-18T02:48:18Z,2026-03-18T02:49:49.570982Z,no,0.0000,2416246.00,0.0100,0.0000,0.9900
KXNBAGAME-26MAR17CLEMIL-CLE,KXNBAGAME-26MAR17CLEMIL,Cleveland at Milwaukee Winner?,,2026-03-15T16:07:00Z,2026-03-18T02:48:18Z,2026-03-18T02:49:49.570982Z,yes,1.0000,2311626.00,0.9900,0.9900,0.0000
KXNBAGAME-26MAR17SASSAC-SAS,KXNBAGAME-26MAR17SASSAC,San Antonio at Sacramento Winner?,,2026-03-15T16:07:00Z,2026-03-18T04:28:10Z,2026-03-18T04:29:49.274207Z,yes,1.0000,1332682.00,0.9900,0.9900,0.0000
KXNBAGAME-26MAR17SASSAC-SAC,KXNBAGAME-26MAR17SASSAC,San Antonio at Sacramento Winner?,,2026-03-15T16:07:00Z,2026-03-18T04:28:10Z,2026-03-18T04:29:49.274207Z,no,0.0000,1128114.00,0.0100,0.0000,0.9900
KXNBAGAME-26MAR17PHIDEN-PHI,KXNBAGAME-26MAR17PHIDEN,Philadelphia at Denver Winner?,,2026-03-15T16:07:00Z,2026-03-18T04:50:36Z,2026-03-18T04:52:09.28907Z,no,0.0000,1800670.00,0.0100,0.0000,0.9900
KXNBAGAME-26MAR17PHIDEN-DEN,KXNBAGAME-26MAR17PHIDEN,Philadelphia at Denver Winner?,,2026-03-15T16:07:00Z,2026-03-18T04:50:36Z,2026-03-18T04:52:09.28907Z,yes,1.0000,900070.00,0.9900,0.9900,0.0000
KXNBAGAME-26MAR18GSWBOS-GSW,KXNBAGAME-26MAR18GSWBOS,Golden State at Boston Winner?,,2026-03-16T13:06:00Z,2026-03-19T01:41:01Z,2026-03-19T01:42:30.966328Z,no,0.0000,2632407.00,0.0100,0.0000,0.9900
KXNBAGAME-26MAR18GSWBOS-BOS,KXNBAGAME-26MAR18GSWBOS,Golden State at Boston Winner?,,2026-03-16T13:06:00Z,2026-03-19T01:41:01Z,2026-03-19T01:42:30.966328Z,yes,1.0000,3498037.00,0.9900,0.9900,0.0000
KXNBAGAME-26MAR18OKCBKN-OKC,KXNBAGAME-26MAR18OKCBKN,Oklahoma City at Brooklyn Winner?,,2026-03-16T16:07:00Z,2026-03-19T02:04:18Z,2026-03-19T02:05:50.906321Z,yes,1.0000,524722.00,0.9900,0.9900,0.0000
KXNBAGAME-26MAR18OKCBKN-BKN,KXNBAGAME-26MAR18OKCBKN,Oklahoma City at Brooklyn Winner?,,2026-03-16T16:07:00Z,2026-03-19T02:04:18Z,2026-03-19T02:05:50.906321Z,no,0.0000,947522.00,0.0100,0.0000,0.9900
KXNBAGAME-26MAR18PORIND-POR,KXNBAGAME-26MAR18PORIND,Portland at Indiana Winner?,,2026-03-16T16:07:00Z,2026-03-19T02:12:18Z,2026-03-19T02:13:51.171461Z,yes,1.0000,1243836.00,0.9900,0.9900,0.0000
KXNBAGAME-26MAR18PORIND-IND,KXNBAGAME-26MAR18PORIND,Portland at Indiana Winner?,,2026-03-16T16:07:00Z,2026-03-19T02:12:18Z,2026-03-19T02:13:51.171461Z,no,0.0000,1234001.00,0.0100,0.0000,0.9900
KXNBAGAME-26MAR18LACNOP-NOP,KXNBAGAME-26MAR18LACNOP,Los Angeles C at New Orleans Winner?,,2026-03-16T16:07:00Z,2026-03-19T02:26:11Z,2026-03-19T02:27:51.098516Z,yes,1.0000,2162763.00,0.9900,0.9900,0.0000
KXNBAGAME-26MAR18LACNOP-LAC,KXNBAGAME-26MAR18LACNOP,Los Angeles C at New Orleans Winner?,,2026-03-16T16:07:00Z,2026-03-19T02:26:11Z,2026-03-19T02:27:51.098516Z,no,0.0000,4351871.00,0.0100,0.0000,0.9900
KXNBAGAME-26MAR18TORCHI-TOR,KXNBAGAME-26MAR18TORCHI,Toronto at Chicago Winner?,,2026-03-16T16:07:00Z,2026-03-19T02:32:13Z,2026-03-19T02:33:50.84742Z,yes,1.0000,872518.00,0.9900,0.9900,0.0000
KXNBAGAME-26MAR18TORCHI-CHI,KXNBAGAME-26MAR18TORCHI,Toronto at Chicago Winner?,,2026-03-16T16:07:00Z,2026-03-19T02:32:13Z,2026-03-19T02:33:50.84742Z,no,0.0000,481784.00,0.0100,0.0000,0.9900
KXNBAGAME-26MAR18UTAMIN-UTA,KXNBAGAME-26MAR18UTAMIN,Utah at Minnesota Winner?,,2026-03-16T16:07:00Z,2026-03-19T02:34:07Z,2026-03-19T02:35:40.866814Z,no,0.0000,896465.00,0.0100,0.0000,0.9900
KXNBAGAME-26MAR18UTAMIN-MIN,KXNBAGAME-26MAR18UTAMIN,Utah at Minnesota Winner?,,2026-03-16T16:07:00Z,2026-03-19T02:34:07Z,2026-03-19T02:35:40.866814Z,yes,1.0000,805839.00,0.9900,0.9900,0.0000
KXNBAGAME-26MAR18ATLDAL-DAL,KXNBAGAME-26MAR18ATLDAL,Atlanta at Dallas Winner?,,2026-03-16T16:07:00Z,2026-03-19T03:16:06Z,2026-03-19T03:17:40.879821Z,no,0.0000,996408.00,0.0100,0.0000,0.9900
KXNBAGAME-26MAR18ATLDAL-ATL,KXNBAGAME-26MAR18ATLDAL,Atlanta at Dallas Winner?,,2026-03-16T16:07:00Z,2026-03-19T03:16:06Z,2026-03-19T03:17:40.879821Z,yes,1.0000,1272396.00,0.9900,0.9900,0.0000
KXNBAGAME-26MAR18DENMEM-MEM,KXNBAGAME-26MAR18DENMEM,Denver at Memphis Winner?,,2026-03-16T16:07:00Z,2026-03-19T03:18:02Z,2026-03-19T03:19:52.154625Z,yes,1.0000,4148125.00,0.9900,0.9900,0.0000
KXNBAGAME-26MAR18DENMEM-DEN,KXNBAGAME-26MAR18DENMEM,Denver at Memphis Winner?,,2026-03-16T16:07:00Z,2026-03-19T03:18:02Z,2026-03-19T03:19:52.154625Z,no,0.0000,5027377.00,0.0100,0.0000,0.9900
KXNBAGAME-26MAR18LALHOU-LAL,KXNBAGAME-26MAR18LALHOU,Los Angeles L at Houston Winner?,,2026-03-16T16:07:00Z,2026-03-19T04:25:57Z,2026-03-19T04:27:31.423751Z,yes,1.0000,10170140.00,0.9900,0.9900,0.0000
KXNBAGAME-26MAR18LALHOU-HOU,KXNBAGAME-26MAR18LALHOU,Los Angeles L at Houston Winner?,,2026-03-16T16:07:00Z,2026-03-19T04:25:57Z,2026-03-19T04:27:31.423751Z,no,0.0000,7148852.00,0.0100,0.0000,0.9900
KXNBAGAME-26MAR19DETWAS-WAS,KXNBAGAME-26MAR19DETWAS,Detroit at Washington Winner?,,2026-03-17T13:07:00Z,2026-03-20T01:44:24Z,2026-03-20T01:46:00.866809Z,no,0.0000,1428086.00,0.0100,0.0000,0.9900
KXNBAGAME-26MAR19DETWAS-DET,KXNBAGAME-26MAR19DETWAS,Detroit at Washington Winner?,,2026-03-17T13:07:00Z,2026-03-20T01:44:24Z,2026-03-20T01:46:00.866809Z,yes,1.0000,1156415.00,0.9900,0.9900,0.0000
KXNBAGAME-26MAR19ORLCHA-ORL,KXNBAGAME-26MAR19ORLCHA,Orlando at Charlotte Winner?,,2026-03-17T13:07:00Z,2026-03-20T01:54:21Z,2026-03-20T01:56:00.966261Z,no,0.0000,1583100.00,0.0100,0.0000,0.9900
KXNBAGAME-26MAR19ORLCHA-CHA,KXNBAGAME-26MAR19ORLCHA,Orlando at Charlotte Winner?,,2026-03-17T13:07:00Z,2026-03-20T01:54:21Z,2026-03-20T01:56:00.966261Z,yes,1.0000,1607291.00,0.9900,0.9900,0.0000
KXNBAGAME-26MAR19LACNOP-NOP,KXNBAGAME-26MAR19LACNOP,Los Angeles C at New Orleans Winner?,,2026-03-17T16:06:00Z,2026-03-20T02:38:18Z,2026-03-20T02:39:54.275314Z,yes,1.0000,1893784.00,0.9900,0.9900,0.0000
KXNBAGAME-26MAR19LACNOP-LAC,KXNBAGAME-26MAR19LACNOP,Los Angeles C at New Orleans Winner?,,2026-03-17T16:06:00Z,2026-03-20T02:38:18Z,2026-03-20T02:39:54.275314Z,no,0.0000,1970302.00,0.0100,0.0000,0.9900
KXNBAGAME-26MAR19PHXSAS-SAS,KXNBAGAME-26MAR19PHXSAS,Phoenix at San Antonio Winner?,,2026-03-17T16:06:00Z,2026-03-20T02:48:22Z,2026-03-20T02:49:53.512761Z,yes,1.0000,5152365.00,0.9900,0.9900,0.0000
KXNBAGAME-26MAR19PHXSAS-PHX,KXNBAGAME-26MAR19PHXSAS,Phoenix at San Antonio Winner?,,2026-03-17T16:06:00Z,2026-03-20T02:48:22Z,2026-03-20T02:49:53.512761Z,no,0.0000,2854697.00,0.0100,0.0000,0.9900
KXNBAGAME-26MAR19LALMIA-MIA,KXNBAGAME-26MAR19LALMIA,Los Angeles L at Miami Winner?,,2026-03-17T16:06:00Z,2026-03-20T02:52:12Z,2026-03-20T02:53:51.358665Z,no,0.0000,3077846.00,0.0100,0.0000,0.9900
KXNBAGAME-26MAR19LALMIA-LAL,KXNBAGAME-26MAR19LALMIA,Los Angeles L at Miami Winner?,,2026-03-17T16:06:00Z,2026-03-20T02:52:12Z,2026-03-20T02:53:51.358665Z,yes,1.0000,9283432.00,0.9900,0.9900,0.0000
KXNBAGAME-26MAR19CLECHI-CLE,KXNBAGAME-26MAR19CLECHI,Cleveland at Chicago Winner?,,2026-03-17T16:06:00Z,2026-03-20T03:02:08Z,2026-03-20T03:03:40.862992Z,yes,1.0000,1253869.00,0.9900,0.9900,0.0000
KXNBAGAME-26MAR19CLECHI-CHI,KXNBAGAME-26MAR19CLECHI,Cleveland at Chicago Winner?,,2026-03-17T16:06:00Z,2026-03-20T03:02:08Z,2026-03-20T03:03:40.862992Z,no,0.0000,1373350.00,0.0100,0.0000,0.9900
KXNBAGAME-26MAR19MILUTA-UTA,KXNBAGAME-26MAR19MILUTA,Milwaukee at Utah Winner?,,2026-03-17T16:06:00Z,2026-03-20T03:42:08Z,2026-03-20T03:43:41.016172Z,yes,1.0000,1567151.00,0.9900,0.9900,0.0000
KXNBAGAME-26MAR19MILUTA-MIL,KXNBAGAME-26MAR19MILUTA,Milwaukee at Utah Winner?,,2026-03-17T16:06:00Z,2026-03-20T03:42:08Z,2026-03-20T03:43:41.016172Z,no,0.0000,1279469.00,0.0100,0.0000,0.9900
KXNBAGAME-26MAR19PHISAC-SAC,KXNBAGAME-26MAR19PHISAC,Philadelphia at Sacramento Winner?,,2026-03-17T16:06:00Z,2026-03-20T04:44:04Z,2026-03-20T04:45:40.959137Z,no,0.0000,2692430.00,0.0100,0.0000,0.9900
KXNBAGAME-26MAR19PHISAC-PHI,KXNBAGAME-26MAR19PHISAC,Philadelphia at Sacramento Winner?,,2026-03-17T16:06:00Z,2026-03-20T04:44:04Z,2026-03-20T04:45:40.959137Z,yes,1.0000,3469860.00,0.9900,0.9900,0.0000
KXNBAGAME-26MAR20GSWDET-GSW,KXNBAGAME-26MAR20GSWDET,Golden State at Detroit Winner?,,2026-03-18T16:07:00Z,2026-03-21T02:18:15Z,2026-03-21T02:19:50.390485Z,no,0.0000,1441660.00,0.0100,0.0000,0.9900
KXNBAGAME-26MAR20GSWDET-DET,KXNBAGAME-26MAR20GSWDET,Golden State at Detroit Winner?,,2026-03-18T16:07:00Z,2026-03-21T02:18:15Z,2026-03-21T02:19:50.390485Z,yes,1.0000,2485088.00,0.9900,0.9900,0.0000
KXNBAGAME-26MAR20NYKBKN-NYK,KXNBAGAME-26MAR20NYKBKN,New York at Brooklyn Winner?,,2026-03-18T16:07:00Z,2026-03-21T02:21:02Z,2026-03-21T02:22:41.311613Z,yes,1.0000,3299838.00,0.9900,0.9900,0.0000
KXNBAGAME-26MAR20NYKBKN-BKN,KXNBAGAME-26MAR20NYKBKN,New York at Brooklyn Winner?,,2026-03-18T16:07:00Z,2026-03-21T02:21:02Z,2026-03-21T02:22:41.311613Z,no,0.0000,4521681.00,0.0100,0.0000,0.9900
KXNBAGAME-26MAR20BOSMEM-MEM,KXNBAGAME-26MAR20BOSMEM,Boston at Memphis Winner?,,2026-03-18T16:07:00Z,2026-03-21T02:44:13Z,2026-03-21T02:45:50.999286Z,no,0.0000,3069331.00,0.0100,0.0000,0.9900
KXNBAGAME-26MAR20BOSMEM-BOS,KXNBAGAME-26MAR20BOSMEM,Boston at Memphis Winner?,,2026-03-18T16:07:00Z,2026-03-21T02:44:13Z,2026-03-21T02:45:50.999286Z,yes,1.0000,3073229.00,0.9900,0.9900,0.0000
KXNBAGAME-26MAR20ATLHOU-HOU,KXNBAGAME-26MAR20ATLHOU,Atlanta at Houston Winner?,,2026-03-18T16:07:00Z,2026-03-21T02:44:13Z,2026-03-21T02:45:51.144304Z,yes,1.0000,2032745.00,0.9900,0.9900,0.0000
KXNBAGAME-26MAR20ATLHOU-ATL,KXNBAGAME-26MAR20ATLHOU,Atlanta at Houston Winner?,,2026-03-18T16:07:00Z,2026-03-21T02:44:13Z,2026-03-21T02:45:51.144304Z,no,0.0000,1708224.00,0.0100,0.0000,0.9900
KXNBAGAME-26MAR20PORMIN-POR,KXNBAGAME-26MAR20PORMIN,Portland at Minnesota Winner?,,2026-03-18T16:07:00Z,2026-03-21T02:48:04Z,2026-03-21T02:49:55.479477Z,yes,1.0000,2153732.00,0.9900,0.9900,0.0000
KXNBAGAME-26MAR20PORMIN-MIN,KXNBAGAME-26MAR20PORMIN,Portland at Minnesota Winner?,,2026-03-18T16:07:00Z,2026-03-21T02:48:04Z,2026-03-21T02:49:55.479477Z,no,0.0000,3681362.00,0.0100,0.0000,0.9900
KXNBAGAME-26MAR20TORDEN-TOR,KXNBAGAME-26MAR20TORDEN,Toronto at Denver Winner?,,2026-03-18T16:07:00Z,2026-03-21T03:44:32Z,2026-03-21T03:46:11.098433Z,no,0.0000,3600481.00,0.0100,0.0000,0.0000
KXNBAGAME-26MAR20TORDEN-DEN,KXNBAGAME-26MAR20TORDEN,Toronto at Denver Winner?,,2026-03-18T16:07:00Z,2026-03-21T03:44:32Z,2026-03-21T03:46:11.098433Z,yes,1.0000,6032325.00,0.9900,0.0000,0.0000
KXNBAGAME-26MAR21OKCWAS-WAS,KXNBAGAME-26MAR21OKCWAS,Oklahoma City at Washington Winner?,,2026-03-19T13:06:00Z,2026-03-21T23:42:28Z,2026-03-21T23:44:00.985365Z,no,0.0000,3412288.00,0.0100,0.0000,0.9900
KXNBAGAME-26MAR21OKCWAS-OKC,KXNBAGAME-26MAR21OKCWAS,Oklahoma City at Washington Winner?,,2026-03-19T13:06:00Z,2026-03-21T23:42:28Z,2026-03-21T23:44:00.985365Z,yes,1.0000,1535474.00,0.9900,0.9900,0.0000
KXNBAGAME-26MAR21CLENOP-NOP,KXNBAGAME-26MAR21CLENOP,Cleveland at New Orleans Winner?,,2026-03-19T13:06:00Z,2026-03-22T01:31:02Z,2026-03-22T01:32:41.289485Z,no,0.0000,1741612.00,0.0100,0.0000,0.9900
KXNBAGAME-26MAR21CLENOP-CLE,KXNBAGAME-26MAR21CLENOP,Cleveland at New Orleans Winner?,,2026-03-19T13:06:00Z,2026-03-22T01:31:02Z,2026-03-22T01:32:41.289485Z,yes,1.0000,3536915.00,0.9900,0.9900,0.0000
KXNBAGAME-26MAR21MEMCHA-MEM,KXNBAGAME-26MAR21MEMCHA,Memphis at Charlotte Winner?,,2026-03-19T13:06:00Z,2026-03-22T01:38:15Z,2026-03-22T01:39:51.30867Z,no,0.0000,1766813.00,0.0100,0.0000,0.9900
KXNBAGAME-26MAR21MEMCHA-CHA,KXNBAGAME-26MAR21MEMCHA,Memphis at Charlotte Winner?,,2026-03-19T13:06:00Z,2026-03-22T01:38:15Z,2026-03-22T01:39:51.30867Z,yes,1.0000,681813.00,0.9900,0.9900,0.0000
KXNBAGAME-26MAR21LALORL-ORL,KXNBAGAME-26MAR21LALORL,Los Angeles L at Orlando Winner?,,2026-03-19T13:06:00Z,2026-03-22T01:50:56Z,2026-03-22T01:52:31.232744Z,no,0.0000,2961333.00,0.0100,0.0000,0.9900
KXNBAGAME-26MAR21LALORL-LAL,KXNBAGAME-26MAR21LALORL,Los Angeles L at Orlando Winner?,,2026-03-19T13:06:00Z,2026-03-22T01:50:56Z,2026-03-22T01:52:31.232744Z,yes,1.0000,9228355.00,0.9900,0.9900,0.0000
KXNBAGAME-26MAR21INDSAS-SAS,KXNBAGAME-26MAR21INDSAS,Indiana at San Antonio Winner?,,2026-03-19T16:07:00Z,2026-03-22T02:30:55Z,2026-03-22T02:32:31.347954Z,yes,1.0000,1332985.00,0.9900,0.9900,0.0000
KXNBAGAME-26MAR21INDSAS-IND,KXNBAGAME-26MAR21INDSAS,Indiana at San Antonio Winner?,,2026-03-19T16:07:00Z,2026-03-22T02:30:55Z,2026-03-22T02:32:31.347954Z,no,0.0000,1442111.00,0.0100,0.0000,0.9900
KXNBAGAME-26MAR21GSWATL-GSW,KXNBAGAME-26MAR21GSWATL,Golden State at Atlanta Winner?,,2026-03-19T16:07:00Z,2026-03-22T02:42:12Z,2026-03-22T02:43:50.921932Z,no,0.0000,1042594.00,0.0100,0.0000,0.9900
KXNBAGAME-26MAR21GSWATL-ATL,KXNBAGAME-26MAR21GSWATL,Golden State at Atlanta Winner?,,2026-03-19T16:07:00Z,2026-03-22T02:42:12Z,2026-03-22T02:43:50.921932Z,yes,1.0000,1278459.00,0.9900,0.9900,0.0000
KXNBAGAME-26MAR21MIAHOU-MIA,KXNBAGAME-26MAR21MIAHOU,Miami at Houston Winner?,,2026-03-19T16:07:00Z,2026-03-22T02:44:06Z,2026-03-22T02:45:41.058764Z,no,0.0000,2151299.00,0.0100,0.0000,0.9900
KXNBAGAME-26MAR21MIAHOU-HOU,KXNBAGAME-26MAR21MIAHOU,Miami at Houston Winner?,,2026-03-19T16:07:00Z,2026-03-22T02:44:06Z,2026-03-22T02:45:41.058764Z,yes,1.0000,6195209.00,0.9900,0.9900,0.0000
KXNBAGAME-26MAR21LACDAL-LAC,KXNBAGAME-26MAR21LACDAL,Los Angeles C at Dallas Winner?,,2026-03-19T16:07:00Z,2026-03-22T03:22:22Z,2026-03-22T03:24:01.032372Z,yes,1.0000,3331473.00,0.9900,0.9900,0.0000
KXNBAGAME-26MAR21LACDAL-DAL,KXNBAGAME-26MAR21LACDAL,Los Angeles C at Dallas Winner?,,2026-03-19T16:07:00Z,2026-03-22T03:22:22Z,2026-03-22T03:24:01.032372Z,no,0.0000,2907691.00,0.0100,0.0000,0.9900
KXNBAGAME-26MAR21PHIUTA-UTA,KXNBAGAME-26MAR21PHIUTA,Philadelphia at Utah Winner?,,2026-03-19T16:07:00Z,2026-03-22T04:06:04Z,2026-03-22T04:07:41.471843Z,no,0.0000,2240435.00,0.0100,0.0000,0.9900
KXNBAGAME-26MAR21PHIUTA-PHI,KXNBAGAME-26MAR21PHIUTA,Philadelphia at Utah Winner?,,2026-03-19T16:07:00Z,2026-03-22T04:06:04Z,2026-03-22T04:07:41.471843Z,yes,1.0000,3217915.00,0.9900,0.9900,0.0000
KXNBAGAME-26MAR21MILPHX-PHX,KXNBAGAME-26MAR21MILPHX,Milwaukee at Phoenix Winner?,,2026-03-19T16:07:00Z,2026-03-22T04:42:02Z,2026-03-22T04:43:41.158706Z,no,0.0000,6695649.00,0.0100,0.0000,0.9900
KXNBAGAME-26MAR21MILPHX-MIL,KXNBAGAME-26MAR21MILPHX,Milwaukee at Phoenix Winner?,,2026-03-19T16:07:00Z,2026-03-22T04:42:02Z,2026-03-22T04:43:41.158706Z,yes,1.0000,4957447.00,0.9900,0.9900,0.0000
KXNBAGAME-26MAR22PORDEN-POR,KXNBAGAME-26MAR22PORDEN,Portland at Denver Winner?,,2026-03-20T13:06:00Z,2026-03-22T23:28:07Z,2026-03-22T23:29:40.963803Z,no,0.0000,1599411.00,0.0100,0.0000,0.9900
KXNBAGAME-26MAR22PORDEN-DEN,KXNBAGAME-26MAR22PORDEN,Portland at Denver Winner?,,2026-03-20T13:06:00Z,2026-03-22T23:28:07Z,2026-03-22T23:29:40.963803Z,yes,1.0000,3375959.00,0.9900,0.9900,0.0000
KXNBAGAME-26MAR22BKNSAC-SAC,KXNBAGAME-26MAR22BKNSAC,Brooklyn at Sacramento Winner?,,2026-03-20T13:06:00Z,2026-03-23T00:44:07Z,2026-03-23T00:45:41.014054Z,yes,1.0000,2306922.00,0.9900,0.9900,0.0000
KXNBAGAME-26MAR22BKNSAC-BKN,KXNBAGAME-26MAR22BKNSAC,Brooklyn at Sacramento Winner?,,2026-03-20T13:06:00Z,2026-03-23T00:44:07Z,2026-03-23T00:45:41.014054Z,no,0.0000,2148637.00,0.0100,0.0000,0.9900
KXNBAGAME-26MAR22WASNYK-WAS,KXNBAGAME-26MAR22WASNYK,Washington at New York Winner?,,2026-03-20T16:06:00Z,2026-03-23T02:06:01Z,2026-03-23T02:07:31.435769Z,no,0.0000,2194510.00,0.0100,0.0000,0.9900
KXNBAGAME-26MAR22WASNYK-NYK,KXNBAGAME-26MAR22WASNYK,Washington at New York Winner?,,2026-03-20T16:06:00Z,2026-03-23T02:06:01Z,2026-03-23T02:07:31.435769Z,yes,1.0000,547651.00,0.9900,0.9900,0.0000
KXNBAGAME-26MAR22MINBOS-MIN,KXNBAGAME-26MAR22MINBOS,Minnesota at Boston Winner?,,2026-03-20T16:06:00Z,2026-03-23T02:40:52Z,2026-03-23T02:42:31.163918Z,yes,1.0000,4033603.00,0.9900,0.9900,0.0000
KXNBAGAME-26MAR22MINBOS-BOS,KXNBAGAME-26MAR22MINBOS,Minnesota at Boston Winner?,,2026-03-20T16:06:00Z,2026-03-23T02:40:52Z,2026-03-23T02:42:31.163918Z,no,0.0000,6694923.00,0.0100,0.0000,0.9900
KXNBAGAME-26MAR22TORPHX-TOR,KXNBAGAME-26MAR22TORPHX,Toronto at Phoenix Winner?,,2026-03-20T16:06:00Z,2026-03-23T03:55:54Z,2026-03-23T03:57:31.054883Z,no,0.0000,2608541.00,0.0100,0.0000,0.9900
KXNBAGAME-26MAR22TORPHX-PHX,KXNBAGAME-26MAR22TORPHX,Toronto at Phoenix Winner?,,2026-03-20T16:06:00Z,2026-03-23T03:55:54Z,2026-03-23T03:57:31.054883Z,yes,1.0000,2536111.00,0.9900,0.9900,0.0000
KXNBAGAME-26MAR23OKCPHI-PHI,KXNBAGAME-26MAR23OKCPHI,Oklahoma City at Philadelphia Winner?,,2026-03-21T13:06:00Z,2026-03-24T01:26:32Z,2026-03-24T01:28:11.005799Z,no,0.0000,1602389.00,0.0100,0.0000,0.9900
KXNBAGAME-26MAR23OKCPHI-OKC,KXNBAGAME-26MAR23OKCPHI,Oklahoma City at Philadelphia Winner?,,2026-03-21T13:06:00Z,2026-03-24T01:26:32Z,2026-03-24T01:28:11.005799Z,yes,1.0000,1155378.00,0.9900,0.9900,0.0000
KXNBAGAME-26MAR23INDORL-ORL,KXNBAGAME-26MAR23INDORL,Indiana at Orlando Winner?,,2026-03-21T13:06:00Z,2026-03-24T01:44:24Z,2026-03-24T01:46:01.00285Z,no,0.0000,3588482.00,0.0100,0.0000,0.9900
KXNBAGAME-26MAR23INDORL-IND,KXNBAGAME-26MAR23INDORL,Indiana at Orlando Winner?,,2026-03-21T13:06:00Z,2026-03-24T01:44:24Z,2026-03-24T01:46:01.00285Z,yes,1.0000,3518874.00,0.9900,0.9900,0.0000
KXNBAGAME-26MAR23LALDET-LAL,KXNBAGAME-26MAR23LALDET,Los Angeles L at Detroit Winner?,,2026-03-21T13:06:00Z,2026-03-24T01:46:28Z,2026-03-24T01:48:02.713629Z,no,0.0000,14488192.00,0.0100,0.0000,0.9900
KXNBAGAME-26MAR23LALDET-DET,KXNBAGAME-26MAR23LALDET,Los Angeles L at Detroit Winner?,,2026-03-21T13:06:00Z,2026-03-24T01:46:28Z,2026-03-24T01:48:02.713629Z,yes,1.0000,5857406.00,0.9900,0.9900,0.0000
KXNBAGAME-26MAR23SASMIA-SAS,KXNBAGAME-26MAR23SASMIA,San Antonio at Miami Winner?,,2026-03-21T13:06:00Z,2026-03-24T01:51:09Z,2026-03-24T01:52:41.703402Z,yes,1.0000,3894093.00,0.9900,0.9900,0.0000
KXNBAGAME-26MAR23SASMIA-MIA,KXNBAGAME-26MAR23SASMIA,San Antonio at Miami Winner?,,2026-03-21T13:06:00Z,2026-03-24T01:51:09Z,2026-03-24T01:52:41.703402Z,no,0.0000,1329632.00,0.0100,0.0000,0.9900
KXNBAGAME-26MAR23MEMATL-MEM,KXNBAGAME-26MAR23MEMATL,Memphis at Atlanta Winner?,,2026-03-21T16:08:00Z,2026-03-24T02:02:20Z,2026-03-24T02:03:50.851017Z,no,0.0000,755920.00,0.0100,0.0000,0.9900
KXNBAGAME-26MAR23MEMATL-ATL,KXNBAGAME-26MAR23MEMATL,Memphis at Atlanta Winner?,,2026-03-21T16:08:00Z,2026-03-24T02:02:20Z,2026-03-24T02:03:50.851017Z,yes,1.0000,249542.00,0.9900,0.9900,0.0000
KXNBAGAME-26MAR23HOUCHI-HOU,KXNBAGAME-26MAR23HOUCHI,Houston at Chicago Winner?,,2026-03-21T16:08:00Z,2026-03-24T02:36:12Z,2026-03-24T02:37:51.58455Z,no,0.0000,7598858.00,0.0100,0.0000,0.9900
KXNBAGAME-26MAR23HOUCHI-CHI,KXNBAGAME-26MAR23HOUCHI,Houston at Chicago Winner?,,2026-03-21T16:08:00Z,2026-03-24T02:36:12Z,2026-03-24T02:37:51.58455Z,yes,1.0000,5498257.00,0.9900,0.9900,0.0000
KXNBAGAME-26MAR23TORUTA-UTA,KXNBAGAME-26MAR23TORUTA,Toronto at Utah Winner?,,2026-03-21T16:08:00Z,2026-03-24T03:50:49Z,2026-03-24T03:52:20.879007Z,no,0.0000,1718809.00,0.0100,0.0000,0.9900
KXNBAGAME-26MAR23TORUTA-TOR,KXNBAGAME-26MAR23TORUTA,Toronto at Utah Winner?,,2026-03-21T16:08:00Z,2026-03-24T03:50:49Z,2026-03-24T03:52:20.879007Z,yes,1.0000,945622.00,0.9900,0.9900,0.0000
KXNBAGAME-26MAR23GSWDAL-GSW,KXNBAGAME-26MAR23GSWDAL,Golden State at Dallas Winner?,,2026-03-21T16:08:00Z,2026-03-24T04:40:37Z,2026-03-24T04:42:11.253693Z,yes,1.0000,10779148.00,0.9900,0.9900,0.0000
KXNBAGAME-26MAR23GSWDAL-DAL,KXNBAGAME-26MAR23GSWDAL,Golden State at Dallas Winner?,,2026-03-21T16:08:00Z,2026-03-24T04:40:37Z,2026-03-24T04:42:11.253693Z,no,0.0000,12182777.00,0.0100,0.0000,0.9900
KXNBAGAME-26MAR23BKNPOR-POR,KXNBAGAME-26MAR23BKNPOR,Brooklyn at Portland Winner?,,2026-03-21T16:08:00Z,2026-03-24T04:50:44Z,2026-03-24T04:52:21.250998Z,yes,1.0000,854918.00,0.9900,0.9900,0.0000
KXNBAGAME-26MAR23BKNPOR-BKN,KXNBAGAME-26MAR23BKNPOR,Brooklyn at Portland Winner?,,2026-03-21T16:08:00Z,2026-03-24T04:50:44Z,2026-03-24T04:52:21.250998Z,no,0.0000,2221771.00,0.0100,0.0000,0.9900
KXNBAGAME-26MAR23MILLAC-MIL,KXNBAGAME-26MAR23MILLAC,Milwaukee at Los Angeles C Winner?,,2026-03-21T19:06:00Z,2026-03-24T04:58:02Z,2026-03-24T04:59:40.962496Z,no,0.0000,2101137.00,0.0100,0.0000,0.9900
KXNBAGAME-26MAR23MILLAC-LAC,KXNBAGAME-26MAR23MILLAC,Milwaukee at Los Angeles C Winner?,,2026-03-21T19:06:00Z,2026-03-24T04:58:02Z,2026-03-24T04:59:40.962496Z,yes,1.0000,845963.00,0.9900,0.9900,0.0000
KXNBAGAME-26MAR24SACCHA-SAC,KXNBAGAME-26MAR24SACCHA,Sacramento at Charlotte Winner?,,2026-03-22T13:06:00Z,2026-03-25T01:28:08Z,2026-03-25T01:29:40.921111Z,no,0.0000,2933948.00,0.0100,0.0000,0.9900
KXNBAGAME-26MAR24SACCHA-CHA,KXNBAGAME-26MAR24SACCHA,Sacramento at Charlotte Winner?,,2026-03-22T13:06:00Z,2026-03-25T01:28:08Z,2026-03-25T01:29:40.921111Z,yes,1.0000,1134480.00,0.9900,0.9900,0.0000
KXNBAGAME-26MAR24NOPNYK-NYK,KXNBAGAME-26MAR24NOPNYK,New Orleans at New York Winner?,,2026-03-22T16:06:00Z,2026-03-25T02:08:56Z,2026-03-25T02:10:31.132323Z,yes,1.0000,6065315.00,0.9900,0.9900,0.0000
KXNBAGAME-26MAR24NOPNYK-NOP,KXNBAGAME-26MAR24NOPNYK,New Orleans at New York Winner?,,2026-03-22T16:06:00Z,2026-03-25T02:08:56Z,2026-03-25T02:10:31.132323Z,no,0.0000,4455946.00,0.0100,0.0000,0.9900
KXNBAGAME-26MAR24ORLCLE-ORL,KXNBAGAME-26MAR24ORLCLE,Orlando at Cleveland Winner?,,2026-03-22T16:06:00Z,2026-03-25T02:48:00Z,2026-03-25T02:49:31.133199Z,no,0.0000,4928575.00,0.0100,0.0000,0.9900
KXNBAGAME-26MAR24ORLCLE-CLE,KXNBAGAME-26MAR24ORLCLE,Orlando at Cleveland Winner?,,2026-03-22T16:06:00Z,2026-03-25T02:48:00Z,2026-03-25T02:49:31.133199Z,yes,1.0000,2797324.00,0.9900,0.9900,0.0000
KXNBAGAME-26MAR24DENPHX-PHX,KXNBAGAME-26MAR24DENPHX,Denver at Phoenix Winner?,,2026-03-22T19:07:00Z,2026-03-25T05:54:01Z,2026-03-25T05:55:31.234768Z,no,0.0000,6777068.00,0.0100,0.0000,0.9900
KXNBAGAME-26MAR24DENPHX-DEN,KXNBAGAME-26MAR24DENPHX,Denver at Phoenix Winner?,,2026-03-22T19:07:00Z,2026-03-25T05:54:01Z,2026-03-25T05:55:31.234768Z,yes,1.0000,7582123.00,0.9900,0.9900,0.0000
KXNBAGAME-26MAR25LALIND-LAL,KXNBAGAME-26MAR25LALIND,Los Angeles L at Indiana Winner?,,2026-03-23T13:06:00Z,2026-03-26T01:41:17Z,2026-03-26T01:42:51.155807Z,yes,1.0000,3032947.00,0.9900,0.9900,0.0000
KXNBAGAME-26MAR25LALIND-IND,KXNBAGAME-26MAR25LALIND,Los Angeles L at Indiana Winner?,,2026-03-23T13:06:00Z,2026-03-26T01:41:17Z,2026-03-26T01:42:51.155807Z,no,0.0000,1458968.00,0.0100,0.0000,0.9900
KXNBAGAME-26MAR25CHIPHI-PHI,KXNBAGAME-26MAR25CHIPHI,Chicago at Philadelphia Winner?,,2026-03-23T13:06:00Z,2026-03-26T01:41:21Z,2026-03-26T01:42:51.008678Z,yes,1.0000,1011901.00,0.9900,0.9900,0.0000
KXNBAGAME-26MAR25CHIPHI-CHI,KXNBAGAME-26MAR25CHIPHI,Chicago at Philadelphia Winner?,,2026-03-23T13:06:00Z,2026-03-26T01:41:21Z,2026-03-26T01:42:51.008678Z,no,0.0000,775403.00,0.0100,0.0000,0.9900
KXNBAGAME-26MAR25ATLDET-DET,KXNBAGAME-26MAR25ATLDET,Atlanta at Detroit Winner?,,2026-03-23T13:06:00Z,2026-03-26T02:08:15Z,2026-03-26T02:09:47.837417Z,no,0.0000,9036401.00,0.0100,0.0000,0.9900
KXNBAGAME-26MAR25ATLDET-ATL,KXNBAGAME-26MAR25ATLDET,Atlanta at Detroit Winner?,,2026-03-23T13:06:00Z,2026-03-26T02:08:15Z,2026-03-26T02:09:47.837417Z,yes,1.0000,5388533.00,0.9900,0.9900,0.0000
KXNBAGAME-26MAR25MIACLE-MIA,KXNBAGAME-26MAR25MIACLE,Miami at Cleveland Winner?,,2026-03-23T16:06:00Z,2026-03-26T02:10:58Z,2026-03-26T02:12:31.206629Z,yes,1.0000,1617642.00,0.9900,0.9900,0.0000
KXNBAGAME-26MAR25MIACLE-CLE,KXNBAGAME-26MAR25MIACLE,Miami at Cleveland Winner?,,2026-03-23T16:06:00Z,2026-03-26T02:10:58Z,2026-03-26T02:12:31.206629Z,no,0.0000,3024224.00,0.0100,0.0000,0.9900
KXNBAGAME-26MAR25OKCBOS-OKC,KXNBAGAME-26MAR25OKCBOS,Oklahoma City at Boston Winner?,,2026-03-23T16:06:00Z,2026-03-26T02:14:07Z,2026-03-26T02:15:41.753339Z,no,0.0000,6439347.00,0.0100,0.0000,0.9900
KXNBAGAME-26MAR25OKCBOS-BOS,KXNBAGAME-26MAR25OKCBOS,Oklahoma City at Boston Winner?,,2026-03-23T16:06:00Z,2026-03-26T02:14:07Z,2026-03-26T02:15:41.753339Z,yes,1.0000,3778234.00,0.9900,0.9900,0.0000
KXNBAGAME-26MAR25SASMEM-SAS,KXNBAGAME-26MAR25SASMEM,San Antonio at Memphis Winner?,,2026-03-23T16:06:00Z,2026-03-26T02:30:46Z,2026-03-26T02:32:21.248619Z,yes,1.0000,1106562.00,0.9900,0.9900,0.0000
KXNBAGAME-26MAR25SASMEM-MEM,KXNBAGAME-26MAR25SASMEM,San Antonio at Memphis Winner?,,2026-03-23T16:06:00Z,2026-03-26T02:30:46Z,2026-03-26T02:32:21.248619Z,no,0.0000,1955590.00,0.0100,0.0000,0.9900
KXNBAGAME-26MAR25WASUTA-WAS,KXNBAGAME-26MAR25WASUTA,Washington at Utah Winner?,,2026-03-23T16:06:00Z,2026-03-26T03:30:45Z,2026-03-26T03:32:20.930394Z,yes,1.0000,1230553.00,0.9900,0.9900,0.0000
KXNBAGAME-26MAR25WASUTA-UTA,KXNBAGAME-26MAR25WASUTA,Washington at Utah Winner?,,2026-03-23T16:06:00Z,2026-03-26T03:30:45Z,2026-03-26T03:32:20.930394Z,no,0.0000,1667085.00,0.0100,0.0000,0.9900
KXNBAGAME-26MAR25HOUMIN-MIN,KXNBAGAME-26MAR25HOUMIN,Houston at Minnesota Winner?,,2026-03-23T16:06:00Z,2026-03-26T04:40:48Z,2026-03-26T04:42:21.895596Z,yes,1.0000,8758028.00,0.9900,0.9900,0.0000
KXNBAGAME-26MAR25HOUMIN-HOU,KXNBAGAME-26MAR25HOUMIN,Houston at Minnesota Winner?,,2026-03-23T16:06:00Z,2026-03-26T04:40:48Z,2026-03-26T04:42:21.895596Z,no,0.0000,12153676.00,0.0100,0.0000,0.9900
KXNBAGAME-26MAR25MILPOR-POR,KXNBAGAME-26MAR25MILPOR,Milwaukee at Portland Winner?,,2026-03-23T16:06:00Z,2026-03-26T04:40:49Z,2026-03-26T04:42:22.005096Z,yes,1.0000,497388.00,0.9900,0.9900,0.0000
KXNBAGAME-26MAR25MILPOR-MIL,KXNBAGAME-26MAR25MILPOR,Milwaukee at Portland Winner?,,2026-03-23T16:06:00Z,2026-03-26T04:40:49Z,2026-03-26T04:42:22.005096Z,no,0.0000,1004087.00,0.0100,0.0000,0.9900
KXNBAGAME-26MAR25DALDEN-DEN,KXNBAGAME-26MAR25DALDEN,Dallas at Denver Winner?,,2026-03-23T16:06:00Z,2026-03-26T04:47:57Z,2026-03-26T04:49:30.977837Z,yes,1.0000,2216179.00,0.9900,0.9900,0.0000
KXNBAGAME-26MAR25DALDEN-DAL,KXNBAGAME-26MAR25DALDEN,Dallas at Denver Winner?,,2026-03-23T16:06:00Z,2026-03-26T04:47:57Z,2026-03-26T04:49:30.977837Z,no,0.0000,2156387.00,0.0100,0.0000,0.9900
KXNBAGAME-26MAR25BKNGSW-GSW,KXNBAGAME-26MAR25BKNGSW,Brooklyn at Golden State Winner?,,2026-03-23T16:06:00Z,2026-03-26T04:50:37Z,2026-03-26T04:52:11.171312Z,yes,1.0000,4586827.00,0.9900,0.9900,0.0000
KXNBAGAME-26MAR25BKNGSW-BKN,KXNBAGAME-26MAR25BKNGSW,Brooklyn at Golden State Winner?,,2026-03-23T16:06:00Z,2026-03-26T04:50:37Z,2026-03-26T04:52:11.171312Z,no,0.0000,5281314.00,0.0100,0.0000,0.9900
KXNBAGAME-26MAR25TORLAC-TOR,KXNBAGAME-26MAR25TORLAC,Toronto at Los Angeles C Winner?,,2026-03-23T19:06:00Z,2026-03-26T05:03:52Z,2026-03-26T05:05:30.95557Z,no,0.0000,1525758.00,0.0100,0.0000,0.9900
KXNBAGAME-26MAR25TORLAC-LAC,KXNBAGAME-26MAR25TORLAC,Toronto at Los Angeles C Winner?,,2026-03-23T19:06:00Z,2026-03-26T05:03:52Z,2026-03-26T05:05:30.95557Z,yes,1.0000,1598937.00,0.9900,0.9900,0.0000
KXNBAGAME-26MAR26NOPDET-NOP,KXNBAGAME-26MAR26NOPDET,New Orleans at Detroit Winner?,,2026-03-24T13:06:00Z,2026-03-27T01:34:08Z,2026-03-27T01:35:38.247809Z,no,0.0000,1109216.00,0.0100,0.0000,0.9900
KXNBAGAME-26MAR26NOPDET-DET,KXNBAGAME-26MAR26NOPDET,New Orleans at Detroit Winner?,,2026-03-24T13:06:00Z,2026-03-27T01:34:08Z,2026-03-27T01:35:38.247809Z,yes,1.0000,2768283.00,0.9900,0.9900,0.0000
KXNBAGAME-26MAR26SACORL-SAC,KXNBAGAME-26MAR26SACORL,Sacramento at Orlando Winner?,,2026-03-24T13:06:00Z,2026-03-27T01:36:06Z,2026-03-27T01:37:38.189812Z,no,0.0000,3884673.00,0.0100,0.0000,0.9900
KXNBAGAME-26MAR26SACORL-ORL,KXNBAGAME-26MAR26SACORL,Sacramento at Orlando Winner?,,2026-03-24T13:06:00Z,2026-03-27T01:36:06Z,2026-03-27T01:37:38.189812Z,yes,1.0000,1579916.00,0.9900,0.9900,0.0000
KXNBAGAME-26MAR26NYKCHA-NYK,KXNBAGAME-26MAR26NYKCHA,New York at Charlotte Winner?,,2026-03-24T13:06:00Z,2026-03-27T01:40:39Z,2026-03-27T01:42:18.177606Z,no,0.0000,4892762.00,0.0100,0.0000,0.9900
KXNBAGAME-26MAR26NYKCHA-CHA,KXNBAGAME-26MAR26NYKCHA,New York at Charlotte Winner?,,2026-03-24T13:06:00Z,2026-03-27T01:40:39Z,2026-03-27T01:42:18.177606Z,yes,1.0000,2377462.00,0.9900,0.9900,0.0000
KXNBAGAME-26MAR27LACIND-LAC,KXNBAGAME-26MAR27LACIND,Los Angeles C at Indiana Winner?,,2026-03-25T13:06:00Z,2026-03-28T02:01:18Z,2026-03-28T02:02:58.174449Z,yes,1.0000,6658374.00,0.9900,0.9900,0.0000
KXNBAGAME-26MAR27LACIND-IND,KXNBAGAME-26MAR27LACIND,Los Angeles C at Indiana Winner?,,2026-03-25T13:06:00Z,2026-03-28T02:01:18Z,2026-03-28T02:02:58.174449Z,no,0.0000,3979479.00,0.0100,0.0000,0.9900
KXNBAGAME-26MAR27ATLBOS-BOS,KXNBAGAME-26MAR27ATLBOS,Atlanta at Boston Winner?,,2026-03-25T16:06:00Z,2026-03-28T02:02:40Z,2026-03-28T02:04:18.038804Z,yes,1.0000,3222739.00,0.9900,0.9900,0.0000
KXNBAGAME-26MAR27ATLBOS-ATL,KXNBAGAME-26MAR27ATLBOS,Atlanta at Boston Winner?,,2026-03-25T16:06:00Z,2026-03-28T02:02:40Z,2026-03-28T02:04:18.038804Z,no,0.0000,2580211.00,0.0100,0.0000,0.9900
KXNBAGAME-26MAR27MIACLE-MIA,KXNBAGAME-26MAR27MIACLE,Miami at Cleveland Winner?,,2026-03-25T16:06:00Z,2026-03-28T02:21:05Z,2026-03-28T02:22:38.017427Z,no,0.0000,854703.00,0.0100,0.0000,0.9900
KXNBAGAME-26MAR27MIACLE-CLE,KXNBAGAME-26MAR27MIACLE,Miami at Cleveland Winner?,,2026-03-25T16:06:00Z,2026-03-28T02:21:05Z,2026-03-28T02:22:38.017427Z,yes,1.0000,1140164.00,0.9900,0.9900,0.0000
KXNBAGAME-26MAR27HOUMEM-MEM,KXNBAGAME-26MAR27HOUMEM,Houston at Memphis Winner?,,2026-03-25T16:06:00Z,2026-03-28T02:24:22Z,2026-03-28T02:25:58.261378Z,no,0.0000,1041079.00,0.0100,0.0000,0.9900
KXNBAGAME-26MAR27HOUMEM-HOU,KXNBAGAME-26MAR27HOUMEM,Houston at Memphis Winner?,,2026-03-25T16:06:00Z,2026-03-28T02:24:22Z,2026-03-28T02:25:58.261378Z,yes,1.0000,884668.00,0.9900,0.9900,0.0000
KXNBAGAME-26MAR27CHIOKC-OKC,KXNBAGAME-26MAR27CHIOKC,Chicago at Oklahoma City Winner?,,2026-03-25T16:06:00Z,2026-03-28T02:36:20Z,2026-03-28T02:37:58.107897Z,yes,1.0000,2272737.00,0.9900,0.9900,0.0000
KXNBAGAME-26MAR27CHIOKC-CHI,KXNBAGAME-26MAR27CHIOKC,Chicago at Oklahoma City Winner?,,2026-03-25T16:06:00Z,2026-03-28T02:36:20Z,2026-03-28T02:37:58.107897Z,no,0.0000,3031699.00,0.0100,0.0000,0.9900
KXNBAGAME-26MAR27NOPTOR-TOR,KXNBAGAME-26MAR27NOPTOR,New Orleans at Toronto Winner?,,2026-03-25T16:06:00Z,2026-03-28T03:12:16Z,2026-03-28T03:13:48.048597Z,yes,1.0000,736709.00,0.9900,0.9900,0.0000
KXNBAGAME-26MAR27NOPTOR-NOP,KXNBAGAME-26MAR27NOPTOR,New Orleans at Toronto Winner?,,2026-03-25T16:06:00Z,2026-03-28T03:12:16Z,2026-03-28T03:13:48.048597Z,no,0.0000,499337.00,0.0100,0.0000,0.9900
KXNBAGAME-26MAR27UTADEN-UTA,KXNBAGAME-26MAR27UTADEN,Utah at Denver Winner?,,2026-03-25T16:06:00Z,2026-03-28T03:40:48Z,2026-03-28T03:42:18.098344Z,no,0.0000,4588175.00,0.0100,0.0000,0.9900
KXNBAGAME-26MAR27UTADEN-DEN,KXNBAGAME-26MAR27UTADEN,Utah at Denver Winner?,,2026-03-25T16:06:00Z,2026-03-28T03:40:48Z,2026-03-28T03:42:18.098344Z,yes,1.0000,3255579.00,0.9900,0.9900,0.0000
KXNBAGAME-26MAR27DALPOR-POR,KXNBAGAME-26MAR27DALPOR,Dallas at Portland Winner?,,2026-03-25T16:06:00Z,2026-03-28T04:36:06Z,2026-03-28T04:37:37.972823Z,no,0.0000,2920207.00,0.0100,0.0000,0.9900
KXNBAGAME-26MAR27DALPOR-DAL,KXNBAGAME-26MAR27DALPOR,Dallas at Portland Winner?,,2026-03-25T16:06:00Z,2026-03-28T04:36:06Z,2026-03-28T04:37:37.972823Z,yes,1.0000,3434786.00,0.9900,0.9900,0.0000
KXNBAGAME-26MAR27WASGSW-WAS,KXNBAGAME-26MAR27WASGSW,Washington at Golden State Winner?,,2026-03-25T16:06:00Z,2026-03-28T04:46:05Z,2026-03-28T04:47:38.038045Z,no,0.0000,2000118.00,0.0100,0.0000,0.9900
KXNBAGAME-26MAR27WASGSW-GSW,KXNBAGAME-26MAR27WASGSW,Washington at Golden State Winner?,,2026-03-25T16:06:00Z,2026-03-28T04:46:05Z,2026-03-28T04:47:38.038045Z,yes,1.0000,1438994.00,0.9900,0.9900,0.0000
KXNBAGAME-26MAR27BKNLAL-LAL,KXNBAGAME-26MAR27BKNLAL,Brooklyn at Los Angeles L Winner?,,2026-03-25T19:06:00Z,2026-03-28T05:10:34Z,2026-03-28T05:12:08.316022Z,yes,1.0000,2849793.00,0.9900,0.9900,0.0000
KXNBAGAME-26MAR27BKNLAL-BKN,KXNBAGAME-26MAR27BKNLAL,Brooklyn at Los Angeles L Winner?,,2026-03-25T19:06:00Z,2026-03-28T05:10:34Z,2026-03-28T05:12:08.316022Z,no,0.0000,4455989.00,0.0100,0.0000,0.9900
KXNBAGAME-26MAR28SASMIL-SAS,KXNBAGAME-26MAR28SASMIL,San Antonio at Milwaukee Winner?,,2026-03-26T10:06:00Z,2026-03-28T21:31:23Z,2026-03-28T21:32:57.921629Z,yes,1.0000,1379236.00,0.9900,0.9900,0.0000
KXNBAGAME-26MAR28SASMIL-MIL,KXNBAGAME-26MAR28SASMIL,San Antonio at Milwaukee Winner?,,2026-03-26T10:06:00Z,2026-03-28T21:31:23Z,2026-03-28T21:32:57.921629Z,no,0.0000,2362829.00,0.0100,0.0000,0.9900
KXNBAGAME-26MAR28DETMIN-MIN,KXNBAGAME-26MAR28DETMIN,Detroit at Minnesota Winner?,,2026-03-26T13:06:00Z,2026-03-29T00:01:05Z,2026-03-29T00:02:37.999265Z,no,0.0000,2768569.00,0.0100,0.0000,0.9900
KXNBAGAME-26MAR28DETMIN-DET,KXNBAGAME-26MAR28DETMIN,Detroit at Minnesota Winner?,,2026-03-26T13:06:00Z,2026-03-29T00:01:05Z,2026-03-29T00:02:37.999265Z,yes,1.0000,3466138.00,0.9900,0.9900,0.0000
KXNBAGAME-26MAR28PHICHA-PHI,KXNBAGAME-26MAR28PHICHA,Philadelphia at Charlotte Winner?,,2026-03-26T13:06:00Z,2026-03-29T00:46:15Z,2026-03-29T00:47:48.016644Z,yes,1.0000,7444695.00,0.9900,0.9900,0.0000
KXNBAGAME-26MAR28PHICHA-CHA,KXNBAGAME-26MAR28PHICHA,Philadelphia at Charlotte Winner?,,2026-03-26T13:06:00Z,2026-03-29T00:46:15Z,2026-03-29T00:47:48.016644Z,no,0.0000,3869438.00,0.0100,0.0000,0.9900
KXNBAGAME-26MAR28SACATL-SAC,KXNBAGAME-26MAR28SACATL,Sacramento at Atlanta Winner?,,2026-03-26T16:06:00Z,2026-03-29T01:58:12Z,2026-03-29T01:59:48.165032Z,no,0.0000,2326971.00,0.0100,0.0000,0.9900
KXNBAGAME-26MAR28SACATL-ATL,KXNBAGAME-26MAR28SACATL,Sacramento at Atlanta Winner?,,2026-03-26T16:06:00Z,2026-03-29T01:58:12Z,2026-03-29T01:59:48.165032Z,yes,1.0000,2039437.00,0.9900,0.9900,0.0000
KXNBAGAME-26MAR28CHIMEM-MEM,KXNBAGAME-26MAR28CHIMEM,Chicago at Memphis Winner?,,2026-03-26T16:06:00Z,2026-03-29T02:50:40Z,2026-03-29T02:52:18.091967Z,yes,1.0000,3489174.00,0.9900,0.9900,0.0000
KXNBAGAME-26MAR28CHIMEM-CHI,KXNBAGAME-26MAR28CHIMEM,Chicago at Memphis Winner?,,2026-03-26T16:06:00Z,2026-03-29T02:50:40Z,2026-03-29T02:52:18.091967Z,no,0.0000,4051271.00,0.0100,0.0000,0.9900
KXNBAGAME-26MAR28UTAPHX-UTA,KXNBAGAME-26MAR28UTAPHX,Utah at Phoenix Winner?,,2026-03-26T16:06:00Z,2026-03-29T04:30:42Z,2026-03-29T04:32:18.028224Z,no,0.0000,2423380.00,0.0100,0.0000,0.0000
KXNBAGAME-26MAR28UTAPHX-PHX,KXNBAGAME-26MAR28UTAPHX,Utah at Phoenix Winner?,,2026-03-26T16:06:00Z,2026-03-29T04:30:42Z,2026-03-29T04:32:18.028224Z,yes,1.0000,897335.00,0.9900,0.0000,0.0000
KXNBAGAME-26MAR29LACMIL-MIL,KXNBAGAME-26MAR29LACMIL,Los Angeles C at Milwaukee Winner?,,2026-03-27T10:06:00Z,2026-03-29T22:06:18Z,2026-03-29T22:07:48.062676Z,no,0.0000,1737154.00,0.0100,0.0000,0.9900
KXNBAGAME-26MAR29LACMIL-LAC,KXNBAGAME-26MAR29LACMIL,Los Angeles C at Milwaukee Winner?,,2026-03-27T10:06:00Z,2026-03-29T22:06:18Z,2026-03-29T22:07:48.062676Z,yes,1.0000,1612468.00,0.9900,0.9900,0.0000
KXNBAGAME-26MAR29MIAIND-MIA,KXNBAGAME-26MAR29MIAIND,Miami at Indiana Winner?,,2026-03-27T13:06:00Z,2026-03-29T23:28:12Z,2026-03-29T23:29:48.375044Z,no,0.0000,3343471.00,0.0100,0.0000,0.9900
KXNBAGAME-26MAR29MIAIND-IND,KXNBAGAME-26MAR29MIAIND,Miami at Indiana Winner?,,2026-03-27T13:06:00Z,2026-03-29T23:28:12Z,2026-03-29T23:29:48.375044Z,yes,1.0000,2503003.00,0.9900,0.9900,0.0000
KXNBAGAME-26MAR29BOSCHA-CHA,KXNBAGAME-26MAR29BOSCHA,Boston at Charlotte Winner?,,2026-03-27T13:06:00Z,2026-03-30T00:20:34Z,2026-03-30T00:22:08.117325Z,no,0.0000,3262053.00,0.0100,0.0000,0.9900
KXNBAGAME-26MAR29BOSCHA-BOS,KXNBAGAME-26MAR29BOSCHA,Boston at Charlotte Winner?,,2026-03-27T13:06:00Z,2026-03-30T00:20:34Z,2026-03-30T00:22:08.117325Z,yes,1.0000,3813736.00,0.9900,0.9900,0.0000
KXNBAGAME-26MAR29SACBKN-SAC,KXNBAGAME-26MAR29SACBKN,Sacramento at Brooklyn Winner?,,2026-03-27T13:06:00Z,2026-03-30T00:30:58Z,2026-03-30T00:32:28.009968Z,no,0.0000,775012.00,0.0100,0.0000,0.9900
KXNBAGAME-26MAR29SACBKN-BKN,KXNBAGAME-26MAR29SACBKN,Sacramento at Brooklyn Winner?,,2026-03-27T13:06:00Z,2026-03-30T00:30:58Z,2026-03-30T00:32:28.009968Z,yes,1.0000,936056.00,0.9900,0.9900,0.0000
KXNBAGAME-26MAR29ORLTOR-TOR,KXNBAGAME-26MAR29ORLTOR,Orlando at Toronto Winner?,,2026-03-27T13:06:00Z,2026-03-30T00:34:07Z,2026-03-30T00:35:37.914544Z,yes,1.0000,969373.00,0.9900,0.9900,0.0000
KXNBAGAME-26MAR29ORLTOR-ORL,KXNBAGAME-26MAR29ORLTOR,Orlando at Toronto Winner?,,2026-03-27T13:06:00Z,2026-03-30T00:34:07Z,2026-03-30T00:35:37.914544Z,no,0.0000,998092.00,0.0100,0.0000,0.9900
KXNBAGAME-26MAR29WASPOR-WAS,KXNBAGAME-26MAR29WASPOR,Washington at Portland Winner?,,2026-03-27T13:06:00Z,2026-03-30T00:41:12Z,2026-03-30T00:42:48.015763Z,no,0.0000,1214445.00,0.0100,0.0000,0.9900
KXNBAGAME-26MAR29WASPOR-POR,KXNBAGAME-26MAR29WASPOR,Washington at Portland Winner?,,2026-03-27T13:06:00Z,2026-03-30T00:41:12Z,2026-03-30T00:42:48.015763Z,yes,1.0000,523335.00,0.9900,0.9900,0.0000
KXNBAGAME-26MAR29HOUNOP-NOP,KXNBAGAME-26MAR29HOUNOP,Houston at New Orleans Winner?,,2026-03-27T13:06:00Z,2026-03-30T01:34:02Z,2026-03-30T01:35:37.937354Z,no,0.0000,1330388.00,0.0100,0.0000,0.9900
KXNBAGAME-26MAR29HOUNOP-HOU,KXNBAGAME-26MAR29HOUNOP,Houston at New Orleans Winner?,,2026-03-27T13:06:00Z,2026-03-30T01:34:02Z,2026-03-30T01:35:37.937354Z,yes,1.0000,2745906.00,0.9900,0.9900,0.0000
KXNBAGAME-26MAR29NYKOKC-OKC,KXNBAGAME-26MAR29NYKOKC,New York at Oklahoma City Winner?,,2026-03-27T16:07:00Z,2026-03-30T02:24:07Z,2026-03-30T02:25:38.307072Z,yes,1.0000,6144135.00,0.9900,0.9900,0.0000
KXNBAGAME-26MAR29NYKOKC-NYK,KXNBAGAME-26MAR29NYKOKC,New York at Oklahoma City Winner?,,2026-03-27T16:07:00Z,2026-03-30T02:24:07Z,2026-03-30T02:25:38.307072Z,no,0.0000,7295023.00,0.0100,0.0000,0.9900
KXNBAGAME-26MAR29GSWDEN-GSW,KXNBAGAME-26MAR29GSWDEN,Golden State at Denver Winner?,,2026-03-27T16:07:00Z,2026-03-30T04:51:56Z,2026-03-30T04:53:28.542401Z,no,0.0000,9531723.00,0.0100,0.0000,0.9900
KXNBAGAME-26MAR29GSWDEN-DEN,KXNBAGAME-26MAR29GSWDEN,Golden State at Denver Winner?,,2026-03-27T16:07:00Z,2026-03-30T04:51:56Z,2026-03-30T04:53:28.542401Z,yes,1.0000,8662610.00,0.9900,0.9900,0.0000
KXNBAGAME-26MAR30PHIMIA-PHI,KXNBAGAME-26MAR30PHIMIA,Philadelphia at Miami Winner?,,2026-03-28T13:06:00Z,2026-03-31T01:48:23Z,2026-03-31T01:50:06.143042Z,no,0.0000,8695417.00,0.0100,0.0000,0.9900
KXNBAGAME-26MAR30PHIMIA-MIA,KXNBAGAME-26MAR30PHIMIA,Philadelphia at Miami Winner?,,2026-03-28T13:06:00Z,2026-03-31T01:48:23Z,2026-03-31T01:50:06.143042Z,yes,1.0000,4590552.00,0.9900,0.9900,0.0000
KXNBAGAME-26MAR30BOSATL-BOS,KXNBAGAME-26MAR30BOSATL,Boston at Atlanta Winner?,,2026-03-28T16:06:00Z,2026-03-31T02:08:16Z,2026-03-31T02:09:48.301135Z,no,0.0000,5450330.00,0.0100,0.0000,0.9900
KXNBAGAME-26MAR30BOSATL-ATL,KXNBAGAME-26MAR30BOSATL,Boston at Atlanta Winner?,,2026-03-28T16:06:00Z,2026-03-31T02:08:16Z,2026-03-31T02:09:48.301135Z,yes,1.0000,2625352.00,0.9900,0.9900,0.0000
KXNBAGAME-26MAR30CHISAS-SAS,KXNBAGAME-26MAR30CHISAS,Chicago at San Antonio Winner?,,2026-03-28T16:06:00Z,2026-03-31T02:38:20Z,2026-03-31T02:40:12.909486Z,yes,1.0000,1349883.00,0.9900,0.9900,0.0000
KXNBAGAME-26MAR30CHISAS-CHI,KXNBAGAME-26MAR30CHISAS,Chicago at San Antonio Winner?,,2026-03-28T16:06:00Z,2026-03-31T02:38:20Z,2026-03-31T02:40:12.909486Z,no,0.0000,2073343.00,0.0100,0.0000,0.9900
KXNBAGAME-26MAR30PHXMEM-PHX,KXNBAGAME-26MAR30PHXMEM,Phoenix at Memphis Winner?,,2026-03-28T16:06:00Z,2026-03-31T02:46:16Z,2026-03-31T02:47:48.245603Z,yes,1.0000,1909932.00,0.9900,0.9900,0.0000
KXNBAGAME-26MAR30PHXMEM-MEM,KXNBAGAME-26MAR30PHXMEM,Phoenix at Memphis Winner?,,2026-03-28T16:06:00Z,2026-03-31T02:46:16Z,2026-03-31T02:47:48.245603Z,no,0.0000,1617117.00,0.0100,0.0000,0.9900
KXNBAGAME-26MAR30MINDAL-MIN,KXNBAGAME-26MAR30MINDAL,Minnesota at Dallas Winner?,,2026-03-28T16:06:00Z,2026-03-31T03:10:56Z,2026-03-31T03:12:28.030676Z,yes,1.0000,942268.00,0.9900,0.9900,0.0000
KXNBAGAME-26MAR30MINDAL-DAL,KXNBAGAME-26MAR30MINDAL,Minnesota at Dallas Winner?,,2026-03-28T16:06:00Z,2026-03-31T03:10:56Z,2026-03-31T03:12:28.030676Z,no,0.0000,706286.00,0.0100,0.0000,0.9900
KXNBAGAME-26MAR30CLEUTA-UTA,KXNBAGAME-26MAR30CLEUTA,Cleveland at Utah Winner?,,2026-03-28T16:06:00Z,2026-03-31T03:28:05Z,2026-03-31T03:29:37.954242Z,no,0.0000,3220032.00,0.0100,0.0000,0.9900
KXNBAGAME-26MAR30CLEUTA-CLE,KXNBAGAME-26MAR30CLEUTA,Cleveland at Utah Winner?,,2026-03-28T16:06:00Z,2026-03-31T03:28:05Z,2026-03-31T03:29:37.954242Z,yes,1.0000,2201247.00,0.9900,0.9900,0.0000
KXNBAGAME-26MAR30WASLAL-WAS,KXNBAGAME-26MAR30WASLAL,Washington at Los Angeles L Winner?,,2026-03-28T16:06:00Z,2026-03-31T04:36:04Z,2026-03-31T04:37:38.428146Z,no,0.0000,2025708.00,0.0100,0.0000,0.9900
KXNBAGAME-26MAR30WASLAL-LAL,KXNBAGAME-26MAR30WASLAL,Washington at Los Angeles L Winner?,,2026-03-28T16:06:00Z,2026-03-31T04:36:04Z,2026-03-31T04:37:38.428146Z,yes,1.0000,1714275.00,0.9900,0.9900,0.0000
KXNBAGAME-26MAR30DETOKC-OKC,KXNBAGAME-26MAR30DETOKC,Detroit at Oklahoma City Winner?,,2026-03-28T16:06:00Z,2026-03-31T04:44:05Z,2026-03-31T04:45:38.341278Z,yes,1.0000,8605962.00,0.9900,0.9900,0.0000
KXNBAGAME-26MAR30DETOKC-DET,KXNBAGAME-26MAR30DETOKC,Detroit at Oklahoma City Winner?,,2026-03-28T16:06:00Z,2026-03-31T04:44:05Z,2026-03-31T04:45:38.341278Z,no,0.0000,9981152.00,0.0100,0.0000,0.9900
KXNBAGAME-26MAR31PHXORL-PHX,KXNBAGAME-26MAR31PHXORL,Phoenix at Orlando Winner?,,2026-03-29T13:06:00Z,2026-04-01T01:56:17Z,2026-04-01T01:57:48.196942Z,no,0.0000,6986233.00,0.0100,0.0000,0.9900
KXNBAGAME-26MAR31PHXORL-ORL,KXNBAGAME-26MAR31PHXORL,Phoenix at Orlando Winner?,,2026-03-29T13:06:00Z,2026-04-01T01:56:17Z,2026-04-01T01:57:48.196942Z,yes,1.0000,3900721.00,0.9900,0.9900,0.0000
KXNBAGAME-26MAR31CHABKN-CHA,KXNBAGAME-26MAR31CHABKN,Charlotte at Brooklyn Winner?,,2026-03-29T16:07:00Z,2026-04-01T02:08:04Z,2026-04-01T02:09:38.5906Z,yes,1.0000,1675713.00,0.9900,0.9900,0.0000
KXNBAGAME-26MAR31CHABKN-BKN,KXNBAGAME-26MAR31CHABKN,Charlotte at Brooklyn Winner?,,2026-03-29T16:07:00Z,2026-04-01T02:08:04Z,2026-04-01T02:09:38.5906Z,no,0.0000,2251423.00,0.0100,0.0000,0.9900
KXNBAGAME-26MAR31NYKHOU-NYK,KXNBAGAME-26MAR31NYKHOU,New York at Houston Winner?,,2026-03-29T16:07:00Z,2026-04-01T02:30:53Z,2026-04-01T02:32:28.227655Z,no,0.0000,3822064.00,0.0100,0.0000,0.9900
KXNBAGAME-26MAR31NYKHOU-HOU,KXNBAGAME-26MAR31NYKHOU,New York at Houston Winner?,,2026-03-29T16:07:00Z,2026-04-01T02:30:53Z,2026-04-01T02:32:28.227655Z,yes,1.0000,2078090.00,0.9900,0.9900,0.0000
KXNBAGAME-26MAR31TORDET-TOR,KXNBAGAME-26MAR31TORDET,Toronto at Detroit Winner?,,2026-03-29T16:07:00Z,2026-04-01T02:51:54Z,2026-04-01T02:53:27.960161Z,no,0.0000,1172208.00,0.0100,0.0000,0.9900
KXNBAGAME-26MAR31TORDET-DET,KXNBAGAME-26MAR31TORDET,Toronto at Detroit Winner?,,2026-03-29T16:07:00Z,2026-04-01T02:51:54Z,2026-04-01T02:53:27.960161Z,yes,1.0000,1595209.00,0.9900,0.9900,0.0000
KXNBAGAME-26MAR31DALMIL-MIL,KXNBAGAME-26MAR31DALMIL,Dallas at Milwaukee Winner?,,2026-03-30T13:06:00Z,2026-04-01T02:55:55Z,2026-04-01T02:57:28.092472Z,yes,1.0000,849139.00,0.9900,0.9900,0.0000
KXNBAGAME-26MAR31DALMIL-DAL,KXNBAGAME-26MAR31DALMIL,Dallas at Milwaukee Winner?,,2026-03-30T13:06:00Z,2026-04-01T02:55:55Z,2026-04-01T02:57:28.092472Z,no,0.0000,832156.00,0.0100,0.0000,0.9900
KXNBAGAME-26MAR31CLELAL-LAL,KXNBAGAME-26MAR31CLELAL,Cleveland at Los Angeles L Winner?,,2026-03-29T19:07:00Z,2026-04-01T05:00:47Z,2026-04-01T05:02:18.120978Z,yes,1.0000,6718246.00,0.9900,0.9900,0.0000
KXNBAGAME-26MAR31CLELAL-CLE,KXNBAGAME-26MAR31CLELAL,Cleveland at Los Angeles L Winner?,,2026-03-29T19:07:00Z,2026-04-01T05:00:47Z,2026-04-01T05:02:18.120978Z,no,0.0000,3774725.00,0.0100,0.0000,0.9900
KXNBAGAME-26MAR31PORLAC-POR,KXNBAGAME-26MAR31PORLAC,Portland at Los Angeles C Winner?,,2026-03-29T19:07:00Z,2026-04-01T05:40:29Z,2026-04-01T05:42:08.031882Z,yes,1.0000,3674452.00,0.9900,0.9900,0.0000
KXNBAGAME-26MAR31PORLAC-LAC,KXNBAGAME-26MAR31PORLAC,Portland at Los Angeles C Winner?,,2026-03-29T19:07:00Z,2026-04-01T05:40:29Z,2026-04-01T05:42:08.031882Z,no,0.0000,6810273.00,0.0100,0.0000,0.9900
KXNBAGAME-26APR01PHIWAS-WAS,KXNBAGAME-26APR01PHIWAS,Philadelphia at Washington Winner?,,2026-03-30T13:06:00Z,2026-04-02T01:28:09Z,2026-04-02T01:29:48.000536Z,no,0.0000,2307499.00,0.0100,0.0000,0.9900
KXNBAGAME-26APR01PHIWAS-PHI,KXNBAGAME-26APR01PHIWAS,Philadelphia at Washington Winner?,,2026-03-30T13:06:00Z,2026-04-02T01:28:09Z,2026-04-02T01:29:48.000536Z,yes,1.0000,1911595.00,0.9900,0.9900,0.0000
KXNBAGAME-26APR01ATLORL-ORL,KXNBAGAME-26APR01ATLORL,Atlanta at Orlando Winner?,,2026-03-30T13:06:00Z,2026-04-02T01:46:15Z,2026-04-02T01:47:48.027218Z,no,0.0000,2454734.00,0.0100,0.0000,0.9900
KXNBAGAME-26APR01ATLORL-ATL,KXNBAGAME-26APR01ATLORL,Atlanta at Orlando Winner?,,2026-03-30T13:06:00Z,2026-04-02T01:46:15Z,2026-04-02T01:47:48.027218Z,yes,1.0000,4131746.00,0.9900,0.9900,0.0000
KXNBAGAME-26APR01BOSMIA-MIA,KXNBAGAME-26APR01BOSMIA,Boston at Miami Winner?,,2026-03-30T16:06:00Z,2026-04-02T02:11:09Z,2026-04-02T02:12:48.040002Z,no,0.0000,3128284.00,0.0100,0.0000,0.9900
KXNBAGAME-26APR01BOSMIA-BOS,KXNBAGAME-26APR01BOSMIA,Boston at Miami Winner?,,2026-03-30T16:06:00Z,2026-04-02T02:11:09Z,2026-04-02T02:12:48.040002Z,yes,1.0000,4405689.00,0.9900,0.9900,0.0000
KXNBAGAME-26APR01INDCHI-IND,KXNBAGAME-26APR01INDCHI,Indiana at Chicago Winner?,,2026-03-30T16:06:00Z,2026-04-02T02:28:03Z,2026-04-02T02:29:38.012021Z,yes,1.0000,1780829.00,0.9900,0.9900,0.0000
KXNBAGAME-26APR01INDCHI-CHI,KXNBAGAME-26APR01INDCHI,Indiana at Chicago Winner?,,2026-03-30T16:06:00Z,2026-04-02T02:28:03Z,2026-04-02T02:29:38.012021Z,no,0.0000,2337748.00,0.0100,0.0000,0.9900
KXNBAGAME-26APR01NYKMEM-NYK,KXNBAGAME-26APR01NYKMEM,New York at Memphis Winner?,,2026-03-30T16:06:00Z,2026-04-02T02:32:02Z,2026-04-02T02:33:38.144544Z,yes,1.0000,504983.00,0.9900,0.9900,0.0000
KXNBAGAME-26APR01NYKMEM-MEM,KXNBAGAME-26APR01NYKMEM,New York at Memphis Winner?,,2026-03-30T16:06:00Z,2026-04-02T02:32:02Z,2026-04-02T02:33:38.144544Z,no,0.0000,1082848.00,0.0100,0.0000,0.9900
KXNBAGAME-26APR01MILHOU-MIL,KXNBAGAME-26APR01MILHOU,Milwaukee at Houston Winner?,,2026-03-30T16:06:00Z,2026-04-02T02:40:40Z,2026-04-02T02:42:17.986186Z,no,0.0000,2165885.00,0.0100,0.0000,0.9900
KXNBAGAME-26APR01MILHOU-HOU,KXNBAGAME-26APR01MILHOU,Milwaukee at Houston Winner?,,2026-03-30T16:06:00Z,2026-04-02T02:40:40Z,2026-04-02T02:42:17.986186Z,yes,1.0000,1281370.00,0.9900,0.9900,0.0000
KXNBAGAME-26APR01SACTOR-TOR,KXNBAGAME-26APR01SACTOR,Sacramento at Toronto Winner?,,2026-03-30T16:06:00Z,2026-04-02T02:57:56Z,2026-04-02T02:59:28.137857Z,no,0.0000,4649386.00,0.0100,0.0000,0.9900
KXNBAGAME-26APR01SACTOR-SAC,KXNBAGAME-26APR01SACTOR,Sacramento at Toronto Winner?,,2026-03-30T16:06:00Z,2026-04-02T02:57:56Z,2026-04-02T02:59:28.137857Z,yes,1.0000,4915462.00,0.9900,0.9900,0.0000
KXNBAGAME-26APR01DENUTA-UTA,KXNBAGAME-26APR01DENUTA,Denver at Utah Winner?,,2026-03-30T16:06:00Z,2026-04-02T03:37:49Z,2026-04-02T03:39:27.945231Z,no,0.0000,2816979.00,0.0100,0.0000,0.9900
KXNBAGAME-26APR01DENUTA-DEN,KXNBAGAME-26APR01DENUTA,Denver at Utah Winner?,,2026-03-30T16:06:00Z,2026-04-02T03:37:49Z,2026-04-02T03:39:27.945231Z,yes,1.0000,1018002.00,0.9900,0.9900,0.0000
KXNBAGAME-26APR01SASGSW-SAS,KXNBAGAME-26APR01SASGSW,San Antonio at Golden State Winner?,,2026-03-30T16:06:00Z,2026-04-02T04:54:00Z,2026-04-02T04:55:37.978493Z,yes,1.0000,3058296.00,0.9900,0.9900,0.0000
KXNBAGAME-26APR01SASGSW-GSW,KXNBAGAME-26APR01SASGSW,San Antonio at Golden State Winner?,,2026-03-30T16:06:00Z,2026-04-02T04:54:00Z,2026-04-02T04:55:37.978493Z,no,0.0000,3901424.00,0.0100,0.0000,0.9900
KXNBAGAME-26APR02PHXCHA-PHX,KXNBAGAME-26APR02PHXCHA,Phoenix at Charlotte Winner?,,2026-03-31T13:06:00Z,2026-04-03T01:34:05Z,2026-04-03T01:35:43.705888Z,no,0.0000,3679288.00,0.0100,0.0000,0.9900
KXNBAGAME-26APR02PHXCHA-CHA,KXNBAGAME-26APR02PHXCHA,Phoenix at Charlotte Winner?,,2026-03-31T13:06:00Z,2026-04-03T01:34:05Z,2026-04-03T01:35:43.705888Z,yes,1.0000,2721999.00,0.9900,0.9900,0.0000
KXNBAGAME-26APR02MINDET-MIN,KXNBAGAME-26APR02MINDET,Minnesota at Detroit Winner?,,2026-03-31T13:06:00Z,2026-04-03T01:54:00Z,2026-04-03T01:55:33.805217Z,no,0.0000,4779421.00,0.0100,0.0000,0.9900
KXNBAGAME-26APR02MINDET-DET,KXNBAGAME-26APR02MINDET,Minnesota at Detroit Winner?,,2026-03-31T13:06:00Z,2026-04-03T01:54:00Z,2026-04-03T01:55:33.805217Z,yes,1.0000,6749508.00,0.9900,0.9900,0.0000
KXNBAGAME-26APR02LALOKC-OKC,KXNBAGAME-26APR02LALOKC,Los Angeles L at Oklahoma City Winner?,,2026-04-01T04:06:00Z,2026-04-03T04:01:05Z,2026-04-03T04:02:43.67369Z,yes,1.0000,3185375.00,0.9900,0.9900,0.0000
KXNBAGAME-26APR02LALOKC-LAL,KXNBAGAME-26APR02LALOKC,Los Angeles L at Oklahoma City Winner?,,2026-04-01T04:06:00Z,2026-04-03T04:01:05Z,2026-04-03T04:02:43.67369Z,no,0.0000,11086796.00,0.0100,0.0000,0.9900
KXNBAGAME-26APR02CLEGSW-GSW,KXNBAGAME-26APR02CLEGSW,Cleveland at Golden State Winner?,,2026-04-01T04:06:00Z,2026-04-03T04:47:57Z,2026-04-03T04:49:33.672448Z,no,0.0000,4377532.00,0.0100,0.0000,0.0000
KXNBAGAME-26APR02CLEGSW-CLE,KXNBAGAME-26APR02CLEGSW,Cleveland at Golden State Winner?,,2026-04-01T04:06:00Z,2026-04-03T04:47:57Z,2026-04-03T04:49:33.672448Z,yes,1.0000,3959828.00,0.9900,0.0000,0.0000
KXNBAGAME-26APR02NOPPOR-POR,KXNBAGAME-26APR02NOPPOR,New Orleans at Portland Winner?,,2026-04-01T04:06:00Z,2026-04-03T04:51:56Z,2026-04-03T04:53:33.569841Z,yes,1.0000,3388258.00,0.9900,0.9900,0.0000
KXNBAGAME-26APR02NOPPOR-NOP,KXNBAGAME-26APR02NOPPOR,New Orleans at Portland Winner?,,2026-04-01T04:06:00Z,2026-04-03T04:51:56Z,2026-04-03T04:53:33.569841Z,no,0.0000,2491620.00,0.0100,0.0000,0.9900
KXNBAGAME-26APR02SASLAC-SAS,KXNBAGAME-26APR02SASLAC,San Antonio at Los Angeles C Winner?,,2026-04-01T04:06:00Z,2026-04-03T05:15:51Z,2026-04-03T05:17:23.642674Z,yes,1.0000,7244408.00,0.9900,0.9900,0.0000
KXNBAGAME-26APR02SASLAC-LAC,KXNBAGAME-26APR02SASLAC,San Antonio at Los Angeles C Winner?,,2026-04-01T04:06:00Z,2026-04-03T05:15:51Z,2026-04-03T05:17:23.642674Z,no,0.0000,4421336.00,0.0100,0.0000,0.9900
KXNBAGAME-26APR03INDCHA-IND,KXNBAGAME-26APR03INDCHA,Indiana at Charlotte Winner?,,2026-04-01T13:06:00Z,2026-04-04T01:26:26Z,2026-04-04T01:28:03.471469Z,no,0.0000,1529857.00,0.0100,0.0000,0.9900
KXNBAGAME-26APR03INDCHA-CHA,KXNBAGAME-26APR03INDCHA,Indiana at Charlotte Winner?,,2026-04-01T13:06:00Z,2026-04-04T01:26:26Z,2026-04-04T01:28:03.471469Z,yes,1.0000,978318.00,0.9900,0.9900,0.0000
KXNBAGAME-26APR03MINPHI-PHI,KXNBAGAME-26APR03MINPHI,Minnesota at Philadelphia Winner?,,2026-04-01T13:06:00Z,2026-04-04T01:44:10Z,2026-04-04T01:45:43.59787Z,yes,1.0000,5507014.00,0.9900,0.9900,0.0000
KXNBAGAME-26APR03MINPHI-MIN,KXNBAGAME-26APR03MINPHI,Minnesota at Philadelphia Winner?,,2026-04-01T13:06:00Z,2026-04-04T01:44:10Z,2026-04-04T01:45:43.59787Z,no,0.0000,5188768.00,0.0100,0.0000,0.9900
KXNBAGAME-26APR03ATLBKN-BKN,KXNBAGAME-26APR03ATLBKN,Atlanta at Brooklyn Winner?,,2026-04-01T16:07:00Z,2026-04-04T02:12:18Z,2026-04-04T02:13:53.51673Z,no,0.0000,1231520.00,0.0100,0.0000,0.9900
KXNBAGAME-26APR03ATLBKN-ATL,KXNBAGAME-26APR03ATLBKN,Atlanta at Brooklyn Winner?,,2026-04-01T16:07:00Z,2026-04-04T02:12:18Z,2026-04-04T02:13:53.51673Z,yes,1.0000,1002624.00,0.9900,0.9900,0.0000
KXNBAGAME-26APR03CHINYK-NYK,KXNBAGAME-26APR03CHINYK,Chicago at New York Winner?,,2026-04-01T16:07:00Z,2026-04-04T02:16:14Z,2026-04-04T02:17:53.45998Z,yes,1.0000,490499.00,0.9900,0.9900,0.0000
KXNBAGAME-26APR03CHINYK-CHI,KXNBAGAME-26APR03CHINYK,Chicago at New York Winner?,,2026-04-01T16:07:00Z,2026-04-04T02:16:14Z,2026-04-04T02:17:53.45998Z,no,0.0000,596988.00,0.0100,0.0000,0.9900
KXNBAGAME-26APR03BOSMIL-MIL,KXNBAGAME-26APR03BOSMIL,Boston at Milwaukee Winner?,,2026-04-02T04:06:00Z,2026-04-04T02:30:56Z,2026-04-04T02:32:33.456097Z,no,0.0000,732307.00,0.0100,0.0000,0.9900
KXNBAGAME-26APR03BOSMIL-BOS,KXNBAGAME-26APR03BOSMIL,Boston at Milwaukee Winner?,,2026-04-02T04:06:00Z,2026-04-04T02:30:56Z,2026-04-04T02:32:33.456097Z,yes,1.0000,594112.00,0.9900,0.9900,0.0000
KXNBAGAME-26APR03UTAHOU-UTA,KXNBAGAME-26APR03UTAHOU,Utah at Houston Winner?,,2026-04-02T04:06:00Z,2026-04-04T02:34:02Z,2026-04-04T02:35:33.509664Z,no,0.0000,618211.00,0.0100,0.0000,0.9900
KXNBAGAME-26APR03UTAHOU-HOU,KXNBAGAME-26APR03UTAHOU,Utah at Houston Winner?,,2026-04-02T04:06:00Z,2026-04-04T02:34:02Z,2026-04-04T02:35:33.509664Z,yes,1.0000,521861.00,0.9900,0.9900,0.0000
KXNBAGAME-26APR03TORMEM-TOR,KXNBAGAME-26APR03TORMEM,Toronto at Memphis Winner?,,2026-04-02T04:06:00Z,2026-04-04T02:46:00Z,2026-04-04T02:47:33.452382Z,yes,1.0000,541155.00,0.9900,0.9900,0.0000
KXNBAGAME-26APR03TORMEM-MEM,KXNBAGAME-26APR03TORMEM,Toronto at Memphis Winner?,,2026-04-02T04:06:00Z,2026-04-04T02:46:00Z,2026-04-04T02:47:33.452382Z,no,0.0000,873467.00,0.0100,0.0000,0.9900
KXNBAGAME-26APR03ORLDAL-ORL,KXNBAGAME-26APR03ORLDAL,Orlando at Dallas Winner?,,2026-04-02T04:06:00Z,2026-04-04T03:20:35Z,2026-04-04T03:22:13.618193Z,yes,1.0000,3591783.00,0.9900,0.9900,0.0000
KXNBAGAME-26APR03ORLDAL-DAL,KXNBAGAME-26APR03ORLDAL,Orlando at Dallas Winner?,,2026-04-02T04:06:00Z,2026-04-04T03:20:35Z,2026-04-04T03:22:13.618193Z,no,0.0000,1990088.00,0.0100,0.0000,0.9900
KXNBAGAME-26APR03NOPSAC-SAC,KXNBAGAME-26APR03NOPSAC,New Orleans at Sacramento Winner?,,2026-04-02T04:06:00Z,2026-04-04T05:02:04Z,2026-04-04T05:03:33.582307Z,yes,1.0000,6929301.00,0.9900,0.9900,0.0000
KXNBAGAME-26APR03NOPSAC-NOP,KXNBAGAME-26APR03NOPSAC,New Orleans at Sacramento Winner?,,2026-04-02T04:06:00Z,2026-04-04T05:02:04Z,2026-04-04T05:03:33.582307Z,no,0.0000,6131542.00,0.0100,0.0000,0.9900
KXNBAGAME-26APR04WASMIA-WAS,KXNBAGAME-26APR04WASMIA,Washington at Miami Winner?,,2026-04-02T10:06:00Z,2026-04-04T21:46:07Z,2026-04-04T21:47:43.461457Z,no,0.0000,1405921.00,0.0100,0.0000,0.9900
KXNBAGAME-26APR04WASMIA-MIA,KXNBAGAME-26APR04WASMIA,Washington at Miami Winner?,,2026-04-02T10:06:00Z,2026-04-04T21:46:07Z,2026-04-04T21:47:43.461457Z,yes,1.0000,936398.00,0.9900,0.9900,0.0000
KXNBAGAME-26APR04SASDEN-SAS,KXNBAGAME-26APR04SASDEN,San Antonio at Denver Winner?,,2026-04-02T10:06:00Z,2026-04-04T22:18:00Z,2026-04-04T22:19:29.678764Z,no,0.0000,10602966.00,0.0100,0.0000,0.9900
KXNBAGAME-26APR04SASDEN-DEN,KXNBAGAME-26APR04SASDEN,San Antonio at Denver Winner?,,2026-04-02T10:06:00Z,2026-04-04T22:18:00Z,2026-04-04T22:19:29.678764Z,yes,1.0000,7937806.00,0.9900,0.9900,0.0000
KXNBAGAME-26APR04DETPHI-PHI,KXNBAGAME-26APR04DETPHI,Detroit at Philadelphia Winner?,,2026-04-02T13:06:00Z,2026-04-05T01:25:58Z,2026-04-05T01:27:33.552961Z,no,0.0000,3147995.00,0.0100,0.0000,0.9900
KXNBAGAME-26APR04DETPHI-DET,KXNBAGAME-26APR04DETPHI,Detroit at Philadelphia Winner?,,2026-04-02T13:06:00Z,2026-04-05T01:25:58Z,2026-04-05T01:27:33.552961Z,yes,1.0000,4067169.00,0.9900,0.9900,0.0000
KXNBAGAME-26APR05TORBOS-TOR,KXNBAGAME-26APR05TORBOS,Toronto at Boston Winner?,,2026-04-03T10:06:00Z,2026-04-05T21:56:20Z,2026-04-05T21:57:53.524083Z,no,0.0000,2207963.00,0.0100,0.0000,0.9900
KXNBAGAME-26APR05TORBOS-BOS,KXNBAGAME-26APR05TORBOS,Toronto at Boston Winner?,,2026-04-03T10:06:00Z,2026-04-05T21:56:20Z,2026-04-05T21:57:53.524083Z,yes,1.0000,3491209.00,0.9900,0.9900,0.0000
KXNBAGAME-26APR05MEMMIL-MIL,KXNBAGAME-26APR05MEMMIL,Memphis at Milwaukee Winner?,,2026-04-03T10:06:00Z,2026-04-05T22:18:13Z,2026-04-05T22:19:43.735594Z,yes,1.0000,1070511.00,0.9900,0.9900,0.0000
KXNBAGAME-26APR05MEMMIL-MEM,KXNBAGAME-26APR05MEMMIL,Memphis at Milwaukee Winner?,,2026-04-03T10:06:00Z,2026-04-05T22:18:13Z,2026-04-05T22:19:43.735594Z,no,0.0000,963316.00,0.0100,0.0000,0.9900
KXNBAGAME-26APR05PHXCHI-PHX,KXNBAGAME-26APR05PHXCHI,Phoenix at Chicago Winner?,,2026-04-03T10:06:00Z,2026-04-05T22:22:27Z,2026-04-05T22:24:03.538893Z,yes,1.0000,1482966.00,0.9900,0.9900,0.0000
KXNBAGAME-26APR05PHXCHI-CHI,KXNBAGAME-26APR05PHXCHI,Phoenix at Chicago Winner?,,2026-04-03T10:06:00Z,2026-04-05T22:22:27Z,2026-04-05T22:24:03.538893Z,no,0.0000,1746911.00,0.0100,0.0000,0.9900
KXNBAGAME-26APR05WASBKN-WAS,KXNBAGAME-26APR05WASBKN,Washington at Brooklyn Winner?,,2026-04-03T10:06:00Z,2026-04-05T22:24:03Z,2026-04-05T22:25:33.871141Z,no,0.0000,1613353.00,0.0100,0.0000,0.9900
KXNBAGAME-26APR05WASBKN-BKN,KXNBAGAME-26APR05WASBKN,Washington at Brooklyn Winner?,,2026-04-03T10:06:00Z,2026-04-05T22:24:03Z,2026-04-05T22:25:33.871141Z,yes,1.0000,2129205.00,0.9900,0.9900,0.0000
KXNBAGAME-26APR05INDCLE-IND,KXNBAGAME-26APR05INDCLE,Indiana at Cleveland Winner?,,2026-04-03T13:06:00Z,2026-04-06T00:31:32Z,2026-04-06T00:33:03.566728Z,no,0.0000,5013205.00,0.0100,0.0000,0.0000
KXNBAGAME-26APR05INDCLE-CLE,KXNBAGAME-26APR05INDCLE,Indiana at Cleveland Winner?,,2026-04-03T13:06:00Z,2026-04-06T00:31:32Z,2026-04-06T00:33:03.566728Z,yes,1.0000,3104156.00,0.9900,0.0000,0.0000
KXNBAGAME-26APR05UTAOKC-UTA,KXNBAGAME-26APR05UTAOKC,Utah at Oklahoma City Winner?,,2026-04-03T13:06:00Z,2026-04-06T01:31:12Z,2026-04-06T01:32:43.526821Z,no,0.0000,2198907.00,0.0100,0.0000,0.9900
KXNBAGAME-26APR05UTAOKC-OKC,KXNBAGAME-26APR05UTAOKC,Utah at Oklahoma City Winner?,,2026-04-03T13:06:00Z,2026-04-06T01:31:12Z,2026-04-06T01:32:43.526821Z,yes,1.0000,821265.00,0.9900,0.9900,0.0000
KXNBAGAME-26APR05CHAMIN-MIN,KXNBAGAME-26APR05CHAMIN,Charlotte at Minnesota Winner?,,2026-04-03T13:06:00Z,2026-04-06T01:40:28Z,2026-04-06T01:42:03.60141Z,no,0.0000,4194830.00,0.0100,0.0000,0.9900
KXNBAGAME-26APR05CHAMIN-CHA,KXNBAGAME-26APR05CHAMIN,Charlotte at Minnesota Winner?,,2026-04-03T13:06:00Z,2026-04-06T01:40:28Z,2026-04-06T01:42:03.60141Z,yes,1.0000,3113006.00,0.9900,0.9900,0.0000
KXNBAGAME-26APR05ORLNOP-ORL,KXNBAGAME-26APR05ORLNOP,Orlando at New Orleans Winner?,,2026-04-03T13:06:00Z,2026-04-06T01:44:16Z,2026-04-06T01:45:53.854401Z,yes,1.0000,4453973.00,0.9900,0.9900,0.0000
KXNBAGAME-26APR05ORLNOP-NOP,KXNBAGAME-26APR05ORLNOP,Orlando at New Orleans Winner?,,2026-04-03T13:06:00Z,2026-04-06T01:44:16Z,2026-04-06T01:45:53.854401Z,no,0.0000,2644097.00,0.0100,0.0000,0.9900
KXNBAGAME-26APR05LALDAL-LAL,KXNBAGAME-26APR05LALDAL,Los Angeles L at Dallas Winner?,,2026-04-03T16:07:00Z,2026-04-06T03:33:04Z,2026-04-06T03:33:43.739151Z,no,0.0000,7740478.00,0.0100,0.0000,0.9900
KXNBAGAME-26APR05LALDAL-DAL,KXNBAGAME-26APR05LALDAL,Los Angeles L at Dallas Winner?,,2026-04-03T16:07:00Z,2026-04-06T03:33:04Z,2026-04-06T03:33:43.739151Z,yes,1.0000,5650552.00,0.9900,0.9900,0.0000
KXNBAGAME-26APR05LACSAC-SAC,KXNBAGAME-26APR05LACSAC,Los Angeles C at Sacramento Winner?,,2026-04-04T04:06:00Z,2026-04-06T03:41:50Z,2026-04-06T03:43:23.517374Z,no,0.0000,1818091.00,0.0100,0.0000,0.9900
KXNBAGAME-26APR05LACSAC-LAC,KXNBAGAME-26APR05LACSAC,Los Angeles C at Sacramento Winner?,,2026-04-04T04:06:00Z,2026-04-06T03:41:50Z,2026-04-06T03:43:23.517374Z,yes,1.0000,1149865.00,0.9900,0.9900,0.0000
KXNBAGAME-26APR05HOUGSW-HOU,KXNBAGAME-26APR05HOUGSW,Houston at Golden State Winner?,,2026-04-04T04:06:00Z,2026-04-06T04:51:00Z,2026-04-06T04:51:33.723799Z,yes,1.0000,9778623.00,0.9900,0.9900,0.0000
KXNBAGAME-26APR05HOUGSW-GSW,KXNBAGAME-26APR05HOUGSW,Houston at Golden State Winner?,,2026-04-04T04:06:00Z,2026-04-06T04:51:00Z,2026-04-06T04:51:33.723799Z,no,0.0000,9175623.00,0.0100,0.0000,0.9900
KXNBAGAME-26APR06NYKATL-NYK,KXNBAGAME-26APR06NYKATL,New York at Atlanta Winner?,,2026-04-04T13:06:00Z,2026-04-07T02:01:11Z,2026-04-07T02:02:41.556284Z,yes,1.0000,4821117.00,0.9900,0.9900,0.0000
KXNBAGAME-26APR06NYKATL-ATL,KXNBAGAME-26APR06NYKATL,New York at Atlanta Winner?,,2026-04-04T13:06:00Z,2026-04-07T02:01:11Z,2026-04-07T02:02:41.556284Z,no,0.0000,3937249.00,0.0100,0.0000,0.9900
KXNBAGAME-26APR06DETORL-ORL,KXNBAGAME-26APR06DETORL,Detroit at Orlando Winner?,,2026-04-04T13:06:00Z,2026-04-07T02:06:08Z,2026-04-07T02:07:41.538098Z,yes,1.0000,3862807.00,0.9900,0.9900,0.0000
KXNBAGAME-26APR06DETORL-DET,KXNBAGAME-26APR06DETORL,Detroit at Orlando Winner?,,2026-04-04T13:06:00Z,2026-04-07T02:06:08Z,2026-04-07T02:07:41.538098Z,no,0.0000,5208541.00,0.0100,0.0000,0.9900
KXNBAGAME-26APR06CLEMEM-MEM,KXNBAGAME-26APR06CLEMEM,Cleveland at Memphis Winner?,,2026-04-05T04:06:00Z,2026-04-07T02:41:17Z,2026-04-07T02:42:51.489016Z,no,0.0000,2525522.00,0.0100,0.0000,0.9900
KXNBAGAME-26APR06CLEMEM-CLE,KXNBAGAME-26APR06CLEMEM,Cleveland at Memphis Winner?,,2026-04-05T04:06:00Z,2026-04-07T02:41:17Z,2026-04-07T02:42:51.489016Z,yes,1.0000,1388106.00,0.9900,0.9900,0.0000
KXNBAGAME-26APR06PHISAS-SAS,KXNBAGAME-26APR06PHISAS,Philadelphia at San Antonio Winner?,,2026-04-05T04:06:00Z,2026-04-07T02:53:58Z,2026-04-07T02:55:31.762433Z,yes,1.0000,4225525.00,0.9900,0.9900,0.0000
KXNBAGAME-26APR06PHISAS-PHI,KXNBAGAME-26APR06PHISAS,Philadelphia at San Antonio Winner?,,2026-04-05T04:06:00Z,2026-04-07T02:53:58Z,2026-04-07T02:55:31.762433Z,no,0.0000,2302635.00,0.0100,0.0000,0.9900
KXNBAGAME-26APR06PORDEN-POR,KXNBAGAME-26APR06PORDEN,Portland at Denver Winner?,,2026-04-05T04:06:00Z,2026-04-07T04:03:53Z,2026-04-07T04:05:31.730046Z,no,0.0000,6908442.00,0.0100,0.0000,0.9900
KXNBAGAME-26APR06PORDEN-DEN,KXNBAGAME-26APR06PORDEN,Portland at Denver Winner?,,2026-04-05T04:06:00Z,2026-04-07T04:03:53Z,2026-04-07T04:05:31.730046Z,yes,1.0000,12708970.00,0.9900,0.9900,0.0000
KXNBAGAME-26APR07MININD-MIN,KXNBAGAME-26APR07MININD,Minnesota at Indiana Winner?,,2026-04-05T13:06:00Z,2026-04-08T01:41:29Z,2026-04-08T01:43:02.376582Z,yes,1.0000,1294975.00,0.9900,0.9900,0.0000
KXNBAGAME-26APR07MININD-IND,KXNBAGAME-26APR07MININD,Minnesota at Indiana Winner?,,2026-04-05T13:06:00Z,2026-04-08T01:41:29Z,2026-04-08T01:43:02.376582Z,no,0.0000,1339141.00,0.0100,0.0000,0.9900
KXNBAGAME-26APR07CHIWAS-WAS,KXNBAGAME-26APR07CHIWAS,Chicago at Washington Winner?,,2026-04-05T13:06:00Z,2026-04-08T01:46:19Z,2026-04-08T01:47:52.371534Z,no,0.0000,578324.00,0.0100,0.0000,0.9900
KXNBAGAME-26APR07CHIWAS-CHI,KXNBAGAME-26APR07CHIWAS,Chicago at Washington Winner?,,2026-04-05T13:06:00Z,2026-04-08T01:46:19Z,2026-04-08T01:47:52.371534Z,yes,1.0000,1376025.00,0.9900,0.0000,0.0000
KXNBAGAME-26APR07MIATOR-TOR,KXNBAGAME-26APR07MIATOR,Miami at Toronto Winner?,,2026-04-05T16:06:00Z,2026-04-08T02:02:29Z,2026-04-08T02:04:02.397532Z,yes,1.0000,2193123.00,0.9900,0.9900,0.0000
KXNBAGAME-26APR07MIATOR-MIA,KXNBAGAME-26APR07MIATOR,Miami at Toronto Winner?,,2026-04-05T16:06:00Z,2026-04-08T02:02:29Z,2026-04-08T02:04:02.397532Z,no,0.0000,1667563.00,0.0100,0.0000,0.9900
KXNBAGAME-26APR07MILBKN-MIL,KXNBAGAME-26APR07MILBKN,Milwaukee at Brooklyn Winner?,,2026-04-05T16:06:00Z,2026-04-08T02:10:54Z,2026-04-08T02:12:32.414181Z,no,0.0000,3842934.00,0.0100,0.0000,0.9900
KXNBAGAME-26APR07MILBKN-BKN,KXNBAGAME-26APR07MILBKN,Milwaukee at Brooklyn Winner?,,2026-04-05T16:06:00Z,2026-04-08T02:10:54Z,2026-04-08T02:12:32.414181Z,yes,1.0000,2338353.00,0.9900,0.9900,0.0000
KXNBAGAME-26APR07CHABOS-CHA,KXNBAGAME-26APR07CHABOS,Charlotte at Boston Winner?,,2026-04-06T04:06:00Z,2026-04-08T02:31:31Z,2026-04-08T02:33:02.570801Z,no,0.0000,5410426.00,0.0100,0.0000,0.9900
KXNBAGAME-26APR07CHABOS-BOS,KXNBAGAME-26APR07CHABOS,Charlotte at Boston Winner?,,2026-04-06T04:06:00Z,2026-04-08T02:31:31Z,2026-04-08T02:33:02.570801Z,yes,1.0000,8670333.00,0.9900,0.9900,0.0000
KXNBAGAME-26APR07UTANOP-UTA,KXNBAGAME-26APR07UTANOP,Utah at New Orleans Winner?,,2026-04-06T04:06:00Z,2026-04-08T02:37:59Z,2026-04-08T02:39:32.592964Z,no,0.0000,1063847.00,0.0100,0.0000,0.9900
KXNBAGAME-26APR07UTANOP-NOP,KXNBAGAME-26APR07UTANOP,Utah at New Orleans Winner?,,2026-04-06T04:06:00Z,2026-04-08T02:37:59Z,2026-04-08T02:39:32.592964Z,yes,1.0000,1002149.00,0.9900,0.9900,0.0000
KXNBAGAME-26APR07SACGSW-SAC,KXNBAGAME-26APR07SACGSW,Sacramento at Golden State Winner?,,2026-04-06T04:06:00Z,2026-04-08T04:40:57Z,2026-04-08T04:42:32.445Z,no,0.0000,4007589.00,0.0100,0.0000,0.9900
KXNBAGAME-26APR07SACGSW-GSW,KXNBAGAME-26APR07SACGSW,Sacramento at Golden State Winner?,,2026-04-06T04:06:00Z,2026-04-08T04:40:57Z,2026-04-08T04:42:32.445Z,yes,1.0000,2813485.00,0.9900,0.9900,0.0000
KXNBAGAME-26APR07OKCLAL-OKC,KXNBAGAME-26APR07OKCLAL,Oklahoma City at Los Angeles L Winner?,,2026-04-06T04:06:00Z,2026-04-08T04:57:59Z,2026-04-08T04:59:32.51841Z,yes,1.0000,3476614.00,0.9900,0.9900,0.0000
KXNBAGAME-26APR07OKCLAL-LAL,KXNBAGAME-26APR07OKCLAL,Oklahoma City at Los Angeles L Winner?,,2026-04-06T04:06:00Z,2026-04-08T04:57:59Z,2026-04-08T04:59:32.51841Z,no,0.0000,5620624.00,0.0100,0.0000,0.9900
KXNBAGAME-26APR07DALLAC-LAC,KXNBAGAME-26APR07DALLAC,Dallas at Los Angeles C Winner?,,2026-04-06T04:06:00Z,2026-04-08T05:14:02Z,2026-04-08T05:15:32.41644Z,yes,1.0000,1761228.00,0.9900,0.9900,0.0000
KXNBAGAME-26APR07DALLAC-DAL,KXNBAGAME-26APR07DALLAC,Dallas at Los Angeles C Winner?,,2026-04-06T04:06:00Z,2026-04-08T05:14:02Z,2026-04-08T05:15:32.41644Z,no,0.0000,3276995.00,0.0100,0.0000,0.9900
KXNBAGAME-26APR07HOUPHX-PHX,KXNBAGAME-26APR07HOUPHX,Houston at Phoenix Winner?,,2026-04-06T04:06:00Z,2026-04-08T05:54:26Z,2026-04-08T05:55:03.036316Z,no,0.0000,6775923.00,0.0100,0.0000,0.9900
KXNBAGAME-26APR07HOUPHX-HOU,KXNBAGAME-26APR07HOUPHX,Houston at Phoenix Winner?,,2026-04-06T04:06:00Z,2026-04-08T05:54:26Z,2026-04-08T05:55:03.036316Z,yes,1.0000,11328474.00,0.9900,0.9900,0.0000
KXNBAGAME-26APR08MINORL-ORL,KXNBAGAME-26APR08MINORL,Minnesota at Orlando Winner?,,2026-04-06T13:06:00Z,2026-04-09T01:36:08Z,2026-04-09T01:37:42.464073Z,yes,1.0000,2342977.00,0.9900,0.9900,0.0000
KXNBAGAME-26APR08MINORL-MIN,KXNBAGAME-26APR08MINORL,Minnesota at Orlando Winner?,,2026-04-06T13:06:00Z,2026-04-09T01:36:08Z,2026-04-09T01:37:42.464073Z,no,0.0000,2703962.00,0.0100,0.0000,0.9900
KXNBAGAME-26APR08ATLCLE-CLE,KXNBAGAME-26APR08ATLCLE,Atlanta at Cleveland Winner?,,2026-04-06T13:06:00Z,2026-04-09T01:44:08Z,2026-04-09T01:45:43.032238Z,yes,1.0000,8651923.00,0.9900,0.9900,0.0000
KXNBAGAME-26APR08ATLCLE-ATL,KXNBAGAME-26APR08ATLCLE,Atlanta at Cleveland Winner?,,2026-04-06T13:06:00Z,2026-04-09T01:44:08Z,2026-04-09T01:45:43.032238Z,no,0.0000,6867080.00,0.0100,0.0000,0.9900
KXNBAGAME-26APR08MILDET-MIL,KXNBAGAME-26APR08MILDET,Milwaukee at Detroit Winner?,,2026-04-06T13:06:00Z,2026-04-09T01:48:07Z,2026-04-09T01:49:42.446304Z,no,0.0000,2198595.00,0.0100,0.0000,0.9900
KXNBAGAME-26APR08MILDET-DET,KXNBAGAME-26APR08MILDET,Milwaukee at Detroit Winner?,,2026-04-06T13:06:00Z,2026-04-09T01:48:07Z,2026-04-09T01:49:42.446304Z,yes,1.0000,1384151.00,0.9900,0.9900,0.0000
KXNBAGAME-26APR08MEMDEN-MEM,KXNBAGAME-26APR08MEMDEN,Memphis at Denver Winner?,,2026-04-07T04:06:00Z,2026-04-09T03:33:59Z,2026-04-09T03:35:32.595529Z,no,0.0000,5897326.00,0.0100,0.0000,0.9900
KXNBAGAME-26APR08MEMDEN-DEN,KXNBAGAME-26APR08MEMDEN,Memphis at Denver Winner?,,2026-04-07T04:06:00Z,2026-04-09T03:33:59Z,2026-04-09T03:35:32.595529Z,yes,1.0000,2461932.00,0.9900,0.9900,0.0000
KXNBAGAME-26APR08PORSAS-SAS,KXNBAGAME-26APR08PORSAS,Portland at San Antonio Winner?,,2026-04-07T04:06:00Z,2026-04-09T04:14:26Z,2026-04-09T04:16:02.530478Z,yes,1.0000,11222216.00,0.9900,0.9900,0.0000
KXNBAGAME-26APR08PORSAS-POR,KXNBAGAME-26APR08PORSAS,Portland at San Antonio Winner?,,2026-04-07T04:06:00Z,2026-04-09T04:14:26Z,2026-04-09T04:16:02.530478Z,no,0.0000,4818626.00,0.0100,0.0000,0.9900
KXNBAGAME-26APR08OKCLAC-OKC,KXNBAGAME-26APR08OKCLAC,Oklahoma City at Los Angeles C Winner?,,2026-04-07T04:06:00Z,2026-04-09T04:34:17Z,2026-04-09T04:35:52.536572Z,yes,1.0000,4812427.00,0.9900,0.9900,0.0000
KXNBAGAME-26APR08OKCLAC-LAC,KXNBAGAME-26APR08OKCLAC,Oklahoma City at Los Angeles C Winner?,,2026-04-07T04:06:00Z,2026-04-09T04:34:17Z,2026-04-09T04:35:52.536572Z,no,0.0000,1971569.00,0.0100,0.0000,0.9900
KXNBAGAME-26APR08DALPHX-PHX,KXNBAGAME-26APR08DALPHX,Dallas at Phoenix Winner?,,2026-04-07T04:06:00Z,2026-04-09T04:40:47Z,2026-04-09T04:42:22.445425Z,yes,1.0000,3051104.00,0.9900,0.0000,0.0000
KXNBAGAME-26APR08DALPHX-DAL,KXNBAGAME-26APR08DALPHX,Dallas at Phoenix Winner?,,2026-04-07T04:06:00Z,2026-04-09T04:40:47Z,2026-04-09T04:42:22.445425Z,no,0.0000,5524843.00,0.0100,0.0000,0.0000
KXNBAGAME-26APR09CHIWAS-WAS,KXNBAGAME-26APR09CHIWAS,Chicago at Washington Winner?,,2026-04-07T13:06:00Z,2026-04-10T01:36:17Z,2026-04-10T01:37:54.586924Z,no,0.0000,1635476.00,0.0100,0.0000,0.0000
KXNBAGAME-26APR09CHIWAS-CHI,KXNBAGAME-26APR09CHIWAS,Chicago at Washington Winner?,,2026-04-07T13:06:00Z,2026-04-10T01:36:17Z,2026-04-10T01:37:54.586924Z,yes,1.0000,4231639.00,0.9900,0.0000,0.0000
KXNBAGAME-26APR09MIATOR-TOR,KXNBAGAME-26APR09MIATOR,Miami at Toronto Winner?,,2026-04-07T13:06:00Z,2026-04-10T01:46:11Z,2026-04-10T01:47:44.594232Z,yes,1.0000,4080944.00,0.9900,0.9900,0.0000
KXNBAGAME-26APR09MIATOR-MIA,KXNBAGAME-26APR09MIATOR,Miami at Toronto Winner?,,2026-04-07T13:06:00Z,2026-04-10T01:46:11Z,2026-04-10T01:47:44.594232Z,no,0.0000,2606181.00,0.0100,0.0000,0.9900
KXNBAGAME-26APR09INDBKN-IND,KXNBAGAME-26APR09INDBKN,Indiana at Brooklyn Winner?,,2026-04-07T16:06:00Z,2026-04-10T01:58:09Z,2026-04-10T01:59:44.547672Z,yes,1.0000,1258680.00,0.9900,0.0000,0.0000
KXNBAGAME-26APR09INDBKN-BKN,KXNBAGAME-26APR09INDBKN,Indiana at Brooklyn Winner?,,2026-04-07T16:06:00Z,2026-04-10T01:58:09Z,2026-04-10T01:59:44.547672Z,no,0.0000,762249.00,0.0100,0.0000,0.0000
KXNBAGAME-26APR09BOSNYK-NYK,KXNBAGAME-26APR09BOSNYK,Boston at New York Winner?,,2026-04-07T16:06:00Z,2026-04-10T02:02:06Z,2026-04-10T02:03:44.727632Z,yes,1.0000,8048205.00,0.9900,0.9900,0.0000
KXNBAGAME-26APR09BOSNYK-BOS,KXNBAGAME-26APR09BOSNYK,Boston at New York Winner?,,2026-04-07T16:06:00Z,2026-04-10T02:02:06Z,2026-04-10T02:03:44.727632Z,no,0.0000,7897134.00,0.0100,0.0000,0.9900
KXNBAGAME-26APR09PHIHOU-PHI,KXNBAGAME-26APR09PHIHOU,Philadelphia at Houston Winner?,,2026-04-08T04:06:00Z,2026-04-10T02:50:36Z,2026-04-10T02:52:14.647357Z,no,0.0000,2616906.00,0.0100,0.0000,0.9900
KXNBAGAME-26APR09PHIHOU-HOU,KXNBAGAME-26APR09PHIHOU,Philadelphia at Houston Winner?,,2026-04-08T04:06:00Z,2026-04-10T02:50:36Z,2026-04-10T02:52:14.647357Z,yes,1.0000,3144309.00,0.9900,0.9900,0.0000
KXNBAGAME-26APR09LALGSW-LAL,KXNBAGAME-26APR09LALGSW,Los Angeles L at Golden State Winner?,,2026-04-08T04:06:00Z,2026-04-10T04:38:04Z,2026-04-10T04:39:34.747073Z,yes,1.0000,10888652.00,0.9900,0.9900,0.0000
KXNBAGAME-26APR09LALGSW-GSW,KXNBAGAME-26APR09LALGSW,Los Angeles L at Golden State Winner?,,2026-04-08T04:06:00Z,2026-04-10T04:38:04Z,2026-04-10T04:39:34.747073Z,no,0.0000,7748499.00,0.0100,0.0000,0.9900
KXNBAGAME-26APR10MIAWAS-WAS,KXNBAGAME-26APR10MIAWAS,Miami at Washington Winner?,,2026-04-08T13:06:00Z,2026-04-11T01:38:19Z,2026-04-11T01:39:49.90717Z,no,0.0000,1604249.00,0.0100,0.0000,0.9900
KXNBAGAME-26APR10MIAWAS-MIA,KXNBAGAME-26APR10MIAWAS,Miami at Washington Winner?,,2026-04-08T13:06:00Z,2026-04-11T01:38:19Z,2026-04-11T01:39:49.90717Z,yes,1.0000,1075291.00,0.9900,0.9900,0.0000
KXNBAGAME-26APR10CLEATL-CLE,KXNBAGAME-26APR10CLEATL,Cleveland at Atlanta Winner?,,2026-04-08T13:06:00Z,2026-04-11T01:38:20Z,2026-04-11T01:39:49.98614Z,no,0.0000,2501774.00,0.0100,0.0000,0.9900
KXNBAGAME-26APR10CLEATL-ATL,KXNBAGAME-26APR10CLEATL,Cleveland at Atlanta Winner?,,2026-04-08T13:06:00Z,2026-04-11T01:38:20Z,2026-04-11T01:39:49.98614Z,yes,1.0000,2532198.00,0.9900,0.9900,0.0000
KXNBAGAME-26APR10DETCHA-DET,KXNBAGAME-26APR10DETCHA,Detroit at Charlotte Winner?,,2026-04-08T13:06:00Z,2026-04-11T01:46:38Z,2026-04-11T01:48:10.077634Z,yes,1.0000,7786786.00,0.9900,0.9900,0.0000
KXNBAGAME-26APR10DETCHA-CHA,KXNBAGAME-26APR10DETCHA,Detroit at Charlotte Winner?,,2026-04-08T13:06:00Z,2026-04-11T01:46:38Z,2026-04-11T01:48:10.077634Z,no,0.0000,5106413.00,0.0100,0.0000,0.9900
KXNBAGAME-26APR10PHIIND-PHI,KXNBAGAME-26APR10PHIIND,Philadelphia at Indiana Winner?,,2026-04-08T16:07:00Z,2026-04-11T01:58:09Z,2026-04-11T01:59:43.075906Z,yes,1.0000,1529796.00,0.9900,0.9900,0.0000
KXNBAGAME-26APR10PHIIND-IND,KXNBAGAME-26APR10PHIIND,Philadelphia at Indiana Winner?,,2026-04-08T16:07:00Z,2026-04-11T01:58:09Z,2026-04-11T01:59:43.075906Z,no,0.0000,1350546.00,0.0100,0.0000,0.9900
KXNBAGAME-26APR10NOPBOS-NOP,KXNBAGAME-26APR10NOPBOS,New Orleans at Boston Winner?,,2026-04-08T16:07:00Z,2026-04-11T02:01:48Z,2026-04-11T02:03:20.119539Z,no,0.0000,515731.00,0.0100,0.0000,0.9900
KXNBAGAME-26APR10NOPBOS-BOS,KXNBAGAME-26APR10NOPBOS,New Orleans at Boston Winner?,,2026-04-08T16:07:00Z,2026-04-11T02:01:48Z,2026-04-11T02:03:20.119539Z,yes,1.0000,808622.00,0.9900,0.9900,0.0000
KXNBAGAME-26APR10TORNYK-TOR,KXNBAGAME-26APR10TORNYK,Toronto at New York Winner?,,2026-04-08T16:07:00Z,2026-04-11T02:02:30Z,2026-04-11T02:04:10.239045Z,no,0.0000,985166.00,0.0100,0.0000,0.9900
KXNBAGAME-26APR10TORNYK-NYK,KXNBAGAME-26APR10TORNYK,Toronto at New York Winner?,,2026-04-08T16:07:00Z,2026-04-11T02:02:30Z,2026-04-11T02:04:10.239045Z,yes,1.0000,2334457.00,0.9900,0.9900,0.0000
KXNBAGAME-26APR10DALSAS-SAS,KXNBAGAME-26APR10DALSAS,Dallas at San Antonio Winner?,,2026-04-09T04:06:00Z,2026-04-11T02:34:24Z,2026-04-11T02:35:59.981983Z,yes,1.0000,1471311.00,0.9900,0.9900,0.0000
KXNBAGAME-26APR10DALSAS-DAL,KXNBAGAME-26APR10DALSAS,Dallas at San Antonio Winner?,,2026-04-09T04:06:00Z,2026-04-11T02:34:24Z,2026-04-11T02:35:59.981983Z,no,0.0000,2677119.00,0.0100,0.0000,0.9900
KXNBAGAME-26APR10BKNMIL-MIL,KXNBAGAME-26APR10BKNMIL,Brooklyn at Milwaukee Winner?,,2026-04-09T04:06:00Z,2026-04-11T02:34:25Z,2026-04-11T02:36:00.004604Z,yes,1.0000,407182.00,0.9900,0.9900,0.0000
KXNBAGAME-26APR10BKNMIL-BKN,KXNBAGAME-26APR10BKNMIL,Brooklyn at Milwaukee Winner?,,2026-04-09T04:06:00Z,2026-04-11T02:34:25Z,2026-04-11T02:36:00.004604Z,no,0.0000,416050.00,0.0100,0.0000,0.9900
KXNBAGAME-26APR10ORLCHI-ORL,KXNBAGAME-26APR10ORLCHI,Orlando at Chicago Winner?,,2026-04-09T04:06:00Z,2026-04-11T02:36:52Z,2026-04-11T02:38:30.311646Z,yes,1.0000,409740.00,0.9900,0.9900,0.0000
KXNBAGAME-26APR10ORLCHI-CHI,KXNBAGAME-26APR10ORLCHI,Orlando at Chicago Winner?,,2026-04-09T04:06:00Z,2026-04-11T02:36:52Z,2026-04-11T02:38:30.311646Z,no,0.0000,715026.00,0.0100,0.0000,0.9900
KXNBAGAME-26APR10OKCDEN-OKC,KXNBAGAME-26APR10OKCDEN,Oklahoma City at Denver Winner?,,2026-04-09T04:06:00Z,2026-04-11T03:25:27Z,2026-04-11T03:27:00.070724Z,no,0.0000,5988014.00,0.0100,0.0000,0.9900
KXNBAGAME-26APR10OKCDEN-DEN,KXNBAGAME-26APR10OKCDEN,Oklahoma City at Denver Winner?,,2026-04-09T04:06:00Z,2026-04-11T03:25:27Z,2026-04-11T03:27:00.070724Z,yes,1.0000,5640541.00,0.9900,0.9900,0.0000
KXNBAGAME-26APR10MEMUTA-UTA,KXNBAGAME-26APR10MEMUTA,Memphis at Utah Winner?,,2026-04-09T04:06:00Z,2026-04-11T04:00:43Z,2026-04-11T04:02:20.05667Z,yes,1.0000,1038074.00,0.9900,0.9900,0.0000
KXNBAGAME-26APR10MEMUTA-MEM,KXNBAGAME-26APR10MEMUTA,Memphis at Utah Winner?,,2026-04-09T04:06:00Z,2026-04-11T04:00:43Z,2026-04-11T04:02:20.05667Z,no,0.0000,758474.00,0.0100,0.0000,0.9900
KXNBAGAME-26APR10MINHOU-MIN,KXNBAGAME-26APR10MINHOU,Minnesota at Houston Winner?,,2026-04-09T04:06:00Z,2026-04-11T04:18:11Z,2026-04-11T04:19:50.368015Z,yes,1.0000,5785187.00,0.9900,0.9900,0.0000
KXNBAGAME-26APR10MINHOU-HOU,KXNBAGAME-26APR10MINHOU,Minnesota at Houston Winner?,,2026-04-09T04:06:00Z,2026-04-11T04:18:11Z,2026-04-11T04:19:50.368015Z,no,0.0000,4928732.00,0.0100,0.0000,0.9900
KXNBAGAME-26APR10LACPOR-POR,KXNBAGAME-26APR10LACPOR,Los Angeles C at Portland Winner?,,2026-04-09T04:06:00Z,2026-04-11T04:40:49Z,2026-04-11T04:42:20.005519Z,yes,1.0000,3314483.00,0.9900,0.9900,0.0000
KXNBAGAME-26APR10LACPOR-LAC,KXNBAGAME-26APR10LACPOR,Los Angeles C at Portland Winner?,,2026-04-09T04:06:00Z,2026-04-11T04:40:49Z,2026-04-11T04:42:20.005519Z,no,0.0000,4128427.00,0.0100,0.0000,0.9900
KXNBAGAME-26APR10GSWSAC-SAC,KXNBAGAME-26APR10GSWSAC,Golden State at Sacramento Winner?,,2026-04-09T04:06:00Z,2026-04-11T05:01:28Z,2026-04-11T05:03:00.212061Z,yes,1.0000,6858095.00,0.9900,0.9900,0.0000
KXNBAGAME-26APR10GSWSAC-GSW,KXNBAGAME-26APR10GSWSAC,Golden State at Sacramento Winner?,,2026-04-09T04:06:00Z,2026-04-11T05:01:28Z,2026-04-11T05:03:00.212061Z,no,0.0000,7629977.00,0.0100,0.0000,0.9900
KXNBAGAME-26APR10PHXLAL-PHX,KXNBAGAME-26APR10PHXLAL,Phoenix at Los Angeles L Winner?,,2026-04-09T04:06:00Z,2026-04-11T05:22:10Z,2026-04-11T05:23:39.989949Z,no,0.0000,3589314.00,0.0100,0.0000,0.9900
KXNBAGAME-26APR10PHXLAL-LAL,KXNBAGAME-26APR10PHXLAL,Phoenix at Los Angeles L Winner?,,2026-04-09T04:06:00Z,2026-04-11T05:22:10Z,2026-04-11T05:23:39.989949Z,yes,1.0000,6313790.00,0.9900,0.9900,0.0000
KXNBAGAME-26APR12MILPHI-PHI,KXNBAGAME-26APR12MILPHI,Milwaukee at Philadelphia Winner?,,2026-04-10T13:06:00Z,2026-04-13T00:23:57Z,2026-04-13T00:25:29.984398Z,yes,1.0000,1169407.00,0.9900,0.9900,0.0000
KXNBAGAME-26APR12MILPHI-MIL,KXNBAGAME-26APR12MILPHI,Milwaukee at Philadelphia Winner?,,2026-04-10T13:06:00Z,2026-04-13T00:23:57Z,2026-04-13T00:25:29.984398Z,no,0.0000,2094545.00,0.0100,0.0000,0.9900
KXNBAGAME-26APR12WASCLE-WAS,KXNBAGAME-26APR12WASCLE,Washington at Cleveland Winner?,,2026-04-10T13:06:00Z,2026-04-13T00:25:56Z,2026-04-13T00:27:29.983529Z,no,0.0000,1637106.00,0.0100,0.0000,0.9900
KXNBAGAME-26APR12WASCLE-CLE,KXNBAGAME-26APR12WASCLE,Washington at Cleveland Winner?,,2026-04-10T13:06:00Z,2026-04-13T00:25:56Z,2026-04-13T00:27:29.983529Z,yes,1.0000,2706854.00,0.9900,0.9900,0.0000
KXNBAGAME-26APR12ATLMIA-MIA,KXNBAGAME-26APR12ATLMIA,Atlanta at Miami Winner?,,2026-04-10T13:06:00Z,2026-04-13T00:27:50Z,2026-04-13T00:29:20.283206Z,yes,1.0000,2608939.00,0.9900,0.9900,0.0000
KXNBAGAME-26APR12ATLMIA-ATL,KXNBAGAME-26APR12ATLMIA,Atlanta at Miami Winner?,,2026-04-10T13:06:00Z,2026-04-13T00:27:50Z,2026-04-13T00:29:20.283206Z,no,0.0000,1637810.00,0.0100,0.0000,0.9900
KXNBAGAME-26APR12CHANYK-NYK,KXNBAGAME-26APR12CHANYK,Charlotte at New York Winner?,,2026-04-10T13:06:00Z,2026-04-13T00:33:49Z,2026-04-13T00:35:20.487333Z,no,0.0000,4444277.00,0.0100,0.0000,0.9900
KXNBAGAME-26APR12CHANYK-CHA,KXNBAGAME-26APR12CHANYK,Charlotte at New York Winner?,,2026-04-10T13:06:00Z,2026-04-13T00:33:49Z,2026-04-13T00:35:20.487333Z,yes,1.0000,1828431.00,0.9900,0.9900,0.0000
KXNBAGAME-26APR12DETIND-IND,KXNBAGAME-26APR12DETIND,Detroit at Indiana Winner?,,2026-04-10T13:06:00Z,2026-04-13T00:35:50Z,2026-04-13T00:37:20.000876Z,no,0.0000,647257.00,0.0100,0.0000,0.9900
KXNBAGAME-26APR12DETIND-DET,KXNBAGAME-26APR12DETIND,Detroit at Indiana Winner?,,2026-04-10T13:06:00Z,2026-04-13T00:35:50Z,2026-04-13T00:37:20.000876Z,yes,1.0000,984507.00,0.9900,0.9900,0.0000
KXNBAGAME-26APR12BKNTOR-TOR,KXNBAGAME-26APR12BKNTOR,Brooklyn at Toronto Winner?,,2026-04-10T13:06:00Z,2026-04-13T00:40:34Z,2026-04-13T00:42:10.054159Z,yes,1.0000,629963.00,0.9900,0.9900,0.0000
KXNBAGAME-26APR12BKNTOR-BKN,KXNBAGAME-26APR12BKNTOR,Brooklyn at Toronto Winner?,,2026-04-10T13:06:00Z,2026-04-13T00:40:34Z,2026-04-13T00:42:10.054159Z,no,0.0000,1962313.00,0.0100,0.0000,0.9900
KXNBAGAME-26APR12ORLBOS-ORL,KXNBAGAME-26APR12ORLBOS,Orlando at Boston Winner?,,2026-04-10T13:06:00Z,2026-04-13T00:53:49Z,2026-04-13T00:55:20.177496Z,no,0.0000,7433289.00,0.0100,0.0000,0.9900
KXNBAGAME-26APR12ORLBOS-BOS,KXNBAGAME-26APR12ORLBOS,Orlando at Boston Winner?,,2026-04-10T13:06:00Z,2026-04-13T00:53:49Z,2026-04-13T00:55:20.177496Z,yes,1.0000,12450798.00,0.9900,0.9900,0.0000
KXNBAGAME-26APR12PHXOKC-PHX,KXNBAGAME-26APR12PHXOKC,Phoenix at Oklahoma City Winner?,,2026-04-11T04:06:00Z,2026-04-13T02:45:45Z,2026-04-13T02:47:20.061566Z,yes,1.0000,3254005.00,0.9900,0.9900,0.0000
KXNBAGAME-26APR12PHXOKC-OKC,KXNBAGAME-26APR12PHXOKC,Phoenix at Oklahoma City Winner?,,2026-04-11T04:06:00Z,2026-04-13T02:45:45Z,2026-04-13T02:47:20.061566Z,no,0.0000,2771969.00,0.0100,0.0000,0.9900
KXNBAGAME-26APR12UTALAL-UTA,KXNBAGAME-26APR12UTALAL,Utah at Los Angeles L Winner?,,2026-04-11T04:06:00Z,2026-04-13T02:55:43Z,2026-04-13T02:57:20.024713Z,no,0.0000,1129465.00,0.0100,0.0000,0.9900
KXNBAGAME-26APR12UTALAL-LAL,KXNBAGAME-26APR12UTALAL,Utah at Los Angeles L Winner?,,2026-04-11T04:06:00Z,2026-04-13T02:55:43Z,2026-04-13T02:57:20.024713Z,yes,1.0000,1368308.00,0.9900,0.9900,0.0000
KXNBAGAME-26APR12MEMHOU-MEM,KXNBAGAME-26APR12MEMHOU,Memphis at Houston Winner?,,2026-04-11T04:06:00Z,2026-04-13T03:00:30Z,2026-04-13T03:02:00.127587Z,no,0.0000,921508.00,0.0100,0.0000,0.9900
KXNBAGAME-26APR12MEMHOU-HOU,KXNBAGAME-26APR12MEMHOU,Memphis at Houston Winner?,,2026-04-11T04:06:00Z,2026-04-13T03:00:30Z,2026-04-13T03:02:00.127587Z,yes,1.0000,553453.00,0.9900,0.9900,0.0000
KXNBAGAME-26APR12CHIDAL-DAL,KXNBAGAME-26APR12CHIDAL,Chicago at Dallas Winner?,,2026-04-11T04:06:00Z,2026-04-13T03:01:40Z,2026-04-13T03:03:10.186012Z,yes,1.0000,1191750.00,0.9900,0.9900,0.0000
KXNBAGAME-26APR12CHIDAL-CHI,KXNBAGAME-26APR12CHIDAL,Chicago at Dallas Winner?,,2026-04-11T04:06:00Z,2026-04-13T03:01:40Z,2026-04-13T03:03:10.186012Z,no,0.0000,768259.00,0.0100,0.0000,0.9900
KXNBAGAME-26APR12DENSAS-SAS,KXNBAGAME-26APR12DENSAS,Denver at San Antonio Winner?,,2026-04-11T04:06:00Z,2026-04-13T03:05:36Z,2026-04-13T03:07:10.432064Z,no,0.0000,5822515.00,0.0100,0.0000,0.9900
KXNBAGAME-26APR12DENSAS-DEN,KXNBAGAME-26APR12DENSAS,Denver at San Antonio Winner?,,2026-04-11T04:06:00Z,2026-04-13T03:05:36Z,2026-04-13T03:07:10.432064Z,yes,1.0000,11133663.00,0.9900,0.9900,0.0000
KXNBAGAME-26APR12GSWLAC-LAC,KXNBAGAME-26APR12GSWLAC,Golden State at Los Angeles C Winner?,,2026-04-11T04:06:00Z,2026-04-13T03:07:33Z,2026-04-13T03:09:10.37805Z,yes,1.0000,4071896.00,0.9900,0.9900,0.0000
KXNBAGAME-26APR12GSWLAC-GSW,KXNBAGAME-26APR12GSWLAC,Golden State at Los Angeles C Winner?,,2026-04-11T04:06:00Z,2026-04-13T03:07:33Z,2026-04-13T03:09:10.37805Z,no,0.0000,6090117.00,0.0100,0.0000,0.9900
KXNBAGAME-26APR12SACPOR-SAC,KXNBAGAME-26APR12SACPOR,Sacramento at Portland Winner?,,2026-04-11T04:06:00Z,2026-04-13T03:07:33Z,2026-04-13T03:09:10.436771Z,no,0.0000,3181022.00,0.0100,0.0000,0.9900
KXNBAGAME-26APR12SACPOR-POR,KXNBAGAME-26APR12SACPOR,Sacramento at Portland Winner?,,2026-04-11T04:06:00Z,2026-04-13T03:07:33Z,2026-04-13T03:09:10.436771Z,yes,1.0000,1244385.00,0.9900,0.9900,0.0000
KXNBAGAME-26APR12NOPMIN-NOP,KXNBAGAME-26APR12NOPMIN,New Orleans at Minnesota Winner?,,2026-04-11T04:06:00Z,2026-04-13T03:19:59Z,2026-04-13T03:21:29.978539Z,no,0.0000,1810214.00,0.0100,0.0000,0.9900
KXNBAGAME-26APR12NOPMIN-MIN,KXNBAGAME-26APR12NOPMIN,New Orleans at Minnesota Winner?,,2026-04-11T04:06:00Z,2026-04-13T03:19:59Z,2026-04-13T03:21:29.978539Z,yes,1.0000,2567107.00,0.9900,0.9900,0.0000
KXNBAGAME-26APR14MIACHA-MIA,KXNBAGAME-26APR14MIACHA,Miami at Charlotte Winner?,,2026-04-13T04:21:00Z,2026-04-15T02:23:28Z,2026-04-15T02:24:00.505308Z,no,0.0000,17461049.00,0.0100,0.0000,0.9900
KXNBAGAME-26APR14MIACHA-CHA,KXNBAGAME-26APR14MIACHA,Miami at Charlotte Winner?,,2026-04-13T04:21:00Z,2026-04-15T02:23:28Z,2026-04-15T02:24:00.505308Z,yes,1.0000,15287487.00,0.9900,0.9900,0.0000
KXNBAGAME-26APR14PORPHX-POR,KXNBAGAME-26APR14PORPHX,Portland at Phoenix Winner?,,2026-04-13T04:21:00Z,2026-04-15T04:48:51Z,2026-04-15T04:49:30.426842Z,yes,1.0000,12393023.00,0.9900,0.9900,0.0000
KXNBAGAME-26APR14PORPHX-PHX,KXNBAGAME-26APR14PORPHX,Portland at Phoenix Winner?,,2026-04-13T04:21:00Z,2026-04-15T04:48:51Z,2026-04-15T04:49:30.426842Z,no,0.0000,18522836.00,0.0100,0.0000,0.9900
KXNBAGAME-26APR15ORLPHI-PHI,KXNBAGAME-26APR15ORLPHI,Orlando at Philadelphia Winner?,,2026-04-13T16:05:00Z,2026-04-16T02:16:14Z,2026-04-16T02:16:50.17328Z,yes,1.0000,10030644.00,0.9900,0.9900,0.0000
KXNBAGAME-26APR15ORLPHI-ORL,KXNBAGAME-26APR15ORLPHI,Orlando at Philadelphia Winner?,,2026-04-13T16:05:00Z,2026-04-16T02:16:14Z,2026-04-16T02:16:50.17328Z,no,0.0000,11075833.00,0.0100,0.0000,0.9900
KXNBAGAME-26APR15GSWLAC-LAC,KXNBAGAME-26APR15GSWLAC,Golden State at Los Angeles C Winner?,,2026-04-13T16:05:00Z,2026-04-16T04:47:53Z,2026-04-16T04:48:30.375641Z,no,0.0000,12431149.00,0.0100,0.0000,0.9900
KXNBAGAME-26APR15GSWLAC-GSW,KXNBAGAME-26APR15GSWLAC,Golden State at Los Angeles C Winner?,,2026-04-13T16:05:00Z,2026-04-16T04:47:53Z,2026-04-16T04:48:30.375641Z,yes,1.0000,23436580.00,0.9900,0.9900,0.0000
KXNBAGAME-26APR17CHAORL-ORL,KXNBAGAME-26APR17CHAORL,Charlotte at Orlando Winner?,,2026-04-16T04:06:00Z,2026-04-18T02:24:20Z,2026-04-18T02:24:54.615406Z,yes,1.0000,9084346.19,0.9900,0.9900,0.0000
KXNBAGAME-26APR17CHAORL-CHA,KXNBAGAME-26APR17CHAORL,Charlotte at Orlando Winner?,,2026-04-16T04:06:00Z,2026-04-18T02:24:20Z,2026-04-18T02:24:54.615406Z,no,0.0000,17311666.21,0.0100,0.0000,0.9900
KXNBAGAME-26APR17GSWPHX-PHX,KXNBAGAME-26APR17GSWPHX,Golden State at Phoenix Winner?,,2026-04-16T07:10:00Z,2026-04-18T04:53:15Z,2026-04-18T04:53:54.765547Z,yes,1.0000,9489000.55,0.9900,0.9900,0.0000
KXNBAGAME-26APR17GSWPHX-GSW,KXNBAGAME-26APR17GSWPHX,Golden State at Phoenix Winner?,,2026-04-16T07:10:00Z,2026-04-18T04:53:15Z,2026-04-18T04:53:54.765547Z,no,0.0000,23552296.58,0.0100,0.0000,0.9900
KXNBAGAME-26APR18TORCLE-TOR,KXNBAGAME-26APR18TORCLE,Toronto at Cleveland Winner?,,2026-04-14T01:11:00Z,2026-04-18T19:50:47Z,2026-04-18T19:52:24.44002Z,no,0.0000,5923620.09,0.0100,0.0000,0.9900
KXNBAGAME-26APR18TORCLE-CLE,KXNBAGAME-26APR18TORCLE,Toronto at Cleveland Winner?,,2026-04-14T01:11:00Z,2026-04-18T19:50:47Z,2026-04-18T19:52:24.44002Z,yes,1.0000,4664302.22,0.9900,0.9900,0.0000
KXNBAGAME-26APR18MINDEN-MIN,KXNBAGAME-26APR18MINDEN,Minnesota at Denver Winner?,,2026-04-14T01:11:00Z,2026-04-18T22:16:57Z,2026-04-18T22:17:34.618741Z,no,0.0000,10065061.42,0.0100,0.0000,0.9900
KXNBAGAME-26APR18MINDEN-DEN,KXNBAGAME-26APR18MINDEN,Minnesota at Denver Winner?,,2026-04-14T01:11:00Z,2026-04-18T22:16:57Z,2026-04-18T22:17:34.618741Z,yes,1.0000,9978264.99,0.9900,0.9900,0.0000
KXNBAGAME-26APR18ATLNYK-NYK,KXNBAGAME-26APR18ATLNYK,Atlanta at New York Winner?,,2026-04-14T01:11:00Z,2026-04-19T00:51:25Z,2026-04-19T00:52:17.755443Z,yes,1.0000,9778389.75,0.9900,0.9900,0.0000
KXNBAGAME-26APR18ATLNYK-ATL,KXNBAGAME-26APR18ATLNYK,Atlanta at New York Winner?,,2026-04-14T01:11:00Z,2026-04-19T00:51:25Z,2026-04-19T00:52:17.755443Z,no,0.0000,8635512.29,0.0100,0.0000,0.9900
KXNBAGAME-26APR18HOULAL-LAL,KXNBAGAME-26APR18HOULAL,Houston at Los Angeles L Winner?,,2026-04-14T01:11:00Z,2026-04-19T03:22:19Z,2026-04-19T03:22:54.71972Z,yes,1.0000,15486859.11,0.9900,0.9900,0.0000
KXNBAGAME-26APR18HOULAL-HOU,KXNBAGAME-26APR18HOULAL,Houston at Los Angeles L Winner?,,2026-04-14T01:11:00Z,2026-04-19T03:22:19Z,2026-04-19T03:22:54.71972Z,no,0.0000,13721049.79,0.0100,0.0000,0.9900
KXNBAGAME-26APR19PHIBOS-PHI,KXNBAGAME-26APR19PHIBOS,Game 1: Philadelphia at Boston Winner?,,2026-04-16T22:32:00Z,2026-04-19T19:36:36Z,2026-04-19T19:37:14.48219Z,no,0.0000,5432246.71,0.0100,0.0000,0.9900
KXNBAGAME-26APR19PHIBOS-BOS,KXNBAGAME-26APR19PHIBOS,Game 1: Philadelphia at Boston Winner?,,2026-04-16T22:32:00Z,2026-04-19T19:36:36Z,2026-04-19T19:37:14.48219Z,yes,1.0000,5062185.09,0.9900,0.9900,0.0000
KXNBAGAME-26APR19PHXOKC-PHX,KXNBAGAME-26APR19PHXOKC,Game 1: Phoenix at Oklahoma City Winner?,,2026-04-18T20:57:00Z,2026-04-19T22:08:38Z,2026-04-19T22:09:14.364107Z,no,0.0000,6318947.67,0.0100,0.0000,0.9900
KXNBAGAME-26APR19PHXOKC-OKC,KXNBAGAME-26APR19PHXOKC,Game 1: Phoenix at Oklahoma City Winner?,,2026-04-18T20:57:00Z,2026-04-19T22:08:38Z,2026-04-19T22:09:14.364107Z,yes,1.0000,5031095.28,0.9900,0.9900,0.0000
KXNBAGAME-26APR19ORLDET-ORL,KXNBAGAME-26APR19ORLDET,Game 1: Orlando at Detroit Winner?,,2026-04-18T20:57:00Z,2026-04-20T01:08:10Z,2026-04-20T01:08:44.788638Z,yes,1.0000,14162196.00,0.9900,0.9900,0.0000
KXNBAGAME-26APR19ORLDET-DET,KXNBAGAME-26APR19ORLDET,Game 1: Orlando at Detroit Winner?,,2026-04-18T20:57:00Z,2026-04-20T01:08:10Z,2026-04-20T01:08:44.788638Z,no,0.0000,17013070.83,0.0100,0.0000,0.9900
KXNBAGAME-26APR19PORSAS-SAS,KXNBAGAME-26APR19PORSAS,Game 1: Portland at San Antonio Winner?,,2026-04-15T21:38:00Z,2026-04-20T03:46:29Z,2026-04-20T03:47:21.877908Z,yes,1.0000,11241170.50,0.9900,0.9900,0.0000
KXNBAGAME-26APR19PORSAS-POR,KXNBAGAME-26APR19PORSAS,Game 1: Portland at San Antonio Winner?,,2026-04-15T21:38:00Z,2026-04-20T03:46:29Z,2026-04-20T03:47:21.877908Z,no,0.0000,10479768.59,0.0100,0.0000,0.9900
KXNBAGAME-26APR20TORCLE-TOR,KXNBAGAME-26APR20TORCLE,Game 2: Toronto at Cleveland Winner?,,2026-04-15T07:06:00Z,2026-04-21T01:38:25Z,2026-04-21T01:39:05.813695Z,no,0.0000,5813896.07,0.0100,0.0000,0.9900
KXNBAGAME-26APR20TORCLE-CLE,KXNBAGAME-26APR20TORCLE,Game 2: Toronto at Cleveland Winner?,,2026-04-15T07:06:00Z,2026-04-21T01:38:25Z,2026-04-21T01:39:05.813695Z,yes,1.0000,6052237.18,0.9900,0.9900,0.0000
KXNBAGAME-26APR20ATLNYK-NYK,KXNBAGAME-26APR20ATLNYK,Game 2: Atlanta at New York Winner?,,2026-04-15T07:06:00Z,2026-04-21T02:47:51Z,2026-04-21T02:48:23.198989Z,no,0.0000,14731235.34,0.0100,0.0000,0.9900
KXNBAGAME-26APR20ATLNYK-ATL,KXNBAGAME-26APR20ATLNYK,Game 2: Atlanta at New York Winner?,,2026-04-15T07:06:00Z,2026-04-21T02:47:51Z,2026-04-21T02:48:23.198989Z,yes,1.0000,11397344.67,0.9900,0.9900,0.0000
KXNBAGAME-26APR20MINDEN-MIN,KXNBAGAME-26APR20MINDEN,Game 2: Minnesota at Denver Winner?,,2026-04-15T07:06:00Z,2026-04-21T05:28:34Z,2026-04-21T05:29:13.93901Z,yes,1.0000,19640001.68,0.9900,0.9900,0.0000
KXNBAGAME-26APR20MINDEN-DEN,KXNBAGAME-26APR20MINDEN,Game 2: Minnesota at Denver Winner?,,2026-04-15T07:06:00Z,2026-04-21T05:28:34Z,2026-04-21T05:29:13.93901Z,no,0.0000,15512434.60,0.0100,0.0000,0.9900
KXNBAGAME-26APR21PHIBOS-PHI,KXNBAGAME-26APR21PHIBOS,Game 2: Philadelphia at Boston Winner?,,2026-04-16T22:32:00Z,2026-04-22T01:30:03Z,2026-04-22T01:30:43.706638Z,yes,1.0000,15240536.35,0.9900,0.9900,0.0000
KXNBAGAME-26APR21PHIBOS-BOS,KXNBAGAME-26APR21PHIBOS,Game 2: Philadelphia at Boston Winner?,,2026-04-16T22:32:00Z,2026-04-22T01:30:03Z,2026-04-22T01:30:43.706638Z,no,0.0000,13661655.62,0.0100,0.0000,0.9900
KXNBAGAME-26APR21PORSAS-SAS,KXNBAGAME-26APR21PORSAS,Game 2: Portland at San Antonio Winner?,,2026-04-15T21:38:00Z,2026-04-22T02:42:45Z,2026-04-22T02:43:23.272913Z,no,0.0000,14381314.42,0.0100,0.0000,0.9900
KXNBAGAME-26APR21PORSAS-POR,KXNBAGAME-26APR21PORSAS,Game 2: Portland at San Antonio Winner?,,2026-04-15T21:38:00Z,2026-04-22T02:42:45Z,2026-04-22T02:43:23.272913Z,yes,1.0000,19349845.94,0.9900,0.9900,0.0000
KXNBAGAME-26APR21HOULAL-LAL,KXNBAGAME-26APR21HOULAL,Game 2: Houston at Los Angeles L Winner?,,2026-04-15T21:29:00Z,2026-04-22T05:19:29Z,2026-04-22T05:20:03.444556Z,yes,1.0000,20515634.95,0.9900,0.9900,0.0000
KXNBAGAME-26APR21HOULAL-HOU,KXNBAGAME-26APR21HOULAL,Game 2: Houston at Los Angeles L Winner?,,2026-04-15T21:29:00Z,2026-04-22T05:19:29Z,2026-04-22T05:20:03.444556Z,no,0.0000,14930263.47,0.0100,0.0000,0.9900
