market_ticker,wavg_yes_price,total_volume_fp,trade_count
KXNBAGAME-25APR15ATLORL-ATL,0.3198067762136702,56049.0,259
KXNBAGAME-25APR15ATLORL-ORL,0.7088392922513729,40975.0,205
KXNBAGAME-25APR15MEMGSW-GSW,0.7030299107978292,64124.0,258
KXNBAGAME-25APR15MEMGSW-MEM,0.30840728738741036,39191.0,196
KXNBAGAME-25APR16DALSAC-DAL,0.32605351097994967,46084.0,171
KXNBAGAME-25APR16DALSAC-SAC,0.688145680796908,31823.0,156
KXNBAGAME-25APR16MIACHI-CHI,0.5514154501641405,28634.0,142
KXNBAGAME-25APR16MIACHI-MIA,0.46542995503286055,14455.0,77
KXNBAGAME-25APR18DALMEM-DAL,0.3299457100816886,19709.0,111
KXNBAGAME-25APR18DALMEM-MEM,0.6840386571719227,3932.0,33
KXNBAGAME-25APR18MIAATL-ATL,0.434217037215216,58202.0,154
KXNBAGAME-25APR18MIAATL-MIA,0.6117281627612973,34013.0,237
KXNBAGAME-25APR19DETNYK-DET,0.2685632512879222,5241.0,44
KXNBAGAME-25APR19DETNYK-NYK,0.7495339080724726,21691.0,66
KXNBAGAME-25APR19LACDEN-DEN,0.5178738405953408,74176.0,220
KXNBAGAME-25APR19LACDEN-LAC,0.5023285419873216,38333.0,221
KXNBAGAME-25APR19MILIND-IND,0.7270343332953119,35068.0,84
KXNBAGAME-25APR19MILIND-MIL,0.3008370758151524,37631.0,169
KXNBAGAME-25APR19MINLAL-LAL,0.664727576711251,20336.0,95
KXNBAGAME-25APR19MINLAL-MIN,0.35458239277652365,21707.0,86
KXNBAGAME-25APR20GSWHOU-GSW,0.48218888454521763,30696.0,167
KXNBAGAME-25APR20GSWHOU-HOU,0.533161198061492,12587.0,103
KXNBAGAME-25APR20MEMOKC-MEM,0.13094897313850148,30043.0,118
KXNBAGAME-25APR20MEMOKC-OKC,0.8815205053094104,21848.0,68
KXNBAGAME-25APR20MIACLE-CLE,0.8644609812314783,15185.0,85
KXNBAGAME-25APR20MIACLE-MIA,0.154618404590362,23179.0,72
KXNBAGAME-25APR20ORLBOS-BOS,0.882014758881071,17481.0,45
KXNBAGAME-25APR20ORLBOS-ORL,0.13711491935483874,4960.0,35
KXNBAGAME-25APR21DETNYK-DET,0.3132347514651617,18428.0,141
KXNBAGAME-25APR21DETNYK-NYK,0.7102853266455619,24323.0,94
KXNBAGAME-25APR21LACDEN-DEN,0.5047110716400237,33780.0,130
KXNBAGAME-25APR21LACDEN-LAC,0.51160883132728,42621.0,101
KXNBAGAME-25APR22MEMOKC-MEM,0.11977528089887639,6675.0,19
KXNBAGAME-25APR22MEMOKC-OKC,0.9024760536398468,2088.0,20
KXNBAGAME-25APR22MILIND-IND,0.6553860581431696,19194.0,82
KXNBAGAME-25APR22MILIND-MIL,0.3317913529522181,47947.0,168
KXNBAGAME-25APR22MINLAL-LAL,0.6900005049145012,59416.0,242
KXNBAGAME-25APR22MINLAL-MIN,0.3226639868277023,108713.0,300
KXNBAGAME-25APR23GSWHOU-GSW,0.3298865800302825,107653.0,360
KXNBAGAME-25APR23GSWHOU-HOU,0.6705793298344771,54494.0,144
KXNBAGAME-25APR23MIACLE-CLE,0.851808780487805,5125.0,19
KXNBAGAME-25APR23MIACLE-MIA,0.16281973434535105,5270.0,39
KXNBAGAME-25APR23ORLBOS-BOS,0.822976311235754,16759.0,74
KXNBAGAME-25APR23ORLBOS-ORL,0.18760586379662275,26945.0,91
KXNBAGAME-25APR24DENLAC-DEN,0.32976263586294297,20517.0,75
KXNBAGAME-25APR24DENLAC-LAC,0.6924180613218495,38779.0,56
KXNBAGAME-25APR24NYKDET-DET,0.41818449218793685,89413.0,364
KXNBAGAME-25APR24NYKDET-NYK,0.5965240331924221,63870.0,364
KXNBAGAME-25APR24OKCMEM-MEM,0.2333098350557799,29222.0,156
KXNBAGAME-25APR24OKCMEM-OKC,0.7916618439032233,74646.0,130
KXNBAGAME-25APR25BOSORL-BOS,0.7236378661550948,67765.0,311
KXNBAGAME-25APR25BOSORL-ORL,0.3022898458604799,50344.0,210
KXNBAGAME-25APR25INDMIL-IND,0.3657867302302434,38177.0,96
KXNBAGAME-25APR25INDMIL-MIL,0.6539694084126866,40011.0,105
KXNBAGAME-25APR25LALMIN-LAL,0.38882038141454456,88198.0,317
KXNBAGAME-25APR25LALMIN-MIN,0.6256011202754438,38919.0,121
KXNBAGAME-25APR26CLEMIA-CLE,0.6603707753479126,10060.0,49
KXNBAGAME-25APR26CLEMIA-MIA,0.35152750071245364,14036.0,44
KXNBAGAME-25APR26DENLAC-DEN,0.3398816042997667,39444.0,146
KXNBAGAME-25APR26DENLAC-LAC,0.6799712166500609,9033.0,73
KXNBAGAME-25APR26HOUGSW-GSW,0.5048332789677793,55182.0,359
KXNBAGAME-25APR26HOUGSW-HOU,0.5322440519632171,68510.0,286
KXNBAGAME-25APR26OKCMEM-MEM,0.11183960585739701,36535.0,172
KXNBAGAME-25APR26OKCMEM-OKC,0.8935274140672544,50941.0,86
KXNBAGAME-25APR27BOSORL-BOS,0.7405954341257533,125102.0,302
KXNBAGAME-25APR27BOSORL-ORL,0.28746850108616945,82860.0,385
KXNBAGAME-25APR27INDMIL-IND,0.40227415497219265,34703.0,150
KXNBAGAME-25APR27INDMIL-MIL,0.6056032268421897,24916.0,126
KXNBAGAME-25APR27LALMIN-LAL,0.47457366269218215,64327.0,459
KXNBAGAME-25APR27LALMIN-MIN,0.543170688949921,34226.0,216
KXNBAGAME-25APR27NYKDET-DET,0.5478207346286932,15028.0,117
KXNBAGAME-25APR27NYKDET-NYK,0.4595013627353816,32288.0,163
KXNBAGAME-25APR28CLEMIA-CLE,0.7572220528261614,52474.0,81
KXNBAGAME-25APR28CLEMIA-MIA,0.2468616670784944,48564.0,71
KXNBAGAME-25APR28HOUGSW-GSW,0.6685635793862252,144874.0,506
KXNBAGAME-25APR28HOUGSW-HOU,0.33490732374003207,177068.0,433
KXNBAGAME-25APR29DETNYK-DET,0.35910807943004397,32985.0,152
KXNBAGAME-25APR29DETNYK-NYK,0.6349967154654654,21312.0,149
KXNBAGAME-25APR29LACDEN-DEN,0.5274985208851024,50706.0,212
KXNBAGAME-25APR29LACDEN-LAC,0.4783823379794487,49145.0,181
KXNBAGAME-25APR29MILIND-IND,0.7054874060830995,176752.0,341
KXNBAGAME-25APR29MILIND-MIL,0.3096598502703452,144260.0,315
KXNBAGAME-25APR29ORLBOS-BOS,0.8577341187495815,14939.0,33
KXNBAGAME-25APR29ORLBOS-ORL,0.14914788732394366,2840.0,26
KXNBAGAME-25APR30GSWHOU-GSW,0.3285354446244612,98139.0,379
KXNBAGAME-25APR30GSWHOU-HOU,0.6602445001089087,18364.0,101
KXNBAGAME-25APR30MINLAL-LAL,0.5673449248793343,69821.0,422
KXNBAGAME-25APR30MINLAL-MIN,0.40429896894547335,81373.0,556
KXNBAGAME-25DEC01ATLDET-ATL,0.24052857021756147,401082.0,1243
KXNBAGAME-25DEC01ATLDET-DET,0.7711788029579112,100882.0,500
KXNBAGAME-25DEC01CHABKN-BKN,0.34955128969436833,50322.0,180
KXNBAGAME-25DEC01CHABKN-CHA,0.6645186579255677,80234.0,275
KXNBAGAME-25DEC01CHIORL-CHI,0.2575773351597191,241643.0,1319
KXNBAGAME-25DEC01CHIORL-ORL,0.7510617305401113,80576.0,396
KXNBAGAME-25DEC01CLEIND-CLE,0.6506645120930376,557883.0,1331
KXNBAGAME-25DEC01CLEIND-IND,0.3591773887484304,177593.0,504
KXNBAGAME-25DEC01DALDEN-DAL,0.18545238466334169,51328.0,210
KXNBAGAME-25DEC01DALDEN-DEN,0.8241234848720904,64186.0,166
KXNBAGAME-25DEC01HOUUTA-HOU,0.8237028176753705,211096.0,503
KXNBAGAME-25DEC01HOUUTA-UTA,0.1941969008782403,235357.0,1023
KXNBAGAME-25DEC01LACMIA-LAC,0.2993613449696388,116761.0,352
KXNBAGAME-25DEC01LACMIA-MIA,0.707049191866757,113657.0,379
KXNBAGAME-25DEC01MILWAS-MIL,0.8096376101327585,183642.0,284
KXNBAGAME-25DEC01MILWAS-WAS,0.20819749410743085,8061.0,88
KXNBAGAME-25DEC01PHXLAL-LAL,0.6770597171340563,785319.0,1238
KXNBAGAME-25DEC01PHXLAL-PHX,0.3353417603637409,219057.0,337
KXNBAGAME-25DEC02MEMSAS-MEM,0.37637632547748656,158905.0,658
KXNBAGAME-25DEC02MEMSAS-SAS,0.6386394656910417,233423.0,926
KXNBAGAME-25DEC02MINNOP-MIN,0.8628056603549029,168046.0,359
KXNBAGAME-25DEC02MINNOP-NOP,0.14041957964845733,181372.0,649
KXNBAGAME-25DEC02NYKBOS-BOS,0.3925062223065504,447985.0,1175
KXNBAGAME-25DEC02NYKBOS-NYK,0.5914386112158767,376502.0,1257
KXNBAGAME-25DEC02OKCGSW-GSW,0.19007135238487713,1320068.0,2906
KXNBAGAME-25DEC02OKCGSW-OKC,0.8235505640866009,873802.0,1616
KXNBAGAME-25DEC02PORTOR-POR,0.36558047355794304,325958.0,675
KXNBAGAME-25DEC02PORTOR-TOR,0.6599531111466402,344005.0,989
KXNBAGAME-25DEC02WASPHI-PHI,0.8690171455759655,58849.0,378
KXNBAGAME-25DEC02WASPHI-WAS,0.14504633093757963,247243.0,713
KXNBAGAME-25DEC03BKNCHI-BKN,0.25944964226747386,21804.0,118
KXNBAGAME-25DEC03BKNCHI-CHI,0.7510152319731694,14312.0,105
KXNBAGAME-25DEC03CHANYK-CHA,0.22664050660316085,18476.0,152
KXNBAGAME-25DEC03CHANYK-NYK,0.7896152049010107,115568.0,330
KXNBAGAME-25DEC03DENIND-DEN,0.7591378784586158,570604.0,1374
KXNBAGAME-25DEC03DENIND-IND,0.26058708625293453,111602.0,737
KXNBAGAME-25DEC03DETMIL-DET,0.735493018988733,418564.0,763
KXNBAGAME-25DEC03DETMIL-MIL,0.3440158084641654,414335.0,612
KXNBAGAME-25DEC03LACATL-ATL,0.5554059413681707,281383.0,818
KXNBAGAME-25DEC03LACATL-LAC,0.42767003243934765,547175.0,548
KXNBAGAME-25DEC03MIADAL-DAL,0.37971856970871964,63959.0,328
KXNBAGAME-25DEC03MIADAL-MIA,0.6375198187995471,83885.0,268
KXNBAGAME-25DEC03PORCLE-CLE,0.8227058891731099,137999.0,239
KXNBAGAME-25DEC03PORCLE-POR,0.19705001767624433,164062.0,391
KXNBAGAME-25DEC03SACHOU-HOU,0.9104702290076336,29475.0,128
KXNBAGAME-25DEC03SACHOU-SAC,0.10218093522553004,164324.0,640
KXNBAGAME-25DEC03SASORL-ORL,0.7400037053671682,89060.0,372
KXNBAGAME-25DEC03SASORL-SAS,0.27571547865229745,558046.0,1600
KXNBAGAME-25DEC04BOSWAS-BOS,0.8211927238734994,183999.0,462
KXNBAGAME-25DEC04BOSWAS-WAS,0.19277087710624977,97092.0,431
KXNBAGAME-25DEC04GSWPHI-GSW,0.3952173193548073,205458.0,914
KXNBAGAME-25DEC04GSWPHI-PHI,0.620030569451565,314039.0,919
KXNBAGAME-25DEC04LALTOR-LAL,0.45586418430599596,420084.0,1885
KXNBAGAME-25DEC04LALTOR-TOR,0.5552622020228227,223549.0,604
KXNBAGAME-25DEC04MINNOP-MIN,0.8398442439322431,112933.0,283
KXNBAGAME-25DEC04MINNOP-NOP,0.16981928757602088,40285.0,257
KXNBAGAME-25DEC04UTABKN-BKN,0.36025819654553365,163209.0,470
KXNBAGAME-25DEC04UTABKN-UTA,0.6440336364820133,145913.0,423
KXNBAGAME-25DEC05CHATOR-CHA,0.3026875287620801,17384.0,130
KXNBAGAME-25DEC05CHATOR-TOR,0.7132825234322452,114479.0,308
KXNBAGAME-25DEC05DALOKC-DAL,0.1108020884766097,285567.0,840
KXNBAGAME-25DEC05DALOKC-OKC,0.898972653637512,107656.0,267
KXNBAGAME-25DEC05DENATL-ATL,0.4054465472379776,106842.0,319
KXNBAGAME-25DEC05DENATL-DEN,0.6008858227308037,496894.0,1118
KXNBAGAME-25DEC05INDCHI-CHI,0.6499936986924788,57131.0,160
KXNBAGAME-25DEC05INDCHI-IND,0.36901274195117206,10281.0,101
KXNBAGAME-25DEC05LACMEM-LAC,0.5528489193573708,57327.0,207
KXNBAGAME-25DEC05LACMEM-MEM,0.4676272749631087,32528.0,134
KXNBAGAME-25DEC05LALBOS-BOS,0.7499843223758995,236643.0,617
KXNBAGAME-25DEC05LALBOS-LAL,0.2653337736928171,496564.0,2933
KXNBAGAME-25DEC05MIAORL-MIA,0.32970212716566205,258466.0,789
KXNBAGAME-25DEC05MIAORL-ORL,0.7023257137051713,98430.0,327
KXNBAGAME-25DEC05PHIMIL-MIL,0.4704124112591855,64232.0,127
KXNBAGAME-25DEC05PHIMIL-PHI,0.5257575401396366,127617.0,363
KXNBAGAME-25DEC05PHXHOU-HOU,0.7898280072194501,9419.0,139
KXNBAGAME-25DEC05PHXHOU-PHX,0.21984176420354648,59721.0,270
KXNBAGAME-25DEC05PORDET-DET,0.7213438260535417,187368.0,571
KXNBAGAME-25DEC05PORDET-POR,0.2946198589965293,248079.0,806
KXNBAGAME-25DEC05SASCLE-CLE,0.6154209841782554,69967.0,311
KXNBAGAME-25DEC05SASCLE-SAS,0.4013403727883433,264225.0,953
KXNBAGAME-25DEC05UTANYK-NYK,0.8991788533609759,62705.0,201
KXNBAGAME-25DEC05UTANYK-UTA,0.11173718013045661,298950.0,665
KXNBAGAME-25DEC06ATLWAS-ATL,0.8045858772913026,287282.0,458
KXNBAGAME-25DEC06ATLWAS-WAS,0.2115699949684128,71548.0,249
KXNBAGAME-25DEC06GSWCLE-CLE,0.7708203635827824,217172.0,535
KXNBAGAME-25DEC06GSWCLE-GSW,0.2450735583684951,213300.0,790
KXNBAGAME-25DEC06HOUDAL-DAL,0.297756518417115,31411.0,235
KXNBAGAME-25DEC06HOUDAL-HOU,0.7174355701647025,57194.0,362
KXNBAGAME-25DEC06LACMIN-LAC,0.24630185922974765,75300.0,286
KXNBAGAME-25DEC06LACMIN-MIN,0.7660274342584484,122183.0,326
KXNBAGAME-25DEC06MILDET-DET,0.8481295439979601,145109.0,252
KXNBAGAME-25DEC06MILDET-MIL,0.16287908865039316,156164.0,653
KXNBAGAME-25DEC06NOPBKN-BKN,0.6196971419074323,186523.0,430
KXNBAGAME-25DEC06NOPBKN-NOP,0.3899637716397587,41128.0,235
KXNBAGAME-25DEC06SACMIA-MIA,0.7704188671174506,60783.0,274
KXNBAGAME-25DEC06SACMIA-SAC,0.24780915593705294,34950.0,210
KXNBAGAME-25DEC07BOSTOR-BOS,0.5850142870263595,195982.0,467
KXNBAGAME-25DEC07BOSTOR-TOR,0.42800721440403755,64593.0,303
KXNBAGAME-25DEC07DENCHA-CHA,0.19613535610060376,44889.0,236
KXNBAGAME-25DEC07DENCHA-DEN,0.8215116932925774,138712.0,332
KXNBAGAME-25DEC07GSWCHI-CHI,0.4899091158268296,69319.0,208
KXNBAGAME-25DEC07GSWCHI-GSW,0.5204406298645601,94433.0,496
KXNBAGAME-25DEC07LALPHI-LAL,0.5837853490634275,400930.0,1135
KXNBAGAME-25DEC07LALPHI-PHI,0.43166851069536644,59652.0,307
KXNBAGAME-25DEC07OKCUTA-OKC,0.8300120240948853,256984.0,582
KXNBAGAME-25DEC07OKCUTA-UTA,0.1817210362329212,181658.0,407
KXNBAGAME-25DEC07ORLNYK-NYK,0.5178634448740692,508454.0,963
KXNBAGAME-25DEC07ORLNYK-ORL,0.489792799827311,375241.0,610
KXNBAGAME-25DEC07PORMEM-MEM,0.5819619100545592,266317.0,552
KXNBAGAME-25DEC07PORMEM-POR,0.4310790487051085,181521.0,642
KXNBAGAME-25DEC08PHXMIN-MIN,0.7497839949869144,244161.0,699
KXNBAGAME-25DEC08PHXMIN-PHX,0.2647601715694803,431079.0,1359
KXNBAGAME-25DEC08SACIND-IND,0.60907747471285,183789.0,605
KXNBAGAME-25DEC08SACIND-SAC,0.4080629550731884,291986.0,997
KXNBAGAME-25DEC08SASNOP-NOP,0.2225154903371891,170913.0,349
KXNBAGAME-25DEC08SASNOP-SAS,0.7862167178065921,363708.0,740
KXNBAGAME-25DEC09MIAORL-MIA,0.5476195286517169,941427.0,2748
KXNBAGAME-25DEC09MIAORL-ORL,0.4502790648743792,636877.0,1980
KXNBAGAME-25DEC09NYKTOR-NYK,0.6969234652437787,709168.0,2023
KXNBAGAME-25DEC09NYKTOR-TOR,0.314079895500273,1282300.0,3138
KXNBAGAME-25DEC10PHXOKC-OKC,0.8993173883700782,428223.0,818
KXNBAGAME-25DEC10PHXOKC-PHX,0.11251225712141989,618416.0,1666
KXNBAGAME-25DEC10SASLAL-LAL,0.738194419657591,1227129.0,2868
KXNBAGAME-25DEC10SASLAL-SAS,0.28445068960226066,1003622.0,2637
KXNBAGAME-25DEC11BOSMIL-BOS,0.8911768089979281,274641.0,818
KXNBAGAME-25DEC11BOSMIL-MIL,0.14159018469803888,287388.0,1820
KXNBAGAME-25DEC11DENSAC-DEN,0.8197204779544631,88544.0,155
KXNBAGAME-25DEC11DENSAC-SAC,0.19114381270903008,29900.0,176
KXNBAGAME-25DEC11LACHOU-HOU,0.716991211108117,675398.0,1912
KXNBAGAME-25DEC11LACHOU-LAC,0.29229852290270747,759801.0,2996
KXNBAGAME-25DEC11PORNOP-NOP,0.49425505270300524,562966.0,1943
KXNBAGAME-25DEC11PORNOP-POR,0.5265637823798239,878981.0,2442
KXNBAGAME-25DEC12ATLDET-ATL,0.28280993855872905,300124.0,1199
KXNBAGAME-25DEC12ATLDET-DET,0.7241081052520342,283890.0,856
KXNBAGAME-25DEC12BKNDAL-BKN,0.2693213915406343,27969.0,192
KXNBAGAME-25DEC12BKNDAL-DAL,0.7394610102833564,31021.0,164
KXNBAGAME-25DEC12CHICHA-CHA,0.43909597104820314,153911.0,554
KXNBAGAME-25DEC12CHICHA-CHI,0.5710811536579132,230883.0,830
KXNBAGAME-25DEC12CLEWAS-CLE,0.8995763431435655,146038.0,343
KXNBAGAME-25DEC12CLEWAS-WAS,0.10730425209852758,566826.0,1721
KXNBAGAME-25DEC12INDPHI-IND,0.3254719624789829,339010.0,904
KXNBAGAME-25DEC12INDPHI-PHI,0.689422976766208,295690.0,1074
KXNBAGAME-25DEC12MINGSW-GSW,0.6321767251576929,549486.0,2001
KXNBAGAME-25DEC12MINGSW-MIN,0.3831127294587025,595532.0,2122
KXNBAGAME-25DEC12UTAMEM-MEM,0.6740498770635758,85410.0,326
KXNBAGAME-25DEC12UTAMEM-UTA,0.32710887934990956,259287.0,867
KXNBAGAME-25DEC13NYKORL-NYK,0.5972581522340972,812722.0,2267
KXNBAGAME-25DEC13NYKORL-ORL,0.412720141957177,729234.0,1969
KXNBAGAME-25DEC13SASOKC-OKC,0.8358356284231955,996693.0,2196
KXNBAGAME-25DEC13SASOKC-SAS,0.18139939573843722,1474858.0,4724
KXNBAGAME-25DEC14CHACLE-CHA,0.2060058582373141,180259.0,749
KXNBAGAME-25DEC14CHACLE-CLE,0.8135788899440325,49493.0,206
KXNBAGAME-25DEC14GSWPOR-GSW,0.6525493664463207,283796.0,812
KXNBAGAME-25DEC14GSWPOR-POR,0.3786640413099276,164803.0,563
KXNBAGAME-25DEC14LALPHX-LAL,0.5062469629531616,876674.0,3497
KXNBAGAME-25DEC14LALPHX-PHX,0.498923716846142,298834.0,1004
KXNBAGAME-25DEC14MILBKN-BKN,0.47430103282678776,15201.0,84
KXNBAGAME-25DEC14MILBKN-MIL,0.5411259487701545,66797.0,219
KXNBAGAME-25DEC14NOPCHI-CHI,0.6520226797547751,141095.0,272
KXNBAGAME-25DEC14NOPCHI-NOP,0.33998574483250177,68747.0,262
KXNBAGAME-25DEC14PHIATL-ATL,0.617873821748184,62911.0,126
KXNBAGAME-25DEC14PHIATL-PHI,0.3946349487333978,187549.0,544
KXNBAGAME-25DEC14SACMIN-MIN,0.8093938753959876,52085.0,107
KXNBAGAME-25DEC14SACMIN-SAC,0.2009009120344052,121377.0,377
KXNBAGAME-25DEC14WASIND-IND,0.7913343957654492,70279.0,248
KXNBAGAME-25DEC14WASIND-WAS,0.2329573617399359,211594.0,617
KXNBAGAME-25DEC15DALUTA-DAL,0.4861870445819343,323741.0,851
KXNBAGAME-25DEC15DALUTA-UTA,0.5320906795467342,227328.0,680
KXNBAGAME-25DEC15DETBOS-BOS,0.49536550038386196,517113.0,1432
KXNBAGAME-25DEC15DETBOS-DET,0.5084388659986531,781022.0,2275
KXNBAGAME-25DEC15HOUDEN-DEN,0.45695083616347293,1234627.0,3003
KXNBAGAME-25DEC15HOUDEN-HOU,0.5500522631160821,576506.0,1398
KXNBAGAME-25DEC15MEMLAC-LAC,0.6541680386707586,151846.0,232
KXNBAGAME-25DEC15MEMLAC-MEM,0.3555601511485177,540131.0,1268
KXNBAGAME-25DEC15TORMIA-MIA,0.641602874321748,34095.0,279
KXNBAGAME-25DEC15TORMIA-TOR,0.3677877374871258,336913.0,855
KXNBAGAME-25DEC17CLECHI-CHI,0.3496684276056272,171878.0,756
KXNBAGAME-25DEC17CLECHI-CLE,0.6624079491936635,140140.0,646
KXNBAGAME-25DEC17MEMMIN-MEM,0.31523835411373086,761535.0,2780
KXNBAGAME-25DEC17MEMMIN-MIN,0.6957637943434033,442174.0,1586
KXNBAGAME-25DEC18ATLCHA-ATL,0.6365503959142508,93202.0,449
KXNBAGAME-25DEC18ATLCHA-CHA,0.3800162560163198,62746.0,338
KXNBAGAME-25DEC18DETDAL-DAL,0.4422726036376283,224267.0,836
KXNBAGAME-25DEC18DETDAL-DET,0.5664948907859243,297306.0,767
KXNBAGAME-25DEC18GSWPHX-GSW,0.6052239452899248,207640.0,945
KXNBAGAME-25DEC18GSWPHX-PHX,0.39167946201381315,275100.0,941
KXNBAGAME-25DEC18HOUNOP-HOU,0.7999658027797455,81878.0,294
KXNBAGAME-25DEC18HOUNOP-NOP,0.1945707976356512,60228.0,379
KXNBAGAME-25DEC18LACOKC-LAC,0.09363231010223151,145552.0,436
KXNBAGAME-25DEC18LACOKC-OKC,0.9199387496069961,85877.0,149
KXNBAGAME-25DEC18LALUTA-LAL,0.7342083585076044,153927.0,360
KXNBAGAME-25DEC18LALUTA-UTA,0.2797792255011235,167773.0,457
KXNBAGAME-25DEC18MIABKN-BKN,0.2945769649879187,105535.0,325
KXNBAGAME-25DEC18MIABKN-MIA,0.7037522408068462,64151.0,192
KXNBAGAME-25DEC18NYKIND-IND,0.4024855367186137,297996.0,521
KXNBAGAME-25DEC18NYKIND-NYK,0.6135430378770346,324075.0,1266
KXNBAGAME-25DEC18ORLDEN-DEN,0.7090842859910867,25805.0,95
KXNBAGAME-25DEC18ORLDEN-ORL,0.29720751331956075,36788.0,120
KXNBAGAME-25DEC18SACPOR-POR,0.6900837946856833,86521.0,257
KXNBAGAME-25DEC18SACPOR-SAC,0.32487152311516065,374581.0,1111
KXNBAGAME-25DEC18TORMIL-MIL,0.3188402490126192,166096.0,304
KXNBAGAME-25DEC18TORMIL-TOR,0.6732957375863732,99568.0,240
KXNBAGAME-25DEC18WASSAS-SAS,0.9075423760523854,53450.0,173
KXNBAGAME-25DEC18WASSAS-WAS,0.10303604526532086,168871.0,682
KXNBAGAME-25DEC19CHICLE-CHI,0.3983620880723243,85725.0,374
KXNBAGAME-25DEC19CHICLE-CLE,0.6179605562119421,22006.0,212
KXNBAGAME-25DEC19MIABOS-BOS,0.7273431264012801,107491.0,454
KXNBAGAME-25DEC19MIABOS-MIA,0.28496953017077153,469809.0,1362
KXNBAGAME-25DEC19OKCMIN-MIN,0.30406890863470054,748063.0,2574
KXNBAGAME-25DEC19OKCMIN-OKC,0.7076749608048458,1037118.0,2464
KXNBAGAME-25DEC19PHINYK-NYK,0.6661381864231167,312708.0,1128
KXNBAGAME-25DEC19PHINYK-PHI,0.335630169018424,434923.0,1475
KXNBAGAME-25DEC19SASATL-ATL,0.3983418154513599,23972.0,176
KXNBAGAME-25DEC19SASATL-SAS,0.6197649433916325,98572.0,505
KXNBAGAME-25DEC20BOSTOR-BOS,0.4801052726291164,122254.0,268
KXNBAGAME-25DEC20BOSTOR-TOR,0.5312217375823394,112340.0,202
KXNBAGAME-25DEC20CHADET-CHA,0.21562557783864583,231466.0,1049
KXNBAGAME-25DEC20CHADET-DET,0.7977055846737756,77462.0,346
KXNBAGAME-25DEC20DALPHI-DAL,0.48756299499446454,105683.0,314
KXNBAGAME-25DEC20DALPHI-PHI,0.5303425157091562,142592.0,347
KXNBAGAME-25DEC20HOUDEN-DEN,0.47175922494229333,615180.0,1741
KXNBAGAME-25DEC20HOUDEN-HOU,0.5340773119865179,436724.0,709
KXNBAGAME-25DEC20INDNOP-IND,0.3459250822474519,248032.0,721
KXNBAGAME-25DEC20INDNOP-NOP,0.6891698258337453,109206.0,462
KXNBAGAME-25DEC20LALLAC-LAC,0.47545072873447924,526392.0,399
KXNBAGAME-25DEC20LALLAC-LAL,0.5196455336207958,739111.0,1903
KXNBAGAME-25DEC20ORLUTA-ORL,0.7249241930224976,159484.0,367
KXNBAGAME-25DEC20ORLUTA-UTA,0.28588752067063206,514619.0,1499
KXNBAGAME-25DEC20PHXGSW-GSW,0.6593432561225722,66312.0,349
KXNBAGAME-25DEC20PHXGSW-PHX,0.353561222070764,337460.0,765
KXNBAGAME-25DEC20PORSAC-POR,0.6922499785821914,198433.0,573
KXNBAGAME-25DEC20PORSAC-SAC,0.3413799988340912,274464.0,768
KXNBAGAME-25DEC20WASMEM-MEM,0.8246068455134131,12972.0,93
KXNBAGAME-25DEC20WASMEM-WAS,0.17958759547491593,169809.0,400
KXNBAGAME-25DEC21CHIATL-ATL,0.533943576400354,75713.0,488
KXNBAGAME-25DEC21CHIATL-CHI,0.45892954595351854,95651.0,645
KXNBAGAME-25DEC21HOUSAC-HOU,0.80106688325418,491872.0,1269
KXNBAGAME-25DEC21HOUSAC-SAC,0.2034453593182967,995037.0,3308
KXNBAGAME-25DEC21MIANYK-MIA,0.28635431052844945,145539.0,403
KXNBAGAME-25DEC21MIANYK-NYK,0.7240059312108481,93067.0,235
KXNBAGAME-25DEC21MILMIN-MIL,0.19947656964890595,124582.0,479
KXNBAGAME-25DEC21MILMIN-MIN,0.8206785059357208,20722.0,106
KXNBAGAME-25DEC21SASWAS-SAS,0.9057534844393533,109989.0,173
KXNBAGAME-25DEC21SASWAS-WAS,0.10832608500167586,244654.0,764
KXNBAGAME-25DEC21TORBKN-BKN,0.40930238011490205,8529.0,116
KXNBAGAME-25DEC21TORBKN-TOR,0.5999265647681666,46844.0,255
KXNBAGAME-25DEC22CHACLE-CHA,0.2459224534765781,845918.0,2286
KXNBAGAME-25DEC22CHACLE-CLE,0.7774962324931909,144658.0,752
KXNBAGAME-25DEC22DALNOP-DAL,0.5293495116603548,100340.0,555
KXNBAGAME-25DEC22DALNOP-NOP,0.4863673789767084,62426.0,279
KXNBAGAME-25DEC22DETPOR-DET,0.7138565947876703,264565.0,696
KXNBAGAME-25DEC22DETPOR-POR,0.28719614751917827,184193.0,616
KXNBAGAME-25DEC22INDBOS-BOS,0.8388551040689006,72452.0,214
KXNBAGAME-25DEC22INDBOS-IND,0.17765920372161428,125107.0,421
KXNBAGAME-25DEC22MEMOKC-MEM,0.10957933881960352,141444.0,416
KXNBAGAME-25DEC22MEMOKC-OKC,0.8965477183367092,33572.0,138
KXNBAGAME-25DEC22ORLGSW-GSW,0.6755940766826887,126078.0,387
KXNBAGAME-25DEC22ORLGSW-ORL,0.3407092944305087,212084.0,706
KXNBAGAME-25DEC22UTADEN-DEN,0.8510499025027936,136927.0,194
KXNBAGAME-25DEC22UTADEN-UTA,0.14791177584944806,271853.0,501
KXNBAGAME-25DEC23BKNPHI-BKN,0.24116219933517316,336629.0,1283
KXNBAGAME-25DEC23BKNPHI-PHI,0.772914137890584,323938.0,929
KXNBAGAME-25DEC23CHIATL-ATL,0.6062037463927736,58563.0,323
KXNBAGAME-25DEC23CHIATL-CHI,0.40103976963187793,77094.0,528
KXNBAGAME-25DEC23DENDAL-DAL,0.3256929982318004,66169.0,215
KXNBAGAME-25DEC23DENDAL-DEN,0.689967746388725,79681.0,351
KXNBAGAME-25DEC23DETSAC-DET,0.8039272168575438,134729.0,345
KXNBAGAME-25DEC23DETSAC-SAC,0.20129856024951961,287272.0,990
KXNBAGAME-25DEC23HOULAC-HOU,0.7163298967116557,210866.0,444
KXNBAGAME-25DEC23HOULAC-LAC,0.2962784838985466,87725.0,384
KXNBAGAME-25DEC23LALPHX-LAL,0.4227475279429908,108614.0,615
KXNBAGAME-25DEC23LALPHX-PHX,0.5906511820301337,79778.0,141
KXNBAGAME-25DEC23MEMUTA-MEM,0.6554352418728983,46388.0,157
KXNBAGAME-25DEC23MEMUTA-UTA,0.3466390300808265,72006.0,287
KXNBAGAME-25DEC23MILIND-IND,0.4824794937066893,28284.0,202
KXNBAGAME-25DEC23MILIND-MIL,0.5306490125339383,26887.0,245
KXNBAGAME-25DEC23NOPCLE-CLE,0.7708895638173303,27328.0,182
KXNBAGAME-25DEC23NOPCLE-NOP,0.23476611816753834,169979.0,376
KXNBAGAME-25DEC23NYKMIN-MIN,0.7131844761056693,67380.0,251
KXNBAGAME-25DEC23NYKMIN-NYK,0.29974785929024694,219203.0,936
KXNBAGAME-25DEC23OKCSAS-OKC,0.6939849194561865,70024.0,339
KXNBAGAME-25DEC23OKCSAS-SAS,0.3223892319595907,136998.0,820
KXNBAGAME-25DEC23ORLPOR-ORL,0.5297969162383664,107985.0,250
KXNBAGAME-25DEC23ORLPOR-POR,0.4853857284493154,74638.0,192
KXNBAGAME-25DEC23TORMIA-MIA,0.656256594068629,98763.0,156
KXNBAGAME-25DEC23TORMIA-TOR,0.3504182220270397,127516.0,372
KXNBAGAME-25DEC23WASCHA-CHA,0.6987892809846538,64185.0,262
KXNBAGAME-25DEC23WASCHA-WAS,0.3148024107106743,74169.0,350
KXNBAGAME-25DEC25CLENYK-CLE,0.4649213646448562,906844.0,3072
KXNBAGAME-25DEC25CLENYK-NYK,0.5159395081629577,1738218.0,5110
KXNBAGAME-25DEC25DALGSW-DAL,0.2769074632630523,2060868.0,6098
KXNBAGAME-25DEC25DALGSW-GSW,0.7377147020587238,445373.0,1261
KXNBAGAME-25DEC25HOULAL-HOU,0.5411015397279231,1005892.0,2753
KXNBAGAME-25DEC25HOULAL-LAL,0.46887169371722065,2627611.0,7800
KXNBAGAME-25DEC25MINDEN-DEN,0.4950957529652172,3368303.0,11690
KXNBAGAME-25DEC25MINDEN-MIN,0.5019557592420716,2287393.0,8167
KXNBAGAME-25DEC25SASOKC-OKC,0.7601536230042772,94452.0,382
KXNBAGAME-25DEC25SASOKC-SAS,0.2521583736888706,1126033.0,2984
KXNBAGAME-25DEC26BOSIND-BOS,0.7482421698417825,185820.0,951
KXNBAGAME-25DEC26BOSIND-IND,0.2690901863844208,172332.0,996
KXNBAGAME-25DEC26CHAORL-CHA,0.3337198934691987,138176.0,703
KXNBAGAME-25DEC26CHAORL-ORL,0.6781863814753536,125109.0,690
KXNBAGAME-25DEC26DETUTA-DET,0.7877868943904097,295797.0,657
KXNBAGAME-25DEC26DETUTA-UTA,0.23439237631551602,336845.0,1167
KXNBAGAME-25DEC26LACPOR-LAC,0.5079551187189398,452750.0,1663
KXNBAGAME-25DEC26LACPOR-POR,0.4838189486617967,579471.0,1715
KXNBAGAME-25DEC26MIAATL-ATL,0.5909210788613347,100328.0,609
KXNBAGAME-25DEC26MIAATL-MIA,0.4177256280098919,76830.0,643
KXNBAGAME-25DEC26MILMEM-MEM,0.6350888250692556,39347.0,186
KXNBAGAME-25DEC26MILMEM-MIL,0.3717693904638737,58766.0,430
KXNBAGAME-25DEC26PHICHI-CHI,0.44029331639252317,174726.0,902
KXNBAGAME-25DEC26PHICHI-PHI,0.5528939940410852,420882.0,807
KXNBAGAME-25DEC26PHXNOP-NOP,0.3636448967604934,88532.0,514
KXNBAGAME-25DEC26PHXNOP-PHX,0.6562603236447275,122171.0,534
KXNBAGAME-25DEC26TORWAS-TOR,0.7482365183007725,38441.0,339
KXNBAGAME-25DEC26TORWAS-WAS,0.26393335557992087,41954.0,344
KXNBAGAME-25DEC27BKNMIN-BKN,0.16988979787077466,163064.0,380
KXNBAGAME-25DEC27BKNMIN-MIN,0.8393314027765948,35223.0,127
KXNBAGAME-25DEC27CLEHOU-CLE,0.4465671324535137,108204.0,326
KXNBAGAME-25DEC27CLEHOU-HOU,0.5649119311389176,87829.0,429
KXNBAGAME-25DEC27DALSAC-DAL,0.5792395682525121,69763.0,516
KXNBAGAME-25DEC27DALSAC-SAC,0.43671825913723084,91357.0,331
KXNBAGAME-25DEC27DENORL-DEN,0.6311050108063632,872634.0,3550
KXNBAGAME-25DEC27DENORL-ORL,0.3772598541300627,708028.0,2083
KXNBAGAME-25DEC27INDMIA-IND,0.29536470558857314,80092.0,264
KXNBAGAME-25DEC27INDMIA-MIA,0.7148253123553909,25932.0,213
KXNBAGAME-25DEC27MILCHI-CHI,0.5669780516302783,190857.0,786
KXNBAGAME-25DEC27MILCHI-MIL,0.45483695129199325,176665.0,737
KXNBAGAME-25DEC27NYKATL-ATL,0.36239742229613486,139504.0,573
KXNBAGAME-25DEC27NYKATL-NYK,0.6606478755622269,189203.0,709
KXNBAGAME-25DEC27PHXNOP-NOP,0.39294106284858876,497004.0,1660
KXNBAGAME-25DEC27PHXNOP-PHX,0.6225031715342085,294810.0,1179
KXNBAGAME-25DEC27UTASAS-SAS,0.8587832861825857,133614.0,278
KXNBAGAME-25DEC27UTASAS-UTA,0.1562762195402475,326045.0,935
KXNBAGAME-25DEC28BOSPOR-BOS,0.7313783160560847,242419.0,650
KXNBAGAME-25DEC28BOSPOR-POR,0.26836935941112267,286783.0,643
KXNBAGAME-25DEC28DETLAC-DET,0.5104224961636579,822398.0,2829
KXNBAGAME-25DEC28DETLAC-LAC,0.4919240230338448,783369.0,2845
KXNBAGAME-25DEC28GSWTOR-GSW,0.6259521587267987,103927.0,644
KXNBAGAME-25DEC28GSWTOR-TOR,0.3850660851870782,209351.0,772
KXNBAGAME-25DEC28MEMWAS-MEM,0.7146691339901377,96731.0,348
KXNBAGAME-25DEC28MEMWAS-WAS,0.3010471368306963,188218.0,671
KXNBAGAME-25DEC28PHIOKC-OKC,0.8615751313761905,50618.0,181
KXNBAGAME-25DEC28PHIOKC-PHI,0.14572874242464576,225402.0,475
KXNBAGAME-25DEC28SACLAL-LAL,0.8116244934714093,99945.0,432
KXNBAGAME-25DEC28SACLAL-SAC,0.20073609585541222,497082.0,1676
KXNBAGAME-25DEC29ATLOKC-ATL,0.10330228639866836,295574.0,1122
KXNBAGAME-25DEC29ATLOKC-OKC,0.9034666785618698,56045.0,203
KXNBAGAME-25DEC29CLESAS-CLE,0.4701209336561297,173897.0,656
KXNBAGAME-25DEC29CLESAS-SAS,0.5300652069752371,544727.0,2255
KXNBAGAME-25DEC29DALPOR-DAL,0.4428840124218254,534221.0,2080
KXNBAGAME-25DEC29DALPOR-POR,0.5713097115893621,372143.0,1380
KXNBAGAME-25DEC29DENMIA-DEN,0.5491146352745467,235643.0,709
KXNBAGAME-25DEC29DENMIA-MIA,0.469452448028626,74897.0,196
KXNBAGAME-25DEC29GSWBKN-BKN,0.34188816068060207,207816.0,452
KXNBAGAME-25DEC29GSWBKN-GSW,0.6587355998282888,142099.0,383
KXNBAGAME-25DEC29INDHOU-HOU,0.8541640912435614,27180.0,91
KXNBAGAME-25DEC29INDHOU-IND,0.1597732836615221,46975.0,151
KXNBAGAME-25DEC29MILCHA-CHA,0.42403577284888233,92696.0,396
KXNBAGAME-25DEC29MILCHA-MIL,0.5892234208840487,195125.0,577
KXNBAGAME-25DEC29MINCHI-CHI,0.34359630938129576,34249.0,221
KXNBAGAME-25DEC29MINCHI-MIN,0.671450752766189,27565.0,178
KXNBAGAME-25DEC29NYKNOP-NOP,0.2695791042234333,117440.0,373
KXNBAGAME-25DEC29NYKNOP-NYK,0.7453623118821654,187449.0,379
KXNBAGAME-25DEC29ORLTOR-ORL,0.5634912508967983,82237.0,257
KXNBAGAME-25DEC29ORLTOR-TOR,0.3901450417582976,78667.0,356
KXNBAGAME-25DEC29PHXWAS-PHX,0.7879635454166508,26389.0,223
KXNBAGAME-25DEC29PHXWAS-WAS,0.21996159206866758,158561.0,392
KXNBAGAME-25DEC30BOSUTA-BOS,0.7163937113026587,82370.0,359
KXNBAGAME-25DEC30BOSUTA-UTA,0.29264154901032613,352793.0,769
KXNBAGAME-25DEC30DETLAL-DET,0.5715126423703519,513274.0,1219
KXNBAGAME-25DEC30DETLAL-LAL,0.44325142805691575,755222.0,2780
KXNBAGAME-25DEC30PHIMEM-MEM,0.5215010524990734,428979.0,1365
KXNBAGAME-25DEC30PHIMEM-PHI,0.4894037132768065,667766.0,1882
KXNBAGAME-25DEC30SACLAC-LAC,0.774746298124383,25325.0,139
KXNBAGAME-25DEC30SACLAC-SAC,0.22995207418653316,121855.0,413
KXNBAGAME-25DEC31DENTOR-DEN,0.3111461536709264,175596.0,667
KXNBAGAME-25DEC31DENTOR-TOR,0.7060663377668337,230668.0,305
KXNBAGAME-25DEC31GSWCHA-CHA,0.286000566552176,141205.0,476
KXNBAGAME-25DEC31GSWCHA-GSW,0.7287109321602108,160938.0,477
KXNBAGAME-25DEC31MINATL-ATL,0.34705206308865305,53512.0,152
KXNBAGAME-25DEC31MINATL-MIN,0.6658336151504903,32527.0,189
KXNBAGAME-25DEC31NOPCHI-CHI,0.5419642807311289,215010.0,797
KXNBAGAME-25DEC31NOPCHI-NOP,0.47181499074556077,276624.0,811
KXNBAGAME-25DEC31NYKSAS-NYK,0.4207626704301374,775171.0,3123
KXNBAGAME-25DEC31NYKSAS-SAS,0.5821248381895398,440330.0,2047
KXNBAGAME-25DEC31ORLIND-IND,0.30470871608378397,127041.0,366
KXNBAGAME-25DEC31ORLIND-ORL,0.6792299076318778,260696.0,746
KXNBAGAME-25DEC31PHXCLE-CLE,0.692231761662875,64178.0,162
KXNBAGAME-25DEC31PHXCLE-PHX,0.3192160027353122,345116.0,682
KXNBAGAME-25DEC31POROKC-OKC,0.884604217937136,64202.0,195
KXNBAGAME-25DEC31POROKC-POR,0.11995646426795697,247383.0,404
KXNBAGAME-25DEC31WASMIL-MIL,0.8139787953688042,15374.0,118
KXNBAGAME-25DEC31WASMIL-WAS,0.1962011884550085,37696.0,220
KXNBAGAME-25JUN05INDOKC-IND,0.19851290011287517,1490142.0,3243
KXNBAGAME-25JUN05INDOKC-OKC,0.8166675930039988,618925.0,944
KXNBAGAME-25JUN08INDOKC-IND,0.18588743859126514,2041037.0,4117
KXNBAGAME-25JUN08INDOKC-OKC,0.8184145606604837,466325.0,795
KXNBAGAME-25JUN11OKCIND-IND,0.31782716664996224,1207267.0,3140
KXNBAGAME-25JUN11OKCIND-OKC,0.6958268305023491,1383500.0,2709
KXNBAGAME-25JUN13OKCIND-IND,0.39970951775339597,2218139.0,5116
KXNBAGAME-25JUN13OKCIND-OKC,0.604136397220585,1806855.0,4151
KXNBAGAME-25JUN16INDOKC-IND,0.2372250932911261,2163925.0,5435
KXNBAGAME-25JUN16INDOKC-OKC,0.7721886297420565,1048912.0,1318
KXNBAGAME-25JUN19OKCIND-IND,0.3426676429822064,1173118.0,2764
KXNBAGAME-25JUN19OKCIND-OKC,0.6714697164244962,1108241.0,2507
KXNBAGAME-25MAY01DENLAC-DEN,0.32747112747221024,27708.0,124
KXNBAGAME-25MAY01DENLAC-LAC,0.6761275999065202,8558.0,48
KXNBAGAME-25MAY01NYKDET-DET,0.37195596496441263,70671.0,297
KXNBAGAME-25MAY01NYKDET-NYK,0.5948962083617139,61662.0,241
KXNBAGAME-25MAY02HOUGSW-GSW,0.6706271859468271,76054.0,247
KXNBAGAME-25MAY02HOUGSW-HOU,0.33701003650653655,89573.0,397
KXNBAGAME-25MAY04INDCLE-CLE,0.765711842026289,33322.0,100
KXNBAGAME-25MAY04INDCLE-IND,0.2383890966345208,30486.0,123
KXNBAGAME-25MAY05DENOKC-DEN,0.25533429558907267,151034.0,628
KXNBAGAME-25MAY05DENOKC-OKC,0.7531692231568531,44462.0,163
KXNBAGAME-25MAY05NYKBOS-BOS,0.7734148414261984,51774.0,187
KXNBAGAME-25MAY05NYKBOS-NYK,0.23844516535260624,73056.0,289
KXNBAGAME-25MAY06GSWMIN-GSW,0.3508276693917406,104462.0,466
KXNBAGAME-25MAY06GSWMIN-MIN,0.6585977310264532,36933.0,166
KXNBAGAME-25MAY06INDCLE-CLE,0.6536556195012238,75585.0,207
KXNBAGAME-25MAY06INDCLE-IND,0.3443212652143577,167687.0,660
KXNBAGAME-25MAY07DENOKC-DEN,0.2021671162819307,341403.0,794
KXNBAGAME-25MAY07DENOKC-OKC,0.8035941478772165,107995.0,144
KXNBAGAME-25MAY07NYKBOS-BOS,0.8059095919310681,84373.0,129
KXNBAGAME-25MAY07NYKBOS-NYK,0.19849158271695844,89637.0,276
KXNBAGAME-25MAY08GSWMIN-GSW,0.18987906116554282,96247.0,467
KXNBAGAME-25MAY08GSWMIN-MIN,0.8174409729289641,19652.0,106
KXNBAGAME-25MAY09CLEIND-CLE,0.7142908086333469,90857.0,275
KXNBAGAME-25MAY09CLEIND-IND,0.27065245157170226,112744.0,507
KXNBAGAME-25MAY09OKCDEN-DEN,0.29863589998955875,124507.0,594
KXNBAGAME-25MAY09OKCDEN-OKC,0.7151681248023612,75896.0,278
KXNBAGAME-25MAY10BOSNYK-BOS,0.6948856620962335,43249.0,155
KXNBAGAME-25MAY10BOSNYK-NYK,0.3144475960012694,100832.0,395
KXNBAGAME-25MAY10MINGSW-GSW,0.2904823387961569,92321.0,536
KXNBAGAME-25MAY10MINGSW-MIN,0.7100536812259072,62778.0,311
KXNBAGAME-25MAY11CLEIND-CLE,0.586948702524425,96418.0,373
KXNBAGAME-25MAY11CLEIND-IND,0.4191488684672759,78566.0,441
KXNBAGAME-25MAY11OKCDEN-DEN,0.29034248388155454,94457.0,363
KXNBAGAME-25MAY11OKCDEN-OKC,0.7074007753369025,27085.0,103
KXNBAGAME-25MAY12BOSNYK-BOS,0.7067516312082956,54101.0,170
KXNBAGAME-25MAY12BOSNYK-NYK,0.2981705602946879,82528.0,384
KXNBAGAME-25MAY12MINGSW-GSW,0.37958163974029896,165575.0,816
KXNBAGAME-25MAY12MINGSW-MIN,0.642452004517222,170016.0,627
KXNBAGAME-25MAY13DENOKC-DEN,0.21951032915296886,246390.0,522
KXNBAGAME-25MAY13DENOKC-OKC,0.7951919365954514,29020.0,57
KXNBAGAME-25MAY13INDCLE-CLE,0.7312541108019225,63248.0,147
KXNBAGAME-25MAY13INDCLE-IND,0.2742105507384721,150852.0,688
KXNBAGAME-25MAY14GSWMIN-GSW,0.23327622744511733,145811.0,426
KXNBAGAME-25MAY14GSWMIN-MIN,0.7820155634226171,29942.0,103
KXNBAGAME-25MAY14NYKBOS-BOS,0.6210418209980471,44547.0,148
KXNBAGAME-25MAY14NYKBOS-NYK,0.38858514208379064,254181.0,855
KXNBAGAME-25MAY15OKCDEN-DEN,0.41954077632139486,161969.0,700
KXNBAGAME-25MAY15OKCDEN-OKC,0.5560136082569018,87006.0,355
KXNBAGAME-25MAY16BOSNYK-BOS,0.42670339869875795,109895.0,232
KXNBAGAME-25MAY16BOSNYK-NYK,0.5838360151154995,65628.0,323
KXNBAGAME-25MAY20MINOKC-MIN,0.29354366658624753,493249.0,1485
KXNBAGAME-25MAY20MINOKC-OKC,0.7169080752490231,314529.0,527
KXNBAGAME-25MAY21INDNYK-IND,0.4053976483840679,1477197.0,2742
KXNBAGAME-25MAY21INDNYK-NYK,0.6117306496266763,943819.0,2019
KXNBAGAME-25MAY22MINOKC-MIN,0.275601424409345,857057.0,2126
KXNBAGAME-25MAY22MINOKC-OKC,0.7446374949665394,208604.0,669
KXNBAGAME-25MAY23INDNYK-IND,0.34825238936425196,739318.0,1848
KXNBAGAME-25MAY23INDNYK-NYK,0.635230531343663,472105.0,1207
KXNBAGAME-25MAY24OKCMIN-MIN,0.43011303792168876,363064.0,855
KXNBAGAME-25MAY24OKCMIN-OKC,0.5821898874145557,338232.0,868
KXNBAGAME-25MAY25NYKIND-IND,0.5110746763951967,658133.0,1611
KXNBAGAME-25MAY25NYKIND-NYK,0.4979912919296301,1032146.0,2190
KXNBAGAME-25MAY26OKCMIN-MIN,0.41360397269875104,904574.0,2071
KXNBAGAME-25MAY26OKCMIN-OKC,0.5893630847375864,845764.0,1701
KXNBAGAME-25MAY27NYKIND-IND,0.6237856181340664,743617.0,1335
KXNBAGAME-25MAY27NYKIND-NYK,0.384042914165953,1224817.0,2654
KXNBAGAME-25MAY28MINOKC-MIN,0.24957028307217116,849536.0,1700
KXNBAGAME-25MAY28MINOKC-OKC,0.7556578268012205,298270.0,435
KXNBAGAME-25MAY29INDNYK-IND,0.3781775548690404,1464077.0,2558
KXNBAGAME-25MAY29INDNYK-NYK,0.6388961733658675,569247.0,737
KXNBAGAME-25MAY31NYKIND-IND,0.6273800873612566,789137.0,1772
KXNBAGAME-25MAY31NYKIND-NYK,0.38399132877081954,815340.0,1858
KXNBAGAME-25NOV01DALDET-DAL,0.2800193666791722,394492.0,1524
KXNBAGAME-25NOV01DALDET-DET,0.7304785697466734,174123.0,456
KXNBAGAME-25NOV01GSWIND-GSW,0.8108127536125442,108926.0,215
KXNBAGAME-25NOV01GSWIND-IND,0.194962157214771,85221.0,297
KXNBAGAME-25NOV01HOUBOS-BOS,0.3636348005825152,106435.0,373
KXNBAGAME-25NOV01HOUBOS-HOU,0.6466207756514659,117888.0,270
KXNBAGAME-25NOV01MINCHA-CHA,0.3860219732405091,220632.0,280
KXNBAGAME-25NOV01MINCHA-MIN,0.6200588973304524,57388.0,283
KXNBAGAME-25NOV01ORLWAS-ORL,0.7699999999999999,2207.0,40
KXNBAGAME-25NOV01ORLWAS-WAS,0.2399524235378286,27955.0,110
KXNBAGAME-25NOV01SACMIL-MIL,0.7601779359430605,355184.0,1052
KXNBAGAME-25NOV01SACMIL-SAC,0.23521976528098174,356767.0,958
KXNBAGAME-25NOV02ATLCLE-ATL,0.24082191379714218,170760.0,564
KXNBAGAME-25NOV02ATLCLE-CLE,0.7896067948488888,145522.0,442
KXNBAGAME-25NOV02CHINYK-CHI,0.2994583503283861,120133.0,628
KXNBAGAME-25NOV02CHINYK-NYK,0.7047082528754931,47644.0,130
KXNBAGAME-25NOV02MEMTOR-MEM,0.38713231809095966,48527.0,161
KXNBAGAME-25NOV02MEMTOR-TOR,0.6207384862754106,34828.0,183
KXNBAGAME-25NOV02MIALAL-LAL,0.6857605359553078,1098002.0,2372
KXNBAGAME-25NOV02MIALAL-MIA,0.3294092861942782,627986.0,1327
KXNBAGAME-25NOV02NOPOKC-NOP,0.14956011290216706,106641.0,275
KXNBAGAME-25NOV02NOPOKC-OKC,0.869510967350652,49465.0,175
KXNBAGAME-25NOV02PHIBKN-BKN,0.3600513266393672,35654.0,123
KXNBAGAME-25NOV02PHIBKN-PHI,0.6516777070112956,258597.0,775
KXNBAGAME-25NOV02SASPHX-PHX,0.3302996289526395,182726.0,193
KXNBAGAME-25NOV02SASPHX-SAS,0.6799081053752131,393603.0,929
KXNBAGAME-25NOV02UTACHA-CHA,0.4971562134787691,35938.0,191
KXNBAGAME-25NOV02UTACHA-UTA,0.5152018268868965,77071.0,285
KXNBAGAME-25NOV03DALHOU-DAL,0.18026027942126982,160904.0,864
KXNBAGAME-25NOV03DALHOU-HOU,0.8253263637253941,40844.0,141
KXNBAGAME-25NOV03DETMEM-DET,0.6466030562895747,80228.0,370
KXNBAGAME-25NOV03DETMEM-MEM,0.36960480740683727,90943.0,278
KXNBAGAME-25NOV03LALPOR-LAL,0.23991914109328746,245242.0,754
KXNBAGAME-25NOV03LALPOR-POR,0.7697904037247673,256016.0,202
KXNBAGAME-25NOV03MIALAC-LAC,0.7336172827013977,138358.0,187
KXNBAGAME-25NOV03MIALAC-MIA,0.2738718500066764,217183.0,383
KXNBAGAME-25NOV03MILIND-IND,0.2949529782947504,131535.0,582
KXNBAGAME-25NOV03MILIND-MIL,0.710815054631544,366638.0,1032
KXNBAGAME-25NOV03MINBKN-BKN,0.2626533836724264,277849.0,1080
KXNBAGAME-25NOV03MINBKN-MIN,0.7709687271850448,149299.0,543
KXNBAGAME-25NOV03SACDEN-DEN,0.8534446484327889,74623.0,114
KXNBAGAME-25NOV03SACDEN-SAC,0.1572660140625178,87751.0,203
KXNBAGAME-25NOV03UTABOS-BOS,0.8633706344377832,146287.0,359
KXNBAGAME-25NOV03UTABOS-UTA,0.15801051091726717,184570.0,588
KXNBAGAME-25NOV03WASNYK-NYK,0.8521476633317172,136134.0,240
KXNBAGAME-25NOV03WASNYK-WAS,0.16004539640934137,126662.0,521
KXNBAGAME-25NOV04CHANOP-CHA,0.43652240276163184,112687.0,562
KXNBAGAME-25NOV04CHANOP-NOP,0.5813798367202302,73371.0,235
KXNBAGAME-25NOV04MILTOR-MIL,0.46778234786249734,539742.0,1427
KXNBAGAME-25NOV04MILTOR-TOR,0.5418779316591357,197627.0,331
KXNBAGAME-25NOV04OKCLAC-LAC,0.26718850568934494,1074201.0,1516
KXNBAGAME-25NOV04OKCLAC-OKC,0.7447500944482993,1183187.0,1657
KXNBAGAME-25NOV04ORLATL-ATL,0.4615794373189905,261036.0,951
KXNBAGAME-25NOV04ORLATL-ORL,0.5615335312758729,280216.0,812
KXNBAGAME-25NOV04PHICHI-CHI,0.5150196208405143,75430.0,440
KXNBAGAME-25NOV04PHICHI-PHI,0.4896146142254704,270093.0,823
KXNBAGAME-25NOV04PHXGSW-GSW,0.7932396618455898,98180.0,286
KXNBAGAME-25NOV04PHXGSW-PHX,0.216404534248279,273386.0,973
KXNBAGAME-25NOV05BKNIND-BKN,0.36504731171538457,324761.0,1129
KXNBAGAME-25NOV05BKNIND-IND,0.640905426089206,231935.0,651
KXNBAGAME-25NOV05GSWSAC-GSW,0.4831286701444842,402743.0,1439
KXNBAGAME-25NOV05GSWSAC-SAC,0.5413187337503488,247313.0,671
KXNBAGAME-25NOV05HOUMEM-HOU,0.7430494603913841,89324.0,210
KXNBAGAME-25NOV05HOUMEM-MEM,0.27130585339396723,23969.0,115
KXNBAGAME-25NOV05MIADEN-DEN,0.7610745871816401,71460.0,264
KXNBAGAME-25NOV05MIADEN-MIA,0.2541099867876611,252794.0,750
KXNBAGAME-25NOV05MINNYK-MIN,0.40675412372946923,199031.0,735
KXNBAGAME-25NOV05MINNYK-NYK,0.6011531579889068,268272.0,652
KXNBAGAME-25NOV05NOPDAL-DAL,0.7399933210886624,89835.0,99
KXNBAGAME-25NOV05NOPDAL-NOP,0.26829399387036273,43722.0,84
KXNBAGAME-25NOV05OKCPOR-OKC,0.7289433438119894,951776.0,2478
KXNBAGAME-25NOV05OKCPOR-POR,0.30111686698289286,336468.0,796
KXNBAGAME-25NOV05PHICLE-CLE,0.8126590423603315,228917.0,305
KXNBAGAME-25NOV05PHICLE-PHI,0.18951851215597784,646143.0,1824
KXNBAGAME-25NOV05SASLAL-LAL,0.42357135088819525,983849.0,3125
KXNBAGAME-25NOV05SASLAL-SAS,0.5751243054441145,797632.0,1950
KXNBAGAME-25NOV05UTADET-DET,0.7966843835687647,76951.0,421
KXNBAGAME-25NOV05UTADET-UTA,0.2185997845893561,216331.0,641
KXNBAGAME-25NOV05WASBOS-BOS,0.849925486487261,34893.0,138
KXNBAGAME-25NOV05WASBOS-WAS,0.1599007860795238,39309.0,169
KXNBAGAME-25NOV06LACPHX-LAC,0.43206978128845314,125965.0,500
KXNBAGAME-25NOV06LACPHX-PHX,0.5802459338633081,287435.0,734
KXNBAGAME-25NOV07BOSORL-BOS,0.33321098597485305,640635.0,2034
KXNBAGAME-25NOV07BOSORL-ORL,0.6557963720880788,413902.0,854
KXNBAGAME-25NOV07CHAMIA-CHA,0.2529651696670724,46827.0,152
KXNBAGAME-25NOV07CHAMIA-MIA,0.7543781768026361,78302.0,171
KXNBAGAME-25NOV07CHIMIL-CHI,0.40421416523686277,137548.0,473
KXNBAGAME-25NOV07CHIMIL-MIL,0.6025827599174688,98387.0,239
KXNBAGAME-25NOV07CLEWAS-CLE,0.8866036991800901,182581.0,252
KXNBAGAME-25NOV07CLEWAS-WAS,0.12090268465029916,155104.0,456
KXNBAGAME-25NOV07DALMEM-DAL,0.37776569236245694,25283.0,151
KXNBAGAME-25NOV07DALMEM-MEM,0.6343247434979719,16764.0,120
KXNBAGAME-25NOV07DETBKN-BKN,0.2762648798882548,209763.0,701
KXNBAGAME-25NOV07DETBKN-DET,0.7562269577002324,272271.0,602
KXNBAGAME-25NOV07GSWDEN-DEN,0.8065370316923669,291048.0,187
KXNBAGAME-25NOV07GSWDEN-GSW,0.20975014524093852,247864.0,655
KXNBAGAME-25NOV07HOUSAS-HOU,0.5978804658453633,353422.0,837
KXNBAGAME-25NOV07HOUSAS-SAS,0.3983374561016565,410323.0,1390
KXNBAGAME-25NOV07OKCSAC-OKC,0.8399842627437561,14615.0,31
KXNBAGAME-25NOV07OKCSAC-SAC,0.1791746842070816,15279.0,56
KXNBAGAME-25NOV07TORATL-ATL,0.5607759864234196,70710.0,283
KXNBAGAME-25NOV07TORATL-TOR,0.4537481620522446,287685.0,513
KXNBAGAME-25NOV07UTAMIN-MIN,0.8488246439704173,16361.0,77
KXNBAGAME-25NOV07UTAMIN-UTA,0.1598327685997309,123362.0,291
KXNBAGAME-25NOV08CHICLE-CHI,0.2390682720444337,107306.0,442
KXNBAGAME-25NOV08CHICLE-CLE,0.7727235594456602,13710.0,121
KXNBAGAME-25NOV08DALWAS-DAL,0.5776438775444035,154211.0,693
KXNBAGAME-25NOV08DALWAS-WAS,0.433753570299704,174005.0,557
KXNBAGAME-25NOV08INDDEN-DEN,0.8004712195341916,177412.0,280
KXNBAGAME-25NOV08INDDEN-IND,0.21362748730466619,45883.0,160
KXNBAGAME-25NOV08LALATL-ATL,0.33571464929247685,19646.0,96
KXNBAGAME-25NOV08LALATL-LAL,0.6725995819149546,191827.0,647
KXNBAGAME-25NOV08NOPSAS-NOP,0.15832886560253445,49242.0,129
KXNBAGAME-25NOV08NOPSAS-SAS,0.8429479917610709,58260.0,219
KXNBAGAME-25NOV08PHXLAC-LAC,0.6263928939907577,115339.0,339
KXNBAGAME-25NOV08PHXLAC-PHX,0.39140354714707826,278872.0,822
KXNBAGAME-25NOV08PORMIA-MIA,0.3254350486586955,152799.0,529
KXNBAGAME-25NOV08PORMIA-POR,0.6471388675521281,196583.0,297
KXNBAGAME-25NOV08TORPHI-PHI,0.6395098418038003,175984.0,483
KXNBAGAME-25NOV08TORPHI-TOR,0.36471296488985344,100911.0,398
KXNBAGAME-25NOV09BKNNYK-BKN,0.07891081861436065,221313.0,634
KXNBAGAME-25NOV09BKNNYK-NYK,0.9320089836531629,175875.0,264
KXNBAGAME-25NOV09BOSORL-BOS,0.35421214589555616,464058.0,1188
KXNBAGAME-25NOV09BOSORL-ORL,0.6439692210559544,316775.0,695
KXNBAGAME-25NOV09DETPHI-DET,0.6708737934840329,96041.0,313
KXNBAGAME-25NOV09DETPHI-PHI,0.35322288514363837,239177.0,645
KXNBAGAME-25NOV09HOUMIL-HOU,0.6181852502058509,128734.0,418
KXNBAGAME-25NOV09HOUMIL-MIL,0.3812664641777504,278863.0,778
KXNBAGAME-25NOV09INDGSW-GSW,0.8562067582472677,119676.0,319
KXNBAGAME-25NOV09INDGSW-IND,0.16272130790980932,220688.0,689
KXNBAGAME-25NOV09MINSAC-MIN,0.6475638372697526,196202.0,815
KXNBAGAME-25NOV09MINSAC-SAC,0.33635606968544285,287865.0,820
KXNBAGAME-25NOV09OKCMEM-MEM,0.19034539038778917,109673.0,266
KXNBAGAME-25NOV09OKCMEM-OKC,0.8230362609059159,222471.0,415
KXNBAGAME-25NOV10ATLLAC-ATL,0.36907257062025806,116645.0,340
KXNBAGAME-25NOV10ATLLAC-LAC,0.64039195427854,76463.0,205
KXNBAGAME-25NOV10CLEMIA-CLE,0.7590355230563618,117473.0,515
KXNBAGAME-25NOV10CLEMIA-MIA,0.23216443444888277,446865.0,1376
KXNBAGAME-25NOV10LALCHA-CHA,0.2446168051708218,99636.0,399
KXNBAGAME-25NOV10LALCHA-LAL,0.7698312177560034,431088.0,884
KXNBAGAME-25NOV10MILDAL-DAL,0.3693821846108692,143101.0,381
KXNBAGAME-25NOV10MILDAL-MIL,0.6365532264747009,308944.0,847
KXNBAGAME-25NOV10MINUTA-MIN,0.7302531573232756,52497.0,172
KXNBAGAME-25NOV10MINUTA-UTA,0.27785081081081076,9250.0,86
KXNBAGAME-25NOV10NOPPHX-NOP,0.2643587165188774,21878.0,148
KXNBAGAME-25NOV10NOPPHX-PHX,0.7516294084772185,67994.0,184
KXNBAGAME-25NOV10PORORL-ORL,0.5308093326007016,236590.0,828
KXNBAGAME-25NOV10PORORL-POR,0.48373468552768156,263966.0,1070
KXNBAGAME-25NOV10SASCHI-CHI,0.36394096601073345,39130.0,229
KXNBAGAME-25NOV10SASCHI-SAS,0.6499528095390027,134773.0,323
KXNBAGAME-25NOV10WASDET-DET,0.8024704652718171,369311.0,914
KXNBAGAME-25NOV10WASDET-WAS,0.20575748341690903,410207.0,1341
KXNBAGAME-25NOV11BOSPHI-BOS,0.5384086078797028,168915.0,706
KXNBAGAME-25NOV11BOSPHI-PHI,0.4743086386734421,239296.0,1175
KXNBAGAME-25NOV11DENSAC-DEN,0.7721971695794168,854290.0,1832
KXNBAGAME-25NOV11DENSAC-SAC,0.24306361525645495,671034.0,1487
KXNBAGAME-25NOV11GSWOKC-GSW,0.2595192012603065,733155.0,2430
KXNBAGAME-25NOV11GSWOKC-OKC,0.7569272537290277,219159.0,910
KXNBAGAME-25NOV11INDUTA-IND,0.6087639159034708,204622.0,699
KXNBAGAME-25NOV11INDUTA-UTA,0.39216608596985725,498826.0,1443
KXNBAGAME-25NOV11MEMNYK-MEM,0.20883552691398438,175968.0,515
KXNBAGAME-25NOV11MEMNYK-NYK,0.8047008225428782,249835.0,678
KXNBAGAME-25NOV11TORBKN-BKN,0.21856205053394573,87743.0,321
KXNBAGAME-25NOV11TORBKN-TOR,0.7959279365168382,178315.0,380
KXNBAGAME-25NOV12ATLSAC-ATL,0.6288307065631186,105072.0,258
KXNBAGAME-25NOV12ATLSAC-SAC,0.38106670951633437,80903.0,244
KXNBAGAME-25NOV12CHIDET-CHI,0.5768958460475876,273643.0,697
KXNBAGAME-25NOV12CHIDET-DET,0.4304213433495361,181040.0,950
KXNBAGAME-25NOV12CLEMIA-CLE,0.3275618590341227,214520.0,732
KXNBAGAME-25NOV12CLEMIA-MIA,0.659546005268465,127931.0,347
KXNBAGAME-25NOV12DENLAC-DEN,0.6400238273917023,1347189.0,2494
KXNBAGAME-25NOV12DENLAC-LAC,0.3663269923556805,364192.0,697
KXNBAGAME-25NOV12GSWSAS-GSW,0.2894211679219398,395797.0,1112
KXNBAGAME-25NOV12GSWSAS-SAS,0.6855904990001396,430060.0,1294
KXNBAGAME-25NOV12LALOKC-LAL,0.26985287055392343,797529.0,2659
KXNBAGAME-25NOV12LALOKC-OKC,0.747153535671227,190770.0,703
KXNBAGAME-25NOV12MEMBOS-BOS,0.7501517567731536,115382.0,236
KXNBAGAME-25NOV12MEMBOS-MEM,0.2654054432043859,35751.0,160
KXNBAGAME-25NOV12MILCHA-CHA,0.4610381400741026,127661.0,522
KXNBAGAME-25NOV12MILCHA-MIL,0.5473096649463947,375522.0,1388
KXNBAGAME-25NOV12ORLNYK-NYK,0.5725348341997827,680940.0,2359
KXNBAGAME-25NOV12ORLNYK-ORL,0.43591492360832007,171681.0,751
KXNBAGAME-25NOV12PHXDAL-DAL,0.5186020999570253,172194.0,638
KXNBAGAME-25NOV12PHXDAL-PHX,0.48600408178125865,494392.0,1221
KXNBAGAME-25NOV12PORNOP-NOP,0.27626550408141626,37732.0,221
KXNBAGAME-25NOV12PORNOP-POR,0.7287154980712502,110175.0,262
KXNBAGAME-25NOV12WASHOU-HOU,0.9263192656442404,44665.0,146
KXNBAGAME-25NOV12WASHOU-WAS,0.07708390357983715,190707.0,658
KXNBAGAME-25NOV13ATLUTA-ATL,0.5371250663456186,231741.0,434
KXNBAGAME-25NOV13ATLUTA-UTA,0.47000429332858623,95497.0,259
KXNBAGAME-25NOV13INDPHX-IND,0.3661915193240495,357896.0,1318
KXNBAGAME-25NOV13INDPHX-PHX,0.642183513116438,1153705.0,2978
KXNBAGAME-25NOV13TORCLE-CLE,0.7289047216473549,261413.0,784
KXNBAGAME-25NOV13TORCLE-TOR,0.2878012098173206,265164.0,895
KXNBAGAME-25NOV14BKNORL-BKN,0.12695563935167828,322741.0,1085
KXNBAGAME-25NOV14BKNORL-ORL,0.8860958150017486,231613.0,408
KXNBAGAME-25NOV14CHAMIL-CHA,0.2136828712729064,48731.0,269
KXNBAGAME-25NOV14CHAMIL-MIL,0.80210887087771,44787.0,301
KXNBAGAME-25NOV14GSWSAS-GSW,0.4519315896339193,416165.0,1120
KXNBAGAME-25NOV14GSWSAS-SAS,0.5777755631778992,323610.0,999
KXNBAGAME-25NOV14LACDAL-DAL,0.33613163147944947,302572.0,1116
KXNBAGAME-25NOV14LACDAL-LAC,0.6593496043614712,216991.0,957
KXNBAGAME-25NOV14LALNOP-LAL,0.8177655466849522,245004.0,597
KXNBAGAME-25NOV14LALNOP-NOP,0.19918639672883215,50135.0,220
KXNBAGAME-25NOV14MIANYK-MIA,0.3472573052342571,843539.0,2490
KXNBAGAME-25NOV14MIANYK-NYK,0.656831000690131,362250.0,1407
KXNBAGAME-25NOV14PHIDET-DET,0.5192794143367564,200115.0,680
KXNBAGAME-25NOV14PHIDET-PHI,0.5008215807171311,470179.0,897
KXNBAGAME-25NOV14PORHOU-HOU,0.7407042897052297,76602.0,218
KXNBAGAME-25NOV14PORHOU-POR,0.27148824212512707,27556.0,180
KXNBAGAME-25NOV14SACMIN-MIN,0.8411345092307474,70471.0,160
KXNBAGAME-25NOV14SACMIN-SAC,0.17000660076380267,63629.0,301
KXNBAGAME-25NOV15DENMIN-DEN,0.6013470081150143,712260.0,1738
KXNBAGAME-25NOV15DENMIN-MIN,0.40518509144581843,422764.0,993
KXNBAGAME-25NOV15LALMIL-LAL,0.5947227544659666,717090.0,2126
KXNBAGAME-25NOV15LALMIL-MIL,0.40404811473513763,592251.0,1490
KXNBAGAME-25NOV15MEMCLE-CLE,0.8128397381806446,297457.0,411
KXNBAGAME-25NOV15MEMCLE-MEM,0.19723018779356852,664666.0,587
KXNBAGAME-25NOV15OKCCHA-CHA,0.08965599883295242,287906.0,817
KXNBAGAME-25NOV15OKCCHA-OKC,0.9188980533052356,115786.0,313
KXNBAGAME-25NOV15TORIND-IND,0.3737516001916654,279654.0,749
KXNBAGAME-25NOV15TORIND-TOR,0.6452860805278428,503180.0,1165
KXNBAGAME-25NOV16ATLPHX-ATL,0.5449037746588654,195011.0,691
KXNBAGAME-25NOV16ATLPHX-PHX,0.4721219528962094,363665.0,1145
KXNBAGAME-25NOV16BKNWAS-BKN,0.44726384132420094,56064.0,224
KXNBAGAME-25NOV16BKNWAS-WAS,0.5683953715657766,82879.0,276
KXNBAGAME-25NOV16CHIUTA-CHI,0.6549875342499568,243066.0,1004
KXNBAGAME-25NOV16CHIUTA-UTA,0.350950881011015,157149.0,783
KXNBAGAME-25NOV16GSWNOP-GSW,0.8249735066473504,249874.0,473
KXNBAGAME-25NOV16GSWNOP-NOP,0.1846658540888169,62353.0,163
KXNBAGAME-25NOV16LACBOS-BOS,0.7577825102502906,245115.0,697
KXNBAGAME-25NOV16LACBOS-LAC,0.2605301426453215,126117.0,652
KXNBAGAME-25NOV16ORLHOU-HOU,0.6615281330675854,1019512.0,2604
KXNBAGAME-25NOV16ORLHOU-ORL,0.35753599540127917,441862.0,2002
KXNBAGAME-25NOV16PORDAL-DAL,0.41062765165855125,229809.0,766
KXNBAGAME-25NOV16PORDAL-POR,0.5933185346267823,365122.0,1175
KXNBAGAME-25NOV16SACSAS-SAC,0.31091793449619437,115749.0,268
KXNBAGAME-25NOV16SACSAS-SAS,0.7003067977814099,186605.0,593
KXNBAGAME-25NOV17CHATOR-CHA,0.2551979814113916,86397.0,327
KXNBAGAME-25NOV17CHATOR-TOR,0.7519476549600609,44818.0,254
KXNBAGAME-25NOV17CHIDEN-CHI,0.1461182699720047,246470.0,1128
KXNBAGAME-25NOV17CHIDEN-DEN,0.8637286895881447,199609.0,526
KXNBAGAME-25NOV17DALMIN-DAL,0.12917033509602519,108357.0,402
KXNBAGAME-25NOV17DALMIN-MIN,0.8881143453857198,38305.0,119
KXNBAGAME-25NOV17INDDET-DET,0.7654700308524576,591525.0,1690
KXNBAGAME-25NOV17INDDET-IND,0.2441715552412808,429914.0,1433
KXNBAGAME-25NOV17LACPHI-LAC,0.3871382833969211,149924.0,621
KXNBAGAME-25NOV17LACPHI-PHI,0.6337994228101836,268196.0,1148
KXNBAGAME-25NOV17MILCLE-CLE,0.6980151956439155,39485.0,246
KXNBAGAME-25NOV17MILCLE-MIL,0.3165511126489479,138723.0,646
KXNBAGAME-25NOV17NYKMIA-MIA,0.4988060100057768,183494.0,465
KXNBAGAME-25NOV17NYKMIA-NYK,0.508642944958916,113061.0,546
KXNBAGAME-25NOV17OKCNOP-NOP,0.06545669563879702,104008.0,322
KXNBAGAME-25NOV17OKCNOP-OKC,0.943899725570383,74336.0,155
KXNBAGAME-25NOV18BOSBKN-BKN,0.16963997158105182,60523.0,378
KXNBAGAME-25NOV18BOSBKN-BOS,0.8485852965069048,98480.0,393
KXNBAGAME-25NOV18DETATL-ATL,0.46183225367923464,97099.0,476
KXNBAGAME-25NOV18DETATL-DET,0.5476647883961832,318378.0,1145
KXNBAGAME-25NOV18GSWORL-GSW,0.5763920254154942,908737.0,2865
KXNBAGAME-25NOV18GSWORL-ORL,0.43129704841396804,241294.0,1059
KXNBAGAME-25NOV18MEMSAS-MEM,0.3369637717961741,82698.0,332
KXNBAGAME-25NOV18MEMSAS-SAS,0.6744294055387722,142667.0,594
KXNBAGAME-25NOV18PHXPOR-PHX,0.48116196328004834,1037692.0,2144
KXNBAGAME-25NOV18PHXPOR-POR,0.5331814055706847,606999.0,880
KXNBAGAME-25NOV18UTALAL-LAL,0.8217776646413125,1261014.0,2608
KXNBAGAME-25NOV18UTALAL-UTA,0.20841600498898316,1401488.0,4047
KXNBAGAME-25NOV19CHAIND-CHA,0.5421049411355332,344860.0,864
KXNBAGAME-25NOV19CHAIND-IND,0.464175795076067,268119.0,416
KXNBAGAME-25NOV19CHIPOR-CHI,0.6034266435738234,404743.0,1305
KXNBAGAME-25NOV19CHIPOR-POR,0.4145685741097072,210998.0,575
KXNBAGAME-25NOV19DENNOP-DEN,0.7899692851289921,766404.0,1527
KXNBAGAME-25NOV19DENNOP-NOP,0.2115830964889616,174165.0,611
KXNBAGAME-25NOV19GSWMIA-GSW,0.22188076353110098,260474.0,1332
KXNBAGAME-25NOV19GSWMIA-MIA,0.788506110536876,98682.0,362
KXNBAGAME-25NOV19HOUCLE-CLE,0.4567707031753309,333729.0,1291
KXNBAGAME-25NOV19HOUCLE-HOU,0.5525742593065543,473779.0,1807
KXNBAGAME-25NOV19NYKDAL-DAL,0.25571268373996064,560915.0,1647
KXNBAGAME-25NOV19NYKDAL-NYK,0.7618340054875444,809834.0,1967
KXNBAGAME-25NOV19SACOKC-OKC,0.944572341911567,37226.0,183
KXNBAGAME-25NOV19SACOKC-SAC,0.06603216689286565,142942.0,607
KXNBAGAME-25NOV19TORPHI-PHI,0.4416257359464472,99192.0,530
KXNBAGAME-25NOV19TORPHI-TOR,0.5709936934023286,74208.0,404
KXNBAGAME-25NOV19WASMIN-MIN,0.9247080038840338,36045.0,161
KXNBAGAME-25NOV19WASMIN-WAS,0.08201022440070461,104456.0,424
KXNBAGAME-25NOV20ATLSAS-ATL,0.5101782513300733,139466.0,494
KXNBAGAME-25NOV20ATLSAS-SAS,0.5002767374710541,104937.0,553
KXNBAGAME-25NOV20LACORL-LAC,0.32869739990805175,254491.0,772
KXNBAGAME-25NOV20LACORL-ORL,0.6892004619218379,411325.0,787
KXNBAGAME-25NOV20PHIMIL-MIL,0.3970121359223301,103000.0,450
KXNBAGAME-25NOV20PHIMIL-PHI,0.5862673945082874,297867.0,946
KXNBAGAME-25NOV20SACMEM-MEM,0.5799100972827911,14905.0,164
KXNBAGAME-25NOV20SACMEM-SAC,0.42995913122451745,103502.0,361
KXNBAGAME-25NOV21BKNBOS-BKN,0.13012590082361014,93248.0,428
KXNBAGAME-25NOV21BKNBOS-BOS,0.8880226843625054,72032.0,229
KXNBAGAME-25NOV21DENHOU-DEN,0.4785469489382227,767110.0,1731
KXNBAGAME-25NOV21DENHOU-HOU,0.5146561032569118,318584.0,1015
KXNBAGAME-25NOV21INDCLE-CLE,0.8788087877007764,427279.0,817
KXNBAGAME-25NOV21INDCLE-IND,0.13446683137170654,586503.0,1675
KXNBAGAME-25NOV21MIACHI-CHI,0.5672896198111244,225651.0,770
KXNBAGAME-25NOV21MIACHI-MIA,0.4478242594916567,166541.0,577
KXNBAGAME-25NOV21MINPHX-MIN,0.6431370143802968,250273.0,672
KXNBAGAME-25NOV21MINPHX-PHX,0.36039906733727234,245748.0,895
KXNBAGAME-25NOV21NOPDAL-DAL,0.5512173168022395,200753.0,760
KXNBAGAME-25NOV21NOPDAL-NOP,0.47582254406486063,111994.0,361
KXNBAGAME-25NOV21OKCUTA-OKC,0.9098651369195799,92390.0,271
KXNBAGAME-25NOV21OKCUTA-UTA,0.1002605713813547,242045.0,609
KXNBAGAME-25NOV21PORGSW-GSW,0.7485330664924597,289311.0,876
KXNBAGAME-25NOV21PORGSW-POR,0.27228367573671364,219624.0,1146
KXNBAGAME-25NOV21WASTOR-TOR,0.893975526110678,256600.0,317
KXNBAGAME-25NOV21WASTOR-WAS,0.10670481269397213,228770.0,593
KXNBAGAME-25NOV22ATLNOP-ATL,0.8099454241047163,91982.0,205
KXNBAGAME-25NOV22ATLNOP-NOP,0.20538434538434536,19943.0,196
KXNBAGAME-25NOV22DETMIL-DET,0.7798258676217338,254921.0,690
KXNBAGAME-25NOV22DETMIL-MIL,0.22699440907343066,293869.0,780
KXNBAGAME-25NOV22LACCHA-CHA,0.5331846462824822,243980.0,716
KXNBAGAME-25NOV22LACCHA-LAC,0.46000176021474626,409041.0,1035
KXNBAGAME-25NOV22MEMDAL-DAL,0.5062173377127329,416191.0,753
KXNBAGAME-25NOV22MEMDAL-MEM,0.5002856508912209,121687.0,238
KXNBAGAME-25NOV22NYKORL-NYK,0.49331833627993477,871060.0,2744
KXNBAGAME-25NOV22NYKORL-ORL,0.499770312524067,649230.0,1761
KXNBAGAME-25NOV22SACDEN-DEN,0.8281276058289082,368165.0,589
KXNBAGAME-25NOV22SACDEN-SAC,0.18462471387077536,207948.0,450
KXNBAGAME-25NOV22WASCHI-CHI,0.8593360320673096,50394.0,250
KXNBAGAME-25NOV22WASCHI-WAS,0.14996898010339965,31915.0,144
KXNBAGAME-25NOV23BKNTOR-BKN,0.151602695645925,250478.0,420
KXNBAGAME-25NOV23BKNTOR-TOR,0.8576901207594774,109391.0,235
KXNBAGAME-25NOV23CHAATL-ATL,0.7316095060904975,142435.0,211
KXNBAGAME-25NOV23CHAATL-CHA,0.2750268711673052,73871.0,116
KXNBAGAME-25NOV23LACCLE-CLE,0.7460716830070904,58954.0,221
KXNBAGAME-25NOV23LACCLE-LAC,0.2697564787650182,114528.0,262
KXNBAGAME-25NOV23LALUTA-LAL,0.7949220831678598,294609.0,710
KXNBAGAME-25NOV23LALUTA-UTA,0.22405773415641517,112585.0,385
KXNBAGAME-25NOV23MIAPHI-MIA,0.5158116100766703,132385.0,369
KXNBAGAME-25NOV23MIAPHI-PHI,0.49532443049295904,114046.0,386
KXNBAGAME-25NOV23ORLBOS-BOS,0.6331064863434852,124739.0,244
KXNBAGAME-25NOV23ORLBOS-ORL,0.38232182601316184,124906.0,551
KXNBAGAME-25NOV23POROKC-OKC,0.9108757761666484,995437.0,367
KXNBAGAME-25NOV23POROKC-POR,0.07929075356226624,517648.0,594
KXNBAGAME-25NOV23SASPHX-PHX,0.5468833231503175,682509.0,903
KXNBAGAME-25NOV23SASPHX-SAS,0.45832239045388423,234399.0,688
KXNBAGAME-25NOV24CHINOP-CHI,0.6602723519445364,102698.0,521
KXNBAGAME-25NOV24CHINOP-NOP,0.3408051844979864,186479.0,111
KXNBAGAME-25NOV24CLETOR-CLE,0.4812076023031304,324428.0,845
KXNBAGAME-25NOV24CLETOR-TOR,0.5423035434269402,348194.0,897
KXNBAGAME-25NOV24DALMIA-DAL,0.2903484041352535,88604.0,513
KXNBAGAME-25NOV24DALMIA-MIA,0.738973811510943,246826.0,738
KXNBAGAME-25NOV24DENMEM-DEN,0.7326337871882426,209979.0,322
KXNBAGAME-25NOV24DENMEM-MEM,0.27798496538081113,25275.0,58
KXNBAGAME-25NOV24DETIND-DET,0.805555260101805,368548.0,923
KXNBAGAME-25NOV24DETIND-IND,0.21029494872742938,294797.0,840
KXNBAGAME-25NOV24HOUPHX-HOU,0.6876012657351374,144422.0,557
KXNBAGAME-25NOV24HOUPHX-PHX,0.3260836777526639,619400.0,1246
KXNBAGAME-25NOV24MINSAC-MIN,0.8326443800455392,144930.0,430
KXNBAGAME-25NOV24MINSAC-SAC,0.1821770195580983,231771.0,810
KXNBAGAME-25NOV24NYKBKN-BKN,0.15065262835874166,78452.0,323
KXNBAGAME-25NOV24NYKBKN-NYK,0.8599643658440017,45462.0,180
KXNBAGAME-25NOV24PORMIL-MIL,0.4086682145696367,158494.0,501
KXNBAGAME-25NOV24PORMIL-POR,0.5812853450646136,90925.0,435
KXNBAGAME-25NOV24UTAGSW-GSW,0.8299273586047116,223151.0,451
KXNBAGAME-25NOV24UTAGSW-UTA,0.18681938411645588,545168.0,1640
KXNBAGAME-25NOV25ATLWAS-ATL,0.8369667944398141,754723.0,662
KXNBAGAME-25NOV25ATLWAS-WAS,0.179603048109689,186345.0,455
KXNBAGAME-25NOV25LACLAL-LAC,0.3059645801197153,667083.0,1392
KXNBAGAME-25NOV25LACLAL-LAL,0.7056548132372966,1481934.0,2696
KXNBAGAME-25NOV25ORLPHI-ORL,0.6590670373304834,434176.0,869
KXNBAGAME-25NOV25ORLPHI-PHI,0.3510203938393761,555658.0,1644
KXNBAGAME-25NOV26DETBOS-BOS,0.4273245610362642,716574.0,1691
KXNBAGAME-25NOV26DETBOS-DET,0.5812320906749424,1523508.0,3826
KXNBAGAME-25NOV26HOUGSW-GSW,0.6544117730667822,562844.0,1446
KXNBAGAME-25NOV26HOUGSW-HOU,0.34259788368207494,628450.0,1960
KXNBAGAME-25NOV26INDTOR-IND,0.20051254220935844,16584.0,179
KXNBAGAME-25NOV26INDTOR-TOR,0.8106415148886962,69180.0,226
KXNBAGAME-25NOV26MEMNOP-MEM,0.6479774240607309,292701.0,649
KXNBAGAME-25NOV26MEMNOP-NOP,0.3841411595510894,272571.0,513
KXNBAGAME-25NOV26MILMIA-MIA,0.7995882512225037,125562.0,171
KXNBAGAME-25NOV26MILMIA-MIL,0.2054028947289563,33371.0,304
KXNBAGAME-25NOV26MINOKC-MIN,0.234630738116713,933538.0,2684
KXNBAGAME-25NOV26MINOKC-OKC,0.7847666876068313,821388.0,1659
KXNBAGAME-25NOV26NYKCHA-CHA,0.2989884704810758,41719.0,182
KXNBAGAME-25NOV26NYKCHA-NYK,0.7163675371863627,337691.0,628
KXNBAGAME-25NOV26PHXSAC-PHX,0.6769403134596277,244561.0,616
KXNBAGAME-25NOV26PHXSAC-SAC,0.31720538639429563,83024.0,331
KXNBAGAME-25NOV26SASPOR-POR,0.5023019202256536,55306.0,181
KXNBAGAME-25NOV26SASPOR-SAS,0.5070686744199998,116681.0,387
KXNBAGAME-25NOV28CHICHA-CHA,0.4289478273506758,103215.0,241
KXNBAGAME-25NOV28CHICHA-CHI,0.5836020778719265,269314.0,698
KXNBAGAME-25NOV28CLEATL-ATL,0.29482068535825545,80250.0,503
KXNBAGAME-25NOV28CLEATL-CLE,0.715676336569888,83834.0,284
KXNBAGAME-25NOV28DALLAL-DAL,0.20388625592417065,74694.0,358
KXNBAGAME-25NOV28DALLAL-LAL,0.8080560388283683,224166.0,511
KXNBAGAME-25NOV28MEMLAC-LAC,0.7244391321551041,90984.0,162
KXNBAGAME-25NOV28MEMLAC-MEM,0.2752151468654099,91240.0,278
KXNBAGAME-25NOV28MILNYK-MIL,0.327859863432042,320573.0,1448
KXNBAGAME-25NOV28MILNYK-NYK,0.6991895502153224,150472.0,537
KXNBAGAME-25NOV28ORLDET-DET,0.6124699121027721,428910.0,1099
KXNBAGAME-25NOV28ORLDET-ORL,0.3871685873109819,86169.0,522
KXNBAGAME-25NOV28PHIBKN-BKN,0.2710626465661642,29850.0,207
KXNBAGAME-25NOV28PHIBKN-PHI,0.7271840134633661,165189.0,361
KXNBAGAME-25NOV28PHXOKC-OKC,0.889624709827186,23262.0,112
KXNBAGAME-25NOV28PHXOKC-PHX,0.1198495730852555,196175.0,427
KXNBAGAME-25NOV28SACUTA-SAC,0.46207912233197307,78663.0,207
KXNBAGAME-25NOV28SACUTA-UTA,0.562134508665144,96767.0,188
KXNBAGAME-25NOV28SASDEN-DEN,0.7378125497690715,113022.0,240
KXNBAGAME-25NOV28SASDEN-SAS,0.26447872016251905,98450.0,387
KXNBAGAME-25NOV28WASIND-IND,0.7008345244639911,9095.0,108
KXNBAGAME-25NOV28WASIND-WAS,0.3140957945688382,92761.0,405
KXNBAGAME-25NOV29BKNMIL-BKN,0.175165949534044,46249.0,213
KXNBAGAME-25NOV29BKNMIL-MIL,0.837666301503256,65724.0,202
KXNBAGAME-25NOV29BOSMIN-BOS,0.321525776385119,200416.0,718
KXNBAGAME-25NOV29BOSMIN-MIN,0.6858876871395561,154497.0,240
KXNBAGAME-25NOV29CHIIND-CHI,0.5858826725856884,217153.0,635
KXNBAGAME-25NOV29CHIIND-IND,0.4291506563283806,78543.0,228
KXNBAGAME-25NOV29DALLAC-DAL,0.18590530691173035,432323.0,1233
KXNBAGAME-25NOV29DALLAC-LAC,0.8003039309068927,218372.0,270
KXNBAGAME-25NOV29DENPHX-DEN,0.6271977128610917,110706.0,292
KXNBAGAME-25NOV29DENPHX-PHX,0.38487953251423435,33370.0,194
KXNBAGAME-25NOV29DETMIA-DET,0.42475786749981076,290626.0,1034
KXNBAGAME-25NOV29DETMIA-MIA,0.5929461894326759,98568.0,380
KXNBAGAME-25NOV29NOPGSW-GSW,0.8247112978535013,181831.0,457
KXNBAGAME-25NOV29NOPGSW-NOP,0.19132828426867787,189342.0,605
KXNBAGAME-25NOV29TORCHA-CHA,0.22950544809527834,189424.0,641
KXNBAGAME-25NOV29TORCHA-TOR,0.8230916054351727,128202.0,535
KXNBAGAME-25NOV30ATLPHI-ATL,0.40404493869705144,416701.0,1048
KXNBAGAME-25NOV30ATLPHI-PHI,0.6112958731420953,427565.0,1091
KXNBAGAME-25NOV30BOSCLE-BOS,0.2995086660326456,103046.0,448
KXNBAGAME-25NOV30BOSCLE-CLE,0.7188409420874333,61990.0,150
KXNBAGAME-25NOV30HOUUTA-HOU,0.8375094230451313,120980.0,323
KXNBAGAME-25NOV30HOUUTA-UTA,0.18004063723504793,148140.0,476
KXNBAGAME-25NOV30MEMSAC-MEM,0.6341078322893763,421154.0,1218
KXNBAGAME-25NOV30MEMSAC-SAC,0.38100641829022824,473958.0,1536
KXNBAGAME-25NOV30NOPLAL-LAL,0.9195757367582102,186323.0,335
KXNBAGAME-25NOV30NOPLAL-NOP,0.09852868082053044,267583.0,814
KXNBAGAME-25NOV30OKCPOR-OKC,0.8508512338553796,146411.0,393
KXNBAGAME-25NOV30OKCPOR-POR,0.16002618883528602,79805.0,277
KXNBAGAME-25NOV30SASMIN-MIN,0.6374537194681372,120407.0,350
KXNBAGAME-25NOV30SASMIN-SAS,0.384192090644564,136092.0,628
KXNBAGAME-25NOV30TORNYK-NYK,0.753624610617041,123914.0,169
KXNBAGAME-25NOV30TORNYK-TOR,0.26467797201314036,212171.0,658
KXNBAGAME-25OCT10BOSTOR-BOS,0.5,4897.0,50
KXNBAGAME-25OCT10BOSTOR-TOR,0.5273764258555133,526.0,12
KXNBAGAME-25OCT10ORLPHI-ORL,0.6640817382307295,1933.0,54
KXNBAGAME-25OCT10ORLPHI-PHI,0.36491750931346456,1879.0,57
KXNBAGAME-25OCT10PHXBKN-BKN,0.01,108.0,1
KXNBAGAME-25OCT10PHXBKN-PHX,0.99,6604.0,36
KXNBAGAME-25OCT10SACPOR-POR,0.4747437521593919,8683.0,80
KXNBAGAME-25OCT10SACPOR-SAC,0.5305080524655488,18069.0,108
KXNBAGAME-25OCT10UTASAS-SAS,0.7040009734728645,4109.0,60
KXNBAGAME-25OCT10UTASAS-UTA,0.32619030563514806,8376.0,161
KXNBAGAME-25OCT11ATLMEM-ATL,0.6598188405797101,1380.0,9
KXNBAGAME-25OCT11ATLMEM-MEM,0.3552208201892744,1268.0,15
KXNBAGAME-25OCT11CHADAL-CHA,0.298643216080402,597.0,8
KXNBAGAME-25OCT11CHADAL-DAL,0.7199999999999999,31.0,4
KXNBAGAME-25OCT11OKCIND-IND,0.4943996333638864,2182.0,36
KXNBAGAME-25OCT11OKCIND-OKC,0.5591222030981068,5810.0,63
KXNBAGAME-25OCT12BKNPHX-BKN,0.3691599707815924,10952.0,188
KXNBAGAME-25OCT12BKNPHX-PHX,0.7306427255985267,5430.0,99
KXNBAGAME-25OCT12CLEBOS-BOS,0.7062695312500001,1536.0,52
KXNBAGAME-25OCT12CLEBOS-CLE,0.3359942112879884,6910.0,122
KXNBAGAME-25OCT12DENLAC-DEN,0.41565647743813683,3435.0,48
KXNBAGAME-25OCT12DENLAC-LAC,0.6124202822791427,1913.0,34
KXNBAGAME-25OCT12GSWLAL-GSW,0.47804088586030663,5283.0,48
KXNBAGAME-25OCT12GSWLAL-LAL,0.544269202087994,2682.0,49
KXNBAGAME-25OCT12MIAORL-MIA,0.3613886877828054,22100.0,254
KXNBAGAME-25OCT12MIAORL-ORL,0.6951853715819492,5961.0,100
KXNBAGAME-25OCT12MILCHI-CHI,0.5096681141439205,3224.0,25
KXNBAGAME-25OCT12MILCHI-MIL,0.5131960438964911,7381.0,28
KXNBAGAME-25OCT12TORWAS-TOR,0.6496844831645868,4247.0,17
KXNBAGAME-25OCT12TORWAS-WAS,0.3626028481012658,1264.0,17
KXNBAGAME-25OCT13DALUTA-DAL,0.6143927028324532,2083.0,48
KXNBAGAME-25OCT13DALUTA-UTA,0.41057631160572333,7548.0,74
KXNBAGAME-25OCT13GUAMIN-GUA,0.06692070404645255,27555.0,250
KXNBAGAME-25OCT13GUAMIN-MIN,0.9560287929125135,9030.0,101
KXNBAGAME-25OCT13MIAATL-ATL,0.4493100317151167,75989.0,654
KXNBAGAME-25OCT13MIAATL-MIA,0.5105241067870899,37645.0,271
KXNBAGAME-25OCT13SASIND-IND,0.5793002257336343,886.0,17
KXNBAGAME-25OCT13SASIND-SAS,0.4533501259445844,2779.0,31
KXNBAGAME-25OCT13WASNYK-NYK,0.6555936,6250.0,43
KXNBAGAME-25OCT13WASNYK-WAS,0.35979437683592114,2383.0,49
KXNBAGAME-25OCT14CHIDEN-CHI,0.2470911682473549,18241.0,137
KXNBAGAME-25OCT14CHIDEN-DEN,0.7844370152447178,7478.0,110
KXNBAGAME-25OCT14DETCLE-CLE,0.6770032693524572,18964.0,128
KXNBAGAME-25OCT14DETCLE-DET,0.309555334493907,20105.0,236
KXNBAGAME-25OCT14GSWPOR-GSW,0.3875193271074278,80845.0,686
KXNBAGAME-25OCT14GSWPOR-POR,0.6269798743341947,31353.0,340
KXNBAGAME-25OCT14HOUNOP-HOU,0.7436468085106382,4700.0,70
KXNBAGAME-25OCT14HOUNOP-NOP,0.31172036474164133,3290.0,57
KXNBAGAME-25OCT14LALPHX-LAL,0.8662784889166407,16015.0,257
KXNBAGAME-25OCT14LALPHX-PHX,0.1648363062525516,127372.0,865
KXNBAGAME-25OCT14OKCMIL-MIL,0.3583093525179856,4170.0,38
KXNBAGAME-25OCT14OKCMIL-OKC,0.6552638112973309,1611.0,25
KXNBAGAME-25OCT15DALLAL-DAL,0.99,2025.0,7
KXNBAGAME-25OCT15LACSAC-LAC,0.9899999999999999,24.0,1
KXNBAGAME-25OCT15MEMCHA-CHA,0.6045536630412476,9746.0,78
KXNBAGAME-25OCT15MEMCHA-MEM,0.4458730732177264,8304.0,92
KXNBAGAME-25OCT15TORBOS-BOS,0.6756705204562263,25689.0,186
KXNBAGAME-25OCT15TORBOS-TOR,0.32414880632719817,20483.0,204
KXNBAGAME-25OCT16HOUATL-ATL,0.6878229789446322,7694.0,73
KXNBAGAME-25OCT16HOUATL-HOU,0.3210560873834069,32592.0,126
KXNBAGAME-25OCT16MINCHI-CHI,0.3208327246165084,1369.0,26
KXNBAGAME-25OCT16MINCHI-MIN,0.690552651232263,1339.0,28
KXNBAGAME-25OCT16NOPORL-NOP,0.30553893364019946,7821.0,105
KXNBAGAME-25OCT16NOPORL-ORL,0.727252931323283,1791.0,47
KXNBAGAME-25OCT16PORUTA-POR,0.513798066595059,4655.0,56
KXNBAGAME-25OCT16PORUTA-UTA,0.46470066721506254,10941.0,52
KXNBAGAME-25OCT16WASDET-DET,0.6690872093023257,1720.0,38
KXNBAGAME-25OCT16WASDET-WAS,0.3414196459562652,2881.0,50
KXNBAGAME-25OCT17BKNTOR-BKN,0.2995832676855207,12694.0,144
KXNBAGAME-25OCT17BKNTOR-TOR,0.7298182981445935,7815.0,114
KXNBAGAME-25OCT17CHANYK-CHA,0.341772972972973,6475.0,90
KXNBAGAME-25OCT17CHANYK-NYK,0.6712544026009212,3691.0,65
KXNBAGAME-25OCT17DENOKC-DEN,0.25697635972888083,6049.0,77
KXNBAGAME-25OCT17DENOKC-OKC,0.7556139154160982,1466.0,25
KXNBAGAME-25OCT17INDSAS-IND,0.34278528656971774,5845.0,63
KXNBAGAME-25OCT17INDSAS-SAS,0.6972748629600627,7662.0,128
KXNBAGAME-25OCT17LACGSW-GSW,0.6367653247299759,7129.0,78
KXNBAGAME-25OCT17LACGSW-LAC,0.45366424802110816,24256.0,83
KXNBAGAME-25OCT17MEMMIA-MEM,0.41718276608302174,10166.0,66
KXNBAGAME-25OCT17MEMMIA-MIA,0.5906123564789503,3658.0,62
KXNBAGAME-25OCT17MINPHI-MIN,0.32908095899930506,11512.0,137
KXNBAGAME-25OCT17MINPHI-PHI,0.6887919038583176,1581.0,27
KXNBAGAME-25OCT17SACLAL-LAL,0.678185867340797,8307.0,86
KXNBAGAME-25OCT17SACLAL-SAC,0.31122043662825954,26384.0,172
KXNBAGAME-25OCT21GSWLAL-GSW,0.574301440319701,540505.0,1330
KXNBAGAME-25OCT21GSWLAL-LAL,0.4348373463826948,467558.0,1581
KXNBAGAME-25OCT21HOUOKC-HOU,0.42215414603824103,1634476.0,6646
KXNBAGAME-25OCT21HOUOKC-OKC,0.5672699217103033,1209610.0,4617
KXNBAGAME-25OCT22BKNCHA-BKN,0.347262603191664,200961.0,637
KXNBAGAME-25OCT22BKNCHA-CHA,0.6613172063161701,226783.0,691
KXNBAGAME-25OCT22CLENYK-CLE,0.5316899402609108,692344.0,1938
KXNBAGAME-25OCT22CLENYK-NYK,0.4718302577244598,804231.0,2056
KXNBAGAME-25OCT22DETCHI-CHI,0.4459567291475931,186777.0,382
KXNBAGAME-25OCT22DETCHI-DET,0.579675887796134,185769.0,545
KXNBAGAME-25OCT22LACUTA-LAC,0.015614632194491714,414866.0,568
KXNBAGAME-25OCT22LACUTA-UTA,0.9880906931188264,167951.0,309
KXNBAGAME-25OCT22MIAORL-MIA,0.28684732279786845,543814.0,1600
KXNBAGAME-25OCT22MIAORL-ORL,0.7297588962936442,173162.0,693
KXNBAGAME-25OCT22MINPOR-MIN,0.553810428407767,1644508.0,4488
KXNBAGAME-25OCT22MINPOR-POR,0.4668988794383691,1029573.0,3181
KXNBAGAME-25OCT22NOPMEM-MEM,0.44973000929080215,161450.0,516
KXNBAGAME-25OCT22NOPMEM-NOP,0.49147710262887084,171024.0,467
KXNBAGAME-25OCT22PHIBOS-BOS,0.6467994355386906,116217.0,710
KXNBAGAME-25OCT22PHIBOS-PHI,0.36454851404876315,236818.0,816
KXNBAGAME-25OCT22SACPHX-PHX,0.29873484275593787,1063188.0,2918
KXNBAGAME-25OCT22SACPHX-SAC,0.7407104960568647,860990.0,2564
KXNBAGAME-25OCT22SASDAL-DAL,0.1808239755561968,1954524.0,4658
KXNBAGAME-25OCT22SASDAL-SAS,0.8312413229637223,1455278.0,3191
KXNBAGAME-25OCT22TORATL-ATL,0.6500467035268493,47748.0,342
KXNBAGAME-25OCT22TORATL-TOR,0.3894377824223813,85643.0,323
KXNBAGAME-25OCT22WASMIL-MIL,0.8737777669524551,123168.0,407
KXNBAGAME-25OCT22WASMIL-WAS,0.15137210183471533,137242.0,477
KXNBAGAME-25OCT23DENGSW-DEN,0.4823928827325551,827621.0,1723
KXNBAGAME-25OCT23DENGSW-GSW,0.5202959390264749,941917.0,1661
KXNBAGAME-25OCT23OKCIND-IND,0.3263522603986047,933707.0,3065
KXNBAGAME-25OCT23OKCIND-OKC,0.6712831133046162,1146820.0,2962
KXNBAGAME-25OCT24ATLORL-ATL,0.33219689141556885,277747.0,740
KXNBAGAME-25OCT24ATLORL-ORL,0.6783578950253153,145959.0,461
KXNBAGAME-25OCT24BOSNYK-BOS,0.39895606596919625,242113.0,784
KXNBAGAME-25OCT24BOSNYK-NYK,0.5993948910191939,284362.0,928
KXNBAGAME-25OCT24CLEBKN-BKN,0.10706139312621715,316827.0,1173
KXNBAGAME-25OCT24CLEBKN-CLE,0.8709967071434221,202256.0,535
KXNBAGAME-25OCT24DETHOU-DET,0.3150443676939426,188200.0,946
KXNBAGAME-25OCT24DETHOU-HOU,0.6602070531373415,280556.0,853
KXNBAGAME-25OCT24GSWPOR-GSW,0.6277966075994473,527591.0,1543
KXNBAGAME-25OCT24GSWPOR-POR,0.3972519795062879,197524.0,416
KXNBAGAME-25OCT24MIAMEM-MEM,0.5962629720766021,28041.0,162
KXNBAGAME-25OCT24MIAMEM-MIA,0.4133612069885778,28103.0,95
KXNBAGAME-25OCT24MILTOR-MIL,0.4732357626503839,661640.0,1898
KXNBAGAME-25OCT24MILTOR-TOR,0.533528302001434,329164.0,959
KXNBAGAME-25OCT24MINLAL-LAL,0.42669216661917386,273726.0,953
KXNBAGAME-25OCT24MINLAL-MIN,0.5893175974239394,465517.0,1141
KXNBAGAME-25OCT24PHXLAC-LAC,0.7045739885149922,106922.0,701
KXNBAGAME-25OCT24PHXLAC-PHX,0.2781830339424686,463608.0,1960
KXNBAGAME-25OCT24SASNOP-NOP,0.32944413878678613,170852.0,1079
KXNBAGAME-25OCT24SASNOP-SAS,0.6745271160033379,207313.0,1733
KXNBAGAME-25OCT24UTASAC-SAC,0.6290030843087406,77489.0,217
KXNBAGAME-25OCT24UTASAC-UTA,0.3640226396743633,222088.0,567
KXNBAGAME-25OCT24WASDAL-DAL,0.8327206635556568,70288.0,249
KXNBAGAME-25OCT24WASDAL-WAS,0.17013692039372133,49883.0,303
KXNBAGAME-25OCT25CHAPHI-CHA,0.3141861939422399,127770.0,486
KXNBAGAME-25OCT25CHAPHI-PHI,0.6867319437458766,153091.0,461
KXNBAGAME-25OCT25CHIORL-CHI,0.31492003762935084,241301.0,928
KXNBAGAME-25OCT25CHIORL-ORL,0.7023963354749713,133387.0,466
KXNBAGAME-25OCT25INDMEM-IND,0.46913899464768527,90615.0,335
KXNBAGAME-25OCT25INDMEM-MEM,0.5388912019513835,47556.0,143
KXNBAGAME-25OCT25OKCATL-ATL,0.25277307494365475,56349.0,280
KXNBAGAME-25OCT25OKCATL-OKC,0.7580278203194271,86843.0,288
KXNBAGAME-25OCT25PHXDEN-DEN,0.8784189961789295,104421.0,311
KXNBAGAME-25OCT25PHXDEN-PHX,0.13536053115275593,303039.0,1110
KXNBAGAME-25OCT26BKNSAS-BKN,0.24146011082768934,147797.0,662
KXNBAGAME-25OCT26BKNSAS-SAS,0.7776891078928216,149769.0,461
KXNBAGAME-25OCT26BOSDET-BOS,0.5632360518493914,469668.0,1482
KXNBAGAME-25OCT26BOSDET-DET,0.4223223259352217,360182.0,1490
KXNBAGAME-25OCT26CHAWAS-CHA,0.45197185780575067,199558.0,450
KXNBAGAME-25OCT26CHAWAS-WAS,0.5499616897730591,174627.0,257
KXNBAGAME-25OCT26INDMIN-IND,0.17344660260678244,364971.0,874
KXNBAGAME-25OCT26INDMIN-MIN,0.8444282977006857,99160.0,353
KXNBAGAME-25OCT26LALSAC-LAL,0.45338925251262685,294413.0,1078
KXNBAGAME-25OCT26LALSAC-SAC,0.562323487105246,538785.0,989
KXNBAGAME-25OCT26MILCLE-CLE,0.6601687081013521,220025.0,628
KXNBAGAME-25OCT26MILCLE-MIL,0.34195253736027886,904838.0,2215
KXNBAGAME-25OCT26NYKMIA-MIA,0.38731325983233145,296776.0,639
KXNBAGAME-25OCT26NYKMIA-NYK,0.6211725818775854,379530.0,1027
KXNBAGAME-25OCT26PORLAC-LAC,0.7643457702888583,34896.0,170
KXNBAGAME-25OCT26PORLAC-POR,0.262242527212155,195409.0,470
KXNBAGAME-25OCT26TORDAL-DAL,0.5057245790447524,194023.0,430
KXNBAGAME-25OCT26TORDAL-TOR,0.5073157076698599,126104.0,260
KXNBAGAME-25OCT27ATLCHI-ATL,0.5673739374034004,41408.0,123
KXNBAGAME-25OCT27ATLCHI-CHI,0.4474364969288686,25235.0,200
KXNBAGAME-25OCT27BKNHOU-BKN,0.1094377958155797,355796.0,1221
KXNBAGAME-25OCT27BKNHOU-HOU,0.8935491011537429,89448.0,182
KXNBAGAME-25OCT27BOSNOP-BOS,0.6475504917456971,45552.0,181
KXNBAGAME-25OCT27BOSNOP-NOP,0.36372762668526265,34416.0,191
KXNBAGAME-25OCT27CLEDET-CLE,0.5343064300656574,386248.0,1027
KXNBAGAME-25OCT27CLEDET-DET,0.4730631196104887,170470.0,559
KXNBAGAME-25OCT27DENMIN-DEN,0.7088694573891479,249995.0,395
KXNBAGAME-25OCT27DENMIN-MIN,0.2676857953167667,94849.0,450
KXNBAGAME-25OCT27MEMGSW-GSW,0.7790049617085534,129794.0,386
KXNBAGAME-25OCT27MEMGSW-MEM,0.20984096322719034,168766.0,554
KXNBAGAME-25OCT27OKCDAL-DAL,0.246650523508882,51002.0,233
KXNBAGAME-25OCT27OKCDAL-OKC,0.768611397024422,32061.0,154
KXNBAGAME-25OCT27ORLPHI-ORL,0.6345275869634931,236996.0,646
KXNBAGAME-25OCT27ORLPHI-PHI,0.36961536003766854,594660.0,2013
KXNBAGAME-25OCT27PHXUTA-PHX,0.2547551157569604,139862.0,511
KXNBAGAME-25OCT27PHXUTA-UTA,0.7090716136167377,198021.0,637
KXNBAGAME-25OCT27PORLAL-LAL,0.4400217317815231,207070.0,820
KXNBAGAME-25OCT27PORLAL-POR,0.5753356395399117,173445.0,310
KXNBAGAME-25OCT27TORSAS-SAS,0.6518076313519369,199388.0,575
KXNBAGAME-25OCT27TORSAS-TOR,0.33217560920450045,17687.0,120
KXNBAGAME-25OCT28CHAMIA-CHA,0.3871909291371459,229923.0,720
KXNBAGAME-25OCT28CHAMIA-MIA,0.6233612839239023,144183.0,448
KXNBAGAME-25OCT28LACGSW-GSW,0.4906278492534861,1327102.0,2744
KXNBAGAME-25OCT28LACGSW-LAC,0.5281799402143535,658352.0,814
KXNBAGAME-25OCT28NYKMIL-MIL,0.4405888392679134,200632.0,755
KXNBAGAME-25OCT28NYKMIL-NYK,0.5619116012547237,323896.0,691
KXNBAGAME-25OCT28PHIWAS-PHI,0.6390364112700954,1038607.0,2768
KXNBAGAME-25OCT28PHIWAS-WAS,0.35319083023543985,397044.0,998
KXNBAGAME-25OCT28SACOKC-OKC,0.7895728168219961,60302.0,287
KXNBAGAME-25OCT28SACOKC-SAC,0.2276798981637866,120193.0,244
KXNBAGAME-25OCT29ATLBKN-ATL,0.6091912063050989,81331.0,411
KXNBAGAME-25OCT29ATLBKN-BKN,0.3542553191489362,197729.0,722
KXNBAGAME-25OCT29CLEBOS-BOS,0.41535629562289206,185899.0,695
KXNBAGAME-25OCT29CLEBOS-CLE,0.6009640083116078,593387.0,1547
KXNBAGAME-25OCT29HOUTOR-HOU,0.6894908577811747,238126.0,838
KXNBAGAME-25OCT29HOUTOR-TOR,0.3236282188172422,184501.0,526
KXNBAGAME-25OCT29INDDAL-DAL,0.652308368301953,182068.0,417
KXNBAGAME-25OCT29INDDAL-IND,0.35972205353389075,107035.0,434
KXNBAGAME-25OCT29LALMIN-LAL,0.2722659397560087,354193.0,1077
KXNBAGAME-25OCT29LALMIN-MIN,0.734738800259643,189491.0,322
KXNBAGAME-25OCT29MEMPHX-MEM,0.5586523214021296,148574.0,385
KXNBAGAME-25OCT29MEMPHX-PHX,0.4473012729686611,179266.0,165
KXNBAGAME-25OCT29NOPDEN-DEN,0.8571260912168179,44904.0,116
KXNBAGAME-25OCT29NOPDEN-NOP,0.15950147761482586,36207.0,143
KXNBAGAME-25OCT29ORLDET-DET,0.42154532805308786,420435.0,1066
KXNBAGAME-25OCT29ORLDET-ORL,0.5838203195658727,199020.0,849
KXNBAGAME-25OCT29PORUTA-POR,0.5357766198537238,116492.0,404
KXNBAGAME-25OCT29PORUTA-UTA,0.4834545756955022,342702.0,869
KXNBAGAME-25OCT29SACCHI-CHI,0.6299200837218152,73577.0,246
KXNBAGAME-25OCT29SACCHI-SAC,0.38239200075059976,74607.0,265
KXNBAGAME-25OCT30GSWMIL-GSW,0.7344086890488166,430611.0,980
KXNBAGAME-25OCT30GSWMIL-MIL,0.2686421898174569,629057.0,1809
KXNBAGAME-25OCT30MIASAS-MIA,0.32811328893336555,57958.0,248
KXNBAGAME-25OCT30MIASAS-SAS,0.6878808854614294,86102.0,411
KXNBAGAME-25OCT30ORLCHA-CHA,0.42469985772452623,406957.0,654
KXNBAGAME-25OCT30ORLCHA-ORL,0.5844851136695417,253454.0,438
KXNBAGAME-25OCT30WASOKC-OKC,0.8997518702002926,70447.0,130
KXNBAGAME-25OCT30WASOKC-WAS,0.11352487055597706,150258.0,337
KXNBAGAME-25OCT31ATLIND-ATL,0.48646268808573656,353828.0,839
KXNBAGAME-25OCT31ATLIND-IND,0.49689204247169144,481921.0,1007
KXNBAGAME-25OCT31BOSPHI-BOS,0.5484857654132234,406826.0,910
KXNBAGAME-25OCT31BOSPHI-PHI,0.45394932115080544,856965.0,2540
KXNBAGAME-25OCT31DENPOR-DEN,0.7362552518983926,207544.0,701
KXNBAGAME-25OCT31DENPOR-POR,0.26831430108812626,234164.0,654
KXNBAGAME-25OCT31LALMEM-LAL,0.5207097376624905,544032.0,1274
KXNBAGAME-25OCT31LALMEM-MEM,0.47949526754467076,584052.0,438
KXNBAGAME-25OCT31NOPLAC-LAC,0.8297657573347061,106855.0,148
KXNBAGAME-25OCT31NOPLAC-NOP,0.1931586468542523,158150.0,261
KXNBAGAME-25OCT31NYKCHI-CHI,0.32554472284558156,226372.0,820
KXNBAGAME-25OCT31NYKCHI-NYK,0.682358119911091,172311.0,401
KXNBAGAME-25OCT31TORCLE-CLE,0.636893315653065,165910.0,464
KXNBAGAME-25OCT31TORCLE-TOR,0.365314166073086,92658.0,308
KXNBAGAME-25OCT31UTAPHX-PHX,0.5958545362618407,67247.0,152
KXNBAGAME-25OCT31UTAPHX-UTA,0.41220924692245714,115433.0,324
KXNBAGAME-26APR01ATLORL-ATL,0.5596887142417266,613809.0,1882
KXNBAGAME-26APR01ATLORL-ORL,0.44769891273247503,349500.0,1276
KXNBAGAME-26APR01BOSMIA-BOS,0.6447642053028242,708943.0,1501
KXNBAGAME-26APR01BOSMIA-MIA,0.3663808355528559,1014107.0,579
KXNBAGAME-26APR01DENUTA-DEN,0.929921477549215,90420.0,105
KXNBAGAME-26APR01DENUTA-UTA,0.07996366830699429,117253.0,356
KXNBAGAME-26APR01INDCHI-CHI,0.5995521899601824,55001.0,287
KXNBAGAME-26APR01INDCHI-IND,0.40752934452894884,22747.0,130
KXNBAGAME-26APR01MILHOU-HOU,0.9492039015008414,29117.0,96
KXNBAGAME-26APR01MILHOU-MIL,0.059906950726590316,166256.0,606
KXNBAGAME-26APR01NYKMEM-MEM,0.12911075564367142,44386.0,167
KXNBAGAME-26APR01NYKMEM-NYK,0.8745421643141514,16578.0,90
KXNBAGAME-26APR01PHIWAS-PHI,0.8999745199284532,59262.0,188
KXNBAGAME-26APR01PHIWAS-WAS,0.09999539925813038,139108.0,367
KXNBAGAME-26APR01SACTOR-SAC,0.14526710199499004,188823.0,533
KXNBAGAME-26APR01SACTOR-TOR,0.8623642208619202,97364.0,244
KXNBAGAME-26APR01SASGSW-GSW,0.09482313844593174,646664.0,2052
KXNBAGAME-26APR01SASGSW-SAS,0.906199198846115,859011.0,1248
KXNBAGAME-26APR02CLEGSW-CLE,0.7958425264424135,272668.0,762
KXNBAGAME-26APR02CLEGSW-GSW,0.21709993269446495,249608.0,1153
KXNBAGAME-26APR02MINDET-DET,0.6891664812727644,543887.0,1922
KXNBAGAME-26APR02MINDET-MIN,0.32746990993338654,245596.0,1629
KXNBAGAME-26APR02NOPPOR-NOP,0.3202796042981142,255647.0,574
KXNBAGAME-26APR02NOPPOR-POR,0.7057512351158077,298555.0,1180
KXNBAGAME-26APR02PHXCHA-CHA,0.6801095893108576,101561.0,475
KXNBAGAME-26APR02PHXCHA-PHX,0.33121417193948943,340899.0,799
KXNBAGAME-26APR02SASLAC-LAC,0.560510847358399,331371.0,989
KXNBAGAME-26APR02SASLAC-SAS,0.4565303868820317,701816.0,2686
KXNBAGAME-26APR03BOSMIL-BOS,0.9399941350247634,138108.0,118
KXNBAGAME-26APR03BOSMIL-MIL,0.06890066547031554,53496.0,320
KXNBAGAME-26APR03INDCHA-CHA,0.919803630442071,20879.0,132
KXNBAGAME-26APR03INDCHA-IND,0.08978447018625776,95996.0,457
KXNBAGAME-26APR03NOPSAC-NOP,0.7310000357907245,698505.0,1817
KXNBAGAME-26APR03NOPSAC-SAC,0.2778383711456938,724190.0,2044
KXNBAGAME-26APR03ORLDAL-DAL,0.29777660767393105,102555.0,600
KXNBAGAME-26APR03ORLDAL-ORL,0.7113954784983813,869888.0,742
KXNBAGAME-26APR03TORMEM-MEM,0.10630339239990318,78499.0,249
KXNBAGAME-26APR03TORMEM-TOR,0.9217614002763703,54275.0,138
KXNBAGAME-26APR03UTAHOU-HOU,0.9399993471135892,76583.0,77
KXNBAGAME-26APR03UTAHOU-UTA,0.0699784084864036,31957.0,196
KXNBAGAME-26APR04DETPHI-DET,0.6196825254450956,613183.0,1067
KXNBAGAME-26APR04DETPHI-PHI,0.391427313200007,228212.0,1053
KXNBAGAME-26APR04SASDEN-DEN,0.3921974386484321,736330.0,3073
KXNBAGAME-26APR04SASDEN-SAS,0.5935381761173393,1513014.0,4671
KXNBAGAME-26APR04WASMIA-MIA,0.9493626078659578,95373.0,157
KXNBAGAME-26APR04WASMIA-WAS,0.06016081973910639,242321.0,582
KXNBAGAME-26APR05HOUGSW-GSW,0.4098819440222971,1200871.0,4479
KXNBAGAME-26APR05HOUGSW-HOU,0.6021096506598772,1421022.0,4096
KXNBAGAME-26APR05INDCLE-CLE,0.9293366115219435,78702.0,127
KXNBAGAME-26APR05INDCLE-IND,0.0814879122704993,180555.0,379
KXNBAGAME-26APR05LACSAC-LAC,0.8698231122148329,95032.0,216
KXNBAGAME-26APR05LACSAC-SAC,0.13923026094683658,175553.0,623
KXNBAGAME-26APR05LALDAL-DAL,0.750812457783799,1295415.0,4164
KXNBAGAME-26APR05LALDAL-LAL,0.2893626514798623,2385053.0,9381
KXNBAGAME-26APR05MEMMIL-MEM,0.3176661917646238,243559.0,482
KXNBAGAME-26APR05MEMMIL-MIL,0.6799122447564351,158623.0,398
KXNBAGAME-26APR05ORLNOP-NOP,0.30018133995609275,190857.0,214
KXNBAGAME-26APR05ORLNOP-ORL,0.6997443927906631,316423.0,603
KXNBAGAME-26APR05PHXCHI-CHI,0.1874810491206792,158304.0,732
KXNBAGAME-26APR05PHXCHI-PHX,0.837890273416405,249985.0,451
KXNBAGAME-26APR05TORBOS-BOS,0.7998958625575966,210299.0,471
KXNBAGAME-26APR05TORBOS-TOR,0.20965022751298432,43514.0,228
KXNBAGAME-26APR05UTAOKC-OKC,0.9804102619614637,36952.0,119
KXNBAGAME-26APR05UTAOKC-UTA,0.02184690283374692,697557.0,1287
KXNBAGAME-26APR05WASBKN-BKN,0.61336544011544,110880.0,541
KXNBAGAME-26APR05WASBKN-WAS,0.4042789593759199,54352.0,357
KXNBAGAME-26APR06CLEMEM-CLE,0.8899224243953202,31711.0,143
KXNBAGAME-26APR06CLEMEM-MEM,0.11997546706925835,63588.0,325
KXNBAGAME-26APR06DETORL-DET,0.4367375638499496,1118051.0,3122
KXNBAGAME-26APR06DETORL-ORL,0.5274604715681093,1647991.0,2071
KXNBAGAME-26APR06NYKATL-ATL,0.5154308301437075,531149.0,1746
KXNBAGAME-26APR06NYKATL-NYK,0.4931136111233618,498842.0,2031
KXNBAGAME-26APR06PHISAS-PHI,0.24416185210066665,193510.0,830
KXNBAGAME-26APR06PHISAS-SAS,0.7643592901202966,361357.0,1021
KXNBAGAME-26APR06PORDEN-DEN,0.6734514420175195,490424.0,1552
KXNBAGAME-26APR06PORDEN-POR,0.33106991138815495,137002.0,644
KXNBAGAME-26APR07CHABOS-BOS,0.6458059617194855,398375.0,1362
KXNBAGAME-26APR07CHABOS-CHA,0.36122495082066003,1161565.0,647
KXNBAGAME-26APR07CHIWAS-CHI,0.6773508081933299,131961.0,553
KXNBAGAME-26APR07CHIWAS-WAS,0.3386290765568734,98306.0,453
KXNBAGAME-26APR07HOUPHX-HOU,0.48394638536449885,1746165.0,5067
KXNBAGAME-26APR07HOUPHX-PHX,0.5082662620137235,707108.0,2198
KXNBAGAME-26APR07MIATOR-MIA,0.44189845806351724,219594.0,368
KXNBAGAME-26APR07MIATOR-TOR,0.5678518922892323,185014.0,410
KXNBAGAME-26APR07MILBKN-BKN,0.45961892178959096,77202.0,194
KXNBAGAME-26APR07MILBKN-MIL,0.5395016138770201,172256.0,456
KXNBAGAME-26APR07MININD-IND,0.13796970256789212,81195.0,404
KXNBAGAME-26APR07MININD-MIN,0.8746948894598177,122218.0,272
KXNBAGAME-26APR07SACGSW-GSW,0.9055446318069309,129280.0,261
KXNBAGAME-26APR07SACGSW-SAC,0.1050271871963694,165703.0,622
KXNBAGAME-26APR07UTANOP-NOP,0.7098538027557774,73736.0,221
KXNBAGAME-26APR07UTANOP-UTA,0.2905610832647565,26734.0,209
KXNBAGAME-26APR08ATLCLE-ATL,0.39690072151310646,535957.0,1445
KXNBAGAME-26APR08ATLCLE-CLE,0.6128643445030056,645289.0,1707
KXNBAGAME-26APR08DALPHX-DAL,0.14988846878147766,137002.0,634
KXNBAGAME-26APR08DALPHX-PHX,0.8595125528987201,77034.0,238
KXNBAGAME-26APR08MEMDEN-DEN,0.9785404597271539,10702.0,73
KXNBAGAME-26APR08MEMDEN-MEM,0.03186752712887042,361976.0,810
KXNBAGAME-26APR08MILDET-DET,0.959629127182045,401000.0,205
KXNBAGAME-26APR08MILDET-MIL,0.04961881990085572,411118.0,1100
KXNBAGAME-26APR08MINORL-MIN,0.18733286825624892,312493.0,814
KXNBAGAME-26APR08MINORL-ORL,0.8171749628742789,347468.0,373
KXNBAGAME-26APR08OKCLAC-LAC,0.2469763739022867,81647.0,431
KXNBAGAME-26APR08OKCLAC-OKC,0.7625714953528022,509124.0,1100
KXNBAGAME-26APR08PORSAS-POR,0.4212572709803976,499073.0,1260
KXNBAGAME-26APR08PORSAS-SAS,0.5929814342193358,802067.0,2549
KXNBAGAME-26APR09BOSNYK-BOS,0.39303802653136727,302736.0,1481
KXNBAGAME-26APR09BOSNYK-NYK,0.6150175249861188,288160.0,867
KXNBAGAME-26APR09CHIWAS-CHI,0.7173686444333259,289805.0,753
KXNBAGAME-26APR09CHIWAS-WAS,0.2937369268867358,41593.0,210
KXNBAGAME-26APR09INDBKN-BKN,0.4159577792756909,32638.0,164
KXNBAGAME-26APR09INDBKN-IND,0.6009065657712849,154087.0,220
KXNBAGAME-26APR09LALGSW-GSW,0.5299558045951284,804156.0,2110
KXNBAGAME-26APR09LALGSW-LAL,0.47987727712537503,1436570.0,4516
KXNBAGAME-26APR09MIATOR-MIA,0.43767051710757804,246119.0,784
KXNBAGAME-26APR09MIATOR-TOR,0.6026515558841321,476128.0,1104
KXNBAGAME-26APR09PHIHOU-HOU,0.6923518194975031,306788.0,999
KXNBAGAME-26APR09PHIHOU-PHI,0.315064627707992,170283.0,528
KXNBAGAME-26APR10BKNMIL-BKN,0.19482749228254953,11014.0,98
KXNBAGAME-26APR10BKNMIL-MIL,0.8113086172344688,9980.0,83
KXNBAGAME-26APR10DALSAS-DAL,0.06821887160690697,84031.0,329
KXNBAGAME-26APR10DALSAS-SAS,0.9391508141835336,124849.0,131
KXNBAGAME-26APR10DETCHA-CHA,0.665105544241889,366813.0,966
KXNBAGAME-26APR10DETCHA-DET,0.34961507730029334,674577.0,2021
KXNBAGAME-26APR10GSWSAC-GSW,0.8292128987476546,850005.0,1062
KXNBAGAME-26APR10GSWSAC-SAC,0.18354317423190314,328344.0,1074
KXNBAGAME-26APR10LACPOR-LAC,0.47346184021270105,504746.0,1132
KXNBAGAME-26APR10LACPOR-POR,0.5367011067291808,209446.0,511
KXNBAGAME-26APR10MINHOU-HOU,0.8104665453107206,419702.0,709
KXNBAGAME-26APR10MINHOU-MIN,0.20653148176204747,270617.0,1193
KXNBAGAME-26APR10NOPBOS-BOS,0.9399739796362371,114910.0,145
KXNBAGAME-26APR10NOPBOS-NOP,0.06117885062064488,80078.0,254
KXNBAGAME-26APR10OKCDEN-DEN,0.5594481173986567,209338.0,558
KXNBAGAME-26APR10OKCDEN-OKC,0.44005018769184806,415042.0,1148
KXNBAGAME-26APR10ORLCHI-CHI,0.09774222541793998,27815.0,170
KXNBAGAME-26APR10ORLCHI-ORL,0.9094974964234622,5592.0,55
KXNBAGAME-26APR10PHIIND-IND,0.10992772615360177,25182.0,153
KXNBAGAME-26APR10PHIIND-PHI,0.8999937567970356,49654.0,90
KXNBAGAME-26APR10PHXLAL-LAL,0.4807516860552291,1320538.0,3410
KXNBAGAME-26APR10PHXLAL-PHX,0.5310346179001901,385292.0,951
KXNBAGAME-26APR10TORNYK-NYK,0.7077929598000416,168035.0,425
KXNBAGAME-26APR10TORNYK-TOR,0.3021243770543951,18862.0,148
KXNBAGAME-26APR12ATLMIA-ATL,0.2195765073535334,62079.0,326
KXNBAGAME-26APR12ATLMIA-MIA,0.7891629440544565,159834.0,261
KXNBAGAME-26APR12BKNTOR-BKN,0.02837331129225332,175430.0,422
KXNBAGAME-26APR12BKNTOR-TOR,0.9791877682403434,9320.0,23
KXNBAGAME-26APR12CHANYK-CHA,0.884384926622915,195497.0,238
KXNBAGAME-26APR12CHANYK-NYK,0.1298196954421656,265828.0,886
KXNBAGAME-26APR12CHIDAL-CHI,0.3317087893864013,45225.0,272
KXNBAGAME-26APR12CHIDAL-DAL,0.6735413251739336,82359.0,306
KXNBAGAME-26APR12DENSAS-DEN,0.2126791399146072,467721.0,1783
KXNBAGAME-26APR12DENSAS-SAS,0.7898584037661583,219003.0,464
KXNBAGAME-26APR12DETIND-DET,0.9081821200605099,135515.0,113
KXNBAGAME-26APR12DETIND-IND,0.10000725850105802,81284.0,137
KXNBAGAME-26APR12MEMHOU-HOU,0.8946287496287495,6734.0,103
KXNBAGAME-26APR12MEMHOU-MEM,0.11154180298573119,36373.0,264
KXNBAGAME-26APR12MILPHI-MIL,0.08796132151490733,16133.0,160
KXNBAGAME-26APR12MILPHI-PHI,0.9193710477672924,20558.0,55
KXNBAGAME-26APR12NOPMIN-MIN,0.6565220032829054,281458.0,1012
KXNBAGAME-26APR12NOPMIN-NOP,0.3417561555830331,148808.0,435
KXNBAGAME-26APR12ORLBOS-BOS,0.1499735985122604,475352.0,2088
KXNBAGAME-26APR12ORLBOS-ORL,0.8598637581243953,286329.0,434
KXNBAGAME-26APR12PHXOKC-OKC,0.7413862089976643,39388.0,300
KXNBAGAME-26APR12PHXOKC-PHX,0.2673933826275301,26778.0,170
KXNBAGAME-26APR12SACPOR-POR,0.9535517867790829,72113.0,105
KXNBAGAME-26APR12SACPOR-SAC,0.05871607544435212,253909.0,870
KXNBAGAME-26APR12UTALAL-LAL,0.8982344073204082,142615.0,234
KXNBAGAME-26APR12UTALAL-UTA,0.11213498581895535,67696.0,381
KXNBAGAME-26APR12WASCLE-CLE,0.8192230447848714,27286.0,158
KXNBAGAME-26APR12WASCLE-WAS,0.18984560968683037,77466.0,156
KXNBAGAME-26APR14MIACHA-CHA,0.6935834526125201,817410.0,2483
KXNBAGAME-26APR14MIACHA-MIA,0.3204121053576112,1159024.0,4507
KXNBAGAME-26APR14PORPHX-PHX,0.5902328428618081,1512694.0,3309
KXNBAGAME-26APR14PORPHX-POR,0.4217941597051432,446861.0,1762
KXNBAGAME-26APR15GSWLAC-GSW,0.34154367698196875,1688624.0,5179
KXNBAGAME-26APR15GSWLAC-LAC,0.6707602230352743,569596.0,1822
KXNBAGAME-26APR17CHAORL-CHA,0.5351402448961178,2722084.8,7591
KXNBAGAME-26APR17CHAORL-ORL,0.492847024377656,1405922.7000000002,4547
KXNBAGAME-26APR17GSWPHX-GSW,0.4171187011985736,2890513.61,10639
KXNBAGAME-26APR17GSWPHX-PHX,0.5986688557218237,1376587.82,3104
KXNBAGAME-26APR18ATLNYK-ATL,0.3158913477287166,793948.06,2732
KXNBAGAME-26APR18ATLNYK-NYK,0.6936431177345328,1173000.96,3087
KXNBAGAME-26APR18MINDEN-DEN,0.7261439376989994,784241.6600000001,2065
KXNBAGAME-26APR18MINDEN-MIN,0.28631464288004793,879873.97,3492
KXNBAGAME-26APR19ORLDET-DET,0.7899725064318635,1406590.8,2507
KXNBAGAME-26APR19ORLDET-ORL,0.21974093439014397,908692.59,2634
KXNBAGAME-26APR19PHXOKC-OKC,0.9113288738680219,876593.88,1048
KXNBAGAME-26APR19PHXOKC-PHX,0.09911841491968251,842236.69,1979
KXNBAGAME-26APR19PORSAS-POR,0.1478527751322718,1495124.5899999999,3748
KXNBAGAME-26APR19PORSAS-SAS,0.8563501113019315,2861675.4000000004,2611
KXNBAGAME-26APR20ATLNYK-ATL,0.3056254817267163,652846.81,2092
KXNBAGAME-26APR20ATLNYK-NYK,0.7021599298393478,866662.4099999999,2692
KXNBAGAME-26APR20TORCLE-CLE,0.7998557668464782,473451.48,1167
KXNBAGAME-26APR20TORCLE-TOR,0.20549963383285447,472816.86,1593
KXNBAGAME-26APR21HOULAL-HOU,0.6822896774105774,1364203.44,2590
KXNBAGAME-26APR21HOULAL-LAL,0.3284962457743349,2410076.2199999997,8798
KXNBAGAME-26APR21PHIBOS-BOS,0.8798874126200823,546900.55,930
KXNBAGAME-26APR21PHIBOS-PHI,0.12995232449374083,570632.64,1944
KXNBAGAME-26APR21PORSAS-POR,0.19503827456325298,422729.83999999997,1609
KXNBAGAME-26APR21PORSAS-SAS,0.8220480831782424,516127.27999999997,1076
KXNBAGAME-26FEB01BKNDET-BKN,0.14773395489379465,100607.0,374
KXNBAGAME-26FEB01BKNDET-DET,0.8622720487531637,340983.0,511
KXNBAGAME-26FEB01CHIMIA-CHI,0.3530265792091519,321680.0,932
KXNBAGAME-26FEB01CHIMIA-MIA,0.6659089222981083,137487.0,586
KXNBAGAME-26FEB01CLEPOR-CLE,0.5905769416677946,206884.0,573
KXNBAGAME-26FEB01CLEPOR-POR,0.44094996634115197,114383.0,223
KXNBAGAME-26FEB01LACPHX-LAC,0.429222627481496,271157.0,871
KXNBAGAME-26FEB01LACPHX-PHX,0.5844163712967297,149530.0,690
KXNBAGAME-26FEB01LALNYK-LAL,0.344483620776785,603539.0,2090
KXNBAGAME-26FEB01LALNYK-NYK,0.6739728695613572,360407.0,850
KXNBAGAME-26FEB01MILBOS-BOS,0.8483137666133929,336626.0,791
KXNBAGAME-26FEB01MILBOS-MIL,0.17220336668729067,234355.0,1024
KXNBAGAME-26FEB01OKCDEN-DEN,0.32988957143542735,1041850.0,2539
KXNBAGAME-26FEB01OKCDEN-OKC,0.6873968483582129,149319.0,742
KXNBAGAME-26FEB01ORLSAS-ORL,0.35749216857893595,106941.0,356
KXNBAGAME-26FEB01ORLSAS-SAS,0.6576291069575153,343959.0,1086
KXNBAGAME-26FEB01SACWAS-SAC,0.5346943271883561,205154.0,616
KXNBAGAME-26FEB01SACWAS-WAS,0.4846661427794234,82715.0,495
KXNBAGAME-26FEB01UTATOR-TOR,0.8100669217952928,252683.0,765
KXNBAGAME-26FEB01UTATOR-UTA,0.19865176290797948,229025.0,932
KXNBAGAME-26FEB02HOUIND-HOU,0.7141979432817638,362811.0,1802
KXNBAGAME-26FEB02HOUIND-IND,0.29760599808371685,510363.0,1732
KXNBAGAME-26FEB02MINMEM-MEM,0.29478362769525396,398942.0,2494
KXNBAGAME-26FEB02MINMEM-MIN,0.7065140780096717,628640.0,3023
KXNBAGAME-26FEB02NOPCHA-CHA,0.7070233784762378,370084.0,1092
KXNBAGAME-26FEB02NOPCHA-NOP,0.3119933275981451,95318.0,561
KXNBAGAME-26FEB02PHILAC-LAC,0.4942235537856098,595624.0,1637
KXNBAGAME-26FEB02PHILAC-PHI,0.5138781090608048,1072631.0,2100
KXNBAGAME-26FEB03ATLMIA-ATL,0.7346399399650793,334472.0,1138
KXNBAGAME-26FEB03ATLMIA-MIA,0.3727326793053162,377150.0,1677
KXNBAGAME-26FEB03BOSDAL-BOS,0.7097812762592062,80924.0,432
KXNBAGAME-26FEB03BOSDAL-DAL,0.3025727106930313,41672.0,377
KXNBAGAME-26FEB03CHIMIL-CHI,0.529945132624209,29708.0,289
KXNBAGAME-26FEB03CHIMIL-MIL,0.47895082226438956,12648.0,152
KXNBAGAME-26FEB03DENDET-DEN,0.312309305060509,661554.0,2587
KXNBAGAME-26FEB03DENDET-DET,0.7360699292754282,352070.0,1471
KXNBAGAME-26FEB03LALBKN-BKN,0.2588318206820682,14544.0,161
KXNBAGAME-26FEB03LALBKN-LAL,0.7464846594087525,464780.0,885
KXNBAGAME-26FEB03NYKWAS-NYK,0.8748612397093456,397448.0,520
KXNBAGAME-26FEB03NYKWAS-WAS,0.1424196928324549,110233.0,470
KXNBAGAME-26FEB03ORLOKC-OKC,0.8134481933094996,62656.0,308
KXNBAGAME-26FEB03ORLOKC-ORL,0.19086432002519885,63495.0,296
KXNBAGAME-26FEB03PHIGSW-GSW,0.6339159946178964,233366.0,871
KXNBAGAME-26FEB03PHIGSW-PHI,0.37360299063458013,914321.0,2907
KXNBAGAME-26FEB03PHXPOR-PHX,0.5652022126942483,709723.0,2147
KXNBAGAME-26FEB03PHXPOR-POR,0.44947729496312416,254503.0,1234
KXNBAGAME-26FEB03UTAIND-IND,0.4345546461242176,72695.0,561
KXNBAGAME-26FEB03UTAIND-UTA,0.574813491807035,340414.0,702
KXNBAGAME-26FEB04BOSHOU-BOS,0.29167743485689873,74912.0,709
KXNBAGAME-26FEB04BOSHOU-HOU,0.7229816550767194,247916.0,455
KXNBAGAME-26FEB04CLELAC-CLE,0.5870652855981113,355377.0,913
KXNBAGAME-26FEB04CLELAC-LAC,0.4255747891699956,112650.0,413
KXNBAGAME-26FEB04DENNYK-DEN,0.3627744918726673,1183168.0,6059
KXNBAGAME-26FEB04DENNYK-NYK,0.6553884003361706,900733.0,3508
KXNBAGAME-26FEB04MEMSAC-MEM,0.3862481745016135,343057.0,1355
KXNBAGAME-26FEB04MEMSAC-SAC,0.6094203856876252,434030.0,1199
KXNBAGAME-26FEB04MINTOR-MIN,0.5769776497738852,160759.0,916
KXNBAGAME-26FEB04MINTOR-TOR,0.4393398525236259,94388.0,602
KXNBAGAME-26FEB04NOPMIL-MIL,0.3585702056127135,128494.0,660
KXNBAGAME-26FEB04NOPMIL-NOP,0.6464779374127211,201223.0,354
KXNBAGAME-26FEB04OKCSAS-OKC,0.22747391821532345,307686.0,1324
KXNBAGAME-26FEB04OKCSAS-SAS,0.785692089021477,370068.0,460
KXNBAGAME-26FEB05BKNORL-BKN,0.2070027207727838,47413.0,445
KXNBAGAME-26FEB05BKNORL-ORL,0.795902199850415,168466.0,483
KXNBAGAME-26FEB05CHAHOU-CHA,0.3992601191433288,254987.0,1203
KXNBAGAME-26FEB05CHAHOU-HOU,0.6158212419311124,261963.0,1150
KXNBAGAME-26FEB05CHITOR-CHI,0.2696368596162033,63419.0,383
KXNBAGAME-26FEB05CHITOR-TOR,0.7399668409985443,185470.0,384
KXNBAGAME-26FEB05GSWPHX-GSW,0.349261265064612,151597.0,729
KXNBAGAME-26FEB05GSWPHX-PHX,0.6574941023153169,420504.0,829
KXNBAGAME-26FEB05PHILAL-LAL,0.5256292144173371,1178692.0,3660
KXNBAGAME-26FEB05PHILAL-PHI,0.5015848752692935,1241675.0,3198
KXNBAGAME-26FEB05SASDAL-DAL,0.269226317491109,30930.0,315
KXNBAGAME-26FEB05SASDAL-SAS,0.7399497248908589,149577.0,410
KXNBAGAME-26FEB05UTAATL-ATL,0.7440309383207081,65873.0,241
KXNBAGAME-26FEB05UTAATL-UTA,0.2697071498777691,39679.0,272
KXNBAGAME-26FEB05WASDET-DET,0.8977549731695817,356312.0,530
KXNBAGAME-26FEB05WASDET-WAS,0.10955622421383937,216686.0,993
KXNBAGAME-26FEB06INDMIL-IND,0.5392778477029578,50848.0,315
KXNBAGAME-26FEB06INDMIL-MIL,0.4708994424475702,70666.0,623
KXNBAGAME-26FEB06LACSAC-LAC,0.5932374597733316,457408.0,1913
KXNBAGAME-26FEB06LACSAC-SAC,0.4249605295964637,473266.0,1916
KXNBAGAME-26FEB06MEMPOR-MEM,0.2821551109931406,143162.0,546
KXNBAGAME-26FEB06MEMPOR-POR,0.7227341985948983,166963.0,302
KXNBAGAME-26FEB06MIABOS-BOS,0.6503627029796627,405952.0,1761
KXNBAGAME-26FEB06MIABOS-MIA,0.3593268220390427,238867.0,1021
KXNBAGAME-26FEB06NOPMIN-MIN,0.7598470411704024,213260.0,618
KXNBAGAME-26FEB06NOPMIN-NOP,0.2532897506050721,38012.0,313
KXNBAGAME-26FEB06NYKDET-DET,0.657501125356923,446525.0,1554
KXNBAGAME-26FEB06NYKDET-NYK,0.35435335859014894,906422.0,3726
KXNBAGAME-26FEB07CHAATL-ATL,0.47496043004330296,254486.0,766
KXNBAGAME-26FEB07CHAATL-CHA,0.5360579458432374,538917.0,1248
KXNBAGAME-26FEB07CLESAC-CLE,0.8395588608333971,248357.0,299
KXNBAGAME-26FEB07CLESAC-SAC,0.17283966387396527,79851.0,435
KXNBAGAME-26FEB07DALSAS-DAL,0.20823797843420896,143097.0,780
KXNBAGAME-26FEB07DALSAS-SAS,0.7991476882722102,163168.0,520
KXNBAGAME-26FEB07DENCHI-CHI,0.25346187363834427,22950.0,231
KXNBAGAME-26FEB07DENCHI-DEN,0.7566454696013857,237297.0,460
KXNBAGAME-26FEB07GSWLAL-GSW,0.4400238138999656,125137.0,812
KXNBAGAME-26FEB07GSWLAL-LAL,0.5560003243479726,795442.0,2760
KXNBAGAME-26FEB07HOUOKC-HOU,0.46045484136212017,969283.0,3441
KXNBAGAME-26FEB07HOUOKC-OKC,0.5478132588772038,621395.0,2523
KXNBAGAME-26FEB07MEMPOR-MEM,0.27113903215187096,27339.0,239
KXNBAGAME-26FEB07MEMPOR-POR,0.7395982502011262,19888.0,136
KXNBAGAME-26FEB07PHIPHX-PHI,0.4763309155915876,175646.0,1199
KXNBAGAME-26FEB07PHIPHX-PHX,0.5218487890846166,125401.0,764
KXNBAGAME-26FEB07UTAORL-ORL,0.7210565263204863,291351.0,689
KXNBAGAME-26FEB07UTAORL-UTA,0.29080849927899016,382103.0,1161
KXNBAGAME-26FEB07WASBKN-BKN,0.7177699829931972,122304.0,379
KXNBAGAME-26FEB07WASBKN-WAS,0.30159878705494847,325159.0,883
KXNBAGAME-26FEB08INDTOR-IND,0.26019642310510843,215606.0,782
KXNBAGAME-26FEB08INDTOR-TOR,0.75282351852478,561923.0,1032
KXNBAGAME-26FEB08LACMIN-LAC,0.2564891542435697,216398.0,836
KXNBAGAME-26FEB08LACMIN-MIN,0.7596680162646834,230192.0,764
KXNBAGAME-26FEB08MIAWAS-MIA,0.8495232886552496,61253.0,323
KXNBAGAME-26FEB08MIAWAS-WAS,0.15949964472442282,94293.0,592
KXNBAGAME-26FEB08NYKBOS-BOS,0.5996033603360335,216645.0,1039
KXNBAGAME-26FEB08NYKBOS-NYK,0.413000496330698,451312.0,1363
KXNBAGAME-26FEB09ATLMIN-ATL,0.2523142350351549,46793.0,413
KXNBAGAME-26FEB09ATLMIN-MIN,0.7520066621499547,88560.0,495
KXNBAGAME-26FEB09CHIBKN-BKN,0.41892924065047504,663884.0,450
KXNBAGAME-26FEB09CHIBKN-CHI,0.5938210101826925,469915.0,1286
KXNBAGAME-26FEB09CLEDEN-CLE,0.44958798372796505,316371.0,1275
KXNBAGAME-26FEB09CLEDEN-DEN,0.5674591331856181,305994.0,1223
KXNBAGAME-26FEB09DETCHA-CHA,0.4269022635929944,489664.0,2744
KXNBAGAME-26FEB09DETCHA-DET,0.5911502231164744,1157019.0,4755
KXNBAGAME-26FEB09MEMGSW-GSW,0.7095642586802698,395005.0,1404
KXNBAGAME-26FEB09MEMGSW-MEM,0.33815057207212973,625096.0,2511
KXNBAGAME-26FEB09MILORL-MIL,0.22845634358887779,76999.0,764
KXNBAGAME-26FEB09MILORL-ORL,0.7808286215317044,61017.0,470
KXNBAGAME-26FEB09OKCLAL-LAL,0.32504743874931136,1539248.0,8101
KXNBAGAME-26FEB09OKCLAL-OKC,0.6921159608209926,672503.0,4121
KXNBAGAME-26FEB09PHIPOR-PHI,0.4046188101254929,673903.0,3194
KXNBAGAME-26FEB09PHIPOR-POR,0.59725350489786,316771.0,1333
KXNBAGAME-26FEB09SACNOP-NOP,0.7694697514805999,54201.0,210
KXNBAGAME-26FEB09SACNOP-SAC,0.2388190797699425,143964.0,787
KXNBAGAME-26FEB09UTAMIA-MIA,0.7110412032683309,177583.0,1004
KXNBAGAME-26FEB09UTAMIA-UTA,0.30959551100283556,125195.0,801
KXNBAGAME-26FEB10DALPHX-DAL,0.26973351188483424,74675.0,593
KXNBAGAME-26FEB10DALPHX-PHX,0.7397583062895998,64710.0,414
KXNBAGAME-26FEB10INDNYK-IND,0.20136432733721815,465746.0,4149
KXNBAGAME-26FEB10INDNYK-NYK,0.8304807489483134,583111.0,2287
KXNBAGAME-26FEB10LACHOU-HOU,0.741319690168119,113610.0,714
KXNBAGAME-26FEB10LACHOU-LAC,0.2698997073756347,239898.0,963
KXNBAGAME-26FEB10SASLAL-LAL,0.15954713620503685,1026313.0,4260
KXNBAGAME-26FEB10SASLAL-SAS,0.8508297392768758,779064.0,1795
KXNBAGAME-26FEB11ATLCHA-ATL,0.4596524902365533,246583.0,1269
KXNBAGAME-26FEB11ATLCHA-CHA,0.5538485586535317,302599.0,1331
KXNBAGAME-26FEB11CHIBOS-BOS,0.8626095512218044,34048.0,199
KXNBAGAME-26FEB11CHIBOS-CHI,0.14990542244640606,22204.0,262
KXNBAGAME-26FEB11DETTOR-DET,0.5189843726056709,358921.0,1131
KXNBAGAME-26FEB11DETTOR-TOR,0.49254334077769196,239555.0,945
KXNBAGAME-26FEB11INDBKN-BKN,0.6797425892808759,36906.0,231
KXNBAGAME-26FEB11INDBKN-IND,0.3310161630358398,56920.0,477
KXNBAGAME-26FEB11LACHOU-HOU,0.7503029948981579,25677.0,238
KXNBAGAME-26FEB11LACHOU-LAC,0.2481720924401354,47858.0,403
KXNBAGAME-26FEB11MEMDEN-DEN,0.8571083381574152,139923.0,246
KXNBAGAME-26FEB11MEMDEN-MEM,0.1585428197732332,115449.0,321
KXNBAGAME-26FEB11MIANOP-MIA,0.47356113592314825,71202.0,479
KXNBAGAME-26FEB11MIANOP-NOP,0.5348843930635839,97226.0,237
KXNBAGAME-26FEB11MILORL-MIL,0.19957736337051243,68049.0,522
KXNBAGAME-26FEB11MILORL-ORL,0.8109843143468273,50492.0,254
KXNBAGAME-26FEB11NYKPHI-NYK,0.5679071472422208,394194.0,2305
KXNBAGAME-26FEB11NYKPHI-PHI,0.4478508906694399,126927.0,1309
KXNBAGAME-26FEB11OKCPHX-OKC,0.7149914166967835,88544.0,606
KXNBAGAME-26FEB11OKCPHX-PHX,0.2976851144404212,60206.0,476
KXNBAGAME-26FEB11PORMIN-MIN,0.7298330651014547,31689.0,274
KXNBAGAME-26FEB11PORMIN-POR,0.2725271934183645,18111.0,235
KXNBAGAME-26FEB11SACUTA-SAC,0.35058205197154513,40907.0,227
KXNBAGAME-26FEB11SACUTA-UTA,0.6598901329182134,33404.0,291
KXNBAGAME-26FEB11SASGSW-GSW,0.38097182284924985,460444.0,4382
KXNBAGAME-26FEB11SASGSW-SAS,0.6636767094229559,2172312.0,7138
KXNBAGAME-26FEB11WASCLE-CLE,0.9302035926098785,351388.0,708
KXNBAGAME-26FEB11WASCLE-WAS,0.0945598010568853,804250.0,1830
KXNBAGAME-26FEB12DALLAL-DAL,0.3101185803539073,229043.0,1777
KXNBAGAME-26FEB12DALLAL-LAL,0.6995663176855618,472996.0,2308
KXNBAGAME-26FEB12MILOKC-MIL,0.17603649759138565,264675.0,1568
KXNBAGAME-26FEB12MILOKC-OKC,0.8295189370320692,222923.0,907
KXNBAGAME-26FEB12PORUTA-POR,0.6893317486593942,70677.0,475
KXNBAGAME-26FEB12PORUTA-UTA,0.3191419448298376,98024.0,661
KXNBAGAME-26FEB19ATLPHI-ATL,0.4952107188343163,331342.0,878
KXNBAGAME-26FEB19ATLPHI-PHI,0.5183472537370308,288665.0,1064
KXNBAGAME-26FEB19BKNCLE-BKN,0.11405646090691758,104993.0,358
KXNBAGAME-26FEB19BKNCLE-CLE,0.8958132071406816,134609.0,270
KXNBAGAME-26FEB19BOSGSW-BOS,0.6746388364165844,565907.0,2114
KXNBAGAME-26FEB19BOSGSW-GSW,0.3422864192263277,215621.0,1131
KXNBAGAME-26FEB19DENLAC-DEN,0.6599533103191564,529239.0,2282
KXNBAGAME-26FEB19DENLAC-LAC,0.34701374718075395,223464.0,1043
KXNBAGAME-26FEB19DETNYK-DET,0.40603031429050895,333704.0,1853
KXNBAGAME-26FEB19DETNYK-NYK,0.6089574012355378,241838.0,1396
KXNBAGAME-26FEB19HOUCHA-CHA,0.37518468026622775,180447.0,869
KXNBAGAME-26FEB19HOUCHA-HOU,0.6325158697867346,277729.0,1057
KXNBAGAME-26FEB19INDWAS-IND,0.595512919791327,98144.0,594
KXNBAGAME-26FEB19INDWAS-WAS,0.41120576531965697,56545.0,373
KXNBAGAME-26FEB19ORLSAC-ORL,0.7741829305874802,353697.0,769
KXNBAGAME-26FEB19ORLSAC-SAC,0.24114971951182473,230491.0,651
KXNBAGAME-26FEB19PHXSAS-PHX,0.2813044120543628,20308.0,216
KXNBAGAME-26FEB19PHXSAS-SAS,0.7298907637960008,58314.0,324
KXNBAGAME-26FEB19TORCHI-CHI,0.331767446785979,18886.0,210
KXNBAGAME-26FEB19TORCHI-TOR,0.6756705904689578,52670.0,227
KXNBAGAME-26FEB20BKNOKC-BKN,0.10588355985473419,237358.0,681
KXNBAGAME-26FEB20BKNOKC-OKC,0.9013591673218766,133545.0,279
KXNBAGAME-26FEB20CLECHA-CHA,0.3488881749977759,101167.0,565
KXNBAGAME-26FEB20CLECHA-CLE,0.6598788576053378,425037.0,1071
KXNBAGAME-26FEB20DALMIN-DAL,0.14191059786245527,209212.0,1075
KXNBAGAME-26FEB20DALMIN-MIN,0.8630699911588408,123287.0,481
KXNBAGAME-26FEB20DENPOR-DEN,0.5263588051791485,1164593.0,3601
KXNBAGAME-26FEB20DENPOR-POR,0.48349219882130984,402311.0,851
KXNBAGAME-26FEB20INDWAS-IND,0.48977661941140777,153281.0,432
KXNBAGAME-26FEB20INDWAS-WAS,0.5242975498161293,93544.0,381
KXNBAGAME-26FEB20MIAATL-ATL,0.4398949817825541,32661.0,369
KXNBAGAME-26FEB20MIAATL-MIA,0.5772210404814905,60645.0,332
KXNBAGAME-26FEB20MILNOP-MIL,0.3899696048632219,90475.0,569
KXNBAGAME-26FEB20MILNOP-NOP,0.6198048877496908,45256.0,146
KXNBAGAME-26FEB20UTAMEM-MEM,0.5695651611419372,69566.0,281
KXNBAGAME-26FEB20UTAMEM-UTA,0.4394067201498096,46993.0,334
KXNBAGAME-26FEB21DETCHI-CHI,0.17991552411920483,59662.0,202
KXNBAGAME-26FEB21DETCHI-DET,0.8299544712281957,92469.0,233
KXNBAGAME-26FEB21HOUNYK-HOU,0.3751204291788353,585863.0,1998
KXNBAGAME-26FEB21HOUNYK-NYK,0.6434525891311215,579287.0,1402
KXNBAGAME-26FEB21MEMMIA-MEM,0.1704242940258266,63423.0,304
KXNBAGAME-26FEB21MEMMIA-MIA,0.8240589831506764,95078.0,235
KXNBAGAME-26FEB21ORLPHX-ORL,0.5028005365500224,919206.0,4037
KXNBAGAME-26FEB21ORLPHX-PHX,0.4957348457939546,917798.0,3182
KXNBAGAME-26FEB21PHINOP-NOP,0.38807016536518146,34832.0,265
KXNBAGAME-26FEB21PHINOP-PHI,0.6181712504082454,263322.0,1211
KXNBAGAME-26FEB21SACSAS-SAC,0.07884213699692068,325073.0,1108
KXNBAGAME-26FEB21SACSAS-SAS,0.9338478870986021,150007.0,337
KXNBAGAME-26FEB22BKNATL-ATL,0.787152651204789,59803.0,306
KXNBAGAME-26FEB22BKNATL-BKN,0.22709222209409594,69376.0,318
KXNBAGAME-26FEB22BOSLAL-BOS,0.5201934704844238,882822.0,2328
KXNBAGAME-26FEB22BOSLAL-LAL,0.48968532710432155,1416169.0,3985
KXNBAGAME-26FEB22CHAWAS-CHA,0.8276885659143725,50778.0,181
KXNBAGAME-26FEB22CHAWAS-WAS,0.19577709586746242,124161.0,422
KXNBAGAME-26FEB22CLEOKC-CLE,0.5826530157208574,1228877.0,3098
KXNBAGAME-26FEB22CLEOKC-OKC,0.4443446481638661,470091.0,2630
KXNBAGAME-26FEB22DALIND-DAL,0.5234812966716912,57717.0,339
KXNBAGAME-26FEB22DALIND-IND,0.48707742276311417,51109.0,264
KXNBAGAME-26FEB22DENGSW-DEN,0.6807614242688719,1514714.0,3585
KXNBAGAME-26FEB22DENGSW-GSW,0.3407074379617299,361954.0,2366
KXNBAGAME-26FEB22NYKCHI-CHI,0.2160069279702982,217091.0,863
KXNBAGAME-26FEB22NYKCHI-NYK,0.7990704300519917,348516.0,785
KXNBAGAME-26FEB22ORLLAC-LAC,0.5951980469360726,556459.0,2030
KXNBAGAME-26FEB22ORLLAC-ORL,0.418499643902825,745583.0,3041
KXNBAGAME-26FEB22PHIMIN-MIN,0.7661367849686848,59875.0,474
KXNBAGAME-26FEB22PHIMIN-PHI,0.24971422261059947,208274.0,692
KXNBAGAME-26FEB22PORPHX-PHX,0.4147242371508813,116078.0,782
KXNBAGAME-26FEB22PORPHX-POR,0.5969051870700848,537606.0,577
KXNBAGAME-26FEB22TORMIL-MIL,0.40370163028127665,315099.0,1204
KXNBAGAME-26FEB22TORMIL-TOR,0.605985106269263,224524.0,983
KXNBAGAME-26FEB23SACMEM-MEM,0.5732358022199798,247750.0,1154
KXNBAGAME-26FEB23SACMEM-SAC,0.4482774964553372,98740.0,643
KXNBAGAME-26FEB23SASDET-DET,0.5037164120933167,1616430.0,7036
KXNBAGAME-26FEB23SASDET-SAS,0.5105688168596102,2118151.0,8371
KXNBAGAME-26FEB23UTAHOU-HOU,0.8793099171268537,126579.0,357
KXNBAGAME-26FEB23UTAHOU-UTA,0.13782624063997026,215010.0,1039
KXNBAGAME-26FEB24BOSPHX-BOS,0.6798565557440317,87839.0,354
KXNBAGAME-26FEB24BOSPHX-PHX,0.33878099474912493,54848.0,155
KXNBAGAME-26FEB24CHACHI-CHA,0.7491214318200059,37379.0,149
KXNBAGAME-26FEB24CHACHI-CHI,0.2598285310235107,16971.0,189
KXNBAGAME-26FEB24DALBKN-BKN,0.4415593854028171,100033.0,626
KXNBAGAME-26FEB24DALBKN-DAL,0.5669595860566449,183600.0,1187
KXNBAGAME-26FEB24GSWNOP-GSW,0.5147759856163848,191885.0,1122
KXNBAGAME-26FEB24GSWNOP-NOP,0.4987072997439135,195637.0,544
KXNBAGAME-26FEB24MIAMIL-MIA,0.6879212654651577,64419.0,166
KXNBAGAME-26FEB24MIAMIL-MIL,0.32843454317897375,19975.0,295
KXNBAGAME-26FEB24MINPOR-MIN,0.6816753803507369,794727.0,1010
KXNBAGAME-26FEB24MINPOR-POR,0.32280482171394326,160192.0,592
KXNBAGAME-26FEB24NYKCLE-CLE,0.6211024723793548,233702.0,943
KXNBAGAME-26FEB24NYKCLE-NYK,0.396017762109759,413014.0,1814
KXNBAGAME-26FEB24OKCTOR-OKC,0.48471023431280924,722325.0,1725
KXNBAGAME-26FEB24OKCTOR-TOR,0.5146561679914357,422212.0,985
KXNBAGAME-26FEB24PHIIND-IND,0.18004309944378694,247567.0,584
KXNBAGAME-26FEB24PHIIND-PHI,0.8204581091569213,304076.0,487
KXNBAGAME-26FEB24WASATL-ATL,0.8914669391329733,226083.0,446
KXNBAGAME-26FEB24WASATL-WAS,0.1112357914933015,358588.0,1018
KXNBAGAME-26FEB25BOSDEN-BOS,0.4277685302550391,692678.0,2611
KXNBAGAME-26FEB25BOSDEN-DEN,0.5837983849459475,498683.0,1725
KXNBAGAME-26FEB25CLEMIL-CLE,0.5806287868257303,122299.0,901
KXNBAGAME-26FEB25CLEMIL-MIL,0.4291629517888913,295658.0,904
KXNBAGAME-26FEB25GSWMEM-GSW,0.6298271100972506,116606.0,558
KXNBAGAME-26FEB25GSWMEM-MEM,0.3788807618212289,63847.0,382
KXNBAGAME-26FEB25OKCDET-DET,0.7893362741526797,249817.0,860
KXNBAGAME-26FEB25OKCDET-OKC,0.21850319803933288,719347.0,3728
KXNBAGAME-26FEB25SACHOU-HOU,0.876951886482355,252507.0,362
KXNBAGAME-26FEB25SACHOU-SAC,0.12312026583043958,160403.0,819
KXNBAGAME-26FEB25SASTOR-SAS,0.6880432290355956,500682.0,1794
KXNBAGAME-26FEB25SASTOR-TOR,0.3084266601968668,144260.0,571
KXNBAGAME-26FEB26CHAIND-CHA,0.852673325696217,149271.0,352
KXNBAGAME-26FEB26CHAIND-IND,0.15559193623849824,121829.0,693
KXNBAGAME-26FEB26HOUORL-HOU,0.5825823761190704,359115.0,1327
KXNBAGAME-26FEB26HOUORL-ORL,0.4193091477045613,135094.0,772
KXNBAGAME-26FEB26LALPHX-LAL,0.6693980966122183,418622.0,1145
KXNBAGAME-26FEB26LALPHX-PHX,0.3429446425410313,39543.0,359
KXNBAGAME-26FEB26MIAPHI-MIA,0.4511088377408936,195989.0,782
KXNBAGAME-26FEB26MIAPHI-PHI,0.5605609816696113,362240.0,1284
KXNBAGAME-26FEB26MINLAC-LAC,0.2642648715195013,381770.0,1849
KXNBAGAME-26FEB26MINLAC-MIN,0.745935040089684,492396.0,1450
KXNBAGAME-26FEB26NOPUTA-NOP,0.6819951445596998,22655.0,205
KXNBAGAME-26FEB26NOPUTA-UTA,0.32759451646415827,88556.0,258
KXNBAGAME-26FEB26PORCHI-CHI,0.40238842509853845,81694.0,293
KXNBAGAME-26FEB26PORCHI-POR,0.6054665814463112,21904.0,291
KXNBAGAME-26FEB26SACDAL-DAL,0.744402525467715,25817.0,266
KXNBAGAME-26FEB26SACDAL-SAC,0.2701138048487277,24955.0,203
KXNBAGAME-26FEB26SASBKN-BKN,0.1798935786435787,33264.0,228
KXNBAGAME-26FEB26SASBKN-SAS,0.8318606777222831,297526.0,541
KXNBAGAME-26FEB26WASATL-ATL,0.8198917782222906,38994.0,201
KXNBAGAME-26FEB26WASATL-WAS,0.19889037560928985,20926.0,217
KXNBAGAME-26FEB27BKNBOS-BKN,0.09971427393041757,218216.0,692
KXNBAGAME-26FEB27BKNBOS-BOS,0.9099191629824943,201764.0,353
KXNBAGAME-26FEB27MEMDAL-DAL,0.6477444109297373,90176.0,255
KXNBAGAME-26FEB27MEMDAL-MEM,0.3592458961554085,41851.0,310
KXNBAGAME-26FEB28HOUMIA-HOU,0.6161199017445265,1077599.0,3477
KXNBAGAME-26FEB28HOUMIA-MIA,0.39549100616538485,487723.0,1662
KXNBAGAME-26FEB28LALGSW-GSW,0.40811747997764947,214760.0,1000
KXNBAGAME-26FEB28LALGSW-LAL,0.6022170135438736,1187548.0,2334
KXNBAGAME-26FEB28NOPUTA-NOP,0.6807313546217709,259327.0,1147
KXNBAGAME-26FEB28NOPUTA-UTA,0.323360762413409,533254.0,1477
KXNBAGAME-26FEB28PORCHA-CHA,0.7113317840454767,403196.0,917
KXNBAGAME-26FEB28PORCHA-POR,0.29762410212289164,299874.0,960
KXNBAGAME-26FEB28TORWAS-TOR,0.8796495709454248,265817.0,591
KXNBAGAME-26FEB28TORWAS-WAS,0.1299486271588145,385223.0,1095
KXNBAGAME-26JAN01BOSSAC-BOS,0.7973007319831836,93718.0,459
KXNBAGAME-26JAN01BOSSAC-SAC,0.21263333666347928,140134.0,598
KXNBAGAME-26JAN01HOUBKN-BKN,0.18395561770382796,268891.0,653
KXNBAGAME-26JAN01HOUBKN-HOU,0.829137191413826,121684.0,419
KXNBAGAME-26JAN01MIADET-DET,0.6403994774979737,574926.0,1740
KXNBAGAME-26JAN01MIADET-MIA,0.3738995620822232,501464.0,1472
KXNBAGAME-26JAN01PHIDAL-DAL,0.4440714145635022,66289.0,407
KXNBAGAME-26JAN01PHIDAL-PHI,0.5695285581134306,99779.0,454
KXNBAGAME-26JAN01UTALAC-LAC,0.8588171598944377,99278.0,212
KXNBAGAME-26JAN01UTALAC-UTA,0.15270243663628186,563769.0,1528
KXNBAGAME-26JAN02ATLNYK-ATL,0.3427810049724615,624037.0,609
KXNBAGAME-26JAN02ATLNYK-NYK,0.6685456206142469,113863.0,879
KXNBAGAME-26JAN02BKNWAS-BKN,0.3771184428077559,199590.0,1123
KXNBAGAME-26JAN02BKNWAS-WAS,0.6321122866017421,214095.0,861
KXNBAGAME-26JAN02CHAMIL-CHA,0.3255100411806324,55123.0,326
KXNBAGAME-26JAN02CHAMIL-MIL,0.6849053997786061,98467.0,228
KXNBAGAME-26JAN02DENCLE-CLE,0.8558129175946547,42655.0,196
KXNBAGAME-26JAN02DENCLE-DEN,0.15287000407000406,614250.0,1561
KXNBAGAME-26JAN02MEMLAL-LAL,0.6970280653818681,432597.0,1902
KXNBAGAME-26JAN02MEMLAL-MEM,0.3089319369534969,429778.0,1234
KXNBAGAME-26JAN02OKCGSW-GSW,0.1381836280254283,618838.0,2029
KXNBAGAME-26JAN02OKCGSW-OKC,0.8687866707924753,468595.0,666
KXNBAGAME-26JAN02ORLCHI-CHI,0.3637052949767347,58886.0,213
KXNBAGAME-26JAN02ORLCHI-ORL,0.6498687275037053,14169.0,125
KXNBAGAME-26JAN02PORNOP-NOP,0.43126562585293954,36638.0,213
KXNBAGAME-26JAN02PORNOP-POR,0.5898683576568595,64341.0,327
KXNBAGAME-26JAN02SACPHX-PHX,0.8665521873643074,73696.0,136
KXNBAGAME-26JAN02SACPHX-SAC,0.15028467746303417,92315.0,553
KXNBAGAME-26JAN02SASIND-IND,0.3994226918872656,451007.0,1205
KXNBAGAME-26JAN02SASIND-SAS,0.618929367341497,723787.0,2622
KXNBAGAME-26JAN03ATLTOR-ATL,0.36723142984992424,116208.0,393
KXNBAGAME-26JAN03ATLTOR-TOR,0.6456401566328518,43669.0,245
KXNBAGAME-26JAN03BOSLAC-BOS,0.48246689523131037,112295.0,524
KXNBAGAME-26JAN03BOSLAC-LAC,0.5341244772346613,194638.0,403
KXNBAGAME-26JAN03CHACHI-CHA,0.4746944866507488,55284.0,233
KXNBAGAME-26JAN03CHACHI-CHI,0.5392410491147767,76026.0,294
KXNBAGAME-26JAN03HOUDAL-DAL,0.2684850451467269,35440.0,237
KXNBAGAME-26JAN03HOUDAL-HOU,0.7483684738955824,25896.0,182
KXNBAGAME-26JAN03MINMIA-MIA,0.4193495698479644,268161.0,829
KXNBAGAME-26JAN03MINMIA-MIN,0.5929748304974136,291146.0,893
KXNBAGAME-26JAN03PHINYK-NYK,0.6182250404260853,176866.0,654
KXNBAGAME-26JAN03PHINYK-PHI,0.40114457375581586,158618.0,493
KXNBAGAME-26JAN03PORSAS-POR,0.30786615764197023,196978.0,591
KXNBAGAME-26JAN03PORSAS-SAS,0.7027681349656676,191219.0,681
KXNBAGAME-26JAN03UTAGSW-GSW,0.8052143380227403,259450.0,646
KXNBAGAME-26JAN03UTAGSW-UTA,0.22015648417234693,755987.0,2666
KXNBAGAME-26JAN04DENBKN-BKN,0.4383683029179271,30741.0,135
KXNBAGAME-26JAN04DENBKN-DEN,0.5770023906840441,90769.0,401
KXNBAGAME-26JAN04DETCLE-CLE,0.5963289055985488,136714.0,580
KXNBAGAME-26JAN04DETCLE-DET,0.4345564506630862,169812.0,926
KXNBAGAME-26JAN04INDORL-IND,0.31167237877633913,15756.0,131
KXNBAGAME-26JAN04INDORL-ORL,0.7018294548618907,142496.0,223
KXNBAGAME-26JAN04MEMLAL-LAL,0.6462755415902731,331616.0,1306
KXNBAGAME-26JAN04MEMLAL-MEM,0.36946640832695,110965.0,512
KXNBAGAME-26JAN04MILSAC-MIL,0.6974758349705303,229050.0,1020
KXNBAGAME-26JAN04MILSAC-SAC,0.3156156688353202,212728.0,1029
KXNBAGAME-26JAN04MINWAS-MIN,0.7786265780730897,105350.0,283
KXNBAGAME-26JAN04MINWAS-WAS,0.2225438072342732,143926.0,247
KXNBAGAME-26JAN04NOPMIA-MIA,0.7397881582464582,59856.0,218
KXNBAGAME-26JAN04NOPMIA-NOP,0.27258125472411193,63504.0,208
KXNBAGAME-26JAN04OKCPHX-OKC,0.7830882169832064,377467.0,989
KXNBAGAME-26JAN04OKCPHX-PHX,0.23472048860755743,269828.0,671
KXNBAGAME-26JAN05ATLTOR-ATL,0.43991177794448616,33325.0,279
KXNBAGAME-26JAN05ATLTOR-TOR,0.5761765087459034,177283.0,374
KXNBAGAME-26JAN05CHAOKC-CHA,0.11586183418523416,101342.0,411
KXNBAGAME-26JAN05CHAOKC-OKC,0.899824551745832,127160.0,206
KXNBAGAME-26JAN05CHIBOS-BOS,0.8096214692434995,71302.0,286
KXNBAGAME-26JAN05CHIBOS-CHI,0.20965834936354683,108649.0,569
KXNBAGAME-26JAN05DENPHI-DEN,0.16685473623673477,772037.0,2938
KXNBAGAME-26JAN05DENPHI-PHI,0.8509659576158415,201396.0,307
KXNBAGAME-26JAN05GSWLAC-GSW,0.6216249195329682,417873.0,1501
KXNBAGAME-26JAN05GSWLAC-LAC,0.3884169130412265,444107.0,1310
KXNBAGAME-26JAN05NYKDET-DET,0.47669189135157863,340143.0,1270
KXNBAGAME-26JAN05NYKDET-NYK,0.5300495047205955,430666.0,1275
KXNBAGAME-26JAN05PHXHOU-HOU,0.6725833874657553,70814.0,356
KXNBAGAME-26JAN05PHXHOU-PHX,0.31158432106467043,288540.0,1204
KXNBAGAME-26JAN05UTAPOR-POR,0.6643954552310091,19891.0,195
KXNBAGAME-26JAN05UTAPOR-UTA,0.3444175712562687,78765.0,458
KXNBAGAME-26JAN06CLEIND-CLE,0.6869119695836279,145711.0,884
KXNBAGAME-26JAN06CLEIND-IND,0.3304327731631854,77893.0,612
KXNBAGAME-26JAN06DALSAC-DAL,0.635116482456008,596871.0,2266
KXNBAGAME-26JAN06DALSAC-SAC,0.381140314161634,903102.0,2632
KXNBAGAME-26JAN06LALNOP-LAL,0.6796290825630742,176023.0,689
KXNBAGAME-26JAN06LALNOP-NOP,0.3319601429157714,82846.0,219
KXNBAGAME-26JAN06MIAMIN-MIA,0.3590189632469522,111637.0,508
KXNBAGAME-26JAN06MIAMIN-MIN,0.651850912352496,71354.0,315
KXNBAGAME-26JAN06ORLWAS-ORL,0.7278700121720478,165954.0,431
KXNBAGAME-26JAN06ORLWAS-WAS,0.2899724968807438,74537.0,426
KXNBAGAME-26JAN06SASMEM-MEM,0.2885450943457504,153955.0,533
KXNBAGAME-26JAN06SASMEM-SAS,0.7257820274130902,249224.0,701
KXNBAGAME-26JAN07CHIDET-CHI,0.25064152635593256,260909.0,610
KXNBAGAME-26JAN07CHIDET-DET,0.7507011587571039,121941.0,266
KXNBAGAME-26JAN07DENBOS-BOS,0.7646814057865773,114299.0,433
KXNBAGAME-26JAN07DENBOS-DEN,0.2512678870390032,398403.0,1367
KXNBAGAME-26JAN07HOUPOR-HOU,0.7165689772681715,249430.0,402
KXNBAGAME-26JAN07HOUPOR-POR,0.29985270860380026,169460.0,600
KXNBAGAME-26JAN07LACNYK-LAC,0.37052840105114204,49470.0,303
KXNBAGAME-26JAN07LACNYK-NYK,0.6455619659927249,118210.0,349
KXNBAGAME-26JAN07LALSAS-LAL,0.2781667519656426,818689.0,3046
KXNBAGAME-26JAN07LALSAS-SAS,0.7314422772067954,302792.0,676
KXNBAGAME-26JAN07MILGSW-GSW,0.6930015670472351,156345.0,314
KXNBAGAME-26JAN07MILGSW-MIL,0.31589420475173824,350356.0,860
KXNBAGAME-26JAN07NOPATL-ATL,0.7952001731227006,4621.0,72
KXNBAGAME-26JAN07NOPATL-NOP,0.2185254413291797,52002.0,220
KXNBAGAME-26JAN07ORLBKN-BKN,0.45175745016121877,151037.0,372
KXNBAGAME-26JAN07ORLBKN-ORL,0.5519302524257017,209527.0,657
KXNBAGAME-26JAN07PHXMEM-MEM,0.3438936189974922,32299.0,167
KXNBAGAME-26JAN07PHXMEM-PHX,0.6653668471749652,20867.0,157
KXNBAGAME-26JAN07TORCHA-CHA,0.4444037177862272,118350.0,560
KXNBAGAME-26JAN07TORCHA-TOR,0.5734512509022567,146854.0,592
KXNBAGAME-26JAN07UTAOKC-OKC,0.9055630604594322,60553.0,170
KXNBAGAME-26JAN07UTAOKC-UTA,0.10269012732301644,349976.0,1423
KXNBAGAME-26JAN07WASPHI-PHI,0.8581397014785149,85153.0,119
KXNBAGAME-26JAN07WASPHI-WAS,0.14269875900251017,213135.0,504
KXNBAGAME-26JAN08CLEMIN-CLE,0.3935674859550562,142400.0,532
KXNBAGAME-26JAN08CLEMIN-MIN,0.6009872334564362,116163.0,646
KXNBAGAME-26JAN08DALUTA-DAL,0.6358173329826408,15208.0,166
KXNBAGAME-26JAN08DALUTA-UTA,0.3764452666050046,80006.0,356
KXNBAGAME-26JAN08INDCHA-CHA,0.6329936479025987,264637.0,1102
KXNBAGAME-26JAN08INDCHA-IND,0.383343007891101,107843.0,730
KXNBAGAME-26JAN08MIACHI-CHI,0.2576589452932479,2029.0,26
KXNBAGAME-26JAN08MIACHI-MIA,0.7136241610738254,149.0,5
KXNBAGAME-26JAN09ATLDEN-ATL,0.5613370727889381,38330.0,171
KXNBAGAME-26JAN09ATLDEN-DEN,0.449419712483895,176964.0,515
KXNBAGAME-26JAN09HOUPOR-HOU,0.695444111089703,36331.0,289
KXNBAGAME-26JAN09HOUPOR-POR,0.3214907319049574,187579.0,518
KXNBAGAME-26JAN09LACBKN-BKN,0.33896424053562063,32411.0,305
KXNBAGAME-26JAN09LACBKN-LAC,0.6728413660214505,125591.0,224
KXNBAGAME-26JAN09MILLAL-LAL,0.5957167602436985,301356.0,733
KXNBAGAME-26JAN09MILLAL-MIL,0.41989263153355794,139147.0,316
KXNBAGAME-26JAN09NOPWAS-NOP,0.5668489579797705,73655.0,234
KXNBAGAME-26JAN09NOPWAS-WAS,0.44350132938902553,110201.0,483
KXNBAGAME-26JAN09NYKPHX-NYK,0.5286906298708128,209154.0,709
KXNBAGAME-26JAN09NYKPHX-PHX,0.48506666783091607,114523.0,470
KXNBAGAME-26JAN09OKCMEM-MEM,0.34334166391934573,94031.0,352
KXNBAGAME-26JAN09OKCMEM-OKC,0.6808487430917848,109833.0,501
KXNBAGAME-26JAN09PHIORL-ORL,0.42872206447452094,111641.0,644
KXNBAGAME-26JAN09PHIORL-PHI,0.5917650108986854,104141.0,558
KXNBAGAME-26JAN09SACGSW-GSW,0.8652671408485652,48364.0,188
KXNBAGAME-26JAN09SACGSW-SAC,0.14664747594064712,281907.0,741
KXNBAGAME-26JAN09TORBOS-BOS,0.7713057101080497,105322.0,422
KXNBAGAME-26JAN09TORBOS-TOR,0.2419262382734652,411460.0,1259
KXNBAGAME-26JAN10CHAUTA-CHA,0.6481817430813713,36315.0,231
KXNBAGAME-26JAN10CHAUTA-UTA,0.35883251023554014,101851.0,390
KXNBAGAME-26JAN10DALCHI-CHI,0.5895464808004789,116930.0,142
KXNBAGAME-26JAN10DALCHI-DAL,0.4119285739871763,27917.0,183
KXNBAGAME-26JAN10LACDET-DET,0.6410334304660074,435830.0,1957
KXNBAGAME-26JAN10LACDET-LAC,0.367366818397493,383574.0,1618
KXNBAGAME-26JAN10MIAIND-IND,0.3197367961915207,40121.0,200
KXNBAGAME-26JAN10MIAIND-MIA,0.6906381361237813,111810.0,339
KXNBAGAME-26JAN10MINCLE-CLE,0.5746189860161399,81165.0,341
KXNBAGAME-26JAN10MINCLE-MIN,0.44778569638438537,283299.0,1099
KXNBAGAME-26JAN10SASBOS-BOS,0.5010860968692048,73336.0,259
KXNBAGAME-26JAN10SASBOS-SAS,0.5124004554642471,113291.0,419
KXNBAGAME-26JAN11ATLGSW-ATL,0.29526729633448956,170672.0,663
KXNBAGAME-26JAN11ATLGSW-GSW,0.7409637826961771,64610.0,486
KXNBAGAME-26JAN11BKNMEM-BKN,0.29149248434237995,47900.0,195
KXNBAGAME-26JAN11BKNMEM-MEM,0.7093807898586055,6153.0,107
KXNBAGAME-26JAN11HOUSAC-HOU,0.8412362632501018,169527.0,342
KXNBAGAME-26JAN11HOUSAC-SAC,0.17632142819637703,476125.0,2121
KXNBAGAME-26JAN11MIAOKC-MIA,0.1448192877504316,124535.0,453
KXNBAGAME-26JAN11MIAOKC-OKC,0.864506240327138,70429.0,125
KXNBAGAME-26JAN11MILDEN-DEN,0.3625182792209388,203373.0,587
KXNBAGAME-26JAN11MILDEN-MIL,0.5976593337523571,71595.0,261
KXNBAGAME-26JAN11NOPORL-NOP,0.2970858726059246,186241.0,343
KXNBAGAME-26JAN11NOPORL-ORL,0.7105033597073676,176057.0,417
KXNBAGAME-26JAN11NYKPOR-NYK,0.669423955636662,70689.0,267
KXNBAGAME-26JAN11NYKPOR-POR,0.3476838217823126,147303.0,450
KXNBAGAME-26JAN11PHITOR-PHI,0.465742877156867,349755.0,1543
KXNBAGAME-26JAN11PHITOR-TOR,0.5201294313500583,224057.0,805
KXNBAGAME-26JAN11SASMIN-MIN,0.566694902435335,19833.0,178
KXNBAGAME-26JAN11SASMIN-SAS,0.44972174562601397,85677.0,488
KXNBAGAME-26JAN11WASPHX-PHX,0.8756176589712436,12345.0,75
KXNBAGAME-26JAN11WASPHX-WAS,0.13625988787343524,39063.0,275
KXNBAGAME-26JAN12BKNDAL-BKN,0.4211956721821119,48893.0,219
KXNBAGAME-26JAN12BKNDAL-DAL,0.5926599190750113,86747.0,253
KXNBAGAME-26JAN12BOSIND-BOS,0.6564719062540242,116485.0,627
KXNBAGAME-26JAN12BOSIND-IND,0.3548110696160107,104430.0,390
KXNBAGAME-26JAN12CHALAC-CHA,0.36970602002340397,153820.0,662
KXNBAGAME-26JAN12CHALAC-LAC,0.6480984061243804,106721.0,285
KXNBAGAME-26JAN12LALSAC-LAL,0.7637030024747309,134156.0,431
KXNBAGAME-26JAN12LALSAC-SAC,0.24706313291009288,365277.0,1011
KXNBAGAME-26JAN12PHITOR-PHI,0.5840003797949107,52660.0,232
KXNBAGAME-26JAN12PHITOR-TOR,0.42771538839910705,52858.0,378
KXNBAGAME-26JAN12UTACLE-CLE,0.824934554973822,38200.0,281
KXNBAGAME-26JAN12UTACLE-UTA,0.1854114822227565,320269.0,887
KXNBAGAME-26JAN13ATLLAL-ATL,0.4876384770602222,211118.0,612
KXNBAGAME-26JAN13ATLLAL-LAL,0.5192853012896252,636464.0,1344
KXNBAGAME-26JAN13CHIHOU-CHI,0.17995718601354674,241977.0,682
KXNBAGAME-26JAN13CHIHOU-HOU,0.8291189335555091,24005.0,173
KXNBAGAME-26JAN13DENNOP-DEN,0.5520229519701129,193796.0,1034
KXNBAGAME-26JAN13DENNOP-NOP,0.4493078452005145,171060.0,449
KXNBAGAME-26JAN13MINMIL-MIL,0.5360503462148466,103404.0,441
KXNBAGAME-26JAN13MINMIL-MIN,0.4770483773568025,44711.0,436
KXNBAGAME-26JAN13PHXMIA-MIA,0.5392339366040643,228532.0,825
KXNBAGAME-26JAN13PHXMIA-PHX,0.4698735940350598,315175.0,1669
KXNBAGAME-26JAN13PORGSW-GSW,0.8082672114426541,169611.0,594
KXNBAGAME-26JAN13PORGSW-POR,0.2027177613530111,1167884.0,2597
KXNBAGAME-26JAN13SASOKC-OKC,0.7205760565337355,100754.0,489
KXNBAGAME-26JAN13SASOKC-SAS,0.28319581773046665,1093282.0,4013
KXNBAGAME-26JAN14BKNNOP-BKN,0.497931486577704,77036.0,313
KXNBAGAME-26JAN14BKNNOP-NOP,0.5163960894682269,67510.0,320
KXNBAGAME-26JAN14CLEPHI-CLE,0.5025087802423787,204721.0,789
KXNBAGAME-26JAN14CLEPHI-PHI,0.5110122620738492,245717.0,1152
KXNBAGAME-26JAN14DENDAL-DAL,0.5233556183882532,227058.0,658
KXNBAGAME-26JAN14DENDAL-DEN,0.490926560751557,619301.0,1508
KXNBAGAME-26JAN14NYKSAC-NYK,0.7587418462983927,129849.0,558
KXNBAGAME-26JAN14NYKSAC-SAC,0.23105821177741762,503472.0,1556
KXNBAGAME-26JAN14TORIND-IND,0.5288468670323727,103544.0,456
KXNBAGAME-26JAN14TORIND-TOR,0.4745059333238192,371377.0,1466
KXNBAGAME-26JAN14UTACHI-CHI,0.6722946511825041,70782.0,311
KXNBAGAME-26JAN14UTACHI-UTA,0.34208785293111427,198764.0,606
KXNBAGAME-26JAN14WASLAC-LAC,0.8195470585607719,111935.0,242
KXNBAGAME-26JAN14WASLAC-WAS,0.19097825616335154,230962.0,678
KXNBAGAME-26JAN15ATLPOR-ATL,0.6094483757875263,77299.0,282
KXNBAGAME-26JAN15ATLPOR-POR,0.4089872802064184,121307.0,409
KXNBAGAME-26JAN15BOSMIA-BOS,0.5851940648272288,177518.0,864
KXNBAGAME-26JAN15BOSMIA-MIA,0.42611613181470664,102022.0,502
KXNBAGAME-26JAN15CHALAL-CHA,0.4060937098304641,213937.0,430
KXNBAGAME-26JAN15CHALAL-LAL,0.6064578441385463,782323.0,2277
KXNBAGAME-26JAN15MEMORL-MEM,0.33907216003397606,230751.0,1063
KXNBAGAME-26JAN15MEMORL-ORL,0.6776518900966759,523915.0,1611
KXNBAGAME-26JAN15MILSAS-MIL,0.3189793641940881,30481.0,300
KXNBAGAME-26JAN15MILSAS-SAS,0.6916285360558985,117928.0,525
KXNBAGAME-26JAN15NYKGSW-GSW,0.6179034742968373,916502.0,2671
KXNBAGAME-26JAN15NYKGSW-NYK,0.3741893653791175,2021774.0,6240
KXNBAGAME-26JAN15OKCHOU-HOU,0.39413195697432346,288200.0,1433
KXNBAGAME-26JAN15OKCHOU-OKC,0.6204504995267641,475450.0,2391
KXNBAGAME-26JAN15PHXDET-DET,0.730080720365606,604804.0,1897
KXNBAGAME-26JAN15PHXDET-PHX,0.28472560558207166,847284.0,3695
KXNBAGAME-26JAN15UTADAL-DAL,0.5575043459022094,31639.0,222
KXNBAGAME-26JAN15UTADAL-UTA,0.4534415819299868,99524.0,501
KXNBAGAME-26JAN16CHIBKN-BKN,0.5134103887936543,98587.0,301
KXNBAGAME-26JAN16CHIBKN-CHI,0.4989104728188471,109598.0,599
KXNBAGAME-26JAN16CLEPHI-CLE,0.44732498288843264,219150.0,1463
KXNBAGAME-26JAN16CLEPHI-PHI,0.5693349705013292,202382.0,1108
KXNBAGAME-26JAN16LACTOR-LAC,0.42828203032104634,134560.0,608
KXNBAGAME-26JAN16LACTOR-TOR,0.5792468550313614,169954.0,606
KXNBAGAME-26JAN16MINHOU-HOU,0.5149522115187678,1166913.0,4325
KXNBAGAME-26JAN16MINHOU-MIN,0.4780814078801255,793363.0,3056
KXNBAGAME-26JAN16NOPIND-IND,0.6390077981000992,70530.0,424
KXNBAGAME-26JAN16NOPIND-NOP,0.37999547272315704,159036.0,879
KXNBAGAME-26JAN16WASSAC-SAC,0.720872686312132,419028.0,938
KXNBAGAME-26JAN16WASSAC-WAS,0.29178993678742077,625983.0,2271
KXNBAGAME-26JAN17BOSATL-ATL,0.4084325728725486,28097.0,148
KXNBAGAME-26JAN17BOSATL-BOS,0.6090409922509056,43618.0,261
KXNBAGAME-26JAN17CHAGSW-CHA,0.29629159235439295,55509.0,301
KXNBAGAME-26JAN17CHAGSW-GSW,0.7182693781615656,39142.0,239
KXNBAGAME-26JAN17INDDET-DET,0.8784473130092464,32769.0,164
KXNBAGAME-26JAN17INDDET-IND,0.13143159513957622,167722.0,505
KXNBAGAME-26JAN17LALPOR-LAL,0.43896660762759176,207772.0,1201
KXNBAGAME-26JAN17LALPOR-POR,0.5782939823299671,158234.0,486
KXNBAGAME-26JAN17MINSAS-MIN,0.36681662429534656,144752.0,663
KXNBAGAME-26JAN17MINSAS-SAS,0.6416047819828282,97951.0,508
KXNBAGAME-26JAN17OKCMIA-MIA,0.18987575282464783,160728.0,548
KXNBAGAME-26JAN17OKCMIA-OKC,0.8139692795318785,114842.0,281
KXNBAGAME-26JAN17PHXNYK-NYK,0.5585472464064136,117501.0,496
KXNBAGAME-26JAN17PHXNYK-PHX,0.44629228056919784,158820.0,652
KXNBAGAME-26JAN17UTADAL-DAL,0.6340583253516155,79348.0,546
KXNBAGAME-26JAN17UTADAL-UTA,0.36310624580713385,175894.0,738
KXNBAGAME-26JAN17WASDEN-DEN,0.8114185882436995,223948.0,234
KXNBAGAME-26JAN17WASDEN-WAS,0.1908931054899963,72623.0,195
KXNBAGAME-26JAN18BKNCHI-BKN,0.30868721205886296,22357.0,253
KXNBAGAME-26JAN18BKNCHI-CHI,0.7005257142857142,30625.0,282
KXNBAGAME-26JAN18CHADEN-CHA,0.556546221053126,170312.0,275
KXNBAGAME-26JAN18CHADEN-DEN,0.461597103971164,160910.0,829
KXNBAGAME-26JAN18NOPHOU-HOU,0.8690709627924817,39105.0,232
KXNBAGAME-26JAN18NOPHOU-NOP,0.13994043059398178,110963.0,516
KXNBAGAME-26JAN18ORLMEM-MEM,0.4203599869095669,155839.0,502
KXNBAGAME-26JAN18ORLMEM-ORL,0.5903918506470363,308638.0,814
KXNBAGAME-26JAN18PORSAC-POR,0.5112980075079411,110816.0,620
KXNBAGAME-26JAN18PORSAC-SAC,0.5017780505427732,114873.0,524
KXNBAGAME-26JAN18TORLAL-LAL,0.5582908350354877,164987.0,800
KXNBAGAME-26JAN18TORLAL-TOR,0.45355548667079976,93554.0,499
KXNBAGAME-26JAN19BOSDET-BOS,0.5128963197988098,341965.0,1923
KXNBAGAME-26JAN19BOSDET-DET,0.5160315350585717,455937.0,2039
KXNBAGAME-26JAN19DALNYK-DAL,0.17703151472230544,183565.0,792
KXNBAGAME-26JAN19DALNYK-NYK,0.8339992557216399,96738.0,302
KXNBAGAME-26JAN19INDPHI-IND,0.31801469763965867,80285.0,354
KXNBAGAME-26JAN19INDPHI-PHI,0.6949827176692849,164619.0,757
KXNBAGAME-26JAN19LACWAS-LAC,0.7198022004269483,66987.0,271
KXNBAGAME-26JAN19LACWAS-WAS,0.2893159355280164,52612.0,180
KXNBAGAME-26JAN19MIAGSW-GSW,0.6484271664214357,154956.0,1427
KXNBAGAME-26JAN19MIAGSW-MIA,0.3676523605466762,271166.0,921
KXNBAGAME-26JAN19MILATL-ATL,0.5170984479499855,330144.0,1397
KXNBAGAME-26JAN19MILATL-MIL,0.49972174958816384,517196.0,1653
KXNBAGAME-26JAN19OKCCLE-CLE,0.34291572737652604,273256.0,1061
KXNBAGAME-26JAN19OKCCLE-OKC,0.672193470283358,370062.0,1363
KXNBAGAME-26JAN19PHXBKN-BKN,0.2248145277519777,156115.0,415
KXNBAGAME-26JAN19PHXBKN-PHX,0.7888152544952491,45993.0,304
KXNBAGAME-26JAN19UTASAS-SAS,0.8949589164876884,296591.0,314
KXNBAGAME-26JAN19UTASAS-UTA,0.11812410651874901,221745.0,733
KXNBAGAME-26JAN20LACCHI-CHI,0.5729276585410278,32941.0,274
KXNBAGAME-26JAN20LACCHI-LAC,0.4423424559554284,53128.0,444
KXNBAGAME-26JAN20LALDEN-DEN,0.4184405369196681,388140.0,792
KXNBAGAME-26JAN20LALDEN-LAL,0.5921881190274059,275634.0,968
KXNBAGAME-26JAN20MIASAC-MIA,0.6268208020273768,56033.0,279
KXNBAGAME-26JAN20MIASAC-SAC,0.38987862934867906,38230.0,222
KXNBAGAME-26JAN20MINUTA-MIN,0.8564533364686209,76548.0,216
KXNBAGAME-26JAN20MINUTA-UTA,0.1582518150763925,182086.0,700
KXNBAGAME-26JAN20PHXPHI-PHI,0.4778086630813903,291005.0,1563
KXNBAGAME-26JAN20PHXPHI-PHX,0.5563812853341927,608122.0,1715
KXNBAGAME-26JAN20SASHOU-HOU,0.6149857353773742,90083.0,713
KXNBAGAME-26JAN20SASHOU-SAS,0.39710196507350454,518403.0,2342
KXNBAGAME-26JAN20TORGSW-GSW,0.5259997233252531,318063.0,1146
KXNBAGAME-26JAN20TORGSW-TOR,0.49997791520449697,435141.0,1374
KXNBAGAME-26JAN21ATLMEM-ATL,0.4719626157850629,180183.0,765
KXNBAGAME-26JAN21ATLMEM-MEM,0.5476689059783729,271512.0,1020
KXNBAGAME-26JAN21BKNNYK-BKN,0.16356872580077436,227280.0,798
KXNBAGAME-26JAN21BKNNYK-NYK,0.8488460563196885,145917.0,340
KXNBAGAME-26JAN21CLECHA-CHA,0.29846031755969893,638872.0,2214
KXNBAGAME-26JAN21CLECHA-CLE,0.6809263399865134,732582.0,2604
KXNBAGAME-26JAN21DETNOP-DET,0.7037741470168242,137957.0,516
KXNBAGAME-26JAN21DETNOP-NOP,0.298947592469965,42284.0,234
KXNBAGAME-26JAN21INDBOS-BOS,0.8005974858030386,82412.0,400
KXNBAGAME-26JAN21INDBOS-IND,0.2125044918365753,38403.0,303
KXNBAGAME-26JAN21OKCMIL-MIL,0.18138150539338754,353303.0,859
KXNBAGAME-26JAN21OKCMIL-OKC,0.8248585611463647,183118.0,373
KXNBAGAME-26JAN21TORSAC-SAC,0.37047665514887806,187536.0,555
KXNBAGAME-26JAN21TORSAC-TOR,0.6457251940924316,234682.0,921
KXNBAGAME-26JAN22CHAORL-CHA,0.409864207408048,92494.0,478
KXNBAGAME-26JAN22CHAORL-ORL,0.5993208602058988,140943.0,741
KXNBAGAME-26JAN22CHIMIN-CHI,0.23982201624533162,81131.0,345
KXNBAGAME-26JAN22CHIMIN-MIN,0.7680014223006939,40779.0,196
KXNBAGAME-26JAN22DENWAS-DEN,0.7019345242116128,370091.0,1128
KXNBAGAME-26JAN22DENWAS-WAS,0.3095063379702033,48596.0,300
KXNBAGAME-26JAN22GSWDAL-DAL,0.3597920258099857,496552.0,2555
KXNBAGAME-26JAN22GSWDAL-GSW,0.6441540911295562,218546.0,1073
KXNBAGAME-26JAN22HOUPHI-HOU,0.5817816441005128,572982.0,2016
KXNBAGAME-26JAN22HOUPHI-PHI,0.4238778389392542,540827.0,1741
KXNBAGAME-26JAN22LALLAC-LAC,0.5691547021990088,336970.0,867
KXNBAGAME-26JAN22LALLAC-LAL,0.44270157038725017,1070755.0,3810
KXNBAGAME-26JAN22MIAPOR-MIA,0.41939408764751235,67452.0,400
KXNBAGAME-26JAN22MIAPOR-POR,0.5902102712806485,182431.0,425
KXNBAGAME-26JAN22SASUTA-SAS,0.8321734882548221,95188.0,247
KXNBAGAME-26JAN22SASUTA-UTA,0.17712043371627728,116205.0,481
KXNBAGAME-26JAN23BOSBKN-BKN,0.23703675171921385,372554.0,1919
KXNBAGAME-26JAN23BOSBKN-BOS,0.7735949377786229,473310.0,1352
KXNBAGAME-26JAN23DENMIL-DEN,0.3180513413497772,561263.0,2652
KXNBAGAME-26JAN23DENMIL-MIL,0.6994454311137827,109797.0,545
KXNBAGAME-26JAN23HOUDET-DET,0.6103511117300283,861720.0,2684
KXNBAGAME-26JAN23HOUDET-HOU,0.40612548223548733,613808.0,3195
KXNBAGAME-26JAN23INDOKC-IND,0.14141526775249308,156133.0,812
KXNBAGAME-26JAN23INDOKC-OKC,0.8797512691373879,249185.0,457
KXNBAGAME-26JAN23NOPMEM-MEM,0.6765646622529743,80356.0,318
KXNBAGAME-26JAN23NOPMEM-NOP,0.3512366494016788,55990.0,303
KXNBAGAME-26JAN23PHXATL-ATL,0.4209361442759313,27891.0,250
KXNBAGAME-26JAN23PHXATL-PHX,0.5899760894296204,146797.0,539
KXNBAGAME-26JAN23SACCLE-CLE,0.8299103699077987,27223.0,151
KXNBAGAME-26JAN23SACCLE-SAC,0.17994712325317885,87373.0,488
KXNBAGAME-26JAN23TORPOR-POR,0.4006777584431266,56318.0,332
KXNBAGAME-26JAN23TORPOR-TOR,0.6110368993688776,129135.0,394
KXNBAGAME-26JAN24BOSCHI-BOS,0.5899613844019164,152788.0,814
KXNBAGAME-26JAN24BOSCHI-CHI,0.41995908066392745,177911.0,507
KXNBAGAME-26JAN24CLEORL-CLE,0.4926807825945013,986309.0,2761
KXNBAGAME-26JAN24CLEORL-ORL,0.5157028180226622,586617.0,1305
KXNBAGAME-26JAN24GSWMIN-GSW,0.3565290212084478,89917.0,488
KXNBAGAME-26JAN24GSWMIN-MIN,0.6614564134645461,124683.0,486
KXNBAGAME-26JAN24LALDAL-DAL,0.4127635675276364,303224.0,1277
KXNBAGAME-26JAN24LALDAL-LAL,0.6060694008680548,505498.0,1781
KXNBAGAME-26JAN24MIAUTA-MIA,0.6776126371135889,154434.0,455
KXNBAGAME-26JAN24MIAUTA-UTA,0.3391087379507013,291407.0,954
KXNBAGAME-26JAN24NYKPHI-NYK,0.5404082945978792,822029.0,3091
KXNBAGAME-26JAN24NYKPHI-PHI,0.47731302181023666,847171.0,3476
KXNBAGAME-26JAN24WASCHA-CHA,0.8194757937900589,108278.0,342
KXNBAGAME-26JAN24WASCHA-WAS,0.19630010893484473,228577.0,771
KXNBAGAME-26JAN25BKNLAC-BKN,0.20300985141239863,73492.0,418
KXNBAGAME-26JAN25BKNLAC-LAC,0.8073768569194684,84414.0,229
KXNBAGAME-26JAN25DALMIL-DAL,0.4560144057623049,833.0,27
KXNBAGAME-26JAN25DALMIL-MIL,0.5485,200.0,12
KXNBAGAME-26JAN25DENMEM-DEN,0.48524302788844625,1255.0,34
KXNBAGAME-26JAN25DENMEM-MEM,0.5394672131147541,488.0,14
KXNBAGAME-26JAN25MIAPHX-MIA,0.4018926834947411,326399.0,1317
KXNBAGAME-26JAN25MIAPHX-PHX,0.6185852572329864,129338.0,491
KXNBAGAME-26JAN25NOPSAS-NOP,0.19075259926320098,122150.0,248
KXNBAGAME-26JAN25NOPSAS-SAS,0.8224803195864177,110643.0,373
KXNBAGAME-26JAN25SACDET-DET,0.8368115306444842,212061.0,726
KXNBAGAME-26JAN25SACDET-SAC,0.19376681679996485,614787.0,2692
KXNBAGAME-26JAN25TOROKC-OKC,0.8090442219409154,262268.0,1155
KXNBAGAME-26JAN25TOROKC-TOR,0.21806664661439484,784616.0,3289
KXNBAGAME-26JAN26GSWMIN-GSW,0.2851315304496707,336424.0,1676
KXNBAGAME-26JAN26GSWMIN-MIN,0.7289156987386427,210329.0,565
KXNBAGAME-26JAN26INDATL-ATL,0.6602207506095664,382649.0,1173
KXNBAGAME-26JAN26INDATL-IND,0.35791286470114636,417328.0,780
KXNBAGAME-26JAN26LALCHI-CHI,0.47882264719323886,155357.0,985
KXNBAGAME-26JAN26LALCHI-LAL,0.5381933585796889,294696.0,1968
KXNBAGAME-26JAN26MEMHOU-HOU,0.8198292897134701,54654.0,256
KXNBAGAME-26JAN26MEMHOU-MEM,0.19332393047486435,83308.0,464
KXNBAGAME-26JAN26ORLCLE-CLE,0.6301445980344603,764879.0,2313
KXNBAGAME-26JAN26ORLCLE-ORL,0.38195662729617413,634316.0,2411
KXNBAGAME-26JAN26PHICHA-CHA,0.567022822754627,616490.0,1193
KXNBAGAME-26JAN26PHICHA-PHI,0.44048841513185005,618695.0,2033
KXNBAGAME-26JAN26PORBOS-BOS,0.8226319141353059,171153.0,837
KXNBAGAME-26JAN26PORBOS-POR,0.21205543424554915,250964.0,1278
KXNBAGAME-26JAN27BKNPHX-BKN,0.26109524056139627,96545.0,655
KXNBAGAME-26JAN27BKNPHX-PHX,0.7696530119865095,156259.0,501
KXNBAGAME-26JAN27DETDEN-DEN,0.30307751657625076,82950.0,471
KXNBAGAME-26JAN27DETDEN-DET,0.7025016427914311,76090.0,209
KXNBAGAME-26JAN27LACUTA-LAC,0.7505018212288592,233908.0,556
KXNBAGAME-26JAN27LACUTA-UTA,0.25674869248861126,222369.0,545
KXNBAGAME-26JAN27MILPHI-MIL,0.23240268546492115,74475.0,372
KXNBAGAME-26JAN27MILPHI-PHI,0.7715892370303055,126545.0,302
KXNBAGAME-26JAN27NOPOKC-NOP,0.1428331085036524,196445.0,461
KXNBAGAME-26JAN27NOPOKC-OKC,0.8660386025312843,112117.0,274
KXNBAGAME-26JAN27PORWAS-POR,0.7010246685710648,267101.0,1012
KXNBAGAME-26JAN27PORWAS-WAS,0.31784605433376456,146870.0,548
KXNBAGAME-26JAN27SACNYK-NYK,0.8713157027105333,100091.0,308
KXNBAGAME-26JAN27SACNYK-SAC,0.13993650366221458,185680.0,767
KXNBAGAME-26JAN28ATLBOS-ATL,0.34983903056610594,27645.0,194
KXNBAGAME-26JAN28ATLBOS-BOS,0.6596256543675413,94939.0,628
KXNBAGAME-26JAN28CHAMEM-CHA,0.5498839010262545,79415.0,335
KXNBAGAME-26JAN28CHAMEM-MEM,0.4544820201659678,11207.0,120
KXNBAGAME-26JAN28CHIIND-CHI,0.5499823061938433,296714.0,929
KXNBAGAME-26JAN28CHIIND-IND,0.4591575112755869,34588.0,303
KXNBAGAME-26JAN28GSWUTA-GSW,0.7339839574703898,106467.0,355
KXNBAGAME-26JAN28GSWUTA-UTA,0.2751820485912943,162951.0,547
KXNBAGAME-26JAN28LALCLE-CLE,0.6090079929387535,163144.0,754
KXNBAGAME-26JAN28LALCLE-LAL,0.4099288003891073,682588.0,3036
KXNBAGAME-26JAN28MINDAL-DAL,0.2591692378768129,60607.0,321
KXNBAGAME-26JAN28MINDAL-MIN,0.749177921512115,29839.0,232
KXNBAGAME-26JAN28NYKTOR-NYK,0.45797178762174046,159150.0,615
KXNBAGAME-26JAN28NYKTOR-TOR,0.5517609884805971,77695.0,357
KXNBAGAME-26JAN28ORLMIA-MIA,0.5874932803552647,25671.0,220
KXNBAGAME-26JAN28ORLMIA-ORL,0.4295921590748837,35455.0,216
KXNBAGAME-26JAN28SASHOU-HOU,0.5637445711397152,571713.0,1317
KXNBAGAME-26JAN28SASHOU-SAS,0.4452200188453481,841587.0,2467
KXNBAGAME-26JAN29BKNDEN-BKN,0.3092472386745638,24988.0,123
KXNBAGAME-26JAN29BKNDEN-DEN,0.6988099153362587,106421.0,331
KXNBAGAME-26JAN29CHADAL-CHA,0.6467426414096771,242098.0,826
KXNBAGAME-26JAN29CHADAL-DAL,0.3422896987576799,147788.0,1017
KXNBAGAME-26JAN29DETPHX-DET,0.588193439576718,268001.0,734
KXNBAGAME-26JAN29DETPHX-PHX,0.42762011824464985,60045.0,342
KXNBAGAME-26JAN29HOUATL-ATL,0.31593439697381065,131122.0,472
KXNBAGAME-26JAN29HOUATL-HOU,0.701693591857442,126152.0,521
KXNBAGAME-26JAN29MIACHI-CHI,0.44696001952471764,110629.0,467
KXNBAGAME-26JAN29MIACHI-MIA,0.5694456902640909,145821.0,499
KXNBAGAME-26JAN29MILWAS-MIL,0.513653326838476,328465.0,1673
KXNBAGAME-26JAN29MILWAS-WAS,0.5060868963097689,324939.0,1702
KXNBAGAME-26JAN29OKCMIN-MIN,0.3748836813287575,305368.0,1430
KXNBAGAME-26JAN29OKCMIN-OKC,0.6450518357494249,229089.0,1102
KXNBAGAME-26JAN29SACPHI-PHI,0.7817112427182451,288907.0,1034
KXNBAGAME-26JAN29SACPHI-SAC,0.23314853760935678,255814.0,1469
KXNBAGAME-26JAN30BKNUTA-BKN,0.41101153908662436,30765.0,152
KXNBAGAME-26JAN30BKNUTA-UTA,0.5999751104789962,39374.0,267
KXNBAGAME-26JAN30CLEPHX-CLE,0.5492858008881075,131966.0,430
KXNBAGAME-26JAN30CLEPHX-PHX,0.4585527708793003,101069.0,349
KXNBAGAME-26JAN30DETGSW-DET,0.4920134804555335,1276218.0,3970
KXNBAGAME-26JAN30DETGSW-GSW,0.5136318729178209,687681.0,2660
KXNBAGAME-26JAN30LACDEN-DEN,0.43993394165497657,230251.0,1138
KXNBAGAME-26JAN30LACDEN-LAC,0.5699970193029936,83873.0,373
KXNBAGAME-26JAN30LALWAS-LAL,0.8053980439813131,274844.0,655
KXNBAGAME-26JAN30LALWAS-WAS,0.19641785146827587,121469.0,580
KXNBAGAME-26JAN30MEMNOP-MEM,0.4279510990100795,55459.0,254
KXNBAGAME-26JAN30MEMNOP-NOP,0.5889251442005061,77843.0,235
KXNBAGAME-26JAN30PORNYK-NYK,0.707486880650804,189796.0,644
KXNBAGAME-26JAN30PORNYK-POR,0.3109335362156893,84121.0,363
KXNBAGAME-26JAN30SACBOS-BOS,0.8215940412240204,58267.0,307
KXNBAGAME-26JAN30SACBOS-SAC,0.1863041794120231,250418.0,733
KXNBAGAME-26JAN30TORORL-ORL,0.5996699909783727,284871.0,1300
KXNBAGAME-26JAN30TORORL-TOR,0.42025022425594144,573006.0,2541
KXNBAGAME-26JAN31ATLIND-ATL,0.5319585523194051,609057.0,1394
KXNBAGAME-26JAN31ATLIND-IND,0.4783748360049743,234001.0,621
KXNBAGAME-26JAN31CHIMIA-CHI,0.42354621124565595,248327.0,965
KXNBAGAME-26JAN31CHIMIA-MIA,0.6065750919954404,130713.0,752
KXNBAGAME-26JAN31DALHOU-DAL,0.21986820229862902,166012.0,703
KXNBAGAME-26JAN31DALHOU-HOU,0.7900108842440491,99226.0,311
KXNBAGAME-26JAN31MINMEM-MEM,0.19954694787143612,43527.0,307
KXNBAGAME-26JAN31MINMEM-MIN,0.809930410400204,78460.0,265
KXNBAGAME-26JAN31NOPPHI-NOP,0.3337592656737098,28870.0,260
KXNBAGAME-26JAN31NOPPHI-PHI,0.6799564964765127,201363.0,784
KXNBAGAME-26JAN31SASCHA-CHA,0.3980575136901341,396636.0,938
KXNBAGAME-26JAN31SASCHA-SAS,0.6149620470468148,862120.0,2367
KXNBAGAME-26MAR01CLEBKN-BKN,0.12543327282114486,240172.0,1122
KXNBAGAME-26MAR01CLEBKN-CLE,0.8763237668299005,521542.0,1291
KXNBAGAME-26MAR01DETORL-DET,0.6654157959363345,215815.0,992
KXNBAGAME-26MAR01DETORL-ORL,0.3463897826731531,91061.0,402
KXNBAGAME-26MAR01MEMIND-IND,0.4997072955028445,151518.0,452
KXNBAGAME-26MAR01MEMIND-MEM,0.5088983125329584,182048.0,719
KXNBAGAME-26MAR01MILCHI-CHI,0.4169288166082344,217916.0,1243
KXNBAGAME-26MAR01MILCHI-MIL,0.5768505264477312,319120.0,1718
KXNBAGAME-26MAR01MINDEN-DEN,0.5995943419716907,1044180.0,4107
KXNBAGAME-26MAR01MINDEN-MIN,0.4125095070965027,1064468.0,4132
KXNBAGAME-26MAR01NOPLAC-LAC,0.7640665109725735,414488.0,1264
KXNBAGAME-26MAR01NOPLAC-NOP,0.2409040872451399,263625.0,1034
KXNBAGAME-26MAR01OKCDAL-DAL,0.10975547716595219,316085.0,1362
KXNBAGAME-26MAR01OKCDAL-OKC,0.9081612582360464,267422.0,603
KXNBAGAME-26MAR01PHIBOS-BOS,0.7539734724006014,218791.0,1551
KXNBAGAME-26MAR01PHIBOS-PHI,0.26627961034467634,410414.0,2299
KXNBAGAME-26MAR01PORATL-ATL,0.6799084722593681,33651.0,272
KXNBAGAME-26MAR01PORATL-POR,0.33043927851001736,51061.0,205
KXNBAGAME-26MAR01SASNYK-NYK,0.4672923547876618,963675.0,2776
KXNBAGAME-26MAR01SASNYK-SAS,0.5525456559065193,1389634.0,4703
KXNBAGAME-26MAR02DENUTA-DEN,0.8465948698617466,859509.0,1784
KXNBAGAME-26MAR02DENUTA-UTA,0.1715048946746593,734676.0,2432
KXNBAGAME-26MAR02HOUWAS-HOU,0.8940219210698271,223438.0,476
KXNBAGAME-26MAR02HOUWAS-WAS,0.1114692543971201,255565.0,947
KXNBAGAME-26MAR02LACGSW-GSW,0.4898157951990717,330936.0,1312
KXNBAGAME-26MAR02LACGSW-LAC,0.5156391588188292,1432985.0,3431
KXNBAGAME-26MAR03BKNMIA-BKN,0.1466104423828874,39129.0,182
KXNBAGAME-26MAR03BKNMIA-MIA,0.8499857168955838,60211.0,163
KXNBAGAME-26MAR03DALCHA-CHA,0.8622570360939457,289827.0,405
KXNBAGAME-26MAR03DALCHA-DAL,0.14614036307991934,115016.0,724
KXNBAGAME-26MAR03DETCLE-CLE,0.4361483325563941,302469.0,821
KXNBAGAME-26MAR03DETCLE-DET,0.5797907396231922,301586.0,1310
KXNBAGAME-26MAR03MEMMIN-MEM,0.13125440432583288,114660.0,204
KXNBAGAME-26MAR03MEMMIN-MIN,0.8687211289613751,40958.0,164
KXNBAGAME-26MAR03NOPLAL-LAL,0.7526738312924118,1421335.0,3199
KXNBAGAME-26MAR03NOPLAL-NOP,0.2524813921256609,311696.0,1037
KXNBAGAME-26MAR03NYKTOR-NYK,0.5699781558625358,422539.0,1133
KXNBAGAME-26MAR03NYKTOR-TOR,0.4392540901262916,55744.0,236
KXNBAGAME-26MAR03PHXSAC-PHX,0.780250166053966,456177.0,979
KXNBAGAME-26MAR03PHXSAC-SAC,0.22826501198097351,139805.0,706
KXNBAGAME-26MAR03SASPHI-PHI,0.19825023838363015,194015.0,616
KXNBAGAME-26MAR03SASPHI-SAS,0.790322877888762,244179.0,675
KXNBAGAME-26MAR03WASORL-ORL,0.9101339548702713,39043.0,168
KXNBAGAME-26MAR03WASORL-WAS,0.09992719626168227,107000.0,484
KXNBAGAME-26MAR04ATLMIL-ATL,0.5022294975901197,488406.0,1282
KXNBAGAME-26MAR04ATLMIL-MIL,0.5152568613950532,472025.0,1757
KXNBAGAME-26MAR04CHABOS-BOS,0.6999163192683086,262187.0,859
KXNBAGAME-26MAR04CHABOS-CHA,0.30992496326094376,134734.0,781
KXNBAGAME-26MAR04INDLAC-IND,0.16832365153279008,515400.0,1812
KXNBAGAME-26MAR04INDLAC-LAC,0.8407417843602166,436515.0,1081
KXNBAGAME-26MAR04OKCNYK-NYK,0.33879187997887916,871180.0,3489
KXNBAGAME-26MAR04OKCNYK-OKC,0.6575326671269874,1032613.0,3615
KXNBAGAME-26MAR04PORMEM-MEM,0.23374901439877505,305651.0,381
KXNBAGAME-26MAR04PORMEM-POR,0.7695637168512924,190656.0,188
KXNBAGAME-26MAR04UTAPHI-PHI,0.744760736372376,139386.0,479
KXNBAGAME-26MAR04UTAPHI-UTA,0.26276253076228157,96303.0,313
KXNBAGAME-26MAR05BKNMIA-BKN,0.13596315570960985,103571.0,428
KXNBAGAME-26MAR05BKNMIA-MIA,0.8701025353390849,158677.0,319
KXNBAGAME-26MAR05DETSAS-DET,0.4010366392101796,276316.0,1485
KXNBAGAME-26MAR05DETSAS-SAS,0.6036886518312362,684128.0,1805
KXNBAGAME-26MAR05GSWHOU-GSW,0.2806906903853438,786778.0,3083
KXNBAGAME-26MAR05GSWHOU-HOU,0.751115329070974,855864.0,1819
KXNBAGAME-26MAR05LALDEN-DEN,0.6084394445617478,161026.0,927
KXNBAGAME-26MAR05LALDEN-LAL,0.3983273340117018,471720.0,1762
KXNBAGAME-26MAR05NOPSAC-NOP,0.7026871152050391,126366.0,289
KXNBAGAME-26MAR05NOPSAC-SAC,0.31195883452341017,41734.0,345
KXNBAGAME-26MAR05TORMIN-MIN,0.6459516215683209,147049.0,488
KXNBAGAME-26MAR05TORMIN-TOR,0.35446609403018625,191279.0,305
KXNBAGAME-26MAR05UTAWAS-UTA,0.38995144896466494,158596.0,514
KXNBAGAME-26MAR05UTAWAS-WAS,0.6198628418062357,57379.0,410
KXNBAGAME-26MAR06DALBOS-BOS,0.8995023272898064,166073.0,465
KXNBAGAME-26MAR06DALBOS-DAL,0.11212126444720726,260604.0,995
KXNBAGAME-26MAR06INDLAL-IND,0.2143279577538231,105477.0,459
KXNBAGAME-26MAR06INDLAL-LAL,0.7899222698672326,135726.0,704
KXNBAGAME-26MAR06LACSAS-LAC,0.2828473428087552,93294.0,459
KXNBAGAME-26MAR06LACSAS-SAS,0.7249004612401335,395022.0,974
KXNBAGAME-26MAR06MIACHA-CHA,0.7188795315345141,144984.0,565
KXNBAGAME-26MAR06MIACHA-MIA,0.28992908704598613,149197.0,836
KXNBAGAME-26MAR06NOPPHX-NOP,0.3648405146246736,136721.0,612
KXNBAGAME-26MAR06NOPPHX-PHX,0.6471236763385385,188209.0,955
KXNBAGAME-26MAR06NYKDEN-DEN,0.5205018667047748,223924.0,908
KXNBAGAME-26MAR06NYKDEN-NYK,0.49592388542771293,362112.0,985
KXNBAGAME-26MAR06PORHOU-HOU,0.7192391615249458,73419.0,476
KXNBAGAME-26MAR06PORHOU-POR,0.2946043480162722,22861.0,266
KXNBAGAME-26MAR07BKNDET-BKN,0.1408302628591956,400861.0,1205
KXNBAGAME-26MAR07BKNDET-DET,0.875041509303611,347392.0,771
KXNBAGAME-26MAR07GSWOKC-GSW,0.16833963246540123,215109.0,931
KXNBAGAME-26MAR07GSWOKC-OKC,0.8416776511780152,271898.0,467
KXNBAGAME-26MAR07LACMEM-LAC,0.7273989508465805,326549.0,730
KXNBAGAME-26MAR07LACMEM-MEM,0.29836439088913763,137594.0,726
KXNBAGAME-26MAR07ORLMIN-MIN,0.7090586976398363,199054.0,969
KXNBAGAME-26MAR07ORLMIN-ORL,0.3102577370809426,271711.0,836
KXNBAGAME-26MAR07PHIATL-ATL,0.7063340233442706,252653.0,577
KXNBAGAME-26MAR07PHIATL-PHI,0.30229599052495904,287070.0,1278
KXNBAGAME-26MAR07UTAMIL-MIL,0.7961288119386676,146415.0,272
KXNBAGAME-26MAR07UTAMIL-UTA,0.20995392232620702,69882.0,388
KXNBAGAME-26MAR08BOSCLE-BOS,0.5332486034058541,2021167.0,6066
KXNBAGAME-26MAR08BOSCLE-CLE,0.41513942121444414,1091907.0,3709
KXNBAGAME-26MAR08CHAPHX-CHA,0.652465970703688,412953.0,1320
KXNBAGAME-26MAR08CHAPHX-PHX,0.3590744806032847,316136.0,1367
KXNBAGAME-26MAR08CHISAC-CHI,0.6471972753086445,517343.0,1478
KXNBAGAME-26MAR08CHISAC-SAC,0.36348182175934046,256653.0,1075
KXNBAGAME-26MAR08DALTOR-DAL,0.2222039707823395,144707.0,605
KXNBAGAME-26MAR08DALTOR-TOR,0.78954961305197,68097.0,272
KXNBAGAME-26MAR08DETMIA-DET,0.5007099556885883,1839481.0,3627
KXNBAGAME-26MAR08DETMIA-MIA,0.5158768417075935,648515.0,1526
KXNBAGAME-26MAR08HOUSAS-HOU,0.3124913355241438,723933.0,2690
KXNBAGAME-26MAR08HOUSAS-SAS,0.7094849582182595,844747.0,3091
KXNBAGAME-26MAR08INDPOR-IND,0.21918361636007486,67897.0,261
KXNBAGAME-26MAR08INDPOR-POR,0.7899360557302905,38471.0,201
KXNBAGAME-26MAR08NYKLAL-LAL,0.3879397881806865,1018604.0,4271
KXNBAGAME-26MAR08NYKLAL-NYK,0.6326774519464385,961063.0,2718
KXNBAGAME-26MAR08ORLMIL-MIL,0.28610445851236027,117999.0,877
KXNBAGAME-26MAR08ORLMIL-ORL,0.7038111545279981,759817.0,1107
KXNBAGAME-26MAR08WASNOP-NOP,0.7995517328611181,177885.0,454
KXNBAGAME-26MAR08WASNOP-WAS,0.19806413280160898,607583.0,2244
KXNBAGAME-26MAR09DENOKC-DEN,0.5214383559950495,2022427.0,6175
KXNBAGAME-26MAR09DENOKC-OKC,0.4777956365094341,1765834.0,7652
KXNBAGAME-26MAR09GSWUTA-GSW,0.6860669874053872,163165.0,834
KXNBAGAME-26MAR09GSWUTA-UTA,0.32415615075245496,130041.0,735
KXNBAGAME-26MAR09NYKLAC-LAC,0.489163537914105,815554.0,2621
KXNBAGAME-26MAR09NYKLAC-NYK,0.5236657493320918,1443312.0,4950
KXNBAGAME-26MAR09PHICLE-CLE,0.8706778533025252,267462.0,440
KXNBAGAME-26MAR09PHICLE-PHI,0.1327570263653103,197684.0,850
KXNBAGAME-26MAR10BOSSAS-BOS,0.40418952964083166,447339.0,2871
KXNBAGAME-26MAR10BOSSAS-SAS,0.6010104830732513,568154.0,2683
KXNBAGAME-26MAR10CHAPOR-CHA,0.5820323109755021,226796.0,771
KXNBAGAME-26MAR10CHAPOR-POR,0.43100836118192504,75707.0,300
KXNBAGAME-26MAR10CHIGSW-CHI,0.3201681629531677,125533.0,705
KXNBAGAME-26MAR10CHIGSW-GSW,0.6979608907861078,127438.0,774
KXNBAGAME-26MAR10DALATL-ATL,0.8567747796955794,274620.0,730
KXNBAGAME-26MAR10DALATL-DAL,0.16642902808393983,195521.0,1069
KXNBAGAME-26MAR10DETBKN-BKN,0.08710382603981409,302506.0,1275
KXNBAGAME-26MAR10DETBKN-DET,0.9139095400641666,350962.0,423
KXNBAGAME-26MAR10INDSAC-IND,0.40268619219199364,60502.0,299
KXNBAGAME-26MAR10INDSAC-SAC,0.6054312749499307,221193.0,493
KXNBAGAME-26MAR10MEMPHI-MEM,0.43534866995908733,460249.0,2484
KXNBAGAME-26MAR10MEMPHI-PHI,0.5733825698292514,709230.0,2564
KXNBAGAME-26MAR10MINLAL-LAL,0.44555950526648846,982913.0,2904
KXNBAGAME-26MAR10MINLAL-MIN,0.5728590840952522,699112.0,1984
KXNBAGAME-26MAR10TORHOU-HOU,0.6242302223328899,152609.0,535
KXNBAGAME-26MAR10TORHOU-TOR,0.3725052674505538,44139.0,266
KXNBAGAME-26MAR10WASMIA-MIA,0.9163898520912919,153135.0,359
KXNBAGAME-26MAR10WASMIA-WAS,0.09887893226487628,369380.0,1441
KXNBAGAME-26MAR11CHASAC-CHA,0.8824450421811957,40895.0,155
KXNBAGAME-26MAR11CHASAC-SAC,0.12762319651492746,125105.0,500
KXNBAGAME-26MAR11CLEORL-CLE,0.6041285777673429,966839.0,2501
KXNBAGAME-26MAR11CLEORL-ORL,0.400812277590317,347332.0,1528
KXNBAGAME-26MAR11HOUDEN-DEN,0.7033757573448157,131215.0,354
KXNBAGAME-26MAR11HOUDEN-HOU,0.30987304995573284,196534.0,970
KXNBAGAME-26MAR11MINLAC-LAC,0.5477834385911242,339959.0,881
KXNBAGAME-26MAR11MINLAC-MIN,0.46400864601368585,641683.0,1861
KXNBAGAME-26MAR11NYKUTA-NYK,0.8893418007003383,151641.0,305
KXNBAGAME-26MAR11NYKUTA-UTA,0.11984152040277045,143804.0,846
KXNBAGAME-26MAR11TORNOP-NOP,0.44959264197174975,55504.0,252
KXNBAGAME-26MAR11TORNOP-TOR,0.5694787400104065,74953.0,595
KXNBAGAME-26MAR12BKNATL-ATL,0.9103177140421387,65688.0,95
KXNBAGAME-26MAR12BKNATL-BKN,0.09497723399384428,39313.0,261
KXNBAGAME-26MAR12CHILAL-CHI,0.17924671559198316,177277.0,716
KXNBAGAME-26MAR12CHILAL-LAL,0.8390528583325112,435901.0,700
KXNBAGAME-26MAR12DALMEM-DAL,0.6742873108513243,56371.0,335
KXNBAGAME-26MAR12DALMEM-MEM,0.33997316262464605,81230.0,397
KXNBAGAME-26MAR12DENSAS-DEN,0.4287700451602457,778118.0,2638
KXNBAGAME-26MAR12DENSAS-SAS,0.5766608103495573,477547.0,1932
KXNBAGAME-26MAR12MILMIA-MIA,0.6870597122774749,121784.0,419
KXNBAGAME-26MAR12MILMIA-MIL,0.32571016432583,110573.0,532
KXNBAGAME-26MAR12PHIDET-DET,0.9023002146569395,268801.0,398
KXNBAGAME-26MAR12PHIDET-PHI,0.10998753522333217,169277.0,715
KXNBAGAME-26MAR12PHXIND-IND,0.20820176886587546,57551.0,309
KXNBAGAME-26MAR12PHXIND-PHX,0.7995008332186703,65409.0,327
KXNBAGAME-26MAR13CHILAC-CHI,0.13998647337714684,146378.0,608
KXNBAGAME-26MAR13CHILAC-LAC,0.8699971640400274,98732.0,162
KXNBAGAME-26MAR13CLEDAL-CLE,0.860085383891354,29748.0,159
KXNBAGAME-26MAR13CLEDAL-DAL,0.14919842471166597,74653.0,289
KXNBAGAME-26MAR13MEMDET-DET,0.9199580428404683,221893.0,182
KXNBAGAME-26MAR13MEMDET-MEM,0.08974869035820474,84756.0,355
KXNBAGAME-26MAR13MINGSW-GSW,0.3361699792426454,259667.0,1291
KXNBAGAME-26MAR13MINGSW-MIN,0.6676960949750984,1072618.0,1871
KXNBAGAME-26MAR13NOPHOU-HOU,0.6873183439775257,205746.0,539
KXNBAGAME-26MAR13NOPHOU-NOP,0.323872464079248,130426.0,274
KXNBAGAME-26MAR13PHXTOR-PHX,0.3515939170067238,465363.0,1807
KXNBAGAME-26MAR13PHXTOR-TOR,0.6673557556018924,158741.0,808
KXNBAGAME-26MAR13UTAPOR-POR,0.9024991119975956,73198.0,110
KXNBAGAME-26MAR13UTAPOR-UTA,0.10809014873022832,296510.0,885
KXNBAGAME-26MAR14BKNPHI-BKN,0.22999400022587385,141672.0,312
KXNBAGAME-26MAR14BKNPHI-PHI,0.7794800394510043,108489.0,358
KXNBAGAME-26MAR14CHASAS-CHA,0.3185567249211881,228709.0,754
KXNBAGAME-26MAR14CHASAS-SAS,0.6968266467455364,507334.0,1231
KXNBAGAME-26MAR14DENLAL-DEN,0.4779905179682294,1041338.0,3714
KXNBAGAME-26MAR14DENLAL-LAL,0.5255683200210367,851844.0,3982
KXNBAGAME-26MAR14MILATL-ATL,0.8140459679428619,144492.0,293
KXNBAGAME-26MAR14MILATL-MIL,0.1986440503302796,97039.0,353
KXNBAGAME-26MAR14ORLMIA-MIA,0.6237619405646646,207486.0,819
KXNBAGAME-26MAR14ORLMIA-ORL,0.38630607245326687,376767.0,1365
KXNBAGAME-26MAR14SACLAC-LAC,0.889859909806754,227068.0,277
KXNBAGAME-26MAR14SACLAC-SAC,0.11970293884034948,119605.0,625
KXNBAGAME-26MAR14WASBOS-BOS,0.9598106520713948,69977.0,137
KXNBAGAME-26MAR14WASBOS-WAS,0.04991712205110807,247593.0,489
KXNBAGAME-26MAR15DALCLE-CLE,0.8996888584039459,358647.0,273
KXNBAGAME-26MAR15DALCLE-DAL,0.10515794994253322,268851.0,897
KXNBAGAME-26MAR15DETTOR-DET,0.5932744649030156,569009.0,1511
KXNBAGAME-26MAR15DETTOR-TOR,0.41605523693569574,218477.0,456
KXNBAGAME-26MAR15GSWNYK-GSW,0.14025317683024208,1577988.0,5824
KXNBAGAME-26MAR15GSWNYK-NYK,0.8741950493129432,721920.0,1202
KXNBAGAME-26MAR15INDMIL-IND,0.2673202568998438,28805.0,215
KXNBAGAME-26MAR15INDMIL-MIL,0.7449760360532214,83876.0,312
KXNBAGAME-26MAR15MINOKC-MIN,0.2088527023650123,536234.0,2248
KXNBAGAME-26MAR15MINOKC-OKC,0.8020044870825116,350339.0,1173
KXNBAGAME-26MAR15PORPHI-PHI,0.2582112545409224,244719.0,988
KXNBAGAME-26MAR15PORPHI-POR,0.7554245357537808,139258.0,285
KXNBAGAME-26MAR15UTASAC-SAC,0.5997698936224732,136589.0,607
KXNBAGAME-26MAR15UTASAC-UTA,0.4139343784022258,140533.0,849
KXNBAGAME-26MAR16DALNOP-DAL,0.25815243531973064,158008.0,860
KXNBAGAME-26MAR16DALNOP-NOP,0.7515608740894901,7688.0,163
KXNBAGAME-26MAR16LALHOU-HOU,0.4897883585377498,211537.0,1127
KXNBAGAME-26MAR16LALHOU-LAL,0.5139999621336088,739442.0,2576
KXNBAGAME-26MAR16MEMCHI-CHI,0.7157041353575626,19563.0,138
KXNBAGAME-26MAR16MEMCHI-MEM,0.29713695759368836,16224.0,128
KXNBAGAME-26MAR16ORLATL-ATL,0.6232675942411885,417864.0,1898
KXNBAGAME-26MAR16ORLATL-ORL,0.38730405877785196,775258.0,3262
KXNBAGAME-26MAR16PHXBOS-BOS,0.750135505100949,224272.0,796
KXNBAGAME-26MAR16PHXBOS-PHX,0.25395380268147544,407686.0,1240
KXNBAGAME-26MAR16PORBKN-BKN,0.1794121131730435,77651.0,585
KXNBAGAME-26MAR16PORBKN-POR,0.8529129589671344,112154.0,305
KXNBAGAME-26MAR16SASLAC-LAC,0.3443430925223568,716897.0,3306
KXNBAGAME-26MAR16SASLAC-SAS,0.6915688989273996,1036453.0,2873
KXNBAGAME-26MAR17CLEMIL-CLE,0.8513444391820932,48563.0,221
KXNBAGAME-26MAR17CLEMIL-MIL,0.16059309546363543,57006.0,441
KXNBAGAME-26MAR17INDNYK-IND,0.1316122024196696,76870.0,238
KXNBAGAME-26MAR17INDNYK-NYK,0.8794682610956186,21157.0,151
KXNBAGAME-26MAR17MIACHA-CHA,0.6538184076686901,170668.0,762
KXNBAGAME-26MAR17MIACHA-MIA,0.35858638081456606,213537.0,1137
KXNBAGAME-26MAR17OKCORL-OKC,0.8098494474243558,169841.0,465
KXNBAGAME-26MAR17OKCORL-ORL,0.20904091436143782,108666.0,527
KXNBAGAME-26MAR17PHXMIN-MIN,0.5863898168585575,134104.0,625
KXNBAGAME-26MAR17PHXMIN-PHX,0.43484194104606294,267938.0,902
KXNBAGAME-26MAR17SASSAC-SAC,0.13947535187529497,133499.0,422
KXNBAGAME-26MAR17SASSAC-SAS,0.8798896796225333,191805.0,355
KXNBAGAME-26MAR18ATLDAL-ATL,0.8277772531603079,271097.0,540
KXNBAGAME-26MAR18ATLDAL-DAL,0.20466234680018983,122226.0,602
KXNBAGAME-26MAR18DENMEM-DEN,0.8635465267373957,261656.0,355
KXNBAGAME-26MAR18DENMEM-MEM,0.15838936245782276,112620.0,401
KXNBAGAME-26MAR18GSWBOS-BOS,0.849463131891428,393877.0,767
KXNBAGAME-26MAR18GSWBOS-GSW,0.16615183041414874,345359.0,1041
KXNBAGAME-26MAR18LACNOP-LAC,0.5489432084917223,192564.0,752
KXNBAGAME-26MAR18LACNOP-NOP,0.4607266212247758,37117.0,268
KXNBAGAME-26MAR18LALHOU-HOU,0.5392153585095256,632926.0,1604
KXNBAGAME-26MAR18LALHOU-LAL,0.4711808920881416,826443.0,3739
KXNBAGAME-26MAR18OKCBKN-BKN,0.05460130558202929,195162.0,585
KXNBAGAME-26MAR18OKCBKN-OKC,0.9578688692011131,39167.0,218
KXNBAGAME-26MAR18PORIND-IND,0.14532963439438262,139139.0,335
KXNBAGAME-26MAR18PORIND-POR,0.8583312018576252,169679.0,217
KXNBAGAME-26MAR18UTAMIN-MIN,0.8799698343949044,98125.0,139
KXNBAGAME-26MAR18UTAMIN-UTA,0.1298807436995316,34799.0,257
KXNBAGAME-26MAR19CLECHI-CHI,0.23490748821783905,183328.0,847
KXNBAGAME-26MAR19CLECHI-CLE,0.7857080250310851,98118.0,447
KXNBAGAME-26MAR19DETWAS-DET,0.9069293109206278,89830.0,256
KXNBAGAME-26MAR19DETWAS-WAS,0.10427757116540963,143855.0,667
KXNBAGAME-26MAR19LACNOP-LAC,0.3975202936612153,33508.0,357
KXNBAGAME-26MAR19LACNOP-NOP,0.6096838223106249,120660.0,279
KXNBAGAME-26MAR19LALMIA-LAL,0.4046291412632632,1130754.0,4892
KXNBAGAME-26MAR19LALMIA-MIA,0.6210703015597473,309922.0,915
KXNBAGAME-26MAR19MILUTA-MIL,0.6989833601717659,18630.0,177
KXNBAGAME-26MAR19MILUTA-UTA,0.3174802784222738,30170.0,177
KXNBAGAME-26MAR19ORLCHA-CHA,0.6220055769532408,286895.0,1083
KXNBAGAME-26MAR19ORLCHA-ORL,0.37860170255125253,466124.0,1588
KXNBAGAME-26MAR19PHISAC-PHI,0.5689429876611447,184539.0,595
KXNBAGAME-26MAR19PHISAC-SAC,0.4385275117775656,162385.0,567
KXNBAGAME-26MAR19PHXSAS-PHX,0.1804068767079713,69161.0,376
KXNBAGAME-26MAR19PHXSAS-SAS,0.8162375957605518,282867.0,488
KXNBAGAME-26MAR20ATLHOU-ATL,0.42247258130629955,200046.0,684
KXNBAGAME-26MAR20ATLHOU-HOU,0.5847611267435177,231357.0,857
KXNBAGAME-26MAR20BOSMEM-BOS,0.9166818969675447,377318.0,225
KXNBAGAME-26MAR20BOSMEM-MEM,0.09079875767688976,470731.0,401
KXNBAGAME-26MAR20GSWDET-DET,0.6718608944084562,352121.0,934
KXNBAGAME-26MAR20GSWDET-GSW,0.34324633657407183,206023.0,1012
KXNBAGAME-26MAR20NYKBKN-BKN,0.07771822783805336,277153.0,1140
KXNBAGAME-26MAR20NYKBKN-NYK,0.9374472898441436,295721.0,311
KXNBAGAME-26MAR20PORMIN-MIN,0.49275384044356085,347551.0,1061
KXNBAGAME-26MAR20PORMIN-POR,0.5129373623605846,154843.0,425
KXNBAGAME-26MAR20TORDEN-DEN,0.7012579487777844,68564.0,399
KXNBAGAME-26MAR20TORDEN-TOR,0.2948560506921964,377494.0,312
KXNBAGAME-26MAR21CLENOP-CLE,0.6568848424600241,82487.0,313
KXNBAGAME-26MAR21CLENOP-NOP,0.3521726750639448,20721.0,111
KXNBAGAME-26MAR21GSWATL-ATL,0.7502444594649953,97644.0,248
KXNBAGAME-26MAR21GSWATL-GSW,0.2591137766980464,39516.0,307
KXNBAGAME-26MAR21INDSAS-IND,0.09155857537961537,371692.0,456
KXNBAGAME-26MAR21INDSAS-SAS,0.9123730541106737,265881.0,261
KXNBAGAME-26MAR21LACDAL-DAL,0.30746461177653067,35817.0,284
KXNBAGAME-26MAR21LACDAL-LAC,0.7184153181440035,37263.0,221
KXNBAGAME-26MAR21LALORL-LAL,0.6157472874338309,957396.0,2573
KXNBAGAME-26MAR21LALORL-ORL,0.393902305726651,203103.0,683
KXNBAGAME-26MAR21MIAHOU-HOU,0.5768071616418123,1327070.0,958
KXNBAGAME-26MAR21MIAHOU-MIA,0.41472494438766305,66532.0,227
KXNBAGAME-26MAR21MILPHX-MIL,0.1703433462635848,62386.0,412
KXNBAGAME-26MAR21MILPHX-PHX,0.8396292199122639,131075.0,237
KXNBAGAME-26MAR21OKCWAS-OKC,0.9697621979585692,73086.0,149
KXNBAGAME-26MAR21OKCWAS-WAS,0.040580586582608096,175116.0,526
KXNBAGAME-26MAR21PHIUTA-PHI,0.6848195972752452,53436.0,232
KXNBAGAME-26MAR21PHIUTA-UTA,0.3122506824215683,106972.0,168
KXNBAGAME-26MAR22BKNSAC-BKN,0.3193982569526048,40848.0,333
KXNBAGAME-26MAR22BKNSAC-SAC,0.7009372657124072,86699.0,361
KXNBAGAME-26MAR22MINBOS-BOS,0.7980053628991026,1007291.0,623
KXNBAGAME-26MAR22MINBOS-MIN,0.2196753656354061,68169.0,606
KXNBAGAME-26MAR22PORDEN-DEN,0.7635003512204911,159444.0,468
KXNBAGAME-26MAR22PORDEN-POR,0.24861391571553998,27336.0,219
KXNBAGAME-26MAR22TORPHX-PHX,0.457072381237824,433745.0,1441
KXNBAGAME-26MAR22TORPHX-TOR,0.5561950260643491,380021.0,1159
KXNBAGAME-26MAR22WASNYK-NYK,0.9589364476573936,43712.0,126
KXNBAGAME-26MAR22WASNYK-WAS,0.04692333646639192,248958.0,750
KXNBAGAME-26MAR23BKNPOR-BKN,0.10381825952924231,297138.0,1418
KXNBAGAME-26MAR23BKNPOR-POR,0.9101588410237925,177536.0,292
KXNBAGAME-26MAR23GSWDAL-DAL,0.45613878445873446,1295390.0,4366
KXNBAGAME-26MAR23GSWDAL-GSW,0.5485114050378529,1260934.0,3467
KXNBAGAME-26MAR23LALDET-DET,0.47747569672049744,503430.0,1332
KXNBAGAME-26MAR23LALDET-LAL,0.534521477943124,1706588.0,4256
KXNBAGAME-26MAR23MEMATL-ATL,0.8882376048412784,9419.0,117
KXNBAGAME-26MAR23MEMATL-MEM,0.12743984173126616,99072.0,284
KXNBAGAME-26MAR23MILLAC-LAC,0.8793333868604347,49819.0,215
KXNBAGAME-26MAR23MILLAC-MIL,0.1245992682146052,334251.0,1291
KXNBAGAME-26MAR23OKCPHI-OKC,0.919895683588605,132865.0,182
KXNBAGAME-26MAR23OKCPHI-PHI,0.08986076139338657,179907.0,447
KXNBAGAME-26MAR23SASMIA-MIA,0.3937985923597893,225910.0,923
KXNBAGAME-26MAR23SASMIA-SAS,0.6172537942854566,798174.0,2741
KXNBAGAME-26MAR23TORUTA-TOR,0.7650052374070193,75419.0,297
KXNBAGAME-26MAR23TORUTA-UTA,0.21894608154842732,243757.0,766
KXNBAGAME-26MAR24DENPHX-DEN,0.6673803488005645,1009058.0,3633
KXNBAGAME-26MAR24DENPHX-PHX,0.3382728276778579,1225037.0,3757
KXNBAGAME-26MAR24NOPNYK-NOP,0.23988334530997102,148901.0,503
KXNBAGAME-26MAR24NOPNYK-NYK,0.7698993293312734,355317.0,953
KXNBAGAME-26MAR24ORLCLE-CLE,0.7772847882716424,148563.0,687
KXNBAGAME-26MAR24ORLCLE-ORL,0.2366233349749745,611177.0,1934
KXNBAGAME-26MAR24SACCHA-CHA,0.9335847576233088,188632.0,280
KXNBAGAME-26MAR24SACCHA-SAC,0.07703276749652793,407538.0,1185
KXNBAGAME-26MAR25ATLDET-ATL,0.4897227020491007,926260.0,2689
KXNBAGAME-26MAR25ATLDET-DET,0.5225016954139682,992383.0,3807
KXNBAGAME-26MAR25BKNGSW-BKN,0.14672654982940891,184359.0,974
KXNBAGAME-26MAR25BKNGSW-GSW,0.8654001223680324,189592.0,478
KXNBAGAME-26MAR25CHIPHI-CHI,0.3113452402375383,111140.0,413
KXNBAGAME-26MAR25CHIPHI-PHI,0.7032663684424563,86065.0,345
KXNBAGAME-26MAR25DALDEN-DAL,0.18843506816719474,164742.0,852
KXNBAGAME-26MAR25DALDEN-DEN,0.8392474700470491,271843.0,869
KXNBAGAME-26MAR25HOUMIN-HOU,0.5118451215512371,1704343.0,4525
KXNBAGAME-26MAR25HOUMIN-MIN,0.5079615180714738,975211.0,3544
KXNBAGAME-26MAR25LALIND-IND,0.21927199179449355,86771.0,358
KXNBAGAME-26MAR25LALIND-LAL,0.7902094151100322,355896.0,1057
KXNBAGAME-26MAR25MIACLE-CLE,0.5761621185372005,99125.0,448
KXNBAGAME-26MAR25MIACLE-MIA,0.4338457422996713,274761.0,213
KXNBAGAME-26MAR25MILPOR-MIL,0.112237777562925,155145.0,617
KXNBAGAME-26MAR25MILPOR-POR,0.8981165539032794,112034.0,150
KXNBAGAME-26MAR25OKCBOS-BOS,0.4409517779636045,251130.0,1106
KXNBAGAME-26MAR25OKCBOS-OKC,0.5680573496136722,479515.0,1423
KXNBAGAME-26MAR25SASMEM-MEM,0.07024627857692708,1093802.0,360
KXNBAGAME-26MAR25SASMEM-SAS,0.9299755588785987,159158.0,242
KXNBAGAME-26MAR25WASUTA-UTA,0.5951757357923577,33943.0,242
KXNBAGAME-26MAR25WASUTA-WAS,0.4094637946837763,4364.0,102
KXNBAGAME-26MAR26NOPDET-DET,0.66867148160648,222225.0,648
KXNBAGAME-26MAR26NOPDET-NOP,0.349939538807649,56896.0,261
KXNBAGAME-26MAR26NYKCHA-CHA,0.5564840126375228,178516.0,713
KXNBAGAME-26MAR26NYKCHA-NYK,0.45603414408111714,550315.0,1646
KXNBAGAME-26MAR26SACORL-ORL,0.9095923902141556,124629.0,192
KXNBAGAME-26MAR26SACORL-SAC,0.09991517666442913,98322.0,487
KXNBAGAME-26MAR27ATLBOS-ATL,0.3374225593971859,195085.0,515
KXNBAGAME-26MAR27ATLBOS-BOS,0.6702995022501023,175992.0,466
KXNBAGAME-26MAR27BKNLAL-BKN,0.05980390427308962,181391.0,563
KXNBAGAME-26MAR27BKNLAL-LAL,0.9494456997924833,65055.0,213
KXNBAGAME-26MAR27CHIOKC-CHI,0.05995171797677243,99623.0,401
KXNBAGAME-26MAR27CHIOKC-OKC,0.9502424113034701,51524.0,104
KXNBAGAME-26MAR27DALPOR-DAL,0.19040674121690554,201922.0,492
KXNBAGAME-26MAR27DALPOR-POR,0.8198562628336754,39447.0,169
KXNBAGAME-26MAR27HOUMEM-HOU,0.8899790707408959,4778.0,48
KXNBAGAME-26MAR27HOUMEM-MEM,0.11997161629434956,19025.0,101
KXNBAGAME-26MAR27LACIND-IND,0.3381681513769046,314764.0,1764
KXNBAGAME-26MAR27LACIND-LAC,0.6994608586830959,519400.0,1629
KXNBAGAME-26MAR27MIACLE-CLE,0.7564363111084422,299754.0,617
KXNBAGAME-26MAR27MIACLE-MIA,0.27252975139351693,130246.0,564
KXNBAGAME-26MAR27NOPTOR-NOP,0.25029184726522186,24225.0,120
KXNBAGAME-26MAR27NOPTOR-TOR,0.7598156985354615,24308.0,86
KXNBAGAME-26MAR27UTADEN-DEN,0.9523568747067104,8524.0,57
KXNBAGAME-26MAR27UTADEN-UTA,0.0571638825228185,75487.0,279
KXNBAGAME-26MAR27WASGSW-GSW,0.8671826413804885,46824.0,268
KXNBAGAME-26MAR27WASGSW-WAS,0.14193560705506097,167596.0,616
KXNBAGAME-26MAR28CHIMEM-CHI,0.6688374540114158,132098.0,481
KXNBAGAME-26MAR28CHIMEM-MEM,0.33463864722204834,95862.0,308
KXNBAGAME-26MAR28DETMIN-DET,0.543021230039129,286999.0,815
KXNBAGAME-26MAR28DETMIN-MIN,0.4680329713440737,231959.0,790
KXNBAGAME-26MAR28PHICHA-CHA,0.7028829259356606,125553.0,519
KXNBAGAME-26MAR28PHICHA-PHI,0.314545279359002,394385.0,1368
KXNBAGAME-26MAR28SACATL-ATL,0.871596413243409,26096.0,168
KXNBAGAME-26MAR28SACATL-SAC,0.13606839173141766,27284.0,190
KXNBAGAME-26MAR28SASMIL-MIL,0.06989686219176242,178596.0,539
KXNBAGAME-26MAR28SASMIL-SAS,0.9398192382817304,203251.0,210
KXNBAGAME-26MAR28UTAPHX-PHX,0.9294908364243579,73061.0,121
KXNBAGAME-26MAR28UTAPHX-UTA,0.07989764492753623,287040.0,927
KXNBAGAME-26MAR29BOSCHA-BOS,0.4541558441558442,301224.0,1079
KXNBAGAME-26MAR29BOSCHA-CHA,0.5580962236714156,448372.0,791
KXNBAGAME-26MAR29GSWDEN-DEN,0.8388700922382712,678135.0,1667
KXNBAGAME-26MAR29GSWDEN-GSW,0.17608407771668896,1141325.0,4100
KXNBAGAME-26MAR29HOUNOP-HOU,0.6971451899016716,85123.0,301
KXNBAGAME-26MAR29HOUNOP-NOP,0.31250695922711647,6107.0,92
KXNBAGAME-26MAR29LACMIL-LAC,0.9227223476855109,243099.0,146
KXNBAGAME-26MAR29LACMIL-MIL,0.08946565381588163,138487.0,542
KXNBAGAME-26MAR29MIAIND-IND,0.25223011788145444,30115.0,169
KXNBAGAME-26MAR29MIAIND-MIA,0.7636541167810518,92378.0,303
KXNBAGAME-26MAR29NYKOKC-NYK,0.2592175056533281,895048.0,2730
KXNBAGAME-26MAR29NYKOKC-OKC,0.7551638944573874,682909.0,1704
KXNBAGAME-26MAR29ORLTOR-ORL,0.4705149001402493,183958.0,377
KXNBAGAME-26MAR29ORLTOR-TOR,0.5335159470665347,168589.0,293
KXNBAGAME-26MAR29SACBKN-BKN,0.5454575437815526,98843.0,229
KXNBAGAME-26MAR29SACBKN-SAC,0.47098657452398957,27783.0,212
KXNBAGAME-26MAR29WASPOR-POR,0.9298576432359436,71089.0,70
KXNBAGAME-26MAR29WASPOR-WAS,0.0798725588086879,93141.0,427
KXNBAGAME-26MAR30BOSATL-ATL,0.5693881176541137,266816.0,710
KXNBAGAME-26MAR30BOSATL-BOS,0.4420696006249852,422410.0,1767
KXNBAGAME-26MAR30CHISAS-CHI,0.05997266501814864,245473.0,706
KXNBAGAME-26MAR30CHISAS-SAS,0.9474723348580787,200252.0,167
KXNBAGAME-26MAR30CLEUTA-CLE,0.9280381355932206,2360.0,36
KXNBAGAME-26MAR30CLEUTA-UTA,0.07998702812039664,45483.0,212
KXNBAGAME-26MAR30DETOKC-DET,0.1426359651583886,926708.0,3305
KXNBAGAME-26MAR30DETOKC-OKC,0.8667447770649617,686635.0,1306
KXNBAGAME-26MAR30MINDAL-DAL,0.24866288060576971,37506.0,237
KXNBAGAME-26MAR30MINDAL-MIN,0.7598217465693634,114556.0,293
KXNBAGAME-26MAR30PHIMIA-MIA,0.44910374883983695,346934.0,993
KXNBAGAME-26MAR30PHIMIA-PHI,0.5615352789230763,1116885.0,1932
KXNBAGAME-26MAR30PHXMEM-MEM,0.1481973727317883,94623.0,350
KXNBAGAME-26MAR30PHXMEM-PHX,0.8563879798792005,53477.0,159
KXNBAGAME-26MAR30WASLAL-LAL,0.9197809888263874,143463.0,268
KXNBAGAME-26MAR30WASLAL-WAS,0.08968193698555324,153806.0,400
KXNBAGAME-26MAR31CLELAL-CLE,0.4454784760959855,378974.0,1277
KXNBAGAME-26MAR31CLELAL-LAL,0.5608081826890303,1361264.0,2778
KXNBAGAME-26MAR31DALMIL-DAL,0.5410786603210264,169145.0,543
KXNBAGAME-26MAR31DALMIL-MIL,0.4865015462573121,107356.0,703
KXNBAGAME-26MAR31NYKHOU-HOU,0.49359257182399546,167632.0,579
KXNBAGAME-26MAR31NYKHOU-NYK,0.5199041120454524,211914.0,705
KXNBAGAME-26MAR31PHXORL-ORL,0.6002505511433911,405067.0,1457
KXNBAGAME-26MAR31PHXORL-PHX,0.4265078303357063,1187050.0,2722
KXNBAGAME-26MAR31PORLAC-LAC,0.6449569899894001,565101.0,1160
KXNBAGAME-26MAR31PORLAC-POR,0.3607102456769821,80268.0,535
KXNBAGAME-26MAR31TORDET-DET,0.6204138093210375,157343.0,698
KXNBAGAME-26MAR31TORDET-TOR,0.39933763676148787,45700.0,300
